0.8691661724677453,645.99713,213.06468,662.275,196.78683,634.1587,196.78683,681.51245,201.22626,614.92126,198.26665,706.6691,279.65588,577.92615,276.6963,711.1085,387.6816,557.20886,383.2422,715.548,473.51025,545.3704,470.55066,665.2346,470.55066,594.204,467.59103,660.79517,612.6119,586.805,577.09656,660.79517,711.7588,589.7646,649.607,650.4366,146.4735,644.51733,253.01941,631.1991,455.7526,653.3962,729.5164,588.2848,691.0415,675.59326,735.43567,570.5271,686.6021,657.8356,723.5972,597.1636,657.006
0.859675978238766,642.3838,212.15327,658.64124,197.37376,630.5602,195.89581,677.8546,200.32967,612.8247,198.85172,702.9798,280.13904,575.876,277.18314,707.41364,388.02948,555.18463,382.11768,711.8475,472.2727,543.361,469.3168,663.0751,469.3168,592.1334,464.88293,658.64124,611.20013,586.2216,574.25134,660.1192,711.7008,590.65546,646.67096,646.8176,145.64546,642.3838,252.05795,629.0822,454.5373,652.72943,727.95825,590.65546,691.00946,674.8987,733.87006,572.92004,685.09766,657.16327,722.04645,596.56726,654.0607
0.8585358949807974,640.1154,212.88351,654.86646,198.13246,626.8395,196.65736,674.04285,201.08267,609.13824,198.13246,697.64453,280.73834,572.2606,276.31302,703.5449,386.9459,551.60913,381.04547,709.4454,469.55176,541.2834,468.07663,659.2918,465.12643,589.96185,463.65134,656.34155,609.6867,587.01166,571.334,659.2918,708.51874,591.43695,645.08923,643.0656,146.5038,638.6403,252.71133,625.3644,453.3256,650.44116,727.69507,589.96185,689.34235,672.56775,732.1204,573.7357,684.91705,656.34155,721.7947,597.3374,652.4647
0.8584683399934036,635.8754,212.50356,650.5495,197.82948,624.13617,196.36208,671.0932,202.2317,606.5273,197.82948,693.1044,280.00433,569.8421,277.06952,700.4414,384.19028,549.29834,379.78806,706.31104,466.36514,539.0265,466.36514,654.9517,463.43033,587.451,461.96292,654.9517,604.3015,587.451,570.5511,657.88654,708.4874,591.8532,643.9215,640.27765,146.4702,634.408,252.12358,621.20135,450.22366,647.6147,724.6289,591.8532,687.9437,671.0932,729.0311,574.2443,683.5415,654.9517,720.2267,597.72284,651.25854
0.856236104781811,632.80066,212.05508,647.3958,197.45993,619.66504,197.45993,667.82904,201.83849,603.61035,198.91945,689.7218,279.1928,568.582,276.27377,697.01935,384.27795,548.14874,376.98038,701.39795,464.5513,536.47266,463.0918,650.3149,461.63226,584.63666,460.17276,653.2339,600.28625,586.0962,569.6364,657.6124,706.83093,590.47473,644.0717,635.7197,147.8364,631.3412,251.462,618.2055,449.95615,645.93634,721.4261,590.47473,687.8572,669.2886,724.3451,572.9605,682.01917,654.6934,718.507,597.7723,651.3693
0.8595559917963468,631.64703,214.3556,646.25244,199.75015,618.50214,199.75015,665.23956,204.13179,600.9756,201.2107,685.6872,278.6196,565.9225,275.69852,691.52936,380.85776,545.47485,376.47614,697.3716,459.7272,535.25104,462.64832,650.6341,461.18774,583.44904,459.7272,652.09467,599.9396,586.3701,569.2681,656.47626,705.0988,590.7518,642.29535,634.5681,151.55215,628.72595,252.32977,618.50214,449.5034,643.33136,719.7043,589.2912,687.57227,666.7001,722.62537,573.2252,681.7301,655.01575,715.32263,598.0545,648.1376
0.8628889322280884,625.6231,214.34549,640.1697,199.79895,613.9859,199.79895,659.08014,202.70825,596.53,201.2536,679.4453,275.44095,560.1637,275.44095,685.2639,377.2667,542.7079,374.3574,689.62787,455.818,532.52527,460.18198,645.9883,458.72733,580.5289,458.72733,648.8976,598.3741,586.3475,569.281,656.17084,704.5638,593.6207,643.4683,628.5324,151.79538,622.7138,250.71182,613.9859,448.54474,643.079,720.565,587.8021,688.5626,666.35345,722.01965,571.80096,682.74396,654.7162,713.2917,600.89404,650.7416
0.8493912036602314,623.1481,215.25455,637.66223,200.74036,610.08527,200.74036,656.5307,203.64319,592.6682,202.19177,675.3992,276.21417,559.2856,276.21417,681.20483,376.36212,540.4171,374.91068,687.0105,454.73877,528.8058,457.6416,644.9193,457.6416,579.60547,457.6416,649.2736,598.42926,585.41113,569.4009,655.0793,704.38293,592.6682,641.97186,624.5995,152.8435,621.6966,251.54004,612.9881,447.48166,643.4679,718.8971,589.7654,688.4173,666.6906,720.3485,572.3484,682.61163,653.62787,713.09143,601.3768,649.22894
0.8662912180790534,620.2668,215.87883,634.7398,201.40582,608.6884,201.40582,653.5547,204.30043,591.3208,202.85313,672.36957,275.2181,558.0329,276.6654,676.7115,372.1872,539.218,372.1872,683.948,447.44678,529.0869,454.6833,643.4236,456.13058,578.2951,456.13058,647.7655,595.07135,586.9789,569.01996,655.00195,703.61884,592.76807,641.38495,623.1614,155.09224,618.81946,252.06133,611.583,444.5522,643.4236,718.09186,588.4262,687.69855,665.13306,719.5391,572.5059,680.46204,652.10736,712.3026,601.4519,648.62146
0.8527584213476914,618.1514,215.07434,631.1931,202.03262,605.1097,200.58356,650.0311,203.4817,587.72076,203.4817,670.31824,273.03748,555.841,275.93564,676.11456,370.12573,538.4521,371.5748,683.3599,448.37598,526.85944,454.17227,642.78577,452.7232,577.5772,454.17227,647.133,591.8347,586.27167,567.2004,654.37836,701.9647,593.5171,642.5525,619.60046,152.76396,615.25323,251.3013,610.906,442.57965,644.2348,719.35364,587.72076,688.923,667.42004,720.80273,571.7809,681.6776,651.4802,712.1082,602.21155,648.3488
0.856233360675665,617.0865,216.27617,630.07446,201.8451,604.0985,201.8451,648.8349,203.28821,586.78125,203.28821,669.0384,274.00052,553.5897,275.4436,673.36774,370.68875,537.7156,372.13187,682.02637,448.6166,526.17065,454.38904,643.06244,454.38904,576.67944,455.83212,648.8349,588.5981,585.33813,568.3946,654.6073,699.7174,592.55365,641.9931,617.0865,154.22252,615.6434,250.91077,609.871,444.28726,645.94867,721.3641,588.2243,688.17255,669.0384,721.3641,572.35016,682.40015,651.72107,709.81915,601.2123,649.2086
0.8663387206884531,613.61163,215.10594,626.56775,202.14981,600.65546,202.14981,645.28217,202.14981,584.8202,202.14981,668.31525,272.68875,551.7101,274.12833,674.07355,369.13995,535.8748,370.57953,681.2714,449.7559,525.79785,451.19547,642.403,451.19547,576.1828,452.635,648.1613,585.0755,584.8202,567.80066,655.35913,697.36194,592.01807,642.65826,615.05115,153.20442,612.17206,249.65562,609.2929,441.11847,648.1613,720.3951,587.69934,688.72455,669.7548,720.3951,571.8641,681.5267,651.0404,707.43896,600.65546,651.2957
0.8622587552437415,611.36444,213.21773,624.3254,198.8167,598.4035,200.25679,643.04675,200.25679,582.5624,201.6969,666.0884,270.82187,550.8801,272.26196,671.8488,364.42862,535.03894,365.8687,679.0493,443.6343,523.5181,443.6343,640.1665,446.51453,575.3619,447.95462,648.8071,576.12384,584.0025,563.1629,654.56757,688.4519,592.6431,642.3686,611.36444,152.73337,609.9244,246.3401,607.0441,437.8739,650.24725,718.6941,586.8827,688.4519,670.4087,714.3738,572.4817,681.2514,650.24725,698.53265,601.28375,651.0092
0.8622063742234156,612.7104,211.4105,624.32166,198.3478,599.64764,198.3478,643.19,198.3478,582.2307,199.7992,666.41266,269.467,550.2996,272.36984,672.21826,362.35742,535.7855,365.26022,679.47534,439.2823,522.7228,442.1851,640.28723,442.1851,574.97363,445.08792,647.54425,569.9094,583.6821,559.7495,654.80133,681.66815,592.39056,642.48004,611.259,151.90259,609.80756,244.79298,608.35614,434.92804,657.70416,713.59924,588.0364,687.4738,676.5725,709.245,572.0708,681.66815,650.4471,690.37665,601.09906,651.1885
0.8616711566081414,611.4179,209.78967,623.03656,195.26636,598.3469,196.71869,641.9169,196.71869,582.3713,199.62335,665.1542,267.88293,550.42,270.7876,670.9635,360.83215,534.44434,363.73682,679.6775,436.3534,522.8257,440.7104,639.0122,440.7104,575.1096,442.16272,647.7262,564.15857,583.8236,556.8969,656.4402,675.9881,592.5376,642.5845,609.9656,150.24408,609.9656,243.1933,608.51324,433.44873,657.8925,713.7487,588.1806,687.60675,676.7728,707.9394,572.20496,680.3451,650.63086,684.7021,601.2516,651.29846
0.8609646696310777,609.5543,209.64272,622.56744,195.18373,596.54126,196.62962,639.9182,196.62962,580.63635,199.52142,664.4985,267.47867,550.27246,270.37048,671.72797,361.46213,534.36755,362.90802,678.95746,436.64886,522.80035,438.0948,638.4723,439.54068,574.8527,442.43246,648.5936,565.3339,583.52814,558.10443,658.7149,675.2222,592.20355,643.4125,609.5543,150.36086,609.5543,244.3443,606.66254,432.3112,664.4985,720.0451,587.86584,689.6812,681.8493,712.8156,571.96094,682.4517,651.4854,686.7894,600.8789,652.0878
0.8455225160488715,609.5734,207.11604,621.09064,194.15918,596.6166,195.59883,639.80615,197.03848,580.78046,198.47813,664.2802,266.14172,550.5478,269.02103,671.47845,359.71906,534.7116,362.59836,680.11633,434.5809,521.75476,437.4602,639.80615,436.02054,575.02185,438.89984,648.44403,558.39087,583.6597,556.95123,659.96124,667.8044,592.29767,644.76996,608.1338,149.53,608.1338,243.10732,608.1338,428.8223,662.8405,708.11456,586.53906,687.9595,681.556,700.9163,572.1425,682.20087,654.20264,676.44226,600.93555,653.40784
0.850010640346087,609.3222,205.44756,620.8323,192.4987,596.37335,193.93745,639.5362,195.37622,580.547,198.25374,663.9951,265.87552,550.333,268.75302,671.1889,357.9562,534.50665,360.83374,681.26025,432.7718,521.5578,435.64932,639.5362,434.21054,576.2307,437.08807,649.6075,556.50525,583.4245,556.50525,662.55634,664.4123,592.05707,644.26965,607.8834,147.89711,607.8834,241.41658,607.8834,428.4555,663.9951,706.13635,587.7408,687.4325,682.69904,700.38135,571.9144,681.6774,656.80133,673.04486,602.1284,652.9022
0.8473729514158689,607.00836,204.02934,619.95074,191.08693,595.50397,192.52498,638.6453,192.52498,579.6855,195.40108,663.0921,264.42728,549.4865,268.7414,670.28235,357.90024,535.1061,360.77634,681.78674,432.67862,522.16364,435.55472,638.6453,432.67862,575.37134,435.55472,648.7117,554.9125,583.99963,554.9125,664.53015,658.4518,592.62787,642.6333,607.00836,146.50752,608.4464,241.41853,607.00836,426.92642,665.9682,701.5932,588.3137,688.65076,684.66284,695.841,572.49524,682.89856,658.778,667.0801,601.25616,651.2616
0.8568529692979959,610.3051,202.87947,621.79333,189.95518,597.3808,191.39122,639.02576,192.82726,581.5845,194.26328,664.8743,263.1928,551.4278,267.50092,672.05444,355.09885,535.6315,357.97092,680.67065,429.7725,521.2711,432.64456,639.02576,432.64456,575.84033,434.0806,650.514,550.3992,584.45654,551.8352,669.1824,646.6133,593.0727,642.30524,608.8691,145.4382,608.8691,240.2163,607.43304,426.90042,673.4905,694.0024,590.2006,688.25824,692.15894,686.8222,574.4043,682.5141,663.4383,655.2295,601.6889,652.3574
0.8696542175916525,609.5493,202.15437,622.4044,189.29929,598.12256,190.72763,639.5445,192.15596,582.41077,195.01265,665.2547,263.57312,552.4156,266.4298,672.3964,354.98706,536.7038,357.84375,680.9665,429.26093,522.42035,432.1176,640.97284,433.54593,576.6974,434.97427,652.3996,549.24176,585.26746,552.0984,670.9681,642.08405,592.4092,642.08405,609.5493,146.44899,609.5493,239.29129,609.5493,426.40424,675.2531,689.21936,590.98083,686.3627,693.82153,680.6493,575.2691,682.07764,665.2547,650.6541,600.97925,650.6541
0.8598993489375482,610.6832,201.61328,623.5283,188.76822,599.2654,188.76822,640.655,193.04991,583.56586,194.47714,666.3452,264.4114,553.59406,267.26587,673.4813,354.32687,537.8945,358.60858,680.6175,429.97006,523.6222,432.82452,642.0823,432.82452,577.85693,434.25177,653.5001,547.0029,584.9931,548.4302,672.05414,638.34564,592.1292,641.2001,610.6832,145.95132,610.6832,240.1485,609.256,425.6884,677.763,684.01697,589.2748,684.01697,696.317,676.88086,573.57526,679.7353,667.7724,648.33624,600.6926,649.7635
0.8752062183160049,612.0269,200.07442,624.7975,188.7228,600.67523,188.7228,641.8249,192.97966,585.0668,194.3986,667.3661,263.92734,555.26874,268.18417,674.4608,356.1593,538.24133,358.9972,681.5556,429.9449,524.05176,431.36383,643.24384,432.78278,579.3909,434.20172,656.01447,544.8801,586.4857,550.5559,674.4608,635.6931,592.16156,642.7879,612.0269,146.15419,612.0269,239.80511,612.0269,425.68802,680.13666,681.0996,590.7426,685.3565,698.58307,674.0049,575.1341,679.68066,670.204,645.6258,600.67523,651.30164
0.8752376505961785,614.0325,200.64775,626.7927,187.88747,602.68994,189.30528,643.80646,192.1409,587.09406,193.5587,667.90924,263.0314,557.32007,267.28482,674.9983,355.18906,540.30634,358.02466,682.08734,428.91516,526.12823,430.33298,643.80646,433.16858,580.005,434.5864,656.5668,543.75775,587.09406,552.26465,676.4161,633.0798,592.7653,643.00446,615.45026,145.35316,614.0325,238.92862,612.6146,424.66174,682.08734,678.4497,592.7653,686.95654,700.51886,671.36066,575.7516,681.28534,673.58044,643.00446,601.27216,652.92914
0.8682994590355799,615.9432,200.08939,628.6498,187.3828,604.64844,188.79465,645.59186,191.61833,589.11816,193.03018,669.5932,260.79865,560.8813,265.03418,678.0643,352.56848,542.52734,355.39215,685.1235,428.808,528.4089,430.21985,647.0037,430.21985,583.47076,431.63168,659.7103,541.7555,587.7063,550.22656,679.47614,629.28973,593.3537,643.4082,617.35504,145.02751,615.9432,238.20917,615.9432,423.16064,686.53534,674.46875,591.94183,687.17535,703.4775,665.9977,574.9997,680.1161,675.2406,637.7608,601.82477,653.2911
0.8689538355057056,617.35016,199.64569,630.08215,186.91373,606.0329,186.91373,647.0581,192.57237,591.8863,192.57237,671.10736,260.47614,562.1784,264.72012,679.5953,352.42914,545.20245,355.25845,688.08325,427.40622,529.6412,430.23553,648.4727,430.23553,584.813,430.23553,661.2047,540.57916,589.05695,549.06714,681.00995,629.7028,593.30096,641.02014,618.76483,145.88855,617.35016,237.84155,617.35016,423.16223,688.08325,674.972,593.30096,684.87463,705.0592,666.484,576.325,679.216,676.766,639.60547,600.37427,650.9227
0.8648500786377833,620.00104,198.56631,632.76215,187.22314,608.6579,187.22314,649.7769,192.89473,593.06104,192.89473,673.88116,259.5359,564.70306,265.20746,682.38855,353.11707,547.6883,355.95288,689.478,428.2656,530.6735,429.6835,651.19476,429.6835,587.3894,429.6835,662.53796,540.2795,590.2252,547.36896,680.97064,628.1891,593.06104,642.36804,621.41895,146.10413,620.00104,236.84953,620.00104,422.59402,688.0601,673.56177,594.4789,686.3228,705.0749,666.4723,576.04626,680.65125,676.7169,638.1143,600.1505,653.7112
0.8711985831077282,621.72003,198.1436,634.4534,186.82503,610.4014,186.82503,651.4313,192.48431,596.25323,192.48431,676.8981,261.81055,566.542,266.05502,683.97217,353.77396,548.1493,356.60358,692.46106,427.34467,532.58624,430.17432,652.84607,430.17432,589.17914,430.17432,665.57947,539.11554,590.59393,547.6045,682.5573,626.8345,593.4236,640.98267,623.1348,145.7952,623.1348,237.75859,621.72003,421.68536,688.2166,672.10876,593.4236,684.84216,706.6093,665.03467,576.44574,679.18286,676.8981,638.1531,599.0829,652.3013
0.8749425113201141,625.18933,196.79475,636.4923,185.49179,613.8864,185.49179,654.8596,191.14326,598.34485,191.14326,678.8784,263.19962,570.0874,266.02536,687.3556,353.6233,551.7201,356.44904,695.8328,427.0925,534.7657,429.91824,654.8596,431.33112,591.28046,431.33112,667.57544,541.535,592.69336,545.77356,681.70416,629.1329,592.69336,641.8487,626.60223,145.93144,625.18933,237.76797,623.7765,422.8539,690.18134,672.9318,595.5191,685.64764,707.1358,665.8675,577.1518,679.99615,676.0527,639.02295,598.34485,653.1517
0.8800504734882941,627.4963,197.08617,640.2607,185.74,616.1501,187.15828,657.2799,191.41309,600.54913,191.41309,681.3905,263.7448,572.1838,265.1631,689.9001,354.51407,553.7463,355.9323,699.828,426.8458,536.727,431.1006,655.86163,431.1006,593.45776,431.1006,668.62604,541.7256,593.45776,545.9804,682.8088,628.24005,592.03955,643.841,628.91455,146.02847,627.4963,236.7977,624.6597,422.59097,691.31836,673.62463,594.87604,686.38904,708.3376,665.11505,575.02026,680.716,675.7174,639.5862,597.7126,655.18713
0.8736063952629383,634.25854,195.62389,645.5667,184.31572,622.9504,184.31572,662.52893,191.38332,607.4016,191.38332,687.9723,262.05933,577.7177,263.47287,697.86694,349.6976,559.3419,353.93817,707.7616,423.20065,542.3797,428.85474,661.1154,428.85474,598.92053,428.85474,669.59656,539.1093,596.0935,541.93634,680.9047,626.74756,593.2664,640.8828,635.67206,146.15067,634.25854,236.61597,631.43146,420.37363,693.6264,674.80725,597.507,684.7019,709.1751,664.91266,576.3042,679.04785,673.8371,638.0557,597.507,652.191
0.8806392137820904,637.11707,196.44049,648.4196,185.13794,625.8145,185.13794,665.3735,192.20204,611.68634,190.78922,690.80426,264.25586,582.0171,265.66867,700.694,350.43787,562.2376,354.67633,713.40936,421.07886,546.6966,429.5558,663.96063,429.5558,601.7966,429.5558,672.43756,541.1685,597.5581,542.58136,680.9145,628.76337,593.31964,641.47876,638.5299,145.57898,637.11707,237.41228,632.8786,421.07886,693.6299,675.3864,596.1453,685.2762,709.1709,666.9095,576.36584,679.6249,675.2632,638.65314,597.5581,652.7813
0.8826059767833123,640.3214,198.06122,651.619,186.76361,629.0238,186.76361,668.5654,192.41241,614.9018,192.41241,693.985,264.4346,585.2456,264.4346,705.2826,350.5788,565.4748,354.8154,719.4046,421.1888,549.9406,431.07422,667.1532,429.66202,605.0164,428.24982,675.6264,539.8136,600.7798,541.2258,682.6874,630.1944,593.7188,641.492,641.7336,147.22202,640.3214,237.60281,637.497,418.3644,695.3972,673.9726,593.7188,686.68243,709.5192,665.4994,573.948,679.6214,675.6264,640.07983,597.9554,652.7896
0.8782295286655426,644.5881,196.97481,655.9386,185.6243,633.2376,185.6243,672.96436,192.71837,617.6306,191.29955,697.0842,262.24026,589.25433,263.6591,709.8536,350.20676,569.3909,354.4632,724.0417,421.1475,553.784,429.66037,670.1268,428.24155,609.11774,428.24155,677.2208,540.3279,602.0237,541.7467,682.89606,628.2944,594.9296,641.0637,646.0069,147.3163,643.1693,236.70161,640.33167,419.72867,694.2466,673.6965,593.5108,685.047,709.8536,663.7648,575.0662,679.3717,675.802,638.2261,597.7672,652.41425
0.8780707120895386,648.5618,196.93912,659.90405,185.5969,637.2196,185.5969,676.91736,191.268,621.624,191.268,701.0196,260.7391,591.8507,262.1569,713.77954,348.6413,573.4196,352.89465,730.7929,419.53018,556.40625,428.03687,674.0818,426.61908,611.6996,425.2013,678.33514,538.6235,604.6107,538.6235,682.58844,629.36127,594.6863,640.7035,649.97955,145.89912,647.14404,236.63689,644.3085,416.69464,696.76624,673.3124,590.4329,686.0724,710.94403,664.8057,573.4196,678.98346,674.0818,640.7035,597.5218,650.6279
0.8768432071575751,653.03754,198.37254,664.41223,186.99782,640.24097,186.99782,680.0525,191.26334,626.0226,189.84149,705.6456,262.35535,594.74207,262.35535,719.864,349.0876,577.68,351.93127,736.9261,417.33594,560.6179,427.28882,678.6307,424.44513,616.0697,423.0233,680.0525,536.7705,607.53864,536.7705,682.8962,629.1901,594.74207,640.5648,654.45935,145.76445,651.61566,235.34038,647.35016,414.49225,692.84906,671.84534,591.8984,684.6419,708.4893,663.3143,574.8363,678.9545,674.3651,639.143,597.58575,651.9396
0.8826014674626864,659.6581,197.68431,670.98584,186.35655,649.7463,186.35655,687.9775,193.4364,632.75464,190.60446,712.04895,262.8189,601.60333,262.8189,727.62463,347.7771,584.6117,352.02502,747.4482,417.1596,569.036,429.90335,685.1455,425.65543,622.8429,422.8235,683.72955,537.517,611.51514,534.6851,683.72955,628.1391,595.93945,638.0509,662.49,148.12537,659.6581,235.9155,653.9942,414.3277,692.2254,670.6182,593.1075,683.36194,707.801,663.5383,576.11584,677.69806,672.4018,638.0509,598.77136,649.37866
0.8626774618258843,663.4264,198.65265,674.83936,187.23965,652.0134,187.23965,690.5322,192.94615,636.32056,191.51953,716.2115,262.85074,604.9348,264.27737,730.4777,347.02155,589.24194,354.15466,751.8771,416.92615,573.5491,429.76575,689.10565,424.05927,626.33417,421.206,684.82574,536.7626,613.49457,535.33594,683.3991,629.4931,596.37506,638.05286,664.853,147.29419,661.99976,235.74487,657.7199,414.07288,693.3855,670.86523,593.5218,683.70483,709.07837,663.7321,574.9757,677.99835,671.98615,639.4795,597.8017,649.4659
0.8751968970665565,666.00055,196.99518,677.37085,187.04617,654.63025,185.6249,694.4263,192.73132,638.99615,189.88875,720.00946,262.37436,609.1491,266.6382,735.6436,347.65155,592.0937,354.75797,755.5416,417.29456,576.45953,430.08615,691.58374,427.24356,629.0471,424.401,685.89856,539.5252,616.25555,538.1039,683.056,630.48755,596.35754,640.4365,668.84314,145.82887,666.00055,236.7912,660.3154,417.29456,695.8476,671.70483,596.35754,683.07513,710.0604,664.5984,577.8808,678.8113,673.107,640.4365,597.7788,648.96423
0.8672494154710036,669.42395,198.25647,682.2345,188.29271,659.4602,186.86932,697.89185,193.98628,642.37946,191.1395,722.08954,262.3092,612.4882,265.156,737.7469,347.71286,596.8309,354.82983,759.0978,417.45917,581.1735,430.2697,693.62164,425.9995,632.4157,421.72934,686.5047,537.0243,618.18176,535.6009,683.6579,629.54486,596.8309,639.50867,672.27075,147.01428,669.42395,236.68811,663.7304,414.61237,697.89185,672.2467,596.8309,685.05725,710.7024,665.12976,578.3267,679.36365,673.69415,640.932,598.2543,649.4724
0.8774600602113284,672.88116,199.94135,685.63214,188.60715,661.547,187.19037,701.2167,194.27425,645.96246,191.44069,726.7186,263.69623,616.21014,266.52975,740.88635,348.70273,599.20886,355.7866,762.138,416.70792,583.6243,430.87567,696.9664,426.62534,636.04504,423.79178,689.88245,538.55054,620.4605,537.1338,684.2154,629.2242,599.20886,639.1416,675.7147,147.52066,672.88116,238.19426,667.21405,415.29114,695.54956,671.7274,597.7921,684.4784,709.71735,664.64355,579.374,678.8113,674.298,639.1416,600.6257,649.059
0.8807401748803946,676.4729,197.84201,687.8308,187.90387,665.11505,186.48413,704.8676,193.58281,648.0782,189.32361,729.0031,263.1498,619.68353,264.56955,744.6202,348.33392,602.64667,355.4326,764.49646,415.06146,587.0296,427.83908,697.7689,427.83908,638.1401,423.57986,690.6702,538.5784,623.9427,535.73895,684.99133,628.0217,601.2269,636.5401,679.3124,145.31183,676.4729,237.59459,669.3742,415.06146,696.3492,672.0335,599.8072,683.39136,709.12683,664.9348,581.35065,677.7124,675.05316,637.95984,601.2269,646.4783
0.8722148285462306,679.0193,198.17894,691.7294,188.2933,667.72144,186.88107,707.2639,192.53001,652.1868,189.70555,731.2719,261.72943,622.52997,263.14166,746.80646,346.4634,605.5832,353.5246,766.57776,415.66284,590.0486,426.9607,700.20276,428.37296,639.47675,424.13623,693.1416,537.11487,626.76666,535.70264,684.6682,630.32227,602.7587,637.3834,681.84375,145.92632,679.0193,236.30923,670.5459,415.66284,697.3783,671.27704,604.17096,682.5749,710.08844,665.6281,584.39966,676.92596,674.7826,640.2079,602.7587,647.2691
0.880503202860172,683.1547,198.43802,695.9305,187.08182,671.7985,185.6623,712.9648,192.75992,656.1837,189.92087,735.6772,262.3167,626.37366,263.73624,749.87244,348.9078,610.7589,353.16638,768.3263,419.8841,595.1441,426.98172,703.0281,428.40125,643.408,424.14267,694.5109,536.2852,630.63226,537.7048,684.5743,628.55444,607.91986,637.0716,685.9938,145.91556,683.1547,236.76523,674.6376,415.62552,698.76953,672.55975,609.33936,685.33545,710.12573,665.4621,589.466,681.0769,674.6376,639.91064,607.91986,647.0083
0.8768393534880418,686.6946,197.56871,698.0844,186.17885,675.3047,184.75511,715.16925,191.87378,659.6436,189.02632,737.949,263.06046,629.74524,263.06046,750.7626,349.90817,612.66046,351.3319,767.84735,419.6711,596.9994,426.78976,703.77936,429.63724,643.9826,425.36603,695.237,537.84094,631.169,537.84094,685.2708,627.53613,609.813,640.34973,689.54205,144.8906,686.6946,236.00952,675.3047,416.82364,698.0844,673.09564,611.2367,688.7567,709.4743,665.9769,592.72815,683.06177,675.3047,637.50226,611.2367,648.89215
0.8760088728024409,688.3479,197.46864,701.1148,187.53882,676.9996,186.12029,718.1374,193.21301,661.39557,190.37592,740.8341,262.7217,630.18756,262.7217,752.18243,349.25296,613.16504,352.09006,767.78644,420.18024,597.56104,428.6915,705.3705,430.11005,645.79156,425.8544,695.4407,537.9195,633.02466,537.9195,685.5108,627.28784,611.74646,641.47327,691.185,146.40102,688.3479,237.18791,676.9996,417.34314,698.2777,671.2627,611.74646,688.2853,709.6261,665.58856,593.3054,684.0296,675.581,637.21765,611.74646,651.4031
0.8636272962276752,691.389,198.28366,702.689,186.98358,680.08887,185.57108,719.63916,192.63362,663.1388,189.80861,742.2393,263.2591,632.06354,263.2591,753.53937,350.83472,615.11346,353.65973,767.6645,422.8727,599.57587,428.52274,706.9266,429.93524,646.18866,425.69772,697.039,540.111,634.88855,540.111,685.73895,629.0991,612.28845,646.04926,692.80145,144.60829,688.56396,236.42142,678.6764,418.63516,699.864,671.4744,615.11346,691.2495,711.1641,665.82434,595.3383,687.012,674.43884,638.9867,613.7009,655.9368
0.8691463608008164,692.143,198.07025,704.9791,186.66037,682.15936,185.23413,720.6677,192.36531,665.0445,189.51283,743.4875,263.67712,635.0935,260.82465,753.4711,350.67755,616.5524,350.67755,766.3073,423.41562,602.2901,427.6943,707.8316,430.54678,647.9297,426.26807,696.4217,538.94073,635.0935,538.94073,686.43805,627.36743,613.7,647.3347,694.9955,145.29951,690.71674,236.57864,679.3069,417.71066,697.84796,673.00696,615.1262,692.9743,710.6841,667.302,595.15894,688.69556,676.4544,637.3511,615.1262,657.31836
0.868823780463292,692.59985,199.32036,705.3434,187.99275,682.6882,186.57681,722.3348,193.65656,665.6968,189.4087,746.40594,264.4541,635.9618,263.03815,753.4857,353.659,617.55444,353.659,764.8133,424.4565,603.39496,428.70438,708.1753,432.9522,648.7054,428.70438,696.84766,540.56445,635.9618,543.39636,685.5201,628.3534,614.72253,651.0086,696.84766,145.51424,692.59985,237.55103,679.85626,421.6246,699.67957,672.24786,617.55444,693.4871,711.0072,666.5841,597.73114,690.6552,674.19244,636.8491,614.72253,660.9203
0.8637385574670938,695.5034,202.17908,708.0876,189.5949,684.3175,189.5949,724.86646,195.18787,668.9368,192.39139,745.8401,263.70166,638.17554,262.30344,751.43304,353.1891,619.9984,353.1891,762.61896,424.4994,607.41425,430.09235,708.0876,432.88882,649.36145,427.29587,696.9017,541.9516,635.379,541.9516,684.3175,627.2443,615.80365,651.0144,698.29987,147.64767,694.10516,238.53334,680.12274,420.30466,698.29987,671.98804,618.60016,694.35986,709.48584,664.9968,599.0248,691.5634,674.5298,635.6337,617.2019,660.80206
0.8666390639085036,696.1475,201.82985,708.6832,190.68698,685.00464,189.29413,725.3975,194.86555,669.68317,193.4727,746.2904,265.90137,637.6474,263.11566,751.8619,355.04434,620.9331,353.6515,760.219,426.08014,609.7902,431.65158,710.0761,434.43732,650.18317,428.86588,696.1475,541.68744,634.8617,541.68744,685.00464,628.0447,615.3617,651.7233,698.9332,146.1155,694.75464,239.43704,682.21893,421.90158,697.54034,671.2233,619.5403,694.9019,710.0761,664.25903,601.4331,690.7234,673.86176,636.40186,615.3617,662.86615
0.8576705593329209,696.47235,202.4446,708.9146,190.0023,686.795,190.0023,726.88684,195.53221,670.2053,192.76726,746.2415,264.65604,638.4083,263.27356,751.7714,355.8995,620.43616,354.51703,757.30133,429.17078,610.7588,433.3182,708.9146,433.3182,649.46814,427.7883,696.47235,541.15137,635.6434,542.5339,684.03,629.6299,614.90625,653.132,700.61975,145.76305,695.08984,239.77147,681.2651,422.2584,697.8548,669.72174,619.05365,694.6063,710.2971,664.19183,599.699,691.8414,672.9703,637.92474,614.90625,664.19183
0.8572244965113126,696.51404,202.29639,710.36945,191.21208,686.81525,189.82654,726.9959,195.3687,670.1888,192.59763,746.39343,264.64563,638.3214,263.2601,750.55005,354.70563,621.69495,354.70563,753.3211,428.1392,611.99615,430.91025,708.9839,433.68134,649.4057,429.52472,696.51404,541.75336,635.55035,543.13885,684.0442,629.0423,613.3817,655.3675,700.67065,145.4893,695.1285,239.70593,681.27313,422.59702,697.8996,669.2229,617.5383,698.3192,708.9839,663.6807,598.1408,695.5481,672.9599,637.3555,613.3817,666.45184
0.8464567363262177,697.5244,202.46812,710.0718,191.3149,686.37115,189.92073,726.8017,196.89151,669.6413,192.70905,746.3198,263.81097,638.9699,262.4168,749.10815,354.43106,620.8459,353.0369,750.5023,425.53296,612.48096,431.1096,708.6777,435.29205,648.729,428.3213,696.13025,544.0362,634.7874,542.642,683.5829,627.6855,611.0868,656.96277,700.31274,145.30777,694.7361,238.71617,680.79456,422.74466,697.5244,670.9043,615.2692,701.57574,708.6777,665.3277,595.7511,697.39325,672.4296,636.0504,611.0868,668.11597
0.8572529485592475,697.5641,203.97343,710.0996,191.43794,686.42145,190.04512,726.8136,197.00928,669.70746,194.22362,746.31323,265.25806,637.6723,262.4724,749.0989,353.00653,620.9583,353.00653,747.70605,421.2553,612.6013,431.00513,710.0996,435.18362,648.81494,429.6123,696.17126,543.8246,633.4938,545.2174,683.63574,628.78735,609.8157,662.21533,700.34973,146.86731,694.77844,240.18709,680.8501,422.64813,696.17126,669.1795,613.99414,701.21466,708.7068,663.60815,594.4945,699.82184,672.4931,635.7515,611.2085,673.358
0.8363477748173934,695.37445,204.76099,706.9488,191.73987,685.2469,190.29308,724.31024,197.52704,667.88544,193.18666,746.01215,264.0794,637.5028,261.18582,748.9057,355.22723,618.6945,353.78046,743.1185,427.5668,610.0138,431.90717,708.39557,431.90717,646.18353,429.01358,695.37445,541.8633,631.71564,544.75684,683.8001,625.77716,608.56696,666.2873,699.71484,146.88936,693.9277,239.48398,679.4597,423.2264,695.37445,672.07446,608.56696,705.35065,706.9488,664.8405,591.2055,701.01025,673.6726,634.4579,610.0138,673.52124
0.8278225293526282,693.39685,204.17014,706.4276,192.5872,683.2618,191.13934,723.802,196.9308,667.33527,194.03508,745.51996,264.98047,635.48224,262.08472,748.4157,354.74808,618.10785,354.74808,742.62427,427.14133,609.42065,431.48492,706.4276,434.38068,645.6173,428.5892,694.84467,542.9705,631.1386,545.8663,684.70966,625.49884,606.5249,667.48694,699.1883,144.80766,693.39685,238.91888,678.91815,424.2456,694.84467,670.3827,606.5249,708.02716,706.4276,664.5912,589.1506,703.68353,673.1267,634.18604,609.42065,676.17413
0.8248168780253484,692.92035,204.53552,705.9414,192.96126,681.3461,191.51448,723.3028,198.7484,665.43146,194.40804,745.0046,266.74722,635.049,262.40686,746.45135,356.44778,616.24084,356.44778,742.111,428.787,607.5601,434.5741,707.3882,434.5741,645.1765,430.23376,694.3671,543.0829,629.2619,545.97644,684.2397,628.4431,604.66656,668.95306,697.26074,145.2174,691.4736,240.70511,678.4525,425.8934,694.3671,671.8466,604.66656,708.0162,707.3882,664.6127,587.3052,705.1226,672.6654,635.677,607.5601,677.6337
0.8370272884002099,689.9212,206.53833,703.1224,194.80392,679.65356,191.87032,720.724,199.20433,663.5188,194.80392,744.1928,268.14395,632.71594,263.74353,745.6596,357.61877,615.1144,356.15198,741.2592,429.492,606.31354,435.3592,706.05597,435.3592,642.9836,430.9588,692.8548,543.9024,628.31555,548.30286,684.05396,626.0433,603.37994,667.11365,695.7884,146.3995,689.9212,240.27473,676.72,426.55838,694.3216,671.5141,603.37994,706.7173,707.52277,665.64685,585.7784,700.8501,673.7864,636.31085,606.31354,674.4477
0.8428860100416037,689.7429,205.06238,702.8523,193.40958,679.5467,191.95297,718.87494,199.23598,662.06744,194.86617,740.72394,266.2397,631.4788,264.78308,743.63715,356.549,612.54297,358.0056,742.18054,429.37912,603.80334,435.2055,704.3089,435.2055,643.13165,432.2923,692.6561,545.9073,625.6524,551.7337,683.9165,627.477,602.34674,671.17505,694.1127,148.2549,688.2863,241.47743,676.6335,426.4659,694.1127,672.63165,599.4336,709.0467,707.2221,666.80524,583.41095,703.2203,672.2637,634.76,605.25995,679.9147
0.8456597649134122,685.003,204.90855,699.5265,193.28973,676.2889,191.83739,716.9547,199.09914,660.313,194.74208,740.1924,267.3597,628.3612,265.90735,741.6447,358.8579,610.933,357.40555,741.6447,430.02316,602.2189,437.28494,702.4312,437.28494,639.98004,434.38022,692.2647,546.21136,624.00415,553.47314,683.5506,627.5431,602.2189,669.6613,692.2647,148.26682,685.003,241.21736,673.38416,428.57083,695.16943,674.0184,599.3142,708.8748,708.2406,666.7566,581.886,704.51776,673.38416,634.8049,603.67126,676.9231
0.8531921184979953,681.1017,205.0295,694.22864,193.3611,670.89185,191.90254,711.7312,199.1953,654.8478,194.81964,735.06805,269.2057,622.75964,266.2886,737.9851,359.6358,606.71564,359.6358,740.9022,431.10477,597.9643,438.39752,698.60425,438.39752,634.4281,435.4804,689.85297,547.78876,621.30115,555.08154,684.0188,628.00903,599.42285,673.22406,686.93585,148.14604,679.6431,241.49326,667.97473,429.6462,694.22864,673.22406,599.42285,709.6878,707.3556,665.93134,583.37885,705.3122,672.3504,635.30176,602.33997,680.51685
0.8644473483929267,678.8398,206.72461,691.9503,195.07079,668.6427,193.61406,709.4311,200.89769,651.162,196.52751,731.282,270.82062,619.11395,267.90717,737.1089,362.59448,604.5467,362.59448,740.02234,433.97412,594.3496,439.80106,696.32056,439.80106,632.2245,435.43085,689.03687,549.0556,619.11395,556.3393,683.20996,627.71893,598.7198,674.3342,683.20996,149.91223,677.38306,243.1428,665.72925,431.06067,693.40704,674.3342,600.1765,709.29565,707.97437,667.0506,582.6958,704.9255,673.0129,636.4593,600.1765,683.0746
0.8657790812162253,675.4352,205.70242,688.5585,194.03726,665.22815,192.57912,706.0562,199.86984,647.7304,195.4954,729.3865,271.3189,614.1931,268.40262,735.21906,364.6401,601.0698,363.18198,738.1354,437.5473,590.86285,440.4636,694.39105,440.4636,630.2327,437.5473,688.5585,549.8244,617.10944,557.1151,681.26776,627.106,598.15356,673.7666,681.26776,148.83481,673.97705,243.61417,662.3119,430.2566,692.9329,675.2248,598.15356,713.13654,707.51434,666.4759,580.6558,708.7621,671.0607,635.85486,601.0698,681.0574
0.8690392191593463,674.3691,203.36691,686.01,191.72598,662.72815,190.27087,703.4714,199.00156,645.2668,194.63622,725.2981,271.75732,611.79913,268.8471,732.57367,363.4296,598.70306,363.4296,736.939,439.09558,588.5173,443.46094,691.83044,439.09558,626.3503,437.64047,687.4651,549.6843,614.70935,556.9599,681.64465,626.8055,598.70306,674.8243,677.2793,148.07253,671.45886,242.65501,659.81793,430.3649,691.83044,674.8243,597.248,712.6573,707.83673,667.5487,579.78656,708.29193,671.45886,635.53613,603.0684,682.09985
0.8596396033580487,670.61646,202.5474,683.71155,192.36234,660.4314,190.90732,699.7167,198.18237,642.9713,193.81734,721.5418,270.93283,606.59607,268.02283,730.27185,362.59842,594.956,364.05344,736.09186,438.25888,583.3159,444.07892,688.0766,438.25888,622.6012,436.8039,685.16656,548.8396,613.8711,556.1146,682.25653,627.4101,599.32104,673.9704,674.9815,148.71205,667.7064,241.83264,656.0664,430.98386,690.9866,673.9704,597.866,711.8006,706.9917,666.6953,580.4059,707.4356,672.0715,636.14014,603.68604,682.70044
0.8613484112116007,668.19354,203.70837,679.9141,191.98778,656.4729,190.52269,697.495,197.84807,638.892,193.45285,719.4711,269.63672,603.7302,268.17163,726.7965,363.4015,592.00964,363.4015,732.6568,441.0504,580.28906,445.44565,685.7744,439.58536,619.84607,436.6552,684.3093,549.46594,611.0556,556.7913,682.84424,627.11487,597.86993,673.99725,671.12366,148.03554,665.26337,240.33522,653.5428,430.7949,690.1696,673.99725,597.86993,709.15906,706.28546,666.6719,580.28906,706.2289,672.58875,634.44025,602.2652,681.32263
0.8689468594697806,666.02234,204.48799,677.85815,191.17274,654.1866,191.17274,694.1323,197.09062,636.4329,192.6522,716.3244,271.0642,602.4051,268.1053,723.72174,365.75043,587.61035,364.27097,731.11914,441.2035,575.7746,447.12137,683.776,439.72403,617.19977,438.24454,683.776,549.20496,608.32294,558.0818,683.776,627.61694,597.9667,674.9601,668.9813,145.30911,661.5839,239.99532,651.22766,430.8472,692.65283,674.9601,597.9667,710.4674,708.92706,666.08325,578.7335,707.5084,673.41974,636.4938,602.4051,682.3574
0.8681449683812948,659.6042,202.4132,672.85406,190.6355,647.8265,189.16328,689.0484,196.52434,630.1599,192.10771,711.1316,270.13492,594.82684,265.7183,718.4926,365.82867,580.10474,362.88425,725.8537,440.91147,568.327,446.80032,677.2707,439.43927,609.54895,437.96704,681.6873,552.79956,603.66016,560.1606,683.15955,627.8823,596.2991,674.9931,662.5486,144.99693,655.18756,239.21848,644.8821,430.606,693.465,674.9931,597.7713,711.7984,708.18713,666.15985,577.16034,707.3818,674.3263,635.2434,600.7157,685.2986
0.8722514326755817,657.48145,203.44588,670.7783,190.14905,645.66205,190.14905,687.02997,196.05875,626.4555,193.1039,707.7139,271.40744,592.47473,265.49774,715.1011,365.9627,574.7456,364.48526,722.4882,441.3114,564.4036,448.69855,675.2106,441.3114,608.72644,441.3114,681.1203,553.59576,602.8167,565.41516,682.5977,627.46704,596.907,676.2221,658.95886,144.34885,653.0492,240.38152,642.7072,432.44687,694.4171,674.7447,601.3393,711.6803,707.7139,665.8801,579.1779,708.72546,673.73315,634.8542,599.8619,686.5641
0.8649983062193944,655.492,203.39629,668.77484,190.11343,642.2091,190.11343,685.0094,196.01692,623.02277,193.06519,704.19574,269.81055,589.0777,265.38293,711.57513,364.2664,571.36725,362.7905,718.95447,441.01175,558.0844,446.91522,671.72656,439.53586,605.3123,439.53586,679.10596,551.70215,600.8847,563.50916,682.0577,628.4475,596.4571,675.6755,655.492,144.36139,649.5885,240.29309,640.7333,432.1565,696.8164,674.1996,599.4088,712.57227,710.09924,665.34436,578.74664,708.14465,673.20245,635.8269,599.4088,684.5307
0.8837481553737934,653.3732,203.5338,666.6629,190.2441,641.5602,188.76746,682.9059,196.15062,622.36395,191.72073,700.6255,269.98227,586.92474,267.02902,709.4853,365.9634,567.7285,363.01016,716.86847,442.74832,555.91547,447.17822,668.1396,441.2717,603.1677,441.2717,676.9993,553.4958,598.7378,566.7855,679.95264,628.8041,595.78455,680.4862,654.84985,144.46848,647.4667,241.92625,637.13025,432.4119,694.71893,676.05634,597.26117,717.40204,708.00867,667.19653,576.5883,711.49554,672.56946,636.18726,600.2144,690.8227
0.8807394229448758,648.57227,201.84987,661.7887,188.63344,636.82434,188.63344,679.4106,195.97589,619.20245,193.03891,699.9694,270.86893,583.9587,266.46347,707.3119,364.85236,564.8683,363.38388,713.18585,441.2139,551.65186,445.61935,666.19415,441.2139,600.11206,441.2139,675.0051,552.8192,597.1751,566.03564,679.4106,626.2438,595.7066,680.57794,651.5093,144.57872,644.1668,241.49911,635.35583,432.40295,692.627,676.1724,597.1751,718.75867,705.84344,667.3615,576.6162,714.3532,670.5996,633.5862,600.11206,690.85736
0.8560054829487433,647.1813,201.53552,658.95874,189.75809,633.9317,188.28592,676.6249,195.6468,616.26556,192.70245,697.23535,269.25574,582.40546,266.31137,704.59625,364.94736,561.7949,363.4752,710.485,444.445,547.0731,445.91718,666.31964,440.02847,600.0716,440.02847,672.2083,551.91406,597.1272,565.16364,676.6249,625.523,594.18286,678.5214,648.6535,144.12056,642.7648,241.28435,633.9317,431.1954,689.8745,675.5771,598.5994,715.32587,703.1241,666.744,577.9889,709.4372,667.7918,632.88385,598.5994,687.3545
0.8527804315090179,641.53265,201.15947,654.83435,187.85774,629.70886,187.85774,674.048,193.76962,611.97327,190.81369,696.2175,267.6681,579.45795,266.19012,699.17346,362.25812,558.76636,360.78015,702.1294,436.1566,541.0307,442.06845,663.70215,439.11252,597.19354,439.11252,666.65814,551.4382,595.7156,564.7399,669.6141,623.8587,594.2376,680.02155,644.4886,142.0407,640.0547,239.58667,631.1868,430.24472,678.4819,671.1537,597.19354,716.97076,694.7395,663.76385,577.98,711.0589,662.2242,631.24854,600.1495,687.4114
0.8567993297026708,640.99304,200.61845,654.28455,187.327,629.17847,187.327,673.4833,193.23431,611.4565,190.28065,694.15894,267.07574,578.96625,267.07574,697.11255,361.5928,556.81384,361.5928,698.5894,436.91107,539.09186,439.86472,661.6687,439.86472,596.68823,438.3879,664.6223,550.6269,596.68823,565.3952,666.0992,621.51465,595.21136,680.5878,642.4699,141.5453,639.51624,239.016,630.6553,431.00375,674.96014,668.7732,599.64185,718.98535,689.7284,659.91223,580.4431,713.07806,657.23816,628.8988,601.1187,687.972
0.8522566832028903,638.96625,199.55879,652.218,186.30698,627.1868,186.30698,671.35956,193.6691,610.9902,190.72426,693.44586,267.29025,577.12445,265.81784,694.9183,361.52536,556.5105,360.05295,694.9183,438.09137,537.369,438.09137,661.05255,438.09137,596.2659,438.09137,663.99744,547.0507,596.2659,564.7198,661.05255,616.2546,594.7935,678.0964,641.9111,142.13428,637.4938,239.31422,630.13165,429.25684,669.8871,661.8997,599.2108,714.907,684.6113,654.5376,580.0693,709.0173,653.6904,623.6167,600.6832,686.9309
0.8617260914582473,638.40906,200.12256,651.6071,186.92451,626.6775,186.92451,669.2045,194.25676,609.0801,191.32387,694.13416,269.0457,576.8182,267.57925,694.13416,361.432,554.8215,362.89847,695.6006,434.7545,537.22406,440.62027,660.4058,439.15384,595.882,439.15384,661.87225,546.20465,595.882,563.80206,657.4729,612.1949,595.882,678.1851,641.342,142.93103,636.9426,239.7167,629.61035,430.35513,663.33875,657.6548,598.81494,714.8463,678.00323,650.3226,579.7511,708.9805,650.1407,618.06067,600.2814,686.9838
0.8547180272065676,638.329,199.38814,651.4913,187.6883,626.62915,186.22581,669.0411,193.53822,609.07935,190.61325,692.44073,268.12473,576.9048,266.66223,695.3657,361.72348,554.9676,360.261,695.3657,436.30997,537.41785,437.77246,661.72864,437.77246,595.91705,437.77246,661.72864,544.5335,595.91705,563.5458,655.8787,608.8826,594.4546,680.5442,639.79144,143.81389,636.8665,238.8751,629.5541,428.99756,660.2662,652.7571,597.3795,717.1062,674.891,645.44464,578.36725,711.2563,648.56635,614.7326,600.3045,689.3191
0.8536677383459531,636.5746,198.48656,649.73694,186.78668,626.33716,185.3242,667.28674,192.63663,608.78735,191.17413,692.149,268.68582,576.6127,267.22336,693.61145,362.28485,556.1379,360.8224,693.61145,438.33408,537.1256,438.33408,659.9743,438.33408,595.625,436.87158,659.9743,542.1705,595.625,562.64526,652.66187,605.0574,595.625,679.6441,639.4995,142.91214,636.5746,237.97365,629.26215,429.55917,657.0493,648.9319,597.08746,716.2062,673.13666,643.082,578.0752,710.35626,645.3495,610.9073,598.5499,688.419
0.853139015344473,636.58453,201.87766,649.77234,188.68985,626.3274,188.68985,668.8214,194.5511,608.74365,193.08578,692.26636,267.81662,577.97217,267.81662,693.7317,360.13116,555.9925,360.13116,693.7317,436.32733,536.9434,437.79263,660.02954,437.79263,597.0212,436.32733,660.02954,541.82965,595.55585,563.8093,652.703,600.4421,595.55585,679.56885,639.5152,144.73055,636.58453,239.97572,629.258,427.53546,652.703,647.33203,597.0212,717.66693,668.8214,640.0055,577.97217,711.80566,645.3764,604.838,598.4865,688.3607
0.850647882773326,637.19104,202.6297,650.3578,189.46292,625.48724,189.46292,667.9135,195.31482,609.39453,193.85184,692.7841,268.46356,580.135,267.0006,694.2471,360.631,558.19037,359.16803,694.2471,436.70572,539.1717,436.70572,660.59863,436.70572,597.69073,435.24274,659.1357,539.11395,596.2277,562.5216,650.3578,602.0219,594.7648,681.0226,640.117,145.57367,637.19104,240.66705,629.87616,426.4649,653.28375,647.37415,597.69073,717.5969,669.37646,640.05927,578.67206,711.74506,644.5059,606.4108,599.1537,689.8004
0.862138039790667,637.6135,202.50078,650.68274,190.88368,625.9964,189.43153,668.1084,196.69223,611.47504,196.69223,694.2469,269.29913,582.4323,267.847,697.1512,359.33167,562.10236,359.33167,697.1512,434.84283,543.22455,436.29498,662.29987,434.84283,599.8579,434.84283,657.9434,537.94464,598.4058,562.631,649.23065,603.29083,595.5015,678.802,640.5178,150.22382,639.0657,241.7085,631.805,426.13,655.0392,646.855,598.4058,715.1054,669.56055,639.59424,579.528,709.2969,641.9699,607.6472,599.8579,686.0627
0.8615862704240359,637.42615,204.23546,650.40955,192.69463,627.3279,192.69463,669.16345,198.46504,612.90186,197.02243,695.1303,270.59525,582.6072,267.71002,699.4581,358.5941,563.85333,357.1515,699.4581,432.1669,546.5421,436.49472,661.95044,436.49472,599.91846,436.49472,657.6226,541.8048,598.4758,562.0013,648.967,603.8368,595.59064,681.7374,640.31134,150.8591,640.31134,241.74316,631.6557,426.39648,654.73737,645.6723,595.59064,717.8025,670.606,638.4593,576.8368,712.0321,641.75397,608.1646,599.91846,690.393
0.8670955735903519,638.4104,205.50777,651.38354,192.53458,628.3201,192.53458,668.68115,198.30045,613.90546,198.30045,696.069,271.81512,585.0762,267.49072,698.9519,358.30298,566.33716,358.30298,701.8348,433.25916,549.03955,434.7006,661.4738,437.58353,600.9323,437.58353,655.70795,542.8104,599.49084,558.66656,648.5006,601.91046,595.16644,679.7496,641.2933,152.17358,641.2933,242.98584,632.64453,428.93475,655.70795,645.1544,596.6079,717.22766,668.68115,637.9471,577.8689,711.4618,641.2933,607.67633,599.49084,688.3983
0.8637334727323972,640.6949,207.72818,652.0612,194.941,629.3285,194.941,670.5316,200.62419,615.1205,199.2034,696.10596,270.24332,586.7045,267.4017,700.3684,356.912,568.23413,358.3328,703.20996,430.7935,552.60535,433.6351,663.4276,436.47668,603.7541,435.05588,654.90283,538.7742,599.4917,558.66534,646.37805,598.4477,595.2293,679.43317,643.53644,153.73785,642.11566,243.24814,633.5909,426.5311,654.90283,642.49243,596.65015,720.63635,667.69,633.96765,576.759,714.9531,639.27405,604.13086,599.4917,687.95795
0.8646738597979913,641.6753,207.04993,653.1583,195.5669,631.6277,195.5669,671.8183,201.30841,615.8385,199.87303,697.6551,270.20663,590.00165,267.33588,701.96124,354.894,571.34174,354.894,706.2674,428.09836,554.1172,430.96912,663.206,435.27527,604.35547,433.83987,654.59375,537.1872,600.0493,554.41174,644.5461,601.77924,595.74316,672.11285,644.5461,153.9409,643.1107,242.93442,634.4984,423.7922,657.4645,646.276,598.61395,713.73883,668.9475,637.66376,578.5186,707.9973,637.3692,607.52075,600.0493,680.72516
0.8731295283024127,641.04144,207.23369,654.0035,195.71188,630.95984,195.71188,671.2862,200.03256,616.55756,200.03256,698.6505,267.72324,590.6335,267.72324,702.9712,354.13684,573.35077,352.69662,707.2919,426.1482,556.06805,426.1482,664.0851,433.3493,605.03577,430.46887,654.0035,534.1652,600.7151,552.8881,646.8023,601.8559,594.95416,672.427,643.9219,155.38553,643.9219,243.23936,635.2805,421.8275,658.32416,646.5029,599.27484,709.87286,669.84595,637.8615,579.1117,705.5522,639.6012,607.61676,599.27484,681.06836
0.8846853719307826,643.6998,208.17607,655.11487,196.76105,632.2848,196.76105,670.8105,199.6148,618.016,201.04169,699.3481,266.67807,592.3322,265.2512,706.4824,350.86386,576.63654,350.86386,713.6168,423.63464,560.9409,425.06152,663.6761,429.34216,605.17413,427.91528,653.688,532.0774,602.3204,549.1999,646.5536,599.1406,595.186,670.48456,645.1267,156.80847,645.1267,242.42114,636.5654,417.92712,656.54175,644.8007,590.90533,706.1565,669.3836,634.81256,573.7828,701.87585,639.4192,603.42126,599.4666,680.47266
0.8763969036249014,645.5067,210.04677,657.589,196.62198,634.76685,197.96446,673.6988,199.30695,618.6571,199.30695,697.8634,265.0884,593.15,265.0884,705.9183,349.66458,578.38275,352.34955,713.97314,418.131,563.6155,422.15845,662.9589,428.87085,606.5748,426.18588,652.2191,532.24176,602.54736,544.32404,645.5067,598.0232,594.4925,662.4622,645.5067,155.00514,645.5067,242.26627,636.1094,419.4735,653.5616,640.98254,587.7801,705.4215,665.6439,634.27014,570.3279,701.3941,638.7943,604.7356,599.8624,674.5445
0.882405725809244,645.2291,209.26129,656.1044,197.02667,632.9945,197.02667,672.4172,198.38606,619.40045,198.38606,698.24585,263.63742,593.5718,263.63742,706.4022,347.9204,578.61835,347.9204,715.9181,414.53116,563.6649,418.60934,664.26074,425.40637,607.16583,422.68756,652.0261,528.721,601.7282,540.9556,646.5885,598.05054,593.5718,656.5049,645.2291,154.88518,645.2291,240.52756,635.7133,415.89056,653.38556,642.9108,586.7748,698.64636,665.6202,634.75446,570.462,694.5682,638.4321,606.207,599.0094,668.7395
0.8808337862675006,644.1206,207.53822,655.4073,196.25154,634.24475,194.84071,672.33734,199.07321,620.1364,197.66238,699.1432,262.56082,593.33057,259.73914,706.1974,345.8001,579.22217,344.38928,716.07324,416.3419,565.11383,417.75272,665.28314,423.39606,607.4389,420.5744,652.58563,527.7979,601.79553,537.6737,645.53143,602.57214,591.9197,654.7731,646.9423,153.92648,645.53143,238.57661,637.06647,412.10938,653.99646,643.4864,582.0439,697.09814,665.28314,636.4322,567.9355,690.04395,637.06647,609.62634,597.56305,666.05975
0.8794815517388858,643.40137,205.89351,654.4531,194.84177,632.3496,193.4603,671.0307,197.6047,619.91644,196.22324,698.66003,262.5337,593.6685,259.77075,705.5674,344.04025,579.8539,342.6588,715.2377,411.73218,566.0392,413.11365,664.12335,421.40247,607.4832,418.63953,653.07166,525.0125,600.57587,533.30133,646.1643,602.3747,592.28705,647.96313,646.1643,153.39774,644.78284,237.66727,636.494,411.73218,654.4531,643.8187,581.23535,692.1701,665.5048,636.9114,567.42065,685.26276,637.8755,610.6635,599.1944,657.6334
0.8823627944176013,642.95624,204.0388,655.29895,193.06747,633.3563,191.69606,670.3845,194.43889,618.27075,194.43889,696.4414,260.26685,593.58527,258.89545,704.6699,342.5518,581.2425,341.1804,714.26984,408.37976,566.1569,408.37976,663.52747,417.97968,607.2994,413.86542,652.5561,520.8359,599.0709,526.32153,645.69904,603.1208,589.471,638.77765,645.69904,151.925,644.32764,235.58136,636.0991,407.00833,652.5561,644.2633,579.8711,684.03436,664.89886,637.4062,566.1569,677.17725,638.842,611.3493,596.32806,647.0061
0.8756309655996469,642.6574,203.52101,653.6644,192.51396,631.6503,192.51396,670.17505,195.26572,617.89154,193.88985,696.3168,259.93216,594.5015,258.55627,704.5721,341.10916,580.74274,339.73328,714.20325,408.52734,566.98395,409.90323,663.29565,414.03088,606.88446,411.2791,652.2886,518.59784,597.2533,522.7255,645.4092,601.15076,588.99805,631.42017,644.03326,152.6134,644.03326,235.16629,635.778,403.0238,652.2886,643.80304,579.3669,675.44836,663.29565,636.92365,565.60803,668.5689,638.5298,610.7819,595.87744,641.05133
0.8804909884929657,642.28186,202.83331,653.20337,191.91185,632.7256,191.91185,669.5855,194.64223,617.70856,194.64223,695.52405,257.44064,593.1353,257.44064,703.7151,339.35162,579.48346,339.35162,711.9062,406.24557,567.19684,408.97595,662.75964,411.70633,606.7871,408.97595,651.83813,515.4602,597.23083,516.8254,646.37744,600.10156,587.67456,623.3097,645.01227,152.32155,643.64703,234.23253,635.456,400.78485,651.83813,642.42224,579.48346,666.99554,664.1248,636.9615,564.46643,661.5348,638.18634,609.65784,594.5005,632.86597
0.8740682280980624,642.56824,202.10995,653.356,191.32217,631.78046,191.32217,669.5377,194.0191,616.94727,194.0191,695.1587,257.39734,592.67474,256.04886,703.2495,338.30566,579.19006,336.9572,711.34033,403.03235,565.7053,407.0778,662.79535,409.77472,606.1595,407.0778,652.00757,514.95557,596.72015,513.6071,646.61365,599.90936,587.2809,617.4395,643.91675,152.21646,643.91675,234.4733,634.4774,398.98694,650.65906,643.0605,577.84155,660.59064,664.1438,637.6666,564.3568,655.1967,638.5228,610.69714,594.02325,626.8788
0.8594554250056927,641.07996,204.0446,651.8665,193.25809,630.29346,191.90977,668.04626,194.6064,616.8103,194.6064,695.0126,256.62888,592.54065,255.28056,703.1025,336.1794,579.0575,337.52774,709.844,402.24683,565.57434,407.6401,662.653,407.6401,604.6755,404.94348,651.8665,512.80865,596.5856,510.112,646.47327,601.79736,587.1474,611.2356,642.4283,152.80865,642.4283,232.3592,634.3384,398.2019,649.16986,642.2468,577.70917,654.38165,664.00134,638.2019,564.2261,648.9884,641.07996,611.2356,595.2373,620.67377
0.8563526547872103,641.96,201.88405,652.6418,191.2023,631.27826,189.86708,667.32916,192.53752,616.5909,192.53752,692.6983,253.95755,591.22174,255.29277,700.7096,334.07065,577.86957,336.7411,708.72095,398.16113,564.5174,404.83722,661.9883,403.50198,604.5739,402.16678,651.3066,511.65466,595.2274,508.98422,647.3009,602.4495,587.21606,606.45514,643.2952,149.81053,640.6248,231.25885,633.9487,395.4907,649.9713,642.50604,577.86957,650.51733,664.65875,637.16516,563.1821,642.50604,640.6248,611.796,593.89215,614.4665
0.863456489948126,641.2658,202.05467,653.15717,190.16336,630.6958,190.16336,666.3697,192.80588,616.1619,191.48462,691.4736,254.90492,591.0581,254.90492,699.4011,334.1803,577.8455,336.8228,706.0074,398.92188,564.63293,405.52817,659.7634,405.52817,602.9494,404.2069,650.51465,512.5499,595.02185,507.2649,646.55084,599.75287,587.0943,599.75287,642.5871,149.2044,641.2658,232.44356,632.017,397.60062,649.19336,640.7118,576.5243,643.3543,665.04846,635.42676,563.3117,636.74805,641.2658,609.00165,593.7006,607.68036
0.8433177654559796,638.6722,200.94647,649.1815,189.12347,628.16284,189.12347,663.63184,193.06447,613.71246,191.75081,688.59155,253.49318,588.7528,253.49318,696.4735,333.6269,575.61615,334.94055,701.7282,401.93762,562.47943,403.25128,658.3772,401.93762,601.88947,399.31027,650.4952,509.65836,592.6938,503.09,646.5542,600.3014,583.4981,591.1057,638.6722,149.71344,637.3585,231.16083,630.79016,395.36926,647.86786,638.39777,575.61615,630.51575,664.9455,634.4568,561.1658,623.94745,639.98584,609.4971,590.06647,600.3014
0.8409112668954409,637.8284,200.04144,648.3067,189.56319,627.3502,189.56319,662.7143,192.18275,612.94257,190.87297,687.60016,253.7425,588.05676,253.7425,695.45886,334.94894,573.6492,336.25873,699.3882,403.0576,560.55133,404.36737,657.47516,401.7478,599.8448,399.12827,650.9263,509.1499,591.9861,501.29123,645.68713,599.52484,582.8176,586.42706,637.8284,150.26973,636.5187,230.16641,629.9697,395.1989,648.3067,638.8183,573.6492,627.0303,664.0241,633.57916,560.55133,620.4814,639.13824,608.6933,588.05676,595.5955
0.8324220455609835,635.24945,200.36238,645.70123,188.60416,624.7977,188.60416,660.0724,191.2171,610.4265,191.2171,684.8953,252.62115,586.9101,252.62115,692.73413,333.62225,572.53894,334.92874,696.6535,402.86514,559.47424,402.86514,656.15295,397.63928,598.66833,395.02634,649.6206,508.68918,589.523,500.85034,645.70123,598.8356,581.6842,584.4644,636.5559,150.71654,635.24945,229.1047,627.41064,392.4134,648.31415,636.7232,573.8454,623.6585,663.99176,631.4973,559.47424,617.12616,640.47534,607.98083,586.9101,593.6097
0.8380658213908856,634.3318,201.8034,644.8056,190.02034,623.858,190.02034,659.2071,192.63881,609.4564,191.32957,684.08246,252.86331,584.5811,252.86331,690.6286,334.0355,570.17957,334.0355,694.5563,403.4246,557.0873,402.11536,653.9702,398.18768,597.6734,395.5692,648.7333,508.16287,588.5088,501.61673,647.4241,598.49963,579.3442,585.40735,635.641,150.74348,633.0225,230.60643,626.4764,392.95078,647.4241,636.4673,572.79803,623.375,664.44403,632.5396,558.39655,616.82886,642.18713,608.97345,584.5811,594.57196
0.8430061225707715,632.12714,201.14378,642.6087,190.66225,621.6456,189.35205,657.0208,191.97244,607.2335,191.97244,680.6043,250.93112,582.33984,252.24132,688.46545,332.1631,569.2379,333.47327,692.39606,401.6033,554.8258,401.6033,653.0903,397.67273,595.4418,396.36255,647.8495,507.72894,587.5806,499.86777,647.8495,600.7526,578.40924,583.72015,632.12714,150.04626,630.81696,229.96803,625.5762,392.43195,647.8495,637.43805,573.16846,621.7157,664.88196,633.50745,558.75635,616.475,642.6087,611.2342,583.65,592.8915
0.8396900021112882,627.3791,200.65245,637.7871,190.24448,616.9711,188.94347,652.098,192.84647,602.66016,191.54547,674.215,251.39134,577.9412,253.99333,682.021,333.35416,563.63025,333.35416,687.225,402.30704,551.92126,401.006,648.19507,397.10303,590.9512,394.50104,644.29205,507.6878,584.44617,501.1828,646.89404,600.0586,576.6402,584.44666,628.6801,152.51555,626.0781,229.27438,620.87415,391.89905,645.5931,636.4865,572.73724,620.8746,662.50604,632.58356,557.12524,615.6706,642.9911,610.4666,581.8442,593.55365
0.8507372599381667,624.209,201.75119,634.49835,190.17564,613.91956,190.17564,649.93243,194.03416,599.77167,194.03416,670.51117,251.91193,574.0482,253.19809,678.2282,330.36844,562.47266,332.94077,683.37286,399.82175,549.61096,399.82175,647.36005,401.1079,590.7685,399.82175,643.5015,507.86023,583.05145,502.71555,646.0739,600.46466,576.6206,585.0306,625.4951,152.87665,624.209,231.33316,619.0643,393.39087,647.36005,636.4775,574.0482,622.3296,664.0803,632.61896,558.61414,617.1849,642.2154,609.46783,581.76526,594.03375
0.8493296183072604,622.8117,200.0762,634.4077,189.76865,613.7926,188.4802,647.2922,192.34554,598.33124,191.05708,667.9073,250.32555,571.2739,252.90244,675.63794,332.786,559.6779,332.786,680.79175,401.0736,548.0819,401.0736,644.7153,399.78516,588.0237,398.4967,642.13837,506.72607,582.86993,502.86075,647.2922,600.78253,577.7161,586.6097,625.3886,152.40375,621.52325,229.71043,616.3695,393.34293,649.8691,640.72437,573.8508,622.6861,665.3304,635.57056,558.38947,617.53235,643.4268,612.37854,582.86993,595.6288
0.8575265522186573,620.7463,200.30449,631.16,189.89078,610.3326,189.89078,645.4788,192.4942,596.01373,191.19249,666.3062,249.76958,568.67773,252.373,672.81476,331.7775,555.66064,333.07922,678.02167,400.76828,545.2469,400.76828,641.57367,399.46658,585.60004,398.16486,640.272,506.20703,580.3932,502.3019,646.7805,601.23206,576.48804,585.6115,622.048,152.1411,618.1428,230.24388,614.23773,392.958,649.384,638.98175,573.8846,622.0595,665.0045,633.7749,558.26404,616.85266,641.57367,611.6458,581.6949,596.0252
0.8382830230089334,614.8807,199.17798,625.14026,188.9184,604.6211,188.9184,639.2472,191.48329,590.5142,191.48329,661.0488,251.75832,564.86523,250.47588,666.1786,332.5525,550.7583,331.27005,671.30835,400.52222,540.4988,400.52222,635.39984,396.67487,578.97217,395.39243,636.6823,505.6829,576.4073,503.11798,644.377,600.584,576.4073,585.19464,616.16315,153.00987,613.59827,228.67427,608.46844,390.26263,650.78925,639.05743,575.1248,623.668,666.1786,633.9276,559.7355,618.53827,640.52966,609.5611,581.53705,594.17175
0.8480145656145536,611.65485,202.12906,623.3273,190.45668,602.57635,190.45668,637.5935,193.05054,587.0132,191.7536,658.34436,251.41243,561.0746,251.41243,663.5321,331.82214,548.1052,331.82214,667.4229,399.26254,537.7298,400.55948,633.7027,396.6687,576.63776,396.6687,636.2966,505.6109,576.63776,503.01703,645.37506,601.5838,576.63776,586.0206,612.9518,152.84567,610.3579,229.36461,606.46716,391.48096,650.5628,637.8978,575.3408,622.33466,666.126,634.007,561.0746,617.147,641.48425,610.6623,581.82544,595.0991
0.839962172966737,609.579,196.04968,619.828,185.80063,599.3299,185.80063,633.9205,190.92516,585.2374,189.64403,655.69977,249.85728,558.3336,251.13843,662.1054,330.5687,545.5223,330.5687,665.94885,398.46875,535.2732,401.031,631.3582,395.9065,574.98834,395.9065,635.2016,506.08395,574.98834,503.52167,644.16956,602.16895,574.98834,585.5142,610.8601,151.21002,608.29785,228.07802,603.1733,389.50082,650.5752,640.60297,573.7072,623.9482,665.94885,635.4784,559.61475,617.54254,641.6073,612.418,581.39404,594.4821
0.8511074620943803,606.68915,201.56445,617.09863,191.155,596.2797,191.155,631.4116,192.45618,581.9667,192.45618,653.53174,251.0094,557.24426,251.0094,657.4353,331.68274,542.9312,330.38153,662.64,396.74185,532.5218,398.04306,630.1105,395.44067,574.1596,395.44067,634.01404,503.43884,575.4608,502.13766,643.1223,599.7264,575.4608,584.1122,607.99036,153.42068,605.388,228.8893,602.78564,388.93478,649.62823,637.4607,574.1596,621.8465,665.2424,632.2559,559.8466,616.6417,639.21875,610.13586,580.6655,593.22046
0.842350707604335,604.5989,202.38997,614.9689,190.72375,594.22894,190.72375,630.5238,192.02,579.9702,192.02,651.26373,250.35104,555.34155,250.35104,655.15247,330.71826,541.0829,330.71826,661.6337,395.53055,530.7129,398.12302,629.22754,392.93805,572.19275,394.23428,633.1163,503.11893,573.489,501.82266,643.48627,600.33734,574.7853,583.48615,604.5989,153.13264,603.3027,228.31488,600.71014,389.04932,649.96747,637.92847,574.7853,622.3735,664.2262,631.4472,559.2303,617.18854,638.3013,610.7073,581.2665,593.8561
0.8498849754150097,602.5524,201.52246,612.91925,189.85977,592.1856,189.85977,628.46954,191.15562,577.9312,191.15562,650.499,250.76492,553.31,249.46907,654.3866,331.1079,539.05554,329.81204,659.57,395.90063,529.9846,395.90063,628.46954,393.30893,571.4519,393.30893,631.0612,500.86484,572.7478,499.56897,642.72394,598.0539,575.3395,582.50366,602.5524,152.27998,601.2566,228.7354,599.96075,388.1255,649.2032,635.6337,575.3395,621.3793,664.7534,630.45026,559.78925,616.19586,638.83636,608.4208,581.8188,592.8705
0.8512930640807519,602.8845,199.86751,612.0505,188.08272,591.09973,189.39215,627.7635,190.70157,576.6961,190.70157,648.71423,250.9349,550.5077,249.62547,652.64246,330.80954,537.4135,329.50012,659.1896,394.97113,528.24756,394.97113,626.45404,393.6617,570.149,393.6617,631.6918,502.3436,572.7678,501.03418,642.1671,597.9313,575.38666,583.52765,601.5751,151.41896,600.2657,228.67476,598.95624,388.42404,650.0236,635.9045,575.38666,621.50085,664.42725,630.6668,559.67365,616.2632,636.92944,607.0972,580.6243,592.6936
0.8543462867920215,599.6742,199.79898,610.0706,188.10295,587.97815,189.40251,624.3658,190.70207,573.68304,190.70207,645.1587,250.48172,547.6919,249.18216,650.35693,329.75473,535.99585,329.75473,656.85474,392.13348,525.5994,394.7326,624.3658,393.43304,568.4848,394.7326,629.564,499.99673,572.3835,501.2963,638.6609,592.2653,576.28217,584.46796,598.37463,150.41579,597.0751,228.38924,597.0751,388.2348,646.45825,632.55164,574.9826,620.8556,660.75336,627.3534,560.68744,616.9569,633.46265,601.36224,581.4804,593.5649
0.8475126326084137,598.5913,199.16843,608.9598,187.50385,586.92676,188.79991,623.2165,190.09598,572.67004,190.09598,643.9535,249.71489,546.7488,249.71489,649.13776,328.77475,535.0842,330.0708,655.6181,390.98578,524.7157,394.87396,624.5126,393.5779,567.4858,394.87396,628.40076,499.85507,571.37396,501.15115,637.4732,591.87555,576.5582,585.39526,597.2952,149.91801,595.99915,227.68181,595.99915,387.0976,645.2496,630.75745,572.67004,622.9811,659.5063,625.5732,559.7094,617.7968,632.28894,600.948,581.7425,594.4677
0.8484123165790851,596.3058,198.9032,606.6301,187.28836,585.9815,188.5789,622.1165,188.5789,571.78564,189.86945,642.76514,249.2341,545.9749,249.2341,647.92725,327.95682,533.0695,329.24734,655.6705,391.19308,524.03577,395.0647,623.40704,393.77414,567.914,395.0647,627.2787,499.5981,571.78564,499.5981,635.0219,591.2262,575.6572,586.064,596.3058,149.86282,595.01526,227.29498,596.3058,387.32147,644.05566,629.94226,573.0762,623.48956,658.2515,623.48956,558.88025,617.0369,629.85974,598.9694,582.1099,593.80725
0.8458363964007451,596.3639,198.50894,606.66254,186.923,584.77795,186.923,620.8231,188.21033,570.6174,189.49765,642.7077,248.71474,544.8708,248.71474,649.14435,328.52905,533.28485,329.81638,655.581,391.60812,522.9862,395.4701,622.1105,391.60812,566.7554,392.89545,625.9725,498.45633,570.6174,499.74365,633.6964,588.5693,575.76666,585.9946,595.0766,149.59048,593.78925,226.83015,595.0766,387.74612,642.7077,627.1891,573.192,623.3271,655.581,620.75244,559.03143,618.1778,627.25977,596.2932,582.2033,595.0059
0.8478735570724194,594.9509,198.16621,605.19305,186.64383,584.7088,186.64383,620.5562,187.92409,570.62585,189.20435,641.04047,248.09659,545.0205,249.37685,648.72205,327.47305,532.2179,330.0336,655.1234,390.2061,521.97577,395.32715,621.8365,391.48636,566.78503,392.7666,625.6773,497.7484,571.9061,500.30896,632.0786,584.8065,575.74695,586.08673,594.9509,149.51611,593.67065,226.33206,594.9509,387.64557,639.7602,623.2145,574.4667,623.2145,653.84314,616.8131,559.10345,619.37366,625.6773,593.7684,582.14825,595.0486
0.8526671414191906,594.5447,197.74274,604.7583,186.25241,584.33105,186.25241,620.07874,187.52911,570.2873,188.80582,640.506,248.81085,543.47656,248.81085,648.16614,327.96643,531.9862,330.51984,654.5497,390.52487,521.7726,394.35498,622.6321,391.80157,566.45715,393.07828,625.18555,497.7679,571.56396,499.04462,630.29236,582.0303,575.3941,584.58374,594.5447,149.22803,593.26794,227.1069,594.5447,387.97147,636.67584,620.3314,574.11743,622.88477,650.7196,613.9479,558.797,617.77795,625.18555,590.9672,583.0543,593.5206
0.8600929562862103,594.23535,197.49443,604.39124,186.06905,582.80994,186.06905,619.6251,187.33853,568.8456,188.60802,639.9369,249.54343,543.4558,250.81291,646.28436,326.98218,532.03046,330.79065,653.90125,389.18707,523.14404,395.53452,620.8946,394.265,566.30664,395.53452,623.43353,497.0935,571.3846,499.63248,627.242,582.1492,575.19305,585.95764,592.9659,146.71494,592.9659,226.69266,594.23535,389.18707,633.5895,618.96436,572.65405,622.77277,647.55383,612.6169,557.4202,617.6948,622.16406,591.0356,581.54047,596.1135
0.8590315993015583,594.70233,196.46896,604.8679,185.0327,583.2661,186.3034,618.8455,187.5741,569.28845,188.84479,640.4473,248.56743,545.14526,251.10883,646.80084,326.0798,533.709,331.16257,654.425,388.3438,523.54346,395.968,621.3869,393.4266,566.7471,394.6973,622.6576,497.62357,570.55914,500.16495,626.4697,581.4894,575.6419,586.57214,593.43164,148.18257,593.43164,226.96562,593.43164,388.3438,632.8232,618.33954,573.1005,623.4223,646.80084,611.9861,557.8522,618.33954,621.3869,590.3843,581.9954,596.73773
0.8656655504153326,595.3041,196.31459,604.20557,184.86981,583.8593,186.14145,619.4653,187.4131,569.8712,188.68474,641.0831,249.72351,545.71,252.2668,647.44135,327.29364,534.26526,332.3802,655.0712,389.60406,524.09216,397.23392,620.7369,394.6906,567.32794,394.6906,622.00854,496.42194,571.1429,498.9652,627.0951,580.3502,574.9578,585.4368,592.7608,147.99222,594.0324,226.83397,594.0324,388.33243,633.4533,618.4995,573.68616,622.3144,647.44135,612.1413,558.42645,617.22784,622.00854,590.5234,581.316,595.6099
0.8624678483376136,594.873,196.28061,605.04803,184.8337,583.4261,186.10558,619.0387,187.37744,569.4354,188.64932,640.66064,249.69952,545.2697,252.24329,648.29193,327.28415,535.09467,332.37167,654.6513,389.60623,524.9196,395.9656,621.58246,394.69373,566.89166,394.69373,622.8543,496.44406,571.9792,498.98782,627.94183,581.66,575.7948,585.4756,593.6011,146.67732,593.6011,226.8057,594.873,388.33435,633.02936,618.54443,573.25104,622.3601,648.29193,612.18506,559.2604,617.2726,622.8543,590.5631,582.1542,594.3787
0.8621786190913274,595.50635,194.85733,605.6706,183.42253,585.34204,184.69305,619.6465,187.23413,570.0957,188.50465,641.24554,249.49025,545.95557,252.03133,648.8687,326.99277,535.79126,332.07492,655.2214,389.2489,525.627,396.8721,622.18756,394.33102,567.5546,394.33102,623.45807,495.9737,571.3662,499.7853,628.5402,582.36993,576.44836,584.911,594.2358,146.57706,594.2358,226.62065,595.50635,387.97836,633.6223,619.2154,573.9073,621.7565,647.5982,612.86273,558.6609,616.6744,623.45807,591.2637,581.53046,595.07526
0.8616491693716782,596.47546,194.5575,606.6606,183.0992,585.01715,184.37234,620.66516,186.91864,571.0126,188.19177,642.30865,249.3027,546.8228,251.849,648.6744,326.9645,536.63763,333.33023,656.31323,390.6217,526.4525,398.2606,621.9383,394.44116,568.46625,394.44116,623.2115,497.56583,572.2857,498.839,627.0309,581.5933,576.1051,585.4128,593.92914,144.90488,595.2023,226.38611,595.2023,388.07544,633.3966,618.5145,573.55884,622.334,647.4012,613.42194,558.2811,617.2414,621.9383,590.5054,581.1977,595.59796
0.8498332294133993,597.29535,193.26593,607.4522,183.10905,587.1384,183.10905,621.4179,185.64827,573.1727,186.91788,643.0013,249.12878,547.7805,251.668,650.61896,326.575,537.62366,334.19266,656.967,390.0555,530.006,398.94278,623.95715,392.59473,569.3639,393.86435,623.95715,495.43317,573.1727,499.24197,627.766,581.76666,575.712,584.30585,596.0257,146.29036,596.0257,225.0062,597.29535,387.5163,632.8444,617.31573,574.4423,621.1246,646.8101,612.2373,559.20703,616.04614,623.95715,590.65393,580.7904,594.46277
0.8456357602889721,597.5739,193.49341,607.7317,183.33565,587.41614,183.33565,621.6986,185.87509,573.4492,187.1448,643.2838,249.36105,549.3246,251.9005,650.90216,326.81393,539.1668,334.43225,658.52045,389.0302,530.2788,399.18796,624.23804,394.10907,570.9098,394.10907,624.23804,495.68665,573.4492,498.22607,628.0472,582.0276,575.9887,583.2973,596.3042,146.51378,596.3042,225.23639,597.5739,387.7605,631.8563,617.5797,575.9887,620.11914,647.09296,612.50085,560.7521,616.31,624.23804,590.9156,581.06757,593.455
0.8459977186643161,599.25543,192.79607,609.39746,182.654,587.8456,182.654,623.34283,186.45728,573.90027,186.45728,644.8947,248.5774,549.81287,251.1129,652.5012,327.17834,539.67084,333.51715,660.1078,390.56622,532.0643,399.44055,624.6106,393.10175,571.36475,393.10175,624.6106,495.7901,573.90027,497.05786,628.4139,580.72986,576.4358,584.53314,597.9877,145.88904,596.7199,224.49,597.9877,388.03073,632.2171,617.4948,575.168,620.03033,646.1625,612.4238,559.95496,616.22705,624.6106,589.6042,580.2391,593.4075
0.8548391690621009,599.5852,193.82393,609.7014,183.70772,589.469,183.70772,623.6112,186.23677,574.2947,187.5013,645.10815,249.46309,550.2687,250.72762,652.6953,327.8637,540.15247,334.18634,661.547,389.8255,532.5653,398.6772,624.87573,393.61908,571.7656,393.61908,624.87573,496.04572,574.2947,498.57477,628.6693,582.0335,575.5592,584.56256,598.3207,147.03645,598.3207,225.43709,598.3207,388.56097,631.19836,618.7048,575.5592,619.9693,646.3727,612.38214,560.3849,616.1757,624.87573,590.8852,580.6173,594.6788
0.8507170310387244,599.4553,192.28401,609.4956,182.24371,588.16,183.49875,623.301,186.00882,574.35455,187.26385,645.89166,250.01573,550.50885,250.01573,653.4219,326.573,540.46857,332.84818,663.4622,389.32486,532.9383,398.11014,625.8111,393.08997,571.8445,393.08997,625.8111,496.00305,574.35455,498.51312,629.5762,581.3456,575.60956,585.1107,598.20026,145.84763,598.20026,224.91498,599.4553,386.8148,630.83124,617.74164,575.60956,621.5068,645.89166,612.7215,559.2941,616.48663,624.556,590.13086,580.62976,596.406
0.8457938570242661,600.5233,193.61461,610.5503,182.3343,589.24304,183.58768,624.3373,186.0944,575.456,187.34778,646.89795,250.01613,551.642,250.01613,654.4181,327.72488,541.6151,332.73834,665.6984,389.13986,531.58813,397.91345,625.5907,392.89996,571.6959,392.89996,625.5907,495.6761,574.20264,498.1828,629.35077,580.905,575.456,584.66516,599.26996,147.24002,599.26996,224.94879,599.26996,387.8865,630.6041,615.9993,574.20264,621.01276,645.64453,610.98584,559.16223,615.9993,624.3373,589.6786,580.4695,595.94543
0.8580242899747995,600.78406,193.24345,612.1177,181.90979,590.70966,183.1691,625.9699,185.68768,576.8574,186.94698,648.63727,249.91171,552.93085,251.171,659.9709,325.4694,540.3379,331.76587,671.30457,385.91556,529.0042,395.9899,627.22925,393.4713,573.0795,393.4713,625.9699,495.47418,574.33887,499.25208,628.4885,581.1062,576.8574,584.8841,600.78406,145.39024,600.78406,225.9851,599.5247,387.17484,629.7478,618.8851,576.8574,622.66296,646.11865,612.5886,560.48663,616.36646,623.45135,589.92126,580.6353,594.9585
0.857735079068404,601.98364,192.75961,612.01117,181.47868,590.70276,182.73212,627.05237,185.23898,576.9149,186.49242,649.61426,251.67113,553.0996,251.67113,662.1486,326.87732,538.0584,331.89105,677.1899,385.78885,525.52405,394.5629,627.05237,394.5629,573.1546,394.5629,625.79895,496.09125,575.6615,498.5981,628.30585,580.07153,575.6615,586.3387,600.7302,145.12901,601.98364,225.34895,600.7302,388.29572,629.55927,616.42114,575.6615,622.68835,644.6005,611.4074,559.3668,617.6746,623.29205,590.099,580.67523,597.6196
0.8543782990712386,603.4411,191.72874,613.47394,180.44182,592.1542,181.69592,627.26904,185.45822,578.3591,186.71233,651.097,251.92569,553.277,251.92569,666.14624,325.91776,536.97363,328.42596,682.4496,381.0983,521.92444,389.877,628.52313,394.89343,573.34265,393.6393,626.01495,495.22165,575.8508,497.72986,628.52313,581.75476,577.1049,584.26294,602.187,145.32693,602.187,225.58952,600.9329,387.3688,629.7773,619.37787,577.1049,621.88605,646.0806,613.10736,559.5475,615.61554,623.5068,591.7876,580.86725,594.2958
0.8613879130436823,602.86346,192.60638,612.891,181.32544,592.836,182.57889,627.93225,186.33919,577.79474,187.59262,651.74756,251.51791,553.97943,251.51791,669.29565,325.4707,535.17786,326.72415,688.0972,379.3685,517.62976,384.38223,627.93225,394.40973,574.0344,393.1563,626.6788,497.1916,575.28784,498.445,627.93225,581.1719,576.5413,583.6787,602.86346,146.2292,602.86346,226.44917,600.3566,385.63568,629.18567,618.77496,576.5413,622.5353,645.48035,613.7612,560.24664,616.26807,624.17194,589.9459,580.30164,592.4528
0.8754438001375932,603.92194,192.0216,613.95935,181.98415,593.88446,181.98415,627.7609,187.00288,578.82825,188.25757,651.5999,252.24643,553.73456,252.24643,672.9295,323.7634,533.6596,326.27277,695.5138,375.2054,512.33,378.96948,627.7609,396.53503,575.0642,395.28036,626.5062,495.65506,576.31885,496.90973,627.7609,580.9735,576.31885,582.2282,602.66724,146.853,603.92194,227.15276,601.41254,387.75226,630.27026,618.614,576.31885,622.3781,646.5812,613.59534,560.008,616.1047,623.9968,591.011,580.08295,592.2657
0.868868710903021,606.20306,193.48389,616.30334,183.38362,596.10284,183.38362,628.92865,187.17122,580.9524,188.43376,651.6543,250.29788,555.7018,251.56041,678.1675,318.47467,530.4511,317.21213,709.7308,365.1884,502.67538,362.66333,628.92865,396.7517,575.9023,395.48917,626.4036,497.75436,577.1648,497.75436,627.66614,582.34406,575.9023,583.6066,604.94055,146.77017,604.94055,226.30975,601.15295,386.65146,631.45374,620.2201,574.6398,622.7451,646.6041,613.9074,559.4894,616.4325,623.87854,591.1818,580.9524,592.44434
0.8540337658845462,606.27,192.66818,616.3793,182.5589,596.1607,182.5589,630.27954,186.34988,580.9968,187.61354,653.0254,249.53285,555.72363,250.79651,679.56226,313.97946,529.18677,315.24313,714.9447,356.94388,498.85895,355.68024,629.01587,393.59,575.9422,392.32635,626.4885,494.68274,577.2058,493.41907,627.7522,581.87524,577.2058,584.4025,605.00635,145.9128,606.27,225.52332,602.479,384.7444,630.27954,618.52136,574.6785,623.576,645.4434,613.46674,559.5146,617.2577,623.96124,590.7208,580.9968,593.24817
0.8579700337006495,607.53357,192.93239,617.669,182.79701,597.3982,182.79701,630.3382,186.59778,582.1951,186.59778,653.1428,247.41005,556.8567,249.94391,679.74817,308.22232,530.25134,310.75616,717.75586,346.23,497.31137,346.23,630.3382,393.10614,575.86053,390.5723,626.5374,494.45993,577.12744,493.193,627.8044,581.87756,577.12744,584.4114,606.26666,146.05627,606.26666,224.60545,602.4659,384.23767,630.3382,618.6183,574.5936,622.41907,645.54126,612.2837,560.6575,616.0845,624.0036,590.74603,580.9282,593.27985
0.8636976434634283,606.80505,192.63585,616.96094,182.47993,596.6491,182.47993,630.92535,186.2884,582.6847,187.55789,652.5067,247.22395,558.5644,248.49344,679.166,305.6205,529.3661,306.88998,721.0592,339.89676,493.82037,339.89676,629.6559,393.21536,576.3373,391.94586,625.8474,496.04407,577.60675,494.7746,628.38635,583.6389,576.3373,584.9084,606.80505,146.9342,606.80505,225.64261,602.9966,384.32892,629.6559,620.45416,575.06775,621.72363,646.15924,614.1067,559.83386,615.37616,624.5779,592.5253,580.14575,593.79486
0.8470179117642916,608.58905,191.97055,618.7471,181.8125,598.431,181.8125,631.44464,185.62177,583.1939,185.62177,651.76074,245.30032,559.06854,247.83983,678.42566,301.1696,528.5944,304.97885,719.05786,330.374,490.5017,332.9135,630.1749,391.3223,576.84515,388.78278,626.36566,495.44232,578.11487,494.17255,628.90515,585.59503,576.84515,583.0555,607.3193,146.25932,607.3193,223.71446,603.51,382.434,630.1749,621.1482,575.5754,619.8784,645.412,616.06915,561.6081,614.7994,625.0959,595.75305,580.6544,593.21356
0.848893050964062,609.37866,191.585,619.5467,181.417,597.9397,181.417,632.25665,185.23001,583.9587,186.501,653.86365,246.238,559.8097,247.509,679.2837,302.16202,530.57666,303.433,719.9557,323.769,496.25967,321.22702,629.71466,392.403,576.33264,389.86102,625.9017,495.354,577.6037,492.812,628.44366,584.32404,576.33264,583.05304,608.10767,145.82901,608.10767,224.63101,603.0237,383.506,629.71466,619.912,576.33264,621.183,644.9667,614.828,561.0807,614.828,625.9017,594.492,580.1457,593.221
0.8421003360014695,609.3833,191.85031,619.55145,181.68219,599.2152,181.68219,632.2616,185.49522,585.234,185.49522,653.86884,246.50394,559.8137,247.77496,680.5602,306.24164,533.12244,302.4286,727.5877,310.0547,502.61807,311.32568,629.71954,391.39963,577.608,390.1286,625.9065,494.35184,577.608,493.0808,628.44855,583.3229,576.3369,584.5939,608.1123,146.09377,608.1123,223.62567,603.02826,383.77353,628.44855,620.1823,575.0659,621.4533,644.97174,615.09827,559.8137,615.09827,624.6355,593.49097,581.421,593.49097
0.8388932874569526,610.4419,191.65794,620.6031,181.49675,600.2807,181.49675,633.3046,185.3072,585.0389,185.3072,654.89716,246.27438,558.3658,247.54454,680.3001,305.97144,524.0717,305.97144,720.94495,305.97144,502.4792,304.70126,630.7643,393.61176,577.418,391.07144,626.95386,495.22372,578.6882,495.22372,628.224,584.1342,576.1479,585.40436,610.4419,145.93256,607.9016,223.4117,604.0911,384.7207,630.7643,619.6984,576.1479,622.2387,646.0061,614.6178,560.90607,617.1581,624.4136,593.02527,581.22845,594.2954
0.8370973192728483,610.73834,192.90463,620.9025,182.74048,600.5742,182.74048,633.6077,185.28152,585.32794,185.28152,656.4771,246.26648,558.64703,247.537,681.8875,305.98093,523.0725,307.25143,717.46204,299.62833,504.01468,295.81677,631.0667,393.64682,576.4343,391.10577,627.2551,495.28842,577.70483,494.0179,628.52563,582.9543,576.4343,584.22485,609.46783,145.8954,608.1973,224.66765,603.11523,384.75317,629.79614,619.7994,576.4343,622.34045,646.3129,614.7173,561.1881,617.25836,624.7141,593.11847,581.5164,593.11847
0.833704547240184,610.535,192.78546,620.69916,182.62126,600.3707,182.62126,633.4044,185.16231,586.39496,185.16231,656.27386,244.87698,558.4434,246.1475,684.2254,307.13272,522.8687,308.40323,713.44745,295.698,506.3519,294.42746,630.86334,392.25787,577.5013,390.98737,627.05176,495.1704,577.5013,493.89987,628.32227,582.8366,576.2308,584.1072,610.535,145.77603,609.2644,223.27806,602.9118,383.3642,629.59283,619.6819,576.2308,622.2229,644.8391,614.59973,560.9845,615.8703,624.51074,591.7303,581.31287,593.00085
0.8387375703224769,611.3108,193.95259,621.4784,182.51404,599.87225,182.51404,634.18787,185.05594,585.8918,185.05594,657.06494,246.06151,559.20184,247.33246,683.7549,308.338,521.07336,309.60898,706.63196,294.35757,505.822,289.27377,631.64594,392.22067,576.9951,390.9497,626.56213,495.16754,578.2661,493.8966,629.10406,582.86304,576.9951,584.134,610.0398,145.65651,608.76886,224.45537,603.68506,383.32404,630.375,619.7206,575.7242,622.26245,645.6264,614.6368,560.4728,617.1787,624.02026,591.7597,582.0789,593.03064
0.8396923175224891,611.7574,194.1568,621.91205,182.7328,600.3334,182.7328,634.6054,185.27147,586.3707,185.27147,657.45337,246.19945,558.4454,247.46878,684.1094,308.3968,521.6347,309.6661,703.14935,296.97278,508.9414,284.27945,632.0667,393.4421,577.4854,392.17276,626.9894,496.2581,577.4854,493.71942,628.2587,582.57275,576.21606,583.84204,610.48804,145.92213,609.21875,224.62079,604.14136,384.55676,629.5281,620.6527,576.21606,623.1914,644.7601,615.5754,559.7147,616.8447,624.45074,591.45807,581.2934,592.7274
0.8339929901636564,610.3464,194.01114,620.4991,182.5894,600.1937,183.85847,634.459,185.12756,586.2338,186.39664,658.57153,246.04355,559.58307,246.04355,686.4914,309.4977,520.2415,309.4977,697.91315,292.99963,511.3579,279.0397,631.9208,391.9881,577.3502,390.71902,628.1135,496.05292,578.6193,494.7838,628.1135,583.6196,576.0812,586.1578,610.3464,145.78598,609.07733,224.46913,605.2701,384.3736,630.65173,620.42303,574.8121,622.9612,645.88074,615.3467,559.58307,617.8849,624.3063,593.7723,581.1575,596.3105
0.8356167582365183,610.72034,194.39102,620.86304,182.98051,600.57764,184.24835,634.8092,185.51617,585.36365,186.78401,657.63025,245.10442,560.00696,246.37224,688.0582,309.76398,520.7041,311.0318,699.46875,292.01428,510.5614,280.6038,632.2735,390.9054,577.75665,389.63757,627.2022,494.86783,577.75665,494.86783,628.47003,583.6163,576.48883,586.1519,610.72034,146.2133,609.4525,223.55122,605.649,383.2984,631.0057,620.3835,575.22095,622.9191,646.2197,615.31213,560.00696,617.8478,624.6665,592.4911,580.2923,595.0268
0.8287341044499323,609.6224,195.31265,619.76385,183.90346,599.4809,183.90346,634.97614,186.43884,585.5363,186.43884,657.7945,244.75246,560.18256,246.02014,688.219,309.4045,520.8843,311.93988,693.28973,292.92456,510.74277,281.51538,632.44073,389.2688,576.6625,388.00113,627.37,494.48685,577.9302,494.48685,628.6377,584.4927,576.6625,585.7603,609.6224,145.87285,609.6224,224.46945,604.55164,381.6627,631.17303,619.9879,575.39484,622.52325,646.3853,614.9172,560.18256,617.4525,624.8346,593.36646,581.7333,595.90186
0.8270441522965064,610.474,194.50345,620.59717,183.11488,600.35077,183.11488,634.51654,185.64568,585.166,185.64568,658.5591,245.11934,559.8581,246.38474,687.6632,309.6546,521.8962,312.1854,696.521,290.67365,510.5076,281.81586,631.9857,390.64005,577.57367,388.10925,628.1895,494.40262,578.83905,493.1372,628.1895,582.9804,576.3082,585.5112,610.474,146.41835,609.20856,223.60759,605.4124,383.04764,630.72034,619.67694,576.3082,622.20776,645.9051,613.35,559.8581,617.1462,624.3934,591.8382,581.3698,595.6344
0.8352351440833166,612.00543,193.73119,620.8932,182.30408,600.5783,183.57375,634.8597,184.84343,586.6119,186.11311,657.71387,245.78804,559.9486,247.05771,688.1862,309.272,520.5885,311.81137,695.80426,286.4178,512.97046,282.60873,632.3203,393.07083,578.9938,390.53146,627.2416,494.64517,578.9938,493.3755,629.78094,582.25305,576.4544,584.7924,610.7358,146.75305,609.46606,224.20349,605.65704,382.9134,631.05066,620.34344,577.7241,622.8828,646.2868,615.2647,561.21826,617.8041,624.7022,592.41046,580.2634,593.6802
0.8339764246573815,611.9119,193.72412,620.78217,182.31955,600.5073,183.58672,634.72107,184.8539,586.5684,186.12106,657.5302,245.67828,559.95776,246.94547,686.67523,309.03705,520.67535,311.57138,699.347,290.02942,513.07227,282.42636,632.1867,392.6706,577.6982,391.4034,627.11804,495.31177,577.6982,494.0446,629.65234,584.014,576.431,585.2812,610.6448,146.83864,609.37756,224.13632,605.57605,383.80035,630.91956,620.7621,576.431,623.29645,646.1257,615.69336,561.2249,618.2277,624.5837,592.8842,581.49976,594.1514
0.8287785878548255,611.68274,193.9353,620.543,183.8092,600.29083,183.8092,634.46643,185.07497,586.36743,186.34073,657.2502,244.56583,559.78644,247.09735,685.0969,309.11972,521.81354,311.65125,697.7546,296.4621,511.68744,286.336,631.93494,390.12854,577.50714,388.8628,628.13763,495.18686,578.7729,493.92108,629.4034,583.7902,576.24133,586.3218,610.41693,147.10208,609.1512,224.31361,605.3539,382.53397,630.6691,620.4974,576.24133,623.0289,645.85834,615.4343,559.78644,617.9658,624.34033,593.9164,581.3044,596.4479
0.8345914299671466,609.9686,193.74011,620.09393,183.61482,599.8433,183.61482,634.0162,184.88048,585.9211,186.14613,658.0638,245.63223,559.34216,246.8979,685.9083,308.9153,521.3723,312.7123,698.56494,296.2587,511.24704,287.39908,632.75055,392.44897,578.3271,391.18332,627.68787,494.96756,578.3271,493.7019,628.95355,583.5639,575.7958,586.0952,609.9686,146.91063,608.70294,224.11598,606.17163,383.58936,630.21924,620.26807,577.0614,622.7994,645.40717,613.93976,560.60785,617.73676,623.8909,592.4235,580.8584,596.2205
0.8309202148364141,610.1529,194.06764,620.27466,182.68062,598.76587,183.94583,634.19214,185.21106,586.1136,186.47629,658.23145,245.9419,560.8091,247.2071,684.8012,311.7336,521.5871,311.7336,699.9839,292.75522,510.20004,287.69434,632.92694,392.70804,578.5222,391.4428,627.866,493.9261,578.5222,493.9261,627.866,582.4919,577.257,586.28754,608.88763,145.98907,608.88763,224.43306,606.3572,383.85147,630.3965,619.1834,575.99176,622.9791,645.57916,614.1225,559.5439,616.65295,624.0704,591.34845,582.31793,596.40936
0.8301644164782304,610.83905,194.17966,620.983,184.03572,599.4271,184.03572,634.9309,185.30371,586.7472,186.5717,657.7547,244.89932,560.1194,247.4353,689.4545,309.5669,522.07965,312.10287,694.5265,294.35098,510.66772,286.74304,632.3949,391.98633,577.8713,390.71835,627.32294,494.69366,577.8713,493.42566,628.59094,583.45306,576.6033,585.989,609.57104,147.26396,609.57104,224.61145,605.7671,384.3784,631.1269,620.2248,576.6033,622.7608,646.34283,613.8848,560.1194,617.68884,623.519,593.597,581.67523,594.865
0.8264115063043741,610.3771,194.31804,620.5208,182.90639,600.2334,182.90639,634.4684,185.4423,586.2858,186.71027,657.2917,245.0365,559.6586,247.57242,688.9907,309.70255,522.88776,312.23846,692.7946,294.487,511.4761,288.1472,631.93243,389.5841,577.4101,388.31616,628.12854,493.55695,578.67804,493.55695,628.12854,584.85016,576.14215,587.3861,610.3771,147.40347,609.10913,224.74911,605.30524,381.97635,630.6645,620.3531,577.4101,622.88904,645.88,614.0133,560.9266,617.8172,624.3247,593.7259,581.214,597.5298
0.8285322074706738,610.5495,193.96466,620.69183,183.82233,600.4072,183.82233,634.6376,185.09012,586.4615,186.35791,657.45776,244.67628,559.8379,247.21185,689.1525,309.3336,521.8042,311.86917,692.95593,294.12012,511.66187,286.51337,632.102,390.4722,577.587,389.2044,628.2986,494.43103,577.587,493.16324,628.2986,583.17633,576.31915,585.7119,610.5495,147.05641,609.28174,224.39163,605.47833,382.86545,630.83417,619.94226,576.31915,622.47784,646.04767,613.60333,559.8379,617.4067,623.2274,593.31866,581.3903,595.85425
0.8319218227496514,609.96735,194.9045,620.13226,183.46895,599.8024,184.73956,634.1091,186.01018,585.8256,187.28079,658.2508,244.45853,559.1427,246.99976,688.74554,309.25995,521.02423,311.80118,693.828,291.47134,512.1299,283.84763,631.5678,390.5794,576.93134,389.30878,627.756,494.76993,578.20197,493.49933,629.0266,583.7131,576.93134,586.25433,609.96735,146.62108,608.6967,224.12866,604.8849,382.9557,630.29724,620.561,575.6607,623.1022,646.81525,614.2079,560.4133,618.0197,623.94415,592.60736,582.0138,595.1486
0.829096759741123,609.7896,194.35883,619.9452,184.20326,599.63403,184.20326,633.90906,186.74216,585.67017,186.74216,658.0285,245.13661,560.28125,246.40607,685.9563,308.60886,523.46735,312.4172,694.8424,294.64496,510.77292,288.29773,632.6396,388.5839,576.78406,387.31445,627.5618,493.9478,578.05347,492.67834,628.8313,582.80896,576.78406,586.61725,609.7896,146.11992,608.52014,224.8255,605.98126,380.96722,630.1007,619.62286,576.78406,622.16174,645.33405,613.27563,560.28125,617.0839,623.7535,592.9645,580.5924,596.7728
0.8334175439981314,610.3092,194.55717,620.4654,183.1315,600.1531,184.40102,634.43005,185.67053,586.18835,186.94006,657.28143,245.33794,559.52844,246.60745,687.7499,308.8139,521.4429,312.62244,697.906,292.31015,510.0172,285.96255,631.89105,391.33264,577.3017,390.0631,626.813,494.16367,577.3017,494.16367,628.08246,583.03,577.3017,585.56903,610.3092,147.58496,609.0397,225.02563,603.9616,383.7155,630.6215,619.84607,576.0322,623.6546,645.8558,613.4985,560.798,617.307,624.2739,591.9166,581.1103,594.4557
0.8327781558036804,609.7473,194.76839,619.9034,183.34277,599.5912,184.61229,633.86804,185.88179,585.6266,187.1513,657.9888,245.54886,558.9668,246.81837,688.45703,310.29398,520.8815,311.56348,697.3436,292.5208,510.72537,284.90372,631.329,390.27322,576.74,389.0037,627.52045,494.3732,578.0095,494.3732,628.79,583.239,576.74,585.7781,609.7473,146.52693,609.7473,225.23666,604.66925,382.65616,630.0595,620.0549,576.74,623.8634,645.29364,613.70734,560.2363,617.51587,623.7119,593.39514,581.81805,594.6646
0.8362621985949003,609.2416,193.79034,619.3956,183.63629,599.0875,183.63629,633.3575,184.90555,585.1257,186.1748,657.4733,245.8299,558.4713,247.09915,687.93555,309.29276,521.66284,311.83127,695.5511,294.06168,508.97025,286.4461,632.0882,393.06372,577.51013,391.79446,627.01117,494.6043,577.51013,494.6043,628.28046,583.45233,576.2409,585.99084,609.2416,146.82784,609.2416,224.25252,605.43384,384.17892,630.819,620.26074,576.2409,624.06854,646.05005,615.1837,559.74054,617.7222,623.2034,593.6064,581.31793,596.1449
0.8463263190709628,610.51013,194.20677,620.6709,182.77592,599.0793,184.04602,634.6419,185.3161,585.1082,185.3161,657.5036,246.28064,558.4363,247.55074,686.7158,309.78537,522.8736,312.32556,695.60645,293.27414,510.17267,285.65356,630.83167,394.8817,576.2176,393.6116,627.02136,495.21918,577.4877,493.94907,628.29144,582.8557,576.2176,584.1258,609.24005,145.94318,609.24005,224.68904,602.8896,384.72095,630.83167,620.95856,574.9475,624.7688,646.07275,615.8782,559.70636,618.41833,623.21106,591.74634,582.56805,593.0164
0.8396988992507641,610.38556,194.10947,620.53345,183.9616,598.96924,183.9616,634.4868,185.23007,585.01587,186.49857,657.3195,244.84888,558.3777,246.11736,687.7632,309.54163,522.8601,312.07858,696.6426,291.78284,510.17526,285.4404,630.68134,394.53012,576.1365,391.99313,626.8759,494.74045,577.40497,493.47195,628.14435,582.2659,576.1365,584.80286,609.1171,147.17552,609.1171,224.55312,604.04315,384.38223,630.68134,620.32043,574.868,624.1259,645.9032,615.2465,559.6462,617.7835,623.07043,591.1453,581.21045,593.68225
0.8329383295315963,611.2774,194.66727,621.4074,183.27101,599.88116,183.27101,634.06995,184.53726,584.68616,185.80351,658.12866,245.31729,558.0949,246.58354,687.25244,309.89606,522.6399,312.4286,696.1162,292.16858,508.71112,285.8373,630.2712,392.20236,575.8224,390.9361,626.4724,494.76868,578.3549,493.5024,627.73865,583.4062,577.0886,584.6725,610.01117,146.54974,608.74493,223.79103,603.67993,384.60486,630.2712,620.12744,577.0886,622.66,645.4662,613.7962,560.6274,617.595,623.93994,592.26996,582.1537,593.5362
0.8379159798988929,613.9238,194.00766,622.7774,183.88925,602.5406,183.88925,635.4254,186.41885,586.09814,186.41885,656.92706,245.86455,558.2725,247.12935,687.28235,309.10468,521.59326,312.89908,696.1359,293.92703,510.21002,286.33823,630.3662,393.8464,575.97974,391.3168,626.57184,495.03058,577.24457,493.76578,627.8366,582.30194,577.24457,584.83154,610.1294,147.20998,608.8646,225.62772,602.5406,384.9928,630.3662,620.24603,575.97974,622.77563,645.5439,613.922,560.8021,617.71643,622.7774,591.1556,581.03894,592.42035
0.8426292997140151,616.3917,192.3859,625.25745,180.98706,604.99286,182.2536,635.3898,184.78667,585.9948,187.31975,656.9209,245.58049,558.131,246.84703,686.0513,308.90738,521.40137,312.707,696.1836,293.70892,510.0025,286.1097,630.3236,393.7654,575.8625,392.49887,626.524,495.08847,577.129,493.82193,627.7905,582.47955,577.129,583.7461,610.059,146.79053,608.7925,225.31589,603.7263,384.89966,630.3236,620.4757,575.8625,623.0088,645.5221,614.143,560.66406,617.9426,623.9909,591.34534,582.1952,592.6119
0.8322706887355218,616.0508,192.38893,624.94464,180.95389,604.6157,182.22446,636.3797,184.76558,586.8279,186.03613,656.7086,244.48184,557.60504,247.02296,685.9315,309.28036,520.75885,311.82147,696.09595,292.7631,509.3238,287.68085,631.2975,391.8667,576.66345,390.59613,627.4858,494.78198,577.93396,493.5114,628.75635,583.7211,576.66345,584.9917,609.69794,145.37823,609.69794,224.15291,603.34515,384.24335,630.0269,620.5673,576.66345,621.8379,645.2736,615.4851,560.1462,616.7557,623.67413,592.61505,581.74567,593.8856
0.8242686161628137,619.0072,192.20828,627.87,180.81326,607.6122,182.07938,636.7328,183.34549,586.08826,187.14383,656.9906,245.38506,556.96765,246.65117,684.8451,308.69073,520.25037,312.48907,694.974,293.49738,510.12143,285.9007,631.66833,390.98813,575.95935,389.72202,627.87,494.80945,577.22546,493.54333,627.87,583.4374,577.22546,585.9696,610.1444,145.36209,608.8783,223.86113,605.07996,383.39145,630.4022,620.1547,575.95935,622.68695,645.5956,615.0903,559.4999,617.6225,624.07166,592.3002,582.2899,594.8324
0.8148392920310681,620.6136,192.0084,628.1943,180.63736,609.24255,181.9008,637.03845,184.4277,587.7639,188.21806,657.25366,245.0733,557.4411,247.60019,685.04956,308.2458,520.801,312.03613,695.1571,294.34784,508.16656,286.76715,630.7212,389.10657,576.3928,387.8431,628.1943,493.9729,577.6563,493.9729,628.1943,583.67786,576.3928,587.4682,609.24255,146.52422,607.97906,224.8581,604.1887,382.78934,629.45776,619.05444,576.3928,622.8448,644.61914,614.0006,559.968,617.79095,624.40393,592.522,581.44666,596.3123
0.8039991626372704,625.5366,191.14299,630.5971,178.49182,612.88544,181.02206,636.92267,183.55229,587.5831,186.08252,655.8994,245.54303,555.9552,246.80815,683.732,308.7989,519.2668,313.85934,692.5878,293.61746,509.14587,287.2919,630.5971,388.50125,576.1971,387.23615,626.80176,493.50598,577.46216,494.7711,628.0669,583.3293,576.1971,587.12463,609.0901,145.59879,607.825,224.03604,604.02966,382.17566,630.5971,620.0177,577.46216,623.81305,645.7785,613.6921,559.75055,618.75256,624.27155,592.1851,581.2575,597.24554
0.7938037927334125,628.89844,191.00215,632.6954,178.34578,616.24207,180.87706,637.75793,183.40833,589.6637,187.20525,655.47687,245.42458,555.49146,246.69022,683.32086,308.70645,518.78796,312.50336,692.18036,293.5188,508.66287,285.925,631.42975,388.44162,575.7417,387.176,627.6328,493.48956,577.0073,494.7552,628.89844,583.34985,577.0073,587.1467,609.9139,145.4392,607.3826,222.6431,603.5857,382.11343,630.1641,618.78766,577.0073,622.5846,645.35175,613.7251,560.554,618.78766,623.83594,592.2093,582.0699,597.27185
0.7861553659805884,630.19574,190.89272,633.9955,178.22702,618.79663,179.49359,637.79517,183.29329,589.6655,187.093,654.2606,245.35524,555.4681,246.62181,682.1251,308.68375,518.73755,313.75003,692.2577,292.21835,509.87158,287.15207,631.46234,387.21112,575.7332,387.21112,627.6626,494.8696,576.9998,494.8696,628.9292,583.52954,576.9998,587.3292,611.1972,145.29619,606.1309,223.82355,603.5978,382.14484,631.46234,618.99347,576.9998,624.05975,645.3946,613.9272,560.53436,618.99347,623.8629,592.3955,582.0661,597.4618
0.7866572118722476,632.45776,191.1579,634.99304,179.74913,621.049,179.74913,638.79596,184.81969,590.6256,187.35498,654.0077,245.66649,555.13165,246.93413,684.4311,306.51328,518.37,315.38678,689.50165,291.30157,508.22888,291.30157,631.1901,387.64233,575.4139,387.64233,627.3872,495.39188,577.94916,495.39188,628.65485,582.85913,576.6815,586.66205,612.1755,146.79045,605.8373,224.11658,604.56964,382.57178,631.1901,619.6207,577.94916,623.42365,645.13416,613.28253,560.2022,619.6207,624.8519,591.7326,580.48444,598.07086
0.7861582201260787,632.4203,190.11801,636.2196,178.71999,622.2887,179.98642,638.7525,185.05222,590.6275,186.31866,653.9499,245.84169,553.9005,247.10814,684.3446,306.63116,518.44,314.22986,690.6769,291.4338,508.30844,291.4338,631.1538,390.2167,575.4302,390.2167,627.3545,495.33185,577.963,495.33185,628.6209,583.98315,576.6966,587.7825,612.1571,145.79234,605.8249,224.31209,603.292,383.88446,631.1538,619.44366,577.963,623.24304,645.0848,614.37787,560.2328,619.44366,624.8216,592.84827,580.4959,597.91406
0.78111971112398,633.6689,190.0306,636.2034,178.62509,622.26337,178.62509,638.738,184.96149,590.5814,186.22876,652.67804,245.79079,553.8304,247.05806,684.36,305.3528,517.07935,314.22375,689.4291,288.8782,508.20844,290.14548,631.13434,388.9931,575.37415,387.72583,627.33246,495.4444,577.9087,495.4444,628.5998,584.1538,576.6414,587.9556,613.39246,145.67589,605.78876,224.24707,603.2542,383.924,631.13434,619.6376,577.9087,623.4394,645.07434,613.3012,560.1668,619.6376,624.7979,593.0248,580.44324,598.0939
0.783673148888808,633.7036,189.90744,636.2371,178.50658,622.30273,179.77333,638.7707,184.8404,590.63367,186.10715,652.7051,245.64503,552.63074,246.9118,683.10736,307.71643,515.8946,314.05026,690.70795,288.715,509.5608,288.715,629.9033,390.05606,575.4325,388.7893,627.3698,495.19745,577.966,493.93066,628.63654,583.87085,576.6993,587.67114,612.16864,145.57072,604.56805,224.11006,603.3013,383.72226,631.1701,619.3403,577.966,623.14056,645.1045,614.2732,560.2313,619.3403,623.5695,591.47144,581.7663,597.8053
0.777568702514355,632.428,189.56502,636.22656,178.1691,622.2982,179.4353,637.4928,184.50017,589.37665,185.76637,651.42114,245.27847,552.65643,247.8109,681.8103,307.32297,517.2024,314.92026,690.6738,290.86218,508.33893,292.12842,629.8955,389.62692,574.18207,388.36072,627.3631,494.72275,577.9807,494.72275,628.62933,583.3578,576.7145,587.15643,612.1685,143.9813,604.5712,223.75282,603.305,384.56207,631.16174,620.078,577.9807,623.87665,645.0901,613.7469,560.2537,618.81177,624.8307,592.22125,581.77936,598.55237
0.7789691067658938,632.7194,190.89697,636.5139,179.51366,622.60095,179.51366,637.7787,184.5729,589.7158,185.83772,650.4268,245.28394,551.7714,246.54875,680.78235,305.99496,516.3566,314.84866,690.9009,290.81723,510.03256,292.08203,628.925,389.47266,574.538,388.20782,627.6602,495.71695,577.0677,494.45215,628.925,582.9891,577.0677,586.7835,612.4824,145.3637,603.6287,223.78212,602.36395,383.1486,631.45465,619.66864,577.0677,624.7279,645.36755,614.6094,560.6251,619.66864,623.8658,591.8428,582.12695,598.1668
0.7718929671324216,632.27966,190.56447,636.08075,179.16118,622.14343,179.16118,637.3478,184.22931,589.2006,185.49634,650.0181,245.04681,551.18964,246.31384,680.4269,307.13135,515.71277,314.73352,689.2961,289.3929,509.37762,293.194,629.7456,386.9543,573.9962,385.6873,627.21155,494.65198,576.5303,494.65198,628.4786,583.3442,576.5303,587.14526,613.2742,144.95134,603.13794,223.50728,601.8709,381.8862,631.01263,620.0881,577.7973,623.88916,644.94995,613.7529,560.0589,618.82104,624.6775,592.2134,581.5984,598.5485
0.7786355454188126,632.06177,190.44456,634.59827,179.0303,620.64746,180.29855,635.8665,184.10332,588.9412,185.37157,649.81726,244.97937,550.8937,247.51587,677.7188,307.1237,515.3826,314.7332,689.13306,293.1729,509.04138,295.7094,628.257,388.29175,573.72217,387.0235,626.9888,494.82486,576.25867,494.82486,628.257,582.33417,576.25867,587.40717,611.7697,146.05577,602.89197,223.4191,601.6237,383.21875,630.7935,619.11346,577.527,622.9182,644.74426,614.04047,559.7714,619.11346,624.4523,591.2119,581.3317,598.8215
0.7720941190536206,631.3573,191.1899,635.1608,179.77927,621.21454,179.77927,636.4287,184.85066,588.2505,186.1185,647.8393,245.70732,550.2151,246.97516,676.9998,307.83182,514.7154,314.17105,684.6069,293.8855,510.91183,297.68906,628.8216,386.43835,573.0363,386.43835,626.28595,494.20535,576.8399,494.20535,628.8216,582.95465,576.8399,586.7582,612.3396,145.5474,602.19684,224.15392,600.92896,382.6348,630.0895,618.45435,576.8399,622.2579,645.30365,613.383,560.35785,618.45435,625.01807,591.8296,581.91125,598.1688
0.7793651108558362,628.564,191.45334,632.36835,180.04039,617.1511,181.30849,634.9046,185.11281,586.71655,187.64902,648.85376,248.51808,551.2096,248.51808,680.55634,313.19144,516.97076,315.72766,674.2158,297.97418,510.63025,306.85092,627.29596,391.814,572.7674,390.54587,626.02783,495.7986,575.30365,497.06674,629.83215,583.2979,576.5717,585.8341,609.5425,145.80154,601.93384,225.69218,600.6657,385.47345,631.1003,618.8049,576.5717,622.6092,646.3175,613.7324,560.08636,617.53674,624.7597,590.90656,581.64417,594.7109
0.7984117200741401,625.4783,193.12137,630.5456,181.71991,615.3436,181.71991,633.0792,185.52039,584.9397,188.05405,648.2812,247.59505,552.00214,248.86188,674.88464,312.20337,524.1319,308.40286,682.4856,310.93652,508.92993,314.73703,626.7451,390.7468,572.2714,390.7468,624.2114,494.62683,574.80505,497.1605,629.27875,583.30493,577.33875,584.5718,607.7427,144.98184,601.4085,226.05894,600.14166,385.67947,631.81244,618.7762,577.33875,621.3098,645.74756,613.70886,560.86993,616.2425,624.2114,592.1727,582.40607,594.7064
0.8033830936138446,622.01776,193.82541,627.08246,182.42984,610.6222,182.42984,632.14716,186.22836,582.76636,188.76071,646.0751,248.27094,551.112,249.53711,666.3339,309.04733,525.78845,305.2488,684.06036,315.3782,505.5297,317.91055,625.8163,388.81635,570.1046,388.81635,624.5501,495.17505,575.1693,497.7074,628.34863,583.8073,576.4355,586.33966,608.08984,146.97694,600.4928,226.74596,597.96045,385.01782,633.4133,619.2602,573.90314,621.79254,647.34125,612.9293,557.4429,616.72784,624.5501,593.9367,582.76636,596.46906
0.8077875994718992,619.77734,196.15184,626.09906,184.77274,607.13385,184.77274,631.15643,189.83011,580.58264,189.83011,645.0643,251.78304,548.974,250.51869,666.5581,308.6786,522.4227,307.41425,681.7303,320.05768,498.40018,328.9081,623.5704,392.12537,569.2035,392.12537,623.5704,495.8017,572.9966,497.06604,627.3634,580.5128,576.7896,584.3059,607.13385,149.37106,599.5478,229.02483,597.0191,385.80365,632.4208,618.4432,569.2035,622.23627,646.3286,612.12146,554.0314,617.17883,623.5704,590.6276,584.3757,593.1563
0.8177870855881617,616.33044,196.88268,622.62054,184.30246,603.75024,185.56049,630.16864,189.33455,579.84784,190.59258,645.2649,252.23555,548.39734,249.71951,665.39325,310.1045,521.97894,307.58844,681.7475,325.2007,494.3025,335.2649,622.62054,391.8758,568.5257,391.8758,622.62054,496.29147,572.29974,498.8075,627.6526,581.83685,576.0738,584.3529,605.00824,149.0779,598.71814,228.33318,596.2021,385.5857,632.6847,618.3194,564.7516,622.0935,647.78094,612.0293,550.9134,614.54535,623.87854,590.643,583.6219,593.159
0.8257962579910572,607.219,199.14864,616.09344,187.73863,595.80896,187.73863,626.2357,191.54196,575.52454,191.54196,643.9846,252.39539,547.63336,249.85982,663.0013,306.9099,522.2778,309.44547,679.4824,329.72992,494.38663,342.4077,621.16455,391.85114,565.38226,391.85114,621.16455,495.80905,570.45337,498.3446,628.77124,582.01807,574.2567,584.5536,602.1479,149.70525,597.0768,229.57535,593.27344,385.51224,633.84235,618.7836,561.5789,622.587,647.78796,613.7125,548.9011,616.2481,624.9679,590.8925,583.13116,593.42804
0.8263576259979835,602.58856,198.78699,612.7134,187.39658,591.1981,187.39658,622.83813,189.92778,572.2141,191.19337,640.5566,251.94223,544.3709,250.67662,658.27496,308.89426,517.7933,315.22226,674.7278,344.3311,491.21567,358.25272,617.77576,391.15833,562.0893,392.42392,619.0414,496.20322,568.4173,498.7344,627.9006,582.26404,574.7453,584.7953,598.79175,149.42856,593.7293,229.1614,589.93256,386.09592,631.6974,618.9665,563.3549,622.7633,646.8846,613.9041,549.4333,616.4353,624.10376,591.1233,583.60455,593.6545
0.8233777582645416,598.96967,198.88986,607.8349,187.49173,587.57153,187.49173,620.49945,191.2911,569.8411,191.2911,638.22986,252.08113,541.979,250.81467,655.9603,311.60468,516.64984,317.93698,672.42426,353.39783,491.32068,366.0624,615.4336,392.65805,559.7094,392.65805,617.96655,496.50766,567.30817,499.0406,626.8317,582.62683,574.9069,583.8933,595.1703,149.49797,591.3709,229.28487,587.57153,386.32574,631.8976,619.3542,563.5088,621.8871,645.8286,613.02185,549.57776,616.8212,624.2988,591.49207,582.5057,592.75854
0.8294838873239664,595.0208,197.59859,605.1434,186.21068,584.8982,187.476,617.79663,190.00665,567.18365,190.00665,635.51117,250.74219,539.34656,249.47685,654.491,315.27368,515.3054,321.6003,670.9402,362.09067,491.26425,374.7439,612.73535,389.9278,557.0611,391.1931,616.5313,497.4803,565.91833,500.01093,626.6539,582.25696,574.77563,586.0529,592.4902,150.78162,588.69415,227.96635,584.8982,386.1318,631.7152,618.95135,562.1224,622.7473,645.6337,613.8901,549.4691,616.4207,624.1232,591.11426,582.36755,594.9102
0.836371878018746,592.02997,198.52391,602.1152,185.91739,581.94476,187.17804,614.72174,189.69934,564.2956,190.95999,634.89215,252.73198,536.5612,251.47133,652.5413,319.54657,515.1301,324.5892,667.6691,369.9727,492.4384,380.05792,610.93976,393.92508,555.471,393.92508,613.46106,498.55927,565.5563,501.08057,626.06757,581.7623,573.1202,585.5443,589.50867,149.35846,586.98737,228.77959,583.2054,387.62183,631.11017,619.582,561.7743,623.3639,644.97736,613.2787,549.1678,617.0606,622.28564,590.5869,581.94476,594.3689
0.8558139548851893,589.5809,196.00475,598.3339,184.75084,578.32697,186.00128,610.83826,188.50215,560.8209,189.75258,632.0956,252.27425,534.5618,249.77338,649.6017,323.54895,515.8053,323.54895,664.6069,374.8167,494.54794,382.3193,608.33734,397.32452,554.5687,398.57495,612.0887,499.86005,564.5722,502.3609,624.593,581.1382,573.32526,584.8895,585.8296,147.23785,584.57916,228.516,582.07825,389.8219,630.84515,621.1521,562.07135,623.65295,645.85034,613.6495,549.567,617.40076,620.8417,589.89124,582.07825,592.3921
0.8558849531870621,585.9039,197.31017,595.9314,186.02917,574.62286,187.28261,609.7193,188.53606,558.3281,191.04294,631.02783,253.71513,532.0058,251.20825,647.32263,326.4149,514.4576,327.66833,661.11053,385.32675,498.16278,389.0871,605.959,397.8612,552.06085,399.11465,609.7193,500.6436,563.34186,501.89703,623.5072,580.864,573.36945,584.6243,582.14355,148.42584,582.14355,229.8997,579.63666,391.59396,631.02783,620.97424,562.08844,623.4811,644.81573,613.45355,549.554,617.21387,619.7468,589.6381,582.14355,592.145
0.8574955784357511,581.61914,199.2882,591.7078,186.67732,570.26935,187.93842,604.31866,189.1995,555.13635,190.46059,625.75714,253.51488,528.65356,252.2538,639.6291,331.7022,514.7816,330.4411,653.50104,393.49542,500.90967,394.7565,603.0576,398.53976,548.83093,401.06192,605.5798,500.6877,561.4418,501.9488,619.4517,581.3972,572.79156,585.1805,579.097,148.84476,577.8359,229.55424,575.3137,393.49542,628.2793,620.49084,561.4418,624.2741,643.41235,612.9244,550.092,617.9687,615.66846,588.96375,581.61914,592.74695
0.8601697935507848,578.1608,196.84146,588.31335,185.41986,566.7392,186.68893,602.2731,187.958,551.51044,189.22707,623.84717,252.68034,527.3982,253.94942,635.2688,332.6315,514.7075,333.90054,647.9594,397.35385,502.01688,397.35385,601.00397,401.16104,547.70325,402.4301,603.5421,502.6863,560.3939,502.6863,616.2328,582.63745,573.08453,585.1756,575.6227,147.34789,575.6227,229.83716,574.35364,394.8157,625.1163,623.24756,560.3939,625.7857,640.34503,616.9022,548.9723,620.7094,612.4256,590.25183,580.6989,592.79
0.8482990700464982,575.41644,197.27776,585.6208,185.7978,563.93646,187.07336,599.65186,187.07336,548.6299,188.3489,622.61176,252.1264,525.67,252.1264,631.5406,332.48605,516.74115,332.48605,643.02057,397.5391,503.98563,397.5391,599.65186,402.6413,547.3543,403.91684,600.9274,505.96085,560.1098,505.96085,612.40735,586.3205,572.8653,586.3205,572.8653,146.25577,572.8653,227.89096,572.8653,396.26355,617.5096,627.13806,560.1098,627.13806,632.81616,620.7603,548.6299,620.7603,611.13184,593.97375,581.7942,593.97375
0.8495356578093308,572.51556,197.00232,582.8206,185.4092,562.2106,186.69731,596.99,187.98544,546.75305,189.27357,618.8881,252.39172,523.56683,252.39172,627.90497,332.2555,517.12616,332.2555,638.20996,397.9499,506.8212,397.9499,596.99,401.81427,545.46497,403.10242,598.2781,503.5762,560.9225,503.5762,609.8712,593.745,572.51556,587.3044,569.93933,146.76543,571.2275,227.91733,569.93933,396.66177,609.8712,631.10065,559.63434,624.66,625.32874,625.9481,549.32935,619.5075,608.5831,602.76184,580.2443,596.3212
0.8329233275010035,569.78723,197.12775,580.2022,185.41087,559.37225,186.71274,594.5229,188.01462,543.74976,189.3165,617.9566,250.50464,522.91974,251.8065,625.7679,329.91904,516.41034,331.22092,632.2773,396.31467,509.90097,397.61655,597.12665,400.2203,543.74976,402.82407,595.82477,504.37033,559.37225,503.06845,606.23975,600.7091,572.391,588.99225,567.1835,146.35461,568.48535,227.07088,569.78723,396.31467,603.636,635.85974,560.67413,625.44476,620.56036,631.9541,550.2591,618.93536,606.23975,611.1241,581.5041,599.4072
0.8255243645264552,565.3127,197.08522,575.9242,186.47366,554.7011,186.47366,589.18866,189.12656,540.1102,189.12656,614.3911,250.14299,518.8871,251.46944,622.3498,332.38254,513.5813,332.38254,626.3291,402.6841,509.602,397.37833,591.84155,404.01056,540.1102,404.01056,586.53577,507.4732,556.0275,504.8203,591.84155,608.28296,577.2507,588.3863,562.6598,148.00677,565.3127,227.59344,565.3127,396.05188,575.9242,644.097,563.9862,625.52673,598.47375,642.7705,556.0275,621.5474,593.16797,621.5474,594.49445,601.65076
0.8281876674065223,563.03217,197.75902,573.8233,186.96788,552.241,186.96788,587.3122,189.66566,537.40326,189.66566,612.94116,250.36577,517.16986,251.71466,621.0345,331.29922,510.42545,331.29922,625.0812,401.44156,507.72766,397.3949,591.3589,402.79047,538.75214,402.79047,583.26556,509.35287,556.2877,505.30618,585.9633,613.21747,576.5211,591.63525,561.6833,147.85004,563.03217,227.43462,564.3811,396.04602,573.8233,649.6375,561.6833,628.0553,596.75446,646.93976,554.93884,624.0086,587.3122,625.3575,591.3589,603.77527
0.8348834010270926,560.356,196.15794,569.95776,186.5562,549.38257,186.5562,585.0462,189.29956,535.66583,189.29956,611.10803,251.02502,515.09064,252.3967,620.7098,331.95395,509.60397,330.58228,627.5682,401.9095,505.48892,399.16614,589.1612,406.0245,538.4092,406.0245,579.5595,511.64365,554.8693,508.90027,580.93115,617.26276,575.44446,591.20087,558.9843,146.77757,561.72766,227.70651,563.09937,397.79443,568.58606,657.0414,567.2144,630.97955,589.1612,654.29803,556.24097,625.4928,582.30286,628.23615,586.41785,600.8026
0.8329204252133002,557.50214,195.8754,567.2619,184.72144,546.3482,184.72144,582.5986,188.90417,533.8,188.90417,610.48346,253.03946,514.2806,253.03946,620.2432,333.9057,507.30933,332.51144,627.2144,403.61798,503.1266,399.43524,588.17554,406.40646,537.9827,407.80072,577.0216,515.1576,554.7137,512.36914,574.2331,622.5145,575.6274,593.23535,557.50214,147.0768,558.8964,227.94304,563.07916,398.041,558.8964,664.34186,571.44464,643.4282,578.41583,661.5534,558.8964,635.06274,575.6274,633.66846,586.7813,601.6008
0.8247463095646638,554.885,196.15662,566.11475,184.92686,545.05896,184.92686,581.55566,189.13802,531.0218,189.13802,609.63,253.70906,511.36972,253.70906,619.45605,333.721,505.75485,333.721,627.87836,401.09952,501.5437,401.09952,587.17053,408.1181,538.0404,409.52182,571.7296,519.01184,553.48126,516.2044,567.5185,628.5019,577.3445,603.235,554.885,147.02646,557.69244,228.44214,561.90356,399.6958,549.27014,670.61346,577.3445,656.5763,568.9222,667.806,559.0961,650.96136,567.5185,641.1354,588.5742,611.6573
0.812486300101647,553.8732,196.98755,563.7462,185.70412,542.58984,185.70412,579.2609,189.93541,529.896,189.93541,607.4695,253.40465,510.15,254.81508,618.7529,333.799,504.50827,335.20944,628.6259,401.49954,497.45615,404.3204,586.3131,409.9621,535.5377,409.9621,567.97754,524.2067,553.8732,519.97546,560.9254,634.2201,576.44006,608.8324,553.8732,147.62257,555.2837,229.42738,560.9254,401.49954,542.58984,675.1225,570.7984,661.0182,562.3358,673.71204,558.10455,658.1974,562.3358,645.50354,587.7235,615.8845
0.8169479415966914,550.5236,197.47629,561.8528,186.14711,540.6106,186.14711,577.4304,190.39554,527.8653,190.39554,607.1695,255.53831,509.45535,254.12216,618.49866,334.84253,503.79077,334.84253,628.4117,401.40146,495.29388,404.23373,584.51117,411.31448,534.946,411.31448,563.2689,527.43854,554.77203,521.7739,556.18823,639.31415,577.4304,602.4943,550.5236,147.91113,554.77203,230.04767,559.0205,402.8176,536.3621,680.3824,574.59814,664.8048,556.18823,678.96625,566.10126,659.1402,559.0205,652.05945,588.7596,609.5751
0.8240006428498489,547.1645,198.51613,557.1398,188.54085,537.1892,188.54085,574.24023,192.81596,522.9388,192.81596,602.741,258.3678,507.26337,256.94275,616.99146,339.59506,498.71313,338.17004,626.96674,407.99698,487.3128,406.57196,581.3654,415.1222,531.489,415.1222,557.1398,529.12537,552.8646,522.0002,550.0146,644.5536,578.5154,598.95233,547.1645,150.06477,551.4396,232.71709,555.7147,406.57196,527.2139,688.72986,571.39014,665.9292,547.1645,687.3048,564.26495,655.9539,554.2897,657.37897,588.49066,607.50256
0.8134815257329208,545.1016,201.23497,556.53937,189.79721,535.09357,189.79721,572.2663,192.65666,520.7964,194.08638,602.29034,258.4237,506.4992,256.994,615.15784,341.3474,497.9209,339.9177,625.1659,412.83334,482.194,409.9739,579.41486,414.26306,529.3747,414.26306,555.1097,528.64056,550.8205,520.06226,547.96106,644.44775,577.98517,585.8293,545.1016,149.76509,549.39075,232.68878,553.67993,407.11447,525.0856,687.33936,572.2663,623.002,543.6719,687.33936,565.1177,608.70483,552.2502,657.31525,590.8526,592.9779
0.8136632144451141,543.2481,201.6743,554.6531,191.69495,533.26874,191.69495,570.33496,193.12057,519.0125,194.54619,600.273,260.12485,504.7563,260.12485,614.52924,342.81097,496.20255,341.38535,623.083,414.09213,480.5207,411.24088,577.4631,416.94336,527.5663,415.51776,553.2275,529.56757,548.9506,521.01385,546.09937,645.043,577.4631,580.89,543.2481,150.35188,547.52496,234.46364,551.8018,408.38965,523.28937,689.23737,574.6118,616.5306,543.2481,686.3861,568.9093,606.5512,550.3762,657.87366,591.7193,589.4437
0.8397158269698803,543.2292,201.75288,553.1568,191.82524,531.8833,191.82524,570.1756,193.24347,519.1192,196.07994,598.5403,259.90048,503.51862,259.90048,611.3044,343.5763,493.59097,342.15805,621.23206,417.32446,476.57214,411.65152,575.8486,418.7427,527.6286,418.7427,551.7386,529.3649,547.4839,520.8555,543.2292,647.07837,580.1033,587.5126,541.8109,152.11469,547.4839,235.7905,551.7386,410.2333,521.9556,692.46185,575.8486,637.15076,540.3927,689.6254,568.7574,614.459,548.9021,659.84247,592.8674,591.7673
0.8374671179514664,541.6182,202.28369,552.8469,191.05501,530.3895,191.05501,569.68994,192.45859,516.3537,195.26576,597.76166,259.8307,500.91425,259.8307,610.3939,345.44937,491.08917,342.6422,617.4118,418.4358,474.24612,411.41788,573.9007,421.24295,526.1788,421.24295,548.63617,530.7226,545.829,522.3011,543.0218,647.22015,576.7078,588.2696,540.21466,150.35104,545.829,234.56615,550.03973,411.41788,520.56445,692.1349,572.4971,652.8345,540.21466,689.3277,564.07556,635.99146,548.63617,659.8524,592.1473,593.8839
0.8312473847315862,538.9873,199.7586,550.2575,189.89719,527.7171,189.89719,567.1628,189.89719,513.62933,192.71474,595.3383,258.9272,498.13278,258.9272,606.6085,346.27127,486.86258,343.4537,612.2436,422.34512,468.5485,412.4837,571.3891,420.93637,520.6732,420.93637,547.43994,533.63837,540.39606,526.59454,541.8048,650.5668,575.6154,584.3543,537.5785,147.63393,543.2136,233.56923,544.6224,412.4837,522.082,692.83,577.02423,656.20184,540.39606,690.01245,567.1628,650.5668,547.43994,663.2457,591.112,584.3543
0.8476729897352365,537.79944,198.62312,550.3094,187.50316,526.67944,187.50316,566.9894,188.89316,512.7795,191.67314,593.3993,258.393,497.48953,259.783,604.5193,348.7428,483.58957,343.18283,608.6893,422.41266,465.5196,411.29266,566.9894,423.80264,518.3395,423.80264,547.5294,535.0024,536.4094,528.0524,541.9694,650.37213,575.32935,583.6523,536.4094,145.80324,541.9694,233.37306,541.9694,415.46268,521.11945,693.46204,578.1094,646.20215,541.9694,692.0721,568.3794,639.2522,547.5294,661.4921,592.00934,580.8723
0.8397452235221863,538.63385,199.76439,549.61676,187.4086,526.2781,187.4086,566.0912,188.78146,511.17654,190.15433,593.5485,258.79764,494.70215,260.1705,603.15857,352.15253,480.97348,343.91534,604.53143,429.03305,463.12622,412.55865,564.7183,423.54156,515.2951,423.54156,548.2439,538.8623,533.1424,531.998,542.75244,650.0645,571.58264,593.777,535.8881,143.47688,540.0067,234.08604,540.0067,416.67725,522.1595,695.3691,570.2098,651.4374,542.75244,692.62335,556.48114,643.20013,548.2439,663.79315,588.05707,588.2855
0.8322331538567176,535.79504,198.98372,548.3635,187.81175,524.6231,187.81175,565.1215,189.20825,509.26163,190.60474,593.05145,260.42957,493.90018,260.42957,601.4304,352.59833,478.53873,342.82288,600.03394,429.40564,461.78076,411.2512,563.725,426.61267,513.4511,426.61267,546.96704,539.7289,527.4161,531.3499,542.7775,650.0521,567.9145,584.41675,535.79504,143.12386,538.5881,233.89613,537.1916,416.8372,523.2266,691.947,569.311,648.6556,542.7775,690.5505,555.346,644.4661,549.76,662.62054,584.6724,583.02026
0.809846261372933,535.3051,198.51709,546.54675,185.87029,522.6583,187.27548,564.8144,188.68068,507.2011,188.68068,591.5132,260.34595,493.1491,258.94073,599.9444,357.3048,477.6919,344.658,592.9184,437.40128,458.01907,414.91806,562.00397,427.56485,511.41672,426.15967,546.54675,539.98096,517.03754,524.52374,543.7363,649.5866,560.59875,572.3006,533.89996,140.90384,538.11554,233.64711,535.3051,417.72845,524.06354,691.7427,554.97797,596.18896,545.14154,690.33746,535.3051,593.3786,552.16754,660.82825,576.05597,575.11096
0.8080798525076646,530.92145,198.78159,542.483,185.77487,517.91473,185.77487,561.2705,187.22006,503.4628,188.66525,588.7291,262.37003,489.0109,259.47964,597.40027,362.08826,474.55896,346.19113,582.94836,444.46417,452.8811,415.56033,558.38007,431.45746,507.79837,430.01224,546.81854,545.62756,507.79837,529.73047,543.92816,648.2362,558.38007,583.2026,529.47626,140.97392,533.8118,233.46619,530.92145,419.8959,522.2503,694.4823,546.81854,612.1064,543.92816,693.0371,528.03107,606.3256,551.1541,662.6881,575.7224,588.98334
0.8005888897639054,528.0574,199.27524,541.12134,186.21132,516.445,187.66286,559.99146,189.11441,501.92953,190.56596,587.57086,261.69177,487.41406,261.69177,594.82855,364.75162,471.44705,348.7846,578.8616,446.03827,449.67386,417.00732,557.0883,432.97437,507.73575,430.07126,546.9275,546.195,501.92953,531.67957,544.0244,649.2549,551.28217,581.03217,528.0574,141.21335,533.8636,235.56392,530.9605,421.36197,520.7997,695.7044,538.21826,610.0631,542.5729,694.25287,520.7997,604.25696,552.7337,663.7704,571.6038,591.193
0.8045433220955042,527.28265,198.87274,538.8308,185.88104,514.29095,185.88104,557.5966,187.32457,499.8557,190.21161,586.46704,262.38773,485.4205,262.38773,593.68463,363.43427,469.54175,348.99902,577.8059,442.82797,447.88892,419.7316,554.70953,434.16684,504.18628,431.2798,546.0484,546.76154,495.52515,532.3263,544.6049,649.2516,543.1614,584.2931,525.8391,139.68834,531.6132,234.9608,528.72614,422.61865,521.50854,695.4443,530.1697,623.2682,543.1614,694.0008,517.178,604.50244,553.26605,662.2433,560.48364,598.72833
0.8112174616410182,526.7008,199.33424,538.2095,186.38702,513.7536,186.38702,556.911,187.82559,499.3678,190.70276,584.244,262.63177,483.54343,261.19318,591.43695,363.33237,467.71906,348.94656,574.174,442.45428,446.14035,417.9984,554.0339,433.8228,500.8064,430.94565,546.84094,546.03204,490.73633,533.08484,543.9638,649.6098,541.0866,584.8737,525.26227,140.35245,531.0166,235.29875,526.7008,422.31418,520.94653,695.6444,528.1394,626.5925,542.5252,692.7672,516.6308,606.45245,552.5953,662.55707,554.0339,594.9438
0.8219954394377195,524.1868,199.15834,536.74176,186.6034,511.63187,186.6034,554.87665,187.9984,497.68195,189.39339,582.77655,264.72302,480.94202,261.93304,589.7515,363.76755,465.5971,349.8176,570.2216,440.49216,443.27722,420.96225,552.0867,432.1222,497.68195,427.93723,545.1117,543.7217,486.522,539.5367,543.71674,644.1612,536.74176,592.54645,524.1868,139.17363,528.3718,235.42816,524.1868,419.56726,521.39685,691.59094,524.1868,634.39624,543.71674,690.1959,514.4219,623.23627,550.6917,655.3211,550.6917,596.7314
0.8325905868640313,521.8211,199.01164,534.60846,184.80347,510.45456,186.22429,553.07904,187.6451,496.24637,190.48674,581.49536,261.5276,479.1966,262.9484,590.02026,360.98474,463.5676,351.03903,570.12885,439.12967,443.67618,420.65906,550.2374,433.4464,493.40475,430.60477,544.55414,548.5326,482.0382,541.42847,544.55414,645.14813,530.346,598.26117,521.8211,140.75815,527.50433,234.53206,521.8211,420.65906,518.97943,689.1934,507.6129,640.8857,543.13336,689.1934,503.35046,628.0983,551.65826,655.0938,545.975,602.5236
0.8338363399872413,517.7,198.89096,530.6209,185.9701,506.2148,185.9701,550.72003,188.8414,490.42264,190.27705,577.9974,262.05963,474.63046,263.4953,586.6113,363.9909,458.83832,353.94135,565.07654,444.3874,440.17484,425.72394,544.9774,437.20914,487.55133,432.9022,542.1061,549.18994,473.19482,544.883,542.1061,649.6856,510.52176,610.923,517.7,140.02925,523.4426,236.21791,516.26434,424.28827,517.7,694.1908,484.68002,662.60645,543.54175,694.1908,480.37308,651.1212,549.28436,656.86383,523.4426,616.6656
0.8264581240140475,515.7112,199.75874,528.6928,186.77708,502.7295,186.77708,548.88654,189.6619,488.30542,189.6619,576.2923,261.78226,472.43893,261.78226,584.9467,364.19318,456.57248,352.65393,563.3106,443.5256,437.82117,423.33188,543.1169,434.87115,483.9782,430.5439,540.2321,547.3789,469.55414,547.3789,540.2321,652.6747,499.8447,620.9417,515.7112,139.17763,520.0384,235.81892,514.26874,424.7743,517.15356,694.50446,472.43893,672.86835,543.1169,694.50446,465.2269,659.8867,547.44415,661.3291,512.82635,626.7113
0.8071668904561263,513.21704,201.37567,526.2579,188.33485,501.6252,188.33485,545.0946,189.78383,485.68643,189.78383,574.0742,260.78384,471.19666,260.78384,582.76807,363.66138,455.25787,352.06955,562.48236,446.25323,434.97214,425.9675,542.19666,430.31445,482.78848,425.9675,539.2987,547.6818,465.40073,544.7838,542.19666,652.00836,488.5844,628.82465,513.21704,140.51852,519.01294,234.70221,511.76807,421.62057,519.01294,694.02875,461.05377,679.53894,545.0946,694.02875,452.3599,667.9471,547.99255,662.1512,501.6252,636.0696
0.8194717787779294,509.57343,200.73894,522.643,187.66937,497.95602,187.66937,542.9734,189.12155,483.4343,190.57373,572.0169,261.73022,467.4604,263.1824,580.7299,363.3824,452.93866,353.21716,561.8517,446.15628,434.0604,425.82584,541.52124,433.08673,480.52994,430.18237,538.6169,549.2606,463.10385,547.8084,544.4256,650.9128,477.6256,637.8432,509.57343,139.74765,516.8343,235.59111,509.57343,424.3737,522.643,693.0258,450.0343,688.66925,548.7821,691.5736,439.86908,677.0519,550.23425,661.07794,490.69516,646.5562
0.8373186313188993,508.33215,201.34802,520.0571,188.15742,495.14154,188.15742,540.5758,189.62305,480.48532,191.08867,569.88824,262.90414,464.36346,262.90414,578.682,365.49768,451.17288,350.84146,559.6289,447.57254,432.11978,422.65695,539.1102,437.31317,476.08844,432.91632,537.6446,551.6317,459.9666,551.6317,543.5071,651.294,467.2947,645.4315,508.33215,141.25752,512.729,236.52295,506.86652,427.05383,524.454,693.79706,439.4479,696.7283,547.90393,692.3314,429.18854,685.0033,547.90393,661.55334,479.01968,654.2252
0.8334438296464773,505.58353,201.68684,518.8375,188.43286,492.32953,188.43286,536.50946,189.90552,477.60287,191.37819,567.4355,263.53882,461.40353,265.01147,576.2715,368.09808,446.67688,354.8441,558.5995,450.56735,429.0049,425.53204,536.50946,437.31335,473.18488,435.8407,536.50946,550.7086,454.04022,552.1813,542.40015,650.84985,455.51288,650.84985,504.11084,141.30756,510.0015,237.03082,504.11084,427.0047,524.72815,693.5572,426.05957,703.86584,548.29083,692.08453,415.75092,692.08453,546.8182,661.1585,468.76688,661.1585
0.8322816491127014,499.70074,201.5916,511.49457,186.8493,486.43268,186.8493,530.65955,189.79776,470.21616,191.27199,561.61835,264.98346,452.5254,267.93192,570.46375,366.70526,440.73157,359.3341,557.1957,453.68478,423.04083,430.0971,533.60803,437.46826,467.2677,435.99405,533.60803,549.5097,446.62848,552.4581,543.9276,649.75726,436.30887,661.5511,498.2265,141.1482,502.6492,236.9731,501.17496,427.14865,524.76263,692.50995,415.66968,705.77795,548.3503,691.0357,400.92737,696.9326,549.8245,660.0769,445.15427,673.345
0.8329780537348527,495.75598,201.9955,508.94382,187.34233,482.5681,187.34233,527.9929,190.27296,466.44962,191.73828,557.2993,266.46945,447.4005,267.93478,569.02185,369.0417,435.67795,361.7151,558.7646,455.4954,419.55948,434.98096,529.45825,440.84222,464.9843,437.9116,532.3889,553.67163,444.46988,556.6023,542.6461,648.91724,428.35138,667.9664,494.29065,140.45218,498.6866,238.62843,497.22128,430.585,525.0623,692.8768,409.30225,710.4606,547.04205,689.94617,394.64908,700.20337,548.5074,659.1745,437.14328,679.6889
0.8516631355652442,492.0166,202.85745,505.2101,188.198,478.82312,188.198,524.2674,189.66396,462.69772,191.1299,555.0522,267.359,443.64044,267.359,566.7798,371.44104,431.9129,362.6454,559.4501,456.46582,417.25345,437.40854,525.73334,444.73825,459.76584,441.80637,530.13116,554.6841,440.70856,559.0819,541.8587,648.5045,423.11722,669.0277,490.55066,141.28778,494.9485,239.50606,493.48254,433.0107,524.2674,693.9488,404.05994,711.5401,547.7225,692.48285,390.86646,702.74445,549.1884,658.7661,430.44696,680.7553
0.8636147792522724,489.61966,203.58641,502.79346,188.94887,476.4459,188.94887,521.82227,190.41263,458.88083,193.34013,551.0973,267.99158,439.85205,267.99158,562.8073,368.99057,429.60577,361.67178,561.34357,452.42453,414.96823,440.71448,521.82227,445.10574,455.95334,442.17825,529.141,556.351,435.4608,563.6698,542.3148,647.10376,419.3595,669.06006,488.1559,142.10876,491.0834,240.18025,489.61966,433.39572,524.74976,693.94385,404.72195,712.97266,546.70605,691.01636,388.62067,702.7264,549.63354,657.35004,426.67825,680.7701
0.8793430741016681,486.50513,202.35063,498.19608,189.19833,471.89148,189.19833,517.19385,192.12106,455.81644,193.58244,546.42114,266.65076,435.3573,269.5735,559.5734,358.71683,423.66638,361.63956,562.49615,440.55334,410.5141,437.6306,517.19385,443.47607,451.43234,442.0147,527.4234,556.0013,432.43457,563.3081,542.03705,649.52875,417.82092,668.5265,483.5824,142.43462,486.50513,240.34616,485.04376,433.24652,524.5007,696.2924,403.20724,713.82886,546.42114,693.3697,388.5936,703.5993,549.3439,658.29694,425.12775,681.6788
0.8642232165886805,481.37915,201.598,494.5545,188.42267,468.2038,189.8866,512.12164,191.35052,450.6367,192.81445,541.40015,267.47473,430.1417,268.93866,557.50336,358.23822,418.4303,359.70215,563.3591,440.2181,406.71887,435.82632,513.5856,441.68204,447.70883,441.68204,523.833,555.86835,430.1417,563.188,541.40015,649.5597,418.4303,671.5186,478.4513,141.57701,482.84308,239.66011,481.37915,431.43457,525.29694,696.40533,402.3271,716.9003,547.25586,693.4775,387.68784,706.65283,548.7198,658.34326,425.74994,683.23
0.8569630613693824,473.86597,202.12357,487.09,188.89954,460.64194,188.89954,504.72205,191.83821,441.54056,191.83821,532.63947,268.24374,418.03116,268.24374,548.8022,359.34262,407.74582,359.34262,562.0262,437.2175,395.99112,434.2788,503.25272,444.56418,435.6632,444.56418,519.4154,559.1724,423.9085,566.51917,541.4555,648.802,418.03116,672.3114,472.39664,140.4114,473.86597,238.857,467.98862,434.2788,525.2928,697.29016,400.39914,717.86084,547.3328,692.88214,387.17508,710.51416,547.3328,657.61804,426.8472,685.53546
0.8558049224890195,469.63007,201.10771,481.35165,187.92094,456.44333,187.92094,498.934,190.85135,437.39578,190.85135,528.2379,268.5067,412.48746,268.5067,545.82025,359.34885,400.76587,362.27924,559.007,438.46942,389.0443,439.9346,498.934,441.3998,430.0698,441.3998,515.05115,557.15027,419.81342,567.4066,539.9595,647.9924,416.88303,669.97034,466.69968,139.56949,469.63007,239.2028,463.7693,431.14343,525.3075,696.3439,403.6963,718.3218,547.28546,690.48303,387.57913,710.9958,547.28546,656.78357,424.209,681.6919
0.8578354395352877,463.89273,201.3112,477.05023,186.69174,450.73523,186.69174,494.5936,189.61563,431.72992,189.61563,523.8325,267.09875,406.87686,267.09875,541.37585,359.20132,395.18127,362.1252,555.9953,438.1464,382.02377,438.1464,494.5936,441.07028,425.88214,441.07028,512.1369,556.56396,418.57242,565.33563,539.9139,648.66656,415.64853,670.5957,462.4308,138.44754,463.89273,237.85985,459.5069,430.83664,523.8325,696.91077,401.02908,718.8399,545.76166,692.5249,384.94766,711.5302,547.22363,655.97626,424.4202,682.29126
0.8601236182909745,458.51834,199.5951,471.65585,186.4576,445.38086,186.4576,489.17252,189.37704,427.86417,189.37704,518.36694,266.7423,403.0489,265.2826,537.3433,358.70483,389.9114,358.70483,553.40027,438.98956,376.7739,437.52982,489.17252,436.0701,422.0253,437.52982,508.1489,557.22705,416.1864,565.9854,541.72253,650.6493,414.72668,672.5451,457.05862,138.28676,459.97806,236.08815,454.1392,427.31177,522.7461,695.9007,400.12946,717.7965,544.64197,691.5215,384.0725,711.95764,549.0211,659.4076,422.0253,684.2229
0.872007239323396,455.23633,199.56995,468.4235,186.3828,442.0492,186.3828,486.00635,189.31328,424.4663,189.31328,513.8459,268.43616,396.6268,265.50568,532.894,359.28094,383.43964,362.21143,549.0116,434.00812,371.71774,439.86908,486.00635,441.33432,417.14014,441.33432,505.05444,558.5534,415.6749,567.34485,540.22015,646.4677,415.6749,672.842,452.30585,139.49516,453.7711,237.66615,450.8406,429.6124,525.5678,696.2858,403.95297,718.2644,547.5464,690.42487,386.37012,712.40344,547.5464,652.3287,423.0011,683.0987
0.8864284134828128,445.63956,197.69518,458.9487,185.86482,432.33038,185.86482,476.69424,188.8224,414.58487,188.8224,504.79135,267.19852,386.48776,267.19852,524.0157,358.88382,373.17862,363.3202,538.8036,432.82355,361.34824,438.73874,476.69424,440.21753,408.66968,441.69632,497.39737,561.4787,410.14847,568.8727,537.3248,645.77,413.10608,673.8671,444.16077,138.54338,445.63956,237.62263,442.68195,429.86597,524.0157,696.049,404.2333,721.18854,544.7188,691.6127,386.48776,713.79456,544.7188,651.6852,420.50003,684.2187
0.891567030778298,442.51923,197.53003,454.373,185.67627,429.18375,184.19455,472.15363,188.63971,409.9214,188.63971,501.78802,268.6526,381.7687,268.6526,519.56866,360.51926,368.4332,364.96442,534.38586,434.60526,355.09772,440.53214,473.63535,443.49557,405.47623,443.49557,494.37943,562.0332,409.9214,569.4418,535.8676,645.0095,412.88483,676.1257,441.0375,138.26122,441.0375,237.53647,439.5558,431.6418,522.5321,698.35144,401.03107,722.05896,543.2762,692.42456,384.73215,714.6504,546.2396,650.9364,421.77515,686.4977
0.8812905939725729,437.38248,197.47032,450.8667,185.48433,425.39648,183.98608,468.8457,188.48083,407.41748,188.48083,497.3124,266.38977,377.4525,267.888,515.2914,359.2812,362.47003,365.27417,528.77563,437.19012,348.9858,441.68484,470.34393,443.1831,401.4245,444.68137,491.31943,564.54126,408.91574,570.53424,534.7686,646.94495,413.4105,672.41516,435.88422,139.03862,437.38248,236.42479,435.88422,434.1936,521.2844,697.8854,402.92276,718.86084,543.7581,691.8924,386.44202,709.8714,542.2599,651.4397,423.89822,682.9029
0.8849194737581106,435.1234,197.66472,448.5866,184.20152,421.66022,184.20152,465.04163,187.19334,403.7093,188.68925,494.9598,266.47656,373.7911,267.97247,509.9189,360.7189,358.832,366.70255,523.3821,435.5144,345.3688,445.98578,468.03345,444.48987,399.2216,445.98578,487.48026,564.16266,408.19702,570.1463,532.35754,646.4377,412.68475,673.3641,432.1316,137.82832,433.6275,236.55838,433.6275,435.5144,521.88617,698.79456,399.2216,719.7373,542.8289,692.8109,384.26248,710.76184,539.8371,652.4213,423.15613,685.33136
0.8729770596210773,432.15097,197.90077,445.63528,184.41647,418.6667,184.41647,462.1161,187.41298,400.68762,188.91124,490.58292,265.32227,369.22427,266.8205,507.06372,359.71234,354.2417,367.2036,517.5515,436.12335,339.25916,448.10938,466.61084,443.61462,397.6911,445.11285,484.5899,564.97327,406.68063,570.9663,529.53754,648.87555,414.1719,674.3459,429.15448,137.97057,430.6527,236.85541,430.6527,434.6251,520.54803,699.8162,399.18936,719.2936,543.02185,692.32495,385.70508,710.304,538.5271,654.8686,426.15796,684.8337
0.8698412982317117,429.5052,196.8067,442.9901,184.8201,416.02026,184.8201,457.97336,187.81676,396.54202,189.31508,487.93985,264.23132,365.0772,265.72964,502.9231,358.6258,351.5923,367.61572,511.91306,438.03702,336.60904,450.02362,463.96664,444.0303,395.0437,445.52863,481.94656,566.89294,405.53198,572.8862,526.8963,647.8025,413.02362,676.2707,426.50854,138.37204,428.00687,235.76315,428.00687,436.5387,517.9064,700.24384,398.04034,719.7221,538.8829,692.75226,384.55542,710.7321,532.8896,653.7958,425.0102,686.7589
0.8665979298261496,427.2219,197.79419,439.21683,184.29988,413.7276,184.29988,455.70984,187.29861,394.2358,188.79799,485.69717,262.26694,362.7491,265.2657,500.69086,359.72577,347.75546,368.72195,508.18768,440.69156,334.26117,452.6865,461.7073,443.6903,394.2358,445.18967,479.6997,568.1377,406.23074,574.1352,521.68195,650.6029,413.7276,679.0908,422.7238,137.81952,424.22314,235.27835,427.2219,436.19345,511.1864,701.58136,395.7352,724.07184,532.17755,695.58386,383.74026,713.5763,530.67816,656.60034,425.72253,691.08575
0.8510570824146271,419.3745,197.20488,432.88504,183.69437,405.86398,185.19553,450.89905,185.19553,387.84998,189.69904,482.42358,263.2563,359.32776,264.75748,495.9341,359.3311,344.31607,365.33575,507.94345,443.39655,330.80557,447.90002,459.90607,443.39655,392.3535,446.39886,473.41656,561.98883,404.36282,570.99585,510.9458,658.06366,411.86868,676.07764,416.37216,135.65697,419.3745,234.7341,425.37918,435.8907,498.93643,706.101,396.857,719.6116,521.454,700.0964,383.34647,712.1057,519.9528,668.57184,423.87802,686.5859
0.8473164485051081,418.7638,197.9031,430.75888,184.40863,405.26932,184.40863,450.25092,185.90802,387.27667,188.90678,481.73807,263.87616,357.2889,265.37555,496.73193,359.83694,343.79443,367.33386,508.72702,443.8026,330.29996,451.29956,459.24725,442.30325,391.7748,445.302,472.74173,565.253,403.76993,571.25055,505.72824,662.7132,412.76624,676.20764,414.26562,134.92885,418.7638,235.3878,424.76135,434.8063,493.73315,706.1954,399.27176,718.1905,514.72455,701.69727,384.2779,710.69354,510.2264,673.20886,424.76135,686.70337
0.8442639479270349,415.77112,197.25662,429.25534,183.7724,402.2869,185.27065,448.73254,185.27065,384.30792,188.26714,480.19574,263.1795,355.84125,264.67773,495.17822,359.06732,342.357,366.55856,508.66245,441.47092,330.37103,450.4604,459.22028,442.96915,391.79916,445.96564,471.20627,567.32367,403.78516,571.8184,502.66946,670.7027,412.77463,676.6957,412.77463,134.33025,417.26938,234.7128,424.7606,435.4779,487.68698,711.1554,399.2904,720.1449,508.66245,708.1589,384.30792,711.1554,507.16418,681.1904,423.26236,687.1834
0.8549230855244857,415.09747,196.59314,427.0732,183.12044,401.6248,183.12044,446.5338,184.6174,383.66116,187.61133,479.46707,263.95667,353.72183,265.45364,495.93372,358.26562,340.2491,367.2474,507.90945,442.09576,328.27338,451.07758,460.0065,443.59274,391.146,446.58667,470.4853,569.338,404.6187,572.3319,495.93372,675.6227,412.10355,677.1196,412.10355,133.72052,415.09747,235.51428,424.07928,437.6049,482.461,714.5438,400.1278,720.5317,503.41855,711.5499,385.15814,711.5499,497.4307,686.10144,422.58234,687.5984
0.8556356796851525,414.11264,197.08928,426.16687,183.52826,400.5516,183.52826,445.755,185.03505,382.47025,189.55539,478.90417,264.8944,352.33463,267.90796,496.98553,358.31476,341.78717,371.8758,509.0398,441.18768,329.73294,454.74872,459.31604,447.2148,391.51093,451.73514,468.35672,573.78436,403.56516,575.29114,484.9313,680.76575,412.60583,677.7522,409.5923,133.80452,414.11264,236.26558,424.6601,439.6809,475.89062,719.942,399.04483,719.942,498.49234,716.92847,383.97702,712.40814,483.42453,694.3268,421.64655,686.79285
0.855624618438574,413.39218,197.04842,425.44907,183.48444,398.32108,184.99155,445.04147,184.99155,380.23578,189.51286,479.70502,263.36124,353.1078,269.38968,497.7903,358.30914,342.55804,371.87314,509.8472,439.69305,332.00827,454.76416,460.11258,448.73572,392.29266,451.74994,467.64813,573.8258,404.34952,573.8258,482.71924,679.3235,413.39218,676.30927,408.87085,133.74982,414.8993,237.74037,425.44907,441.20016,476.6908,718.50836,399.8282,718.50836,497.7903,713.987,384.7571,710.9728,481.21213,691.3804,422.43484,685.3519
0.8540108364361984,413.3776,198.53595,425.4342,183.4652,398.30682,184.97227,443.5191,184.97227,381.729,189.4935,479.68893,264.8473,354.60162,269.36853,497.77383,358.28598,344.0521,371.84967,509.83044,438.161,333.50256,456.2459,461.604,450.21762,393.7856,453.23175,467.63232,573.79785,405.8422,575.3049,484.21014,679.29315,413.3776,677.7861,408.85635,133.73169,414.88467,237.71992,426.94125,441.17514,476.67477,716.97003,401.32098,719.9842,497.77383,713.9559,386.2502,710.9417,481.19598,691.34973,420.91296,686.8285
0.8554070752400619,413.40366,197.45802,425.46198,183.89241,399.83804,183.89241,443.54947,185.3997,381.75055,189.92157,481.23172,263.7788,354.61932,268.3007,497.81192,358.73813,347.08286,370.79645,511.37753,437.11722,339.54642,455.2047,461.63696,449.17557,395.31616,452.19012,469.1734,571.2661,407.37448,574.2807,485.7536,679.791,413.40366,678.28375,408.88177,134.15182,416.41824,236.64758,426.96927,440.1318,478.21713,717.47327,402.85263,720.48785,499.3192,712.9514,386.27243,711.4441,484.2463,690.34204,422.4474,687.32745
0.856698792714339,411.80713,197.44281,423.8645,183.87827,398.24258,183.87827,443.45773,185.38544,380.15652,188.39978,481.13702,262.2512,356.04178,268.27988,499.22308,357.203,348.50592,370.76755,511.28046,437.0831,340.97006,455.16916,461.5438,449.14047,395.22824,452.15482,472.094,571.2214,407.2856,574.2357,487.1657,681.2449,414.82147,679.73773,408.7928,134.1416,416.32864,236.62927,428.38602,440.09744,476.6155,718.9242,399.74976,721.93854,499.22308,715.90985,384.67804,712.8955,487.1657,693.30225,423.8645,688.78076
0.8469947140950423,410.48203,197.99425,422.56284,184.40332,396.89108,185.91342,443.70425,185.91342,381.79007,188.93364,482.96692,262.92865,357.62842,270.47916,499.57803,359.5752,350.0779,373.1661,510.14877,439.6106,345.5476,456.22174,463.3356,448.67123,398.40118,451.69144,472.3962,572.49963,408.97192,574.0097,487.49722,682.73706,415.01233,678.2068,407.46182,134.56995,416.52243,237.25691,428.60324,439.6106,478.4366,720.4896,399.9113,721.99976,501.08813,715.95935,383.30017,712.93915,487.49722,693.3078,422.56284,687.2674
0.8524490090516897,403.6326,196.9419,417.24146,183.33304,393.04794,183.33304,445.97125,187.86932,380.95117,189.38142,485.2857,264.98618,359.78186,269.52246,501.91876,361.76022,355.24557,370.8328,512.5034,441.90128,353.73346,452.48593,465.62848,450.97382,399.0963,453.99802,473.18896,574.96564,408.16888,574.96564,486.79782,680.81226,415.72934,677.7881,409.68097,134.946,418.75354,237.76845,430.8503,441.90128,479.23734,718.6146,400.6084,724.663,501.91876,714.0783,383.97537,714.0783,485.2857,691.3969,424.8019,686.86066
0.834899895466291,400.02728,197.22206,413.6119,183.63742,389.46146,183.63742,446.8188,188.16563,381.91443,189.67503,486.0633,265.14523,360.78278,268.16403,502.66675,361.7471,359.27338,369.2941,513.23254,444.7643,357.76398,452.31134,466.44104,449.2925,400.02728,450.8019,473.98807,571.55426,407.57428,573.06366,486.0633,680.2313,413.6119,678.7219,410.5931,135.3365,421.15894,237.97597,430.21536,440.23608,477.00687,716.45703,400.02728,724.004,501.15732,711.92883,383.42383,713.43823,484.5539,690.7972,421.15894,687.7783
0.8286060301157144,395.8945,197.44429,409.48395,183.85484,386.83487,183.85484,445.72247,186.87471,382.30505,188.38466,488.00073,265.3915,364.1858,268.41138,504.61008,362.02756,359.65598,368.06732,513.6697,442.0543,359.65598,448.09406,466.8616,451.11392,400.42432,452.62387,474.41132,571.909,407.974,573.41895,486.4908,679.1146,414.01376,677.6047,410.9939,135.5368,424.58334,238.21262,432.13303,442.0543,477.43118,716.8631,397.40445,724.4128,501.59018,712.33325,382.30505,713.8432,486.4908,689.6842,421.56345,688.17426
0.8206968720142658,392.16226,197.83365,405.7418,184.25415,386.12692,184.25415,446.48032,187.27182,383.10925,188.78065,490.2365,265.7312,366.5121,267.24005,506.8337,365.31427,363.49442,365.31427,514.37787,445.2825,361.9856,443.77368,467.604,449.80902,401.21527,451.31784,475.14816,572.0246,408.75946,573.53345,487.21884,677.643,414.7948,677.643,411.77713,135.97144,426.86548,237.06335,432.90082,440.756,478.16583,713.85504,398.1976,721.39923,502.3072,710.8374,383.10925,712.3462,487.21884,688.20483,422.33896,686.69604
0.806702196598053,388.81232,195.09854,402.34793,181.56291,384.3004,181.56291,444.45877,186.07478,384.3004,186.07478,492.58545,265.78458,370.7648,267.28854,507.62503,363.54187,366.25293,363.54187,513.64087,446.2596,364.74896,443.25168,468.5221,449.26752,402.34793,450.77148,476.0419,571.08813,408.36377,571.08813,486.5696,679.37317,414.3796,677.8692,412.87564,134.9402,429.4192,234.20146,433.93106,440.24377,477.54584,716.9721,399.34003,724.49194,501.6092,712.46027,382.79648,713.96423,486.5696,688.3969,420.39545,686.89294
0.8015141143248632,388.05002,196.5398,400.07065,183.01657,385.04486,184.51915,442.14294,186.02173,386.54742,187.5243,496.23584,267.1611,376.02936,267.1611,511.26166,369.3366,370.01904,366.33145,515.7694,451.97858,364.00873,447.47086,470.692,450.476,406.081,451.97858,478.20486,572.18506,410.5887,572.18506,485.71777,678.86835,415.09647,675.86316,412.0913,136.43655,431.62488,234.10432,436.1326,441.4605,475.1997,717.9354,400.07065,720.9406,499.24103,713.4277,385.04486,710.42255,487.22037,689.3864,421.10678,686.3812
0.8035513185537778,386.219,196.71724,396.73752,181.69075,383.21368,183.1934,440.31433,186.1987,384.71634,186.1987,497.41498,267.34174,378.70575,268.84436,513.9441,372.52713,371.1925,366.51654,513.9441,456.67548,363.67926,446.15692,471.86996,452.1675,405.75342,452.1675,477.88055,572.3794,410.26135,572.3794,486.89645,680.5701,414.76932,676.0622,411.764,136.61128,432.8011,234.28346,437.30905,441.649,476.3779,718.13635,399.74283,721.14166,500.4203,713.6284,384.71634,710.6231,486.89645,691.0887,422.28256,686.5807
0.7903992900481591,386.14667,195.18544,396.6656,181.66112,383.14127,183.16382,438.74124,184.66652,386.14667,186.16922,498.8493,267.31512,380.13586,267.31512,516.8817,372.50424,372.62238,366.49344,515.379,458.15823,363.60614,446.13663,473.30338,450.64474,407.1845,452.14743,479.31418,572.3636,410.1899,572.3636,486.8277,680.5581,414.698,676.05,411.6926,138.08276,434.23312,232.75298,438.74124,441.62854,476.30878,719.62836,399.671,721.13104,500.35202,715.12024,384.64398,710.6121,486.8277,691.077,422.21152,686.5689
0.7869910529026618,386.1658,196.27072,396.69,182.73964,383.1589,184.2431,438.78668,185.74655,387.66925,187.25,501.93176,268.43652,383.1589,266.93304,518.4697,375.18173,374.13818,366.161,515.4628,460.8786,363.614,444.3406,474.8696,451.85788,408.71762,450.35443,479.37994,570.63074,411.72452,570.63074,486.89722,680.3829,416.2349,675.8725,411.72452,139.13948,435.7798,233.85707,440.29016,441.3337,474.8696,716.46576,399.6969,719.47266,497.4214,713.45886,384.66235,708.9485,486.89722,690.90704,423.75217,686.39667
0.7742996078271133,385.76062,198.04636,396.27542,184.52734,384.2585,184.52734,438.33453,187.53157,388.76483,187.53157,501.42325,267.1435,384.2585,267.1435,520.9507,375.29556,376.74796,364.7808,516.4444,463.92017,364.73105,444.39273,475.88736,451.9033,409.7944,451.9033,480.39368,570.5701,409.7944,572.07227,486.40213,680.2243,415.80286,677.2201,411.29654,139.46397,435.33032,234.09703,442.84088,442.89062,472.88312,717.7771,399.27963,720.7813,496.91693,714.7729,384.2585,711.7687,487.90424,692.2412,424.81555,687.73486
0.7725079288849463,386.47745,199.40009,396.98334,184.39165,384.9766,185.89249,439.00696,187.39334,390.97998,188.89418,503.5432,268.43887,387.9783,266.93802,523.0542,376.49957,377.47238,364.49283,515.55,468.051,365.46564,444.0375,476.52805,453.04257,410.49094,451.54172,481.03058,571.6092,410.49094,573.11005,487.03394,681.1707,416.49432,676.6682,411.9918,139.36635,437.5061,233.91948,443.5095,444.0375,472.0255,715.6901,398.4842,718.69183,496.039,714.1893,384.9766,709.68677,488.5348,693.1775,425.49936,687.17413
0.7694357518966382,386.9439,200.31609,397.43054,186.83325,385.44583,186.83325,440.8752,188.33134,389.9401,189.82944,505.29312,269.22827,391.4382,264.734,526.2664,378.58893,380.95157,360.61185,518.77594,466.97632,367.46872,441.50876,476.8294,453.4935,410.9134,451.9954,481.32367,571.8427,407.9172,573.3408,487.31604,681.20337,421.40002,673.7129,410.9134,140.39243,440.8752,234.77217,443.8714,444.50494,472.3351,715.6595,397.43054,717.15753,497.80267,712.66327,386.9439,706.6709,488.81412,693.1881,430.38855,682.7015
0.7544479874464182,386.06036,199.03069,396.55515,185.53738,384.5611,185.53738,438.5343,188.53589,392.05737,187.03664,504.50156,269.4957,392.05737,264.99792,525.49115,378.94138,383.06186,362.44955,517.9949,470.39597,369.56854,440.41086,477.51495,453.90417,411.5477,452.4049,482.01273,572.3454,405.5507,575.3439,486.5105,681.791,425.04102,675.794,414.5462,137.5612,440.03357,235.01282,444.53134,443.40936,471.51794,716.2739,398.0544,717.7732,495.50604,713.2754,389.05887,708.77765,489.509,693.7851,435.5358,684.78955
0.7579030532103318,384.26624,197.30756,394.76157,183.81357,384.26624,183.81357,438.24222,186.81223,391.76288,186.81223,505.71222,270.77487,394.76157,264.77756,526.7029,378.72687,385.76556,362.23422,520.70557,467.18753,370.77222,443.1982,477.22488,453.69354,412.75354,452.19418,481.72287,570.64154,406.75623,573.6402,487.7202,680.09283,427.7469,677.0942,415.75223,137.33423,441.24088,234.7909,444.23956,443.1982,472.72687,714.5775,399.25955,717.5762,495.2169,711.57886,391.76288,708.58014,490.71887,692.0875,438.24222,686.09015
0.7423668595460745,383.92136,198.72362,392.91458,185.23376,382.4225,185.23376,436.38187,188.2315,389.91684,186.73264,505.32996,270.66946,395.91232,263.1751,524.8153,380.0871,388.41797,359.1029,520.31866,467.02167,374.9281,438.5431,476.8514,453.53183,412.3999,450.5341,481.34802,571.9427,407.9033,576.43933,487.3435,682.8592,431.88525,679.86145,412.3999,137.26987,440.87848,234.69653,443.87622,441.54083,472.35477,714.3355,400.40894,715.8344,494.83786,712.8367,394.41345,708.34,490.34125,694.85016,445.3751,691.8524
0.737601679105025,382.5161,198.77887,391.50354,185.29774,381.01822,185.29774,434.9427,188.29355,388.50772,186.79565,505.34406,272.17603,395.99725,263.18863,524.8168,381.52283,391.50354,356.0585,520.32306,469.89902,376.52454,432.45148,476.8839,453.42212,412.47415,450.4263,481.37762,571.75635,406.48254,576.25,487.36923,682.601,434.9427,679.6052,410.97626,137.3649,440.9343,234.7285,443.93008,441.4389,470.8923,715.5549,403.48676,717.05273,494.85873,714.05695,398.99304,711.06116,490.36502,696.08215,448.4238,691.58844
0.7241286612474002,382.48334,198.01804,391.46237,184.54947,380.98682,184.54947,433.3646,189.03899,388.46936,186.04597,503.70044,271.3469,397.4484,260.87134,524.65155,380.59195,392.9589,355.15134,520.16205,468.8859,377.9938,429.97668,476.7633,452.42432,412.41348,449.4313,481.25284,572.1449,407.92395,576.63446,487.23886,682.8865,439.35062,681.38995,409.42047,135.16472,440.84714,233.93422,443.84015,440.45224,472.27377,717.30615,404.93094,718.8027,496.2179,714.3131,400.44144,711.3201,490.23187,696.35504,451.3227,693.362
0.7183944514164557,379.74222,196.70552,390.21268,183.24348,378.24643,183.24348,432.0945,187.73083,385.72534,186.23505,502.3962,274.48608,397.6916,264.01562,523.33716,383.67807,396.1958,356.75403,520.3456,470.43335,381.23798,431.54306,473.97638,452.48398,411.1536,450.9882,479.9595,570.65063,409.6578,575.138,487.43842,682.83417,442.565,684.32996,409.6578,135.37851,439.57343,234.10002,442.565,442.01352,473.97638,717.2371,415.64093,720.2287,497.90887,715.74133,408.16205,714.24554,490.42996,694.8004,453.03546,694.8004
0.7185619611006516,379.90265,198.00415,388.87317,184.54837,378.40756,184.54837,430.7356,189.03363,387.37808,187.53854,501.00467,274.25357,397.8437,265.28305,521.9359,381.8998,396.3486,357.97842,518.9457,468.61484,381.39774,432.73276,472.59802,455.15906,411.29947,453.66397,478.57837,571.7758,411.29947,576.2611,487.5489,680.9171,444.19138,682.41223,409.80438,136.7056,438.21103,235.38132,441.2012,444.69345,475.5882,715.30414,420.27,713.8091,496.5194,712.31396,412.79456,709.3238,490.53906,692.8778,453.1619,694.3729
0.721801335995014,378.19232,197.00595,388.64368,183.56848,378.19232,183.56848,430.44913,188.04764,387.15063,186.5546,500.62253,276.13766,399.09503,264.19327,521.52527,385.1304,397.602,359.74854,517.0461,473.22043,382.67148,435.89417,470.7615,458.28992,411.03946,455.30383,476.7337,573.2549,414.02554,577.734,487.18506,680.7546,443.88657,683.74066,409.54642,135.79085,437.91437,234.33223,439.40744,444.85245,473.74762,713.6017,417.01166,712.10864,494.65033,710.6156,412.5325,707.6295,490.17117,692.699,454.33795,694.192
0.7242081119463994,377.8908,195.38463,388.3347,183.44878,376.39883,181.9568,428.61813,187.92473,383.85873,186.43274,497.2492,274.45956,397.28656,265.5077,519.6289,386.35806,395.7946,360.9944,513.661,475.87686,382.36676,437.0854,468.90158,459.4651,410.7144,456.4811,476.36148,575.83954,415.1903,578.8235,486.80536,683.2621,445.0299,683.2621,407.7304,134.21344,436.07803,234.1761,439.06198,446.03726,471.88556,717.57764,413.69833,716.08563,494.26526,714.5936,407.7304,710.11774,491.28128,695.19794,453.98178,695.19794
0.7293025736625378,377.42258,195.36537,386.40286,181.89497,375.92587,181.89497,428.3108,186.3851,383.40942,184.8884,495.66284,274.69113,396.87985,265.71085,518.1135,388.44125,393.8864,361.50043,510.62997,478.244,380.41602,437.83276,467.2253,457.29,408.85355,454.2966,474.7089,575.5303,416.3371,577.027,485.18585,684.7903,444.77463,683.2936,405.8601,134.00018,434.29764,234.27989,437.29108,445.3163,470.21875,716.22125,411.84695,713.2278,492.66943,714.7245,407.35684,708.7377,489.676,696.764,453.7549,695.2673
0.7326286595601302,374.45184,194.82216,384.9331,181.34624,372.9545,181.34624,425.36087,187.33553,381.93845,185.83821,494.2378,275.67767,395.41437,266.69373,516.6977,389.47437,393.91705,362.52252,509.21106,479.31384,380.44113,437.38876,467.28595,459.84863,408.8903,456.85397,473.27527,579.6346,419.37158,582.6293,485.25385,687.44196,444.82608,687.44196,405.89566,133.43184,432.8475,233.7526,437.33948,444.87537,470.2806,718.8858,411.88495,717.3885,494.2378,717.3885,407.39297,711.3992,489.74582,700.9179,453.81003,699.4206
0.7326130385582263,373.04327,195.84488,383.53186,183.85794,373.04327,182.35957,425.4861,188.35304,380.53513,186.85468,492.91263,276.75668,394.02042,269.26486,513.8898,392.13092,394.02042,365.16034,504.89957,480.53458,380.53513,438.5803,467.4404,459.55743,407.5057,455.06235,471.9355,580.9252,419.49265,580.9252,485.4208,690.3059,444.9649,685.81085,403.01062,134.41183,431.47958,234.80241,435.9747,444.57376,473.43387,721.7716,413.49918,715.77814,495.90936,720.27325,409.0041,709.78467,488.41754,702.29285,453.95508,697.7978
0.707469655917241,370.277,196.6423,380.73685,183.19392,370.277,183.19392,422.57626,187.67673,377.74832,187.67673,489.81818,278.82687,392.69098,271.35556,509.24362,398.36804,394.18524,366.9885,494.30096,491.01245,379.24258,438.7132,462.92142,462.62143,404.64508,456.64438,464.41568,582.1626,418.09348,579.1741,483.84113,686.76117,444.99023,683.7726,400.1623,133.8832,430.04758,236.98746,433.03613,446.1845,471.887,718.1407,415.10495,710.6694,495.79523,716.6464,410.62216,706.1866,488.3239,698.7153,455.4501,694.2325
0.6729297764026202,369.6895,197.0713,378.63754,183.64925,368.19818,183.64925,421.88638,188.12328,377.1462,186.63193,488.99667,282.07764,395.0423,270.14694,506.89273,402.87613,393.55093,367.08398,487.5053,489.3738,380.12888,435.6856,460.66122,462.5297,402.499,456.56436,460.66122,583.3282,417.41238,577.36285,483.0313,683.2479,445.74783,684.73926,398.02496,134.43506,429.34308,237.33746,430.83444,446.12497,469.60925,713.0747,411.44702,710.09204,491.97934,710.09204,409.9557,705.61804,487.5053,695.17865,456.1872,696.67
0.6650895854601493,368.73126,196.94653,377.6889,185.003,368.73126,183.51007,420.9842,187.98889,377.6889,187.98889,486.67358,283.5371,397.09714,268.6077,503.09595,405.95825,392.61832,365.64886,482.19476,495.5347,379.18182,435.81708,459.80066,462.69,403.0689,455.2253,458.3077,585.11115,415.01242,579.1394,482.19476,682.15234,444.87125,685.1382,397.09714,135.73596,428.44888,237.25594,429.94183,446.26767,471.74417,712.01117,410.5336,710.5182,492.64536,710.5182,409.04065,706.03937,486.67358,695.5888,456.81476,697.0817
0.6667045721640954,366.46332,197.02638,376.92014,185.07573,366.46332,185.07573,418.74747,189.55722,375.4263,188.06339,484.4761,285.16254,396.33997,271.71802,500.90826,407.65683,394.84613,368.81717,477.00696,498.7806,378.41397,436.03964,457.58713,465.9163,402.3153,458.44714,453.10562,591.39825,415.7598,585.4229,485.96994,682.52203,445.63647,685.5097,396.33997,137.27307,427.71045,238.8537,429.20428,449.48413,481.48846,716.8802,414.26596,712.3987,497.92062,713.8925,408.29065,707.91724,490.45145,694.4727,456.0933,697.4604
0.6598279934663039,364.94275,196.75845,373.88593,184.8342,364.94275,184.8342,417.11136,189.30579,373.88593,187.81525,479.71368,289.17142,397.73444,272.77557,494.61902,409.9045,394.75336,369.66016,464.80838,496.35535,379.84805,438.2246,452.88412,471.01633,399.22498,462.07312,439.46933,599.2021,415.62082,587.27783,490.1474,682.6719,445.43146,690.1245,393.26285,137.13718,426.05453,239.98387,426.05453,456.111,485.6758,715.46356,408.16815,710.99194,500.58115,715.46356,405.1871,706.5204,494.61902,688.634,457.3557,700.5582
0.6431337686685416,364.2757,196.87589,373.18176,185.00114,364.2757,185.00114,416.22766,190.9385,373.18176,186.48549,478.57,290.3894,398.41556,272.5773,490.44473,415.0741,393.96252,372.0282,459.27356,504.13458,377.63477,443.27658,450.36752,474.44775,399.8999,467.02606,432.55542,602.10114,417.712,590.2264,493.41342,680.77124,444.43015,686.7086,393.96252,136.01787,426.61804,241.40613,425.1337,459.60434,491.92908,713.42676,413.25897,710.45807,505.28815,711.94244,405.83728,706.00507,499.3508,683.7399,456.30487,694.1303
0.6277748472415484,362.9055,195.59947,371.80307,183.73602,362.9055,182.25308,414.8081,191.15068,429.63742,186.70189,477.09122,289.02417,402.94464,272.7119,485.9888,415.07333,402.94464,376.51712,457.8131,504.04922,380.70068,444.73196,448.91553,481.80524,402.94464,471.42474,428.15448,603.40564,420.7398,591.5422,497.85226,682.001,444.46674,686.44977,395.53,136.28221,425.18863,240.08742,425.18863,464.01007,493.40347,713.1426,411.84222,710.1767,506.74985,713.1426,405.9105,704.245,506.74985,684.96686,456.33017,693.86444
0.642412081360817,361.16418,194.95325,371.56738,183.06386,362.65033,181.57768,414.66638,189.00854,431.01428,184.55003,475.59946,290.0683,404.26318,272.23422,483.03033,419.36533,405.74936,377.75247,453.3069,514.48035,381.97058,444.63025,447.36218,480.2984,401.29083,471.38135,426.55576,608.10925,419.1249,591.76135,500.8644,682.4179,445.876,686.8764,395.34613,134.02016,425.0696,239.53842,423.58344,462.46432,494.9197,715.1137,411.69403,709.169,511.2676,715.1137,407.23553,703.2243,508.29526,683.90405,456.27924,692.8211
0.6160683093162683,361.5381,193.32263,371.94705,181.42667,361.5381,179.93967,415.06992,188.86163,431.42685,184.40065,474.5497,288.49033,406.14795,272.1334,480.4977,420.83292,409.12192,377.71005,453.73178,511.53964,383.84302,444.62485,446.2968,480.31274,401.68695,469.90378,422.50488,609.68134,419.53088,590.3504,501.31564,682.5441,447.7838,685.5181,395.73898,132.3558,425.47888,237.9325,423.99188,462.4688,499.82864,712.28406,413.58292,707.82306,516.1856,713.77106,407.63495,703.36206,508.7506,685.5181,458.19278,694.4401
0.6048024434309739,362.54584,192.23386,372.9763,180.31332,362.54584,180.31332,414.69818,187.76366,432.57898,183.29346,472.8108,289.08823,407.24783,271.2074,477.28098,420.2141,410.22797,378.49225,445.9896,511.10822,384.89682,445.54526,448.96973,479.8168,407.24783,472.36646,423.63858,616.90295,416.18823,591.57184,502.61212,691.4063,447.47964,685.44604,395.3273,132.63118,425.12863,236.93587,426.6187,464.91614,499.632,713.7573,410.22797,704.8169,514.53265,716.7374,407.24783,700.3467,510.06247,695.8765,459.40018,692.89636
0.5878925804908459,362.67834,194.67293,373.12772,181.23799,364.1711,181.23799,416.41806,188.70184,434.3313,184.22354,471.65054,290.2102,408.9542,270.8042,474.63608,424.5595,413.43253,381.26917,441.79514,515.61847,386.56265,449.93658,447.76624,479.792,407.46143,472.32812,422.38913,618.61957,411.93976,593.2425,505.98425,703.70746,446.27344,684.30145,395.5193,131.9766,426.86743,237.96326,426.86743,463.37152,497.02762,727.5918,404.4759,697.7364,516.43365,733.56287,402.98312,693.2581,516.43365,706.693,456.72284,688.7798
0.5712375652331573,363.34708,193.42459,373.80496,181.4727,363.34708,179.97871,414.14264,188.94264,433.56445,184.46068,467.92615,289.03976,412.64865,269.61792,469.42014,427.98056,418.62457,387.6429,430.57648,519.1138,390.23883,474.29416,448.50433,480.27008,409.66068,471.30618,424.60052,623.6929,408.1667,595.30707,494.81793,708.8501,442.52838,678.97034,394.7208,132.17113,424.60052,236.75021,430.57648,466.82422,432.07047,725.28394,405.1787,675.98236,429.0825,734.24786,403.68472,670.0064,505.27582,713.33203,454.4803,678.97034
0.57990806721724,365.10522,193.19528,374.08173,179.73053,365.10522,179.73053,414.47598,188.70703,433.92508,185.71486,463.84677,287.44858,417.46817,269.49557,468.33502,426.5844,420.46033,387.68622,427.94077,516.3495,393.53082,475.9552,450.38202,480.44345,414.47598,471.46695,426.44467,625.5636,408.49167,594.1459,489.2802,709.34436,441.40552,679.42267,395.0269,133.35191,424.94858,236.58173,433.92508,465.4826,426.44467,724.3052,396.52298,674.9344,426.44467,734.7778,399.51514,668.9501,504.24106,715.3287,451.8781,677.9266
0.582531506052384,365.58603,193.32086,376.07812,179.83102,365.58603,179.83102,415.04877,188.82425,433.03522,185.8265,461.51376,286.25085,418.0465,269.76328,469.00812,428.64355,422.54312,389.6729,427.03973,518.5758,395.56345,488.5984,449.5228,481.10403,418.0465,473.60968,430.03748,633.98883,409.05328,595.0182,494.48892,722.4222,439.0307,684.95044,395.56345,133.36604,425.54086,236.78812,436.03296,469.11307,422.54312,714.92786,376.07812,675.9572,419.54538,741.90753,391.06683,669.96173,509.4776,725.4199,446.52505,686.4493
0.5888779266522481,367.6049,193.72047,376.60397,180.22183,367.6049,178.72198,415.60004,190.72078,430.5985,186.22122,462.09534,289.71075,418.59973,268.7129,468.09473,430.6965,426.09897,387.2009,420.09958,520.68744,396.102,483.1912,450.09653,486.19092,421.59943,480.1915,435.09805,633.176,411.1005,592.6801,486.0929,721.6671,435.09805,678.1715,400.60153,133.72653,426.09897,238.71593,438.09775,472.69226,405.10107,709.66833,382.60336,670.67224,414.1002,738.1654,391.60245,664.67285,498.09167,726.1666,441.09744,682.671
0.5880184609156388,369.62756,196.55956,378.60422,183.09462,369.62756,181.59851,416.00684,192.07124,430.9679,189.07904,460.89,289.31808,424.98346,269.8687,465.37833,428.45587,421.99127,388.06104,414.51074,522.7105,396.55746,480.81958,448.92117,485.3079,423.48737,479.32346,436.95233,630.4301,410.02243,590.0353,481.83548,721.6925,433.9601,676.8094,398.0536,135.21924,427.97568,239.94661,438.44843,473.33905,404.038,705.23535,381.5964,670.82495,414.51074,735.1575,392.06915,664.8405,492.30823,727.67694,439.94452,684.2899
0.6052884253171774,370.26697,196.55994,379.24814,184.58504,371.76382,181.59131,416.66974,193.56621,431.63837,189.07562,460.07877,290.86234,424.15405,269.90625,464.56937,430.07062,424.15405,386.6616,415.17285,519.88245,397.2105,474.97653,448.10385,486.95142,424.15405,482.46085,440.61954,629.15344,410.68228,588.73816,478.04114,718.9653,437.62582,681.54364,398.70737,135.18854,428.64462,239.96898,439.12268,474.97653,404.69482,706.99036,385.2356,677.0531,413.676,730.9402,394.21677,672.5625,490.01602,726.4496,445.11014,689.028
0.5983148664236069,371.65045,197.6547,380.62802,184.18834,373.1467,182.69208,416.5383,193.16591,434.49344,188.67712,459.9299,293.4155,430.00467,273.96408,453.94485,432.56787,434.49344,392.1688,409.057,528.3287,398.58316,486.43332,449.4561,496.90717,427.01215,487.9296,449.4561,645.0371,415.04205,594.1642,483.87012,718.354,441.97476,689.925,401.57568,136.30794,430.00467,241.04631,441.97476,483.4408,404.5682,698.9026,385.1168,685.4362,415.04205,725.83527,394.09436,680.94745,494.34393,725.83527,452.4486,695.91003
0.5870112352646314,372.63547,198.43962,381.6209,184.96144,372.63547,183.46387,417.5627,193.9469,435.5336,189.45418,459.4948,294.28442,431.0409,276.3135,455.00208,436.55402,435.5336,399.11465,408.57727,536.89154,401.0894,490.4667,450.50937,499.45215,431.0409,491.9643,453.50452,650.7072,422.05545,604.2824,484.95358,721.0932,444.51907,692.6393,402.58698,137.03905,431.0409,241.8693,444.51907,485.974,407.07968,694.1369,387.6112,688.1466,417.5627,718.0981,398.09424,683.6539,493.93903,727.08356,455.00208,698.6296
0.589269682765007,373.59735,199.08372,382.59845,185.58206,373.59735,184.08188,417.1027,193.08298,436.6051,190.08261,459.10788,292.09515,435.10492,275.59314,454.60733,434.6127,439.60547,398.60828,406.6014,538.1254,402.10086,497.62045,453.10712,500.62082,432.10455,494.6201,457.6077,655.13983,453.10712,602.63336,487.6114,721.14795,445.6062,694.1446,402.10086,136.07597,432.10455,241.08888,447.10638,487.11914,408.1016,694.1446,388.59918,691.1442,417.1027,713.64703,400.60068,688.14386,493.61212,727.1487,456.1075,701.6455
0.5886258196372253,374.21356,197.747,383.24384,184.20155,374.21356,182.69652,417.85995,193.23186,435.92053,190.22176,460.0013,292.56506,437.4256,276.00952,453.9811,432.53458,440.43567,399.4235,407.32462,534.87787,402.80948,497.25165,455.48618,500.26175,434.4155,494.24155,460.0013,650.7666,455.48618,604.1101,485.58713,721.5039,446.45587,695.918,402.80948,137.54506,432.91043,241.3934,449.46597,485.21127,408.82965,695.918,390.76907,691.4029,417.85995,716.9887,401.3044,688.3928,494.61743,727.52405,456.9912,703.4433
0.5869867652654648,374.93442,197.4099,385.4813,183.84964,374.93442,182.34296,418.6286,192.88982,438.21564,189.87643,462.32275,293.83838,439.72232,275.75806,451.77588,435.46774,441.229,400.81375,408.08173,537.92303,405.06833,500.2556,457.80267,495.73553,435.20224,486.69537,460.81604,647.91174,457.80267,601.2042,484.9232,720.2331,448.76248,696.126,402.05493,135.6354,433.69553,241.10406,453.28256,483.68198,409.5884,697.6327,391.5081,691.6059,418.6286,718.72644,402.05493,687.0858,495.47003,727.7666,463.82944,703.6595
0.5707410871982574,375.7794,197.59685,386.3227,184.0412,377.28558,182.53502,420.9649,194.58449,439.0391,190.06593,463.13803,295.49878,442.05148,277.4246,452.59476,438.58624,445.06384,403.944,407.40924,541.0067,405.90308,504.8583,458.6195,500.33975,440.5453,494.31503,463.13803,652.4643,458.6195,611.79736,487.23697,720.24255,451.08856,697.64984,404.39688,135.84332,436.02673,242.78236,455.60712,486.78412,408.91544,688.61273,393.8536,688.61273,419.4587,712.7117,404.39688,685.60034,496.27408,727.7735,466.15042,703.67456
0.5575370341539383,378.47162,197.14491,387.5172,183.5765,378.47162,180.56131,422.19202,192.6221,440.28323,188.0993,462.89725,290.61612,443.29843,275.54013,452.34402,441.37616,447.82123,400.67096,405.60843,542.3854,407.11603,498.66498,462.89725,494.14218,440.28323,485.09656,462.89725,650.9326,455.35922,611.735,488.52643,724.805,452.34402,697.6682,404.10083,135.3333,437.26804,242.37291,458.37445,482.08136,410.13123,685.6074,392.04,687.115,420.68442,708.22144,404.10083,684.0998,497.57205,729.3278,464.40485,703.6986
0.5718525384481137,381.00473,197.92894,390.02637,184.39648,381.00473,182.89288,424.6093,194.92174,450.1706,188.9073,460.69586,292.65613,451.67422,276.11646,453.17783,441.5131,462.19946,400.91574,406.56604,542.2547,414.08408,497.1465,465.20667,500.15372,451.67422,491.13208,468.21387,649.0107,462.19946,612.92413,489.26437,718.1766,456.18503,695.6225,408.06964,134.7775,441.149,243.03712,463.70306,486.62128,405.06244,686.6008,393.0336,692.6153,420.09848,704.6441,405.06244,688.10443,498.28598,725.6946,469.71747,704.6441
0.5723469612690119,382.06372,199.52954,391.08447,185.9984,382.06372,182.99147,427.16754,195.01917,451.22293,190.50877,461.74716,295.75107,452.72638,276.20605,455.7333,443.09024,461.74716,397.98642,409.126,542.31866,412.13293,498.71832,464.7541,501.72522,451.22293,492.70447,469.26447,652.07135,466.25754,611.4779,487.306,719.7271,458.74023,695.6717,406.11908,136.38419,442.20215,244.63338,466.25754,488.1941,406.11908,689.6579,397.09833,694.1683,419.65024,706.1959,407.62256,689.6579,497.83023,727.2444,475.27832,704.6925
0.5680461755165687,382.78302,198.85411,391.78238,185.35509,382.78302,182.3553,426.27988,194.35443,451.778,188.35487,460.77737,296.34705,459.2775,275.34857,456.2777,444.83627,466.77695,401.33942,412.78085,543.8291,415.78064,503.33203,465.27704,506.33182,451.778,498.83237,471.2766,657.82086,469.77673,615.8239,490.7752,722.31616,460.77737,696.818,408.2812,134.35878,442.7787,243.85085,466.77695,492.8328,408.2812,689.31854,397.78195,693.81824,423.2801,705.8174,408.2812,689.31854,499.77454,728.31573,477.27618,705.8174
0.5686336973538766,384.95932,198.41458,393.96576,184.90494,383.45825,183.40385,428.49042,195.41243,454.00864,189.40814,463.01508,295.98428,463.01508,274.96927,460.01294,441.5883,469.01935,399.55826,414.98077,542.1601,417.9829,498.62903,466.0172,500.1301,452.50757,489.6226,473.52258,659.2437,473.52258,609.7084,494.5376,723.78986,461.514,695.2695,405.97433,135.36955,445.0022,243.44675,469.01935,488.12152,413.47968,692.26733,398.46896,692.26733,425.48828,710.2802,410.47754,689.2652,502.04294,729.7941,481.02795,704.2759
0.5565284994932321,386.67953,198.50075,395.68155,184.99771,385.1792,183.49738,431.6896,195.50008,458.69565,189.49873,463.19666,296.02258,467.69766,275.01788,463.19666,443.0555,475.19934,399.54578,416.68625,545.07837,419.68692,501.56863,464.697,501.56863,452.6943,494.06696,473.699,654.6029,475.19934,603.5915,497.70438,726.619,466.19733,693.61163,406.1839,136.98697,446.69296,245.01115,470.69833,494.06696,415.1859,695.112,401.6829,692.1113,428.68893,714.61633,413.68558,687.6103,506.7064,732.62036,485.7017,702.61365
0.5747807323932648,388.41882,198.61913,397.43607,185.09325,388.41882,183.59038,432.0022,195.61337,460.55685,189.60188,462.05972,294.8032,474.08273,273.7629,462.05972,442.08502,492.11725,401.50735,418.47632,547.2863,419.97922,502.20004,465.0655,502.20004,454.54535,494.68567,475.5856,646.47614,477.0885,602.8927,496.6259,724.6257,468.07123,694.5682,409.45908,138.5041,448.53384,243.70541,472.57986,494.68567,419.97922,699.0768,406.4533,693.06525,430.49933,717.11127,418.47632,688.55664,507.146,732.14,484.60287,702.0825
0.5652322218968318,388.62524,197.45944,397.64444,183.93062,388.62524,182.42741,433.72128,194.45303,462.28214,188.44023,462.28214,295.16754,477.31415,274.1227,459.27573,445.4877,489.33975,401.89487,417.18607,549.2086,423.19888,504.11258,468.29492,501.10617,481.82373,489.08054,474.30774,645.4135,478.81735,612.3431,496.85577,726.5864,468.29492,698.0256,408.16687,138.83458,450.2565,244.05869,475.81094,493.59015,423.19888,698.0256,405.16046,692.01276,432.21808,717.5672,421.69568,689.00635,507.37817,734.1024,487.83655,705.54156
0.543117453272526,391.8113,198.92761,400.84412,185.37842,391.8113,182.36748,436.9753,194.41121,467.08463,189.8948,462.5682,296.7829,483.64474,274.20093,458.05182,448.835,494.183,406.68195,415.89877,554.2176,427.9425,504.53723,468.5901,507.54816,491.1721,492.4935,476.1174,650.56744,483.64474,621.96356,497.19394,727.3462,482.13928,700.2478,417.40424,135.69803,453.53543,244.0916,479.12836,497.0099,420.41516,685.1932,402.34958,682.18225,435.46982,713.797,429.44797,682.18225,507.7322,731.8626,506.22675,704.7642
0.5238700623695667,393.28418,200.10933,402.32825,186.54323,393.28418,183.52855,440.01184,194.07996,468.65137,188.05058,464.12936,295.072,488.24686,273.96918,459.60733,451.8358,491.26154,412.64484,412.87967,560.36456,424.93842,501.57812,470.15872,503.08548,488.24686,486.5047,477.69543,653.8199,488.24686,626.6877,498.79825,727.67975,491.26154,699.0402,417.40167,136.80089,455.0853,245.32965,479.2028,494.0414,411.3723,676.43005,400.8209,655.3272,430.96777,705.0696,426.44574,662.86395,510.85703,732.2018,513.8717,702.0549
0.5267809245448846,394.91455,197.96527,403.9728,185.8876,396.42426,182.8682,440.2058,193.43616,471.90967,187.39732,467.38055,297.60602,485.49707,274.96042,458.3223,451.59628,479.45822,413.85358,413.03107,558.7856,425.10873,505.9458,470.39996,504.4361,488.51648,487.82928,479.45822,649.3681,490.02618,620.68365,499.08444,721.8341,499.08444,693.14966,420.5796,133.04782,456.8126,244.76624,479.45822,493.86813,406.99222,672.01373,425.10873,662.95544,443.22522,684.0914,440.2058,655.4069,511.1621,726.3632,518.71063,696.16907
0.5294210641429975,397.38452,196.33624,404.93866,184.24959,397.38452,181.22794,438.17694,193.31458,472.92603,187.27126,465.3719,297.56186,491.056,274.8994,453.28525,450.1557,486.5235,407.85245,409.47116,558.9355,423.06863,498.50226,471.4152,501.52393,492.56683,484.9048,478.96936,642.0311,492.56683,616.34705,501.6318,719.0835,504.65347,693.39935,426.0903,134.3922,457.81772,243.17197,481.99103,487.92645,400.4062,678.2911,432.1336,664.6936,450.26358,706.9968,436.6661,657.13947,515.2293,725.1268,521.2726,694.9102
0.5330677341956359,398.59866,198.8199,406.16382,185.20262,398.59866,182.17656,440.9635,194.2808,474.25018,188.22868,466.68503,295.65384,492.40652,274.4714,453.06775,446.95685,489.38046,404.592,409.18988,552.86896,424.32016,498.3999,474.25018,490.83475,498.45865,478.7305,480.3023,630.0335,493.91956,607.3381,502.99774,716.27625,506.0238,693.5808,425.8332,133.7596,459.11987,244.2108,483.32837,481.75656,445.5026,689.0417,436.4244,666.34625,457.60684,717.7893,443.98956,655.75507,518.12805,723.84143,525.6932,693.5808
0.5320197876829368,399.25278,198.57253,406.81802,184.95506,400.76584,183.44202,440.10516,194.03337,476.41837,189.49422,467.3401,298.4339,491.5489,274.22507,452.20956,446.7129,487.00974,399.80832,408.3311,551.1134,421.94855,490.59137,474.90533,493.61746,496.08804,478.48697,479.4445,617.6877,491.5489,601.0441,503.6533,709.98376,506.6794,690.3141,428.00073,135.02438,459.7748,242.451,483.98364,478.48697,446.15735,688.8011,438.5921,666.1053,458.26178,716.03595,444.64432,654.00085,518.7838,719.0621,524.836,690.3141
0.540396572305606,403.9852,197.61716,411.53378,185.53943,403.9852,182.52,446.2572,193.08801,477.9612,188.55887,465.8835,292.7292,494.56808,273.10287,444.7475,434.64236,482.49036,398.4092,410.02405,541.8321,423.61148,493.52124,474.9418,495.03094,499.09723,479.9338,484.0001,636.94415,497.58752,606.7498,502.11667,709.41046,509.66522,692.8036,431.16006,135.71884,462.86407,241.39888,485.5098,479.9338,446.2572,688.2744,437.1989,676.1967,455.3155,713.9396,444.7475,673.1773,517.2138,718.46875,529.2915,695.823
0.5382147098963077,404.99948,195.86324,412.56213,182.25049,404.99948,180.73796,447.35025,192.83818,479.11334,186.78807,467.01312,292.66498,495.75113,269.97708,444.3252,428.79248,489.70102,395.51685,409.53705,533.15686,424.66235,490.8061,476.08826,495.3437,500.2887,480.21838,486.67596,632.98364,500.2887,602.73315,501.80124,710.12256,507.85135,690.4597,432.22498,133.84961,463.98804,241.23906,485.16345,480.21838,445.8377,682.8971,438.2751,672.3094,454.9129,708.61005,444.3252,666.2593,512.3889,717.6852,529.02673,694.9973
0.5409382042976526,406.11237,193.44519,413.68835,181.3236,406.11237,178.29318,448.53796,190.41478,481.87234,185.86919,466.72037,290.41797,497.02435,270.72037,442.47717,425.27078,490.96356,393.45157,409.14276,529.8196,427.32516,491.93958,475.81155,496.48517,497.02435,482.84836,487.93317,646.4899,501.56995,611.6404,501.56995,708.61316,507.63077,693.4612,436.41635,131.32199,465.20517,238.90118,486.41797,479.81796,443.99237,684.36993,439.44675,676.79395,451.56836,711.64355,445.50757,675.27875,510.66116,717.70435,528.84357,699.522
0.5356981972089181,406.89685,193.4474,414.46738,181.33453,408.41095,178.3063,449.2919,191.93329,482.60233,185.87686,462.91888,291.86453,499.25754,270.667,441.72137,428.1344,496.2293,394.82397,408.41095,525.0374,429.6085,487.18466,476.5459,499.29755,497.7434,485.67056,490.17288,653.7367,502.28574,617.3981,500.77164,708.2447,508.3422,694.6177,437.17905,131.36891,464.433,238.8707,485.63055,484.15643,449.2919,688.5612,441.72137,684.0189,453.83423,709.7588,447.7778,682.5048,508.3422,717.32935,528.02563,700.67413
0.5306689097331121,408.47443,193.88318,416.0329,180.27794,409.9861,178.76625,449.29016,192.37149,484.05908,187.83641,462.8954,289.11984,500.6877,269.46783,441.7317,425.1722,494.64096,390.4033,405.45105,520.4089,429.63815,472.0347,474.98892,496.2218,503.7111,481.10486,487.0825,651.9262,503.7111,615.64557,499.17603,709.37054,506.7345,695.7653,435.6849,131.90376,465.91876,239.23396,487.0825,481.10486,447.77847,689.7185,440.22,685.1834,452.31354,712.3939,447.77847,683.67175,508.2462,718.4407,527.8982,701.8121
0.5262017089586991,410.37677,193.40868,417.9034,179.86072,410.37677,176.85005,448.00998,191.90335,487.14853,187.38736,461.55795,289.74973,503.70715,267.1698,434.46204,422.21866,500.6965,386.0908,393.81815,511.03308,432.9567,467.37854,475.1059,486.9478,506.7178,477.91583,485.64322,649.5233,503.70715,613.39545,499.19116,709.7365,509.72845,697.69385,434.46204,133.19553,467.57925,240.07387,490.15918,476.41052,448.00998,687.15656,440.48334,688.66187,452.52597,708.23114,452.52597,690.16724,503.70715,720.2738,527.7924,706.7258
0.5252106888936117,411.77026,193.47363,419.29938,181.42705,411.77026,178.4154,450.92166,191.96782,487.06143,187.45035,464.47406,286.8347,505.1313,265.75314,432.85178,417.84128,499.108,378.68988,390.68875,503.67322,431.34598,463.016,475.01483,484.0975,506.63712,473.55673,485.5556,645.2206,505.1313,610.5867,499.108,709.97095,508.14294,697.9244,435.86343,133.2407,467.48572,238.64833,488.56726,473.55673,447.91003,690.39526,440.38092,687.3836,452.4275,708.46515,450.92166,690.39526,503.6255,719.0059,526.2128,705.4535
0.5332608841932737,412.27127,193.8144,419.79633,181.77437,413.77628,178.76436,452.90643,190.8044,489.02655,187.79439,466.45148,285.61975,504.07663,266.0547,433.34137,409.0302,498.0566,378.93008,392.7062,493.31052,428.82635,458.6954,478.49152,482.77548,504.07663,472.24045,487.52155,619.731,504.07663,601.6709,501.06662,708.5263,508.59164,696.48627,440.8664,132.10918,467.95648,237.45958,489.02655,470.73544,449.89642,690.46625,443.8764,684.4462,452.90643,707.0213,451.40143,684.4462,505.58163,717.55634,526.65173,702.5063
0.5333224271352475,414.57626,192.98428,420.59067,179.45186,414.57626,177.94826,452.16632,191.48068,489.75638,186.96988,465.69873,286.20764,504.79242,265.15723,431.11588,411.00668,503.28882,376.42383,387.5114,495.20844,435.62668,454.61118,479.23117,480.1724,507.79962,468.1436,486.74918,613.99304,503.28882,595.9498,501.78522,707.21643,509.30322,692.1804,437.13028,132.84018,470.20956,238.09236,489.75638,468.1436,450.66272,687.6696,441.6411,680.15155,453.66992,705.7128,449.15912,678.64795,506.29602,717.74164,528.85004,699.6984
0.5286196132118886,414.23132,194.58873,421.7519,181.0517,414.23132,178.04347,456.3465,191.58049,489.437,187.06816,466.8753,283.33145,504.47815,263.77795,432.2807,409.677,502.97403,375.0824,388.66138,490.89917,432.2807,453.29633,480.41232,480.37036,507.4864,468.33746,489.437,615.7406,502.97403,597.6912,502.97403,707.4916,508.99048,692.45044,436.79303,134.42416,469.88354,236.70392,489.437,468.33746,450.33005,689.4422,441.30536,681.92163,454.8424,705.9874,448.82593,680.41754,507.4864,716.51624,527.03986,698.46686
0.533638053215467,415.55206,194.37761,423.0777,180.83144,415.55206,179.32631,456.19055,191.36734,489.3034,186.85196,466.72647,286.19052,505.85983,263.6136,432.1085,408.10605,501.34445,374.9932,386.9546,492.3933,435.11874,451.7548,480.27264,477.342,507.36496,466.8061,487.79828,614.30884,504.3547,597.7524,501.34445,707.6269,508.87012,692.57556,438.129,132.66728,471.24185,238.02637,489.3034,466.8061,448.66492,692.57556,441.13925,683.5448,453.1803,709.132,448.66492,683.5448,507.36496,716.65765,526.93164,700.1012
0.5364461839199066,414.99945,194.30264,422.52896,182.25546,416.50537,179.24365,457.1646,191.29085,490.29437,186.77315,467.7059,284.65652,503.84744,263.57394,433.07025,408.14017,497.82385,375.0104,386.3874,490.96457,433.07025,454.82303,481.25897,478.9174,506.85925,468.3761,485.77667,611.4364,502.34155,594.8715,502.34155,707.8139,508.36514,692.75494,440.59973,132.56082,470.7177,237.97368,488.78848,466.8702,449.63513,694.2608,443.61154,683.71954,454.15283,710.8257,449.63513,682.2136,508.36514,716.8493,524.93005,698.7785
0.5445840668219787,415.7989,195.17546,423.31647,183.14737,417.3024,180.14035,457.89722,192.16844,490.9745,187.65791,468.4218,285.38617,504.5061,264.337,432.33752,410.17767,499.99554,377.1004,387.23218,494.37433,433.84103,456.78653,481.95343,474.82867,509.01663,464.3041,486.46396,607.13776,503.0026,592.1026,504.5061,704.866,507.51312,689.8309,438.35156,135.03499,471.42883,237.2738,490.9745,464.3041,451.88318,697.34845,439.85507,680.8098,454.8902,709.3765,447.37265,680.8098,510.52014,715.39056,527.0588,695.8449
0.5403599756268355,415.90384,195.13867,423.42365,181.60304,417.4078,180.09909,459.51865,192.13075,491.10175,186.11491,468.5424,283.87222,504.6374,264.32077,435.4553,410.20474,497.11758,377.11765,387.32864,495.93036,435.4553,456.82745,482.078,476.3789,506.14136,465.8512,488.09384,605.71936,501.62946,592.1837,504.6374,704.9806,507.6453,689.941,441.47113,131.97241,471.5503,237.24951,489.5978,465.8512,450.49487,698.9648,441.47113,680.91724,455.00674,710.9964,447.48697,679.41327,510.65323,714.00433,525.6928,694.4529
0.5376572970014352,416.06775,193.67474,425.088,181.64774,417.57114,178.64098,461.16907,190.668,491.2366,186.15787,470.18933,283.87738,503.2636,264.33347,435.61166,410.16104,497.25012,378.59012,387.5036,495.85352,434.10828,458.2691,482.21634,477.813,504.767,467.28937,488.22986,607.1034,501.76025,592.06964,504.767,704.82294,507.77374,689.7891,441.62515,132.0363,471.69272,237.27267,489.73322,467.28937,452.1488,697.306,441.62515,680.76886,455.15555,709.33307,449.14206,679.2655,509.27713,715.34656,525.8143,695.8027
0.5303575981121796,416.1332,193.74162,423.64944,181.71567,416.1332,178.70918,459.72726,190.73514,491.29538,186.2254,470.24997,283.93622,503.32135,262.8908,434.17215,411.71194,498.8116,377.13733,389.07483,497.39682,428.15915,459.81573,482.27594,474.84818,507.8311,465.8287,488.2889,610.1401,501.81808,593.60443,504.8246,706.34766,507.8311,691.31525,437.17862,133.61188,473.25647,237.33568,489.79214,467.33194,452.21106,697.3282,440.18512,680.79254,455.21756,710.8574,447.70132,680.79254,510.83755,715.3671,528.87646,697.3282
0.5290182146888512,416.3701,193.75754,423.88562,181.73268,416.3701,178.72647,461.4633,190.75131,490.0223,186.242,470.48193,283.9439,503.55026,262.90042,434.40735,410.20483,500.54404,377.1365,389.31418,498.88812,431.40115,458.30426,482.50677,474.8384,508.05957,464.31668,488.5192,614.6273,502.04715,595.0869,503.55026,706.3168,508.05957,692.7888,435.91046,135.13638,471.98502,238.85072,490.0223,467.32288,450.94153,695.79504,440.4198,680.764,453.94775,710.8261,449.43842,682.2671,509.56268,716.83856,527.6,697.29816
0.5276396503815284,416.3094,193.50671,423.8277,179.97375,416.3094,178.4701,459.9156,190.49939,491.4925,185.9884,470.44122,285.2301,503.5218,264.17883,434.35333,410.0341,499.0108,376.95352,390.74713,494.23917,432.84967,455.14395,482.47052,477.69888,506.5291,467.17325,488.48517,614.53217,503.5218,596.4882,503.5218,706.25555,508.03278,692.7226,437.36066,134.86388,471.9449,238.61658,489.98883,468.6769,450.89362,694.22626,440.36798,682.19696,455.4046,710.76654,449.38995,682.19696,509.53644,716.7812,529.08405,698.73724
0.5289377558689851,417.6851,194.7619,425.20743,181.22168,417.6851,179.71721,459.8102,191.75296,489.8996,185.73509,470.3415,285.03,503.4398,263.96744,437.2432,409.90088,494.413,376.80258,392.10913,486.62878,428.21637,456.5394,482.37723,480.6109,506.44873,470.07962,488.3951,616.01306,503.4398,597.9594,503.4398,704.7767,509.45767,692.74097,440.25214,133.07869,471.84595,238.39148,489.8996,470.07962,450.78342,692.74097,441.7566,682.20966,453.79233,707.78564,449.27893,682.20966,507.95322,715.308,529.01575,698.75885
0.5125167862727091,416.38837,193.55109,423.90918,181.51779,417.89255,178.50948,460.00906,192.04692,491.59644,186.03027,470.53818,283.80078,503.62973,264.24667,435.94247,407.14203,497.6131,375.55463,392.32178,485.3584,429.92584,456.77936,482.57147,480.84592,505.1339,470.3168,491.59644,617.7246,503.62973,599.6747,503.62973,706.47015,508.1422,692.9327,438.9508,133.38463,472.04236,237.17177,488.58813,468.81262,450.9841,692.9327,441.9591,679.39526,455.49658,710.9826,449.47992,682.40356,509.6464,715.4951,529.2005,698.94934
0.5082780352005591,416.08566,193.61133,423.60724,181.57684,416.08566,178.56822,459.71066,190.6027,491.30118,186.08977,471.74515,282.36563,503.33566,264.3139,440.15463,405.71906,492.80548,377.13715,392.01672,483.94318,426.61584,455.3613,482.27533,480.93457,503.33566,470.4044,491.30118,620.8354,503.33566,601.27936,503.33566,706.58105,509.3529,693.0423,438.65033,131.9346,471.74515,237.23631,488.29257,470.4044,450.6848,693.0423,440.15463,677.9992,453.69342,711.094,449.1805,681.0078,509.3529,715.60693,528.90894,699.0595
0.5105167340773803,416.00458,195.08965,423.52682,181.54959,416.00458,180.04514,459.63364,190.5763,491.2271,186.06294,471.66925,282.3478,503.26273,262.78995,438.57132,405.7128,492.73157,377.12823,391.93335,483.94424,428.04016,455.35968,483.70486,482.4398,503.26273,471.90863,491.2271,622.35376,503.26273,601.29144,504.76718,708.1074,510.78497,693.0629,440.07578,131.90271,473.1737,237.21428,489.72266,471.90863,449.10248,688.54956,440.07578,678.01843,453.61584,709.6119,449.10248,678.01843,510.78497,717.13416,530.34283,699.08075
0.5180128847177212,416.0053,194.6307,423.5315,181.08354,416.0053,178.07306,458.15204,191.62022,491.26733,185.59926,470.19397,283.4399,503.30927,263.8718,435.57343,409.88016,497.2883,376.76483,393.4267,488.15268,426.542,456.5426,482.2359,480.62646,506.31973,470.08978,489.7621,619.10864,504.8145,598.0352,503.30927,706.4126,509.33023,692.8654,438.5839,132.91583,471.6992,238.2827,489.7621,470.08978,450.62582,691.36017,440.08914,677.813,453.63632,709.42303,449.1206,679.31824,509.33023,716.9493,528.8984,698.88635
0.5228186754079965,415.56796,193.30876,423.09448,179.76103,415.56796,178.25572,459.22177,190.29816,490.83313,185.78224,471.2642,282.12164,502.87555,262.5527,438.14752,407.06183,498.35965,376.95575,392.98843,491.3588,426.1051,459.74744,481.80133,479.31638,505.88617,468.77927,489.32782,616.29895,504.38086,598.23535,502.87555,708.1225,508.89676,694.57477,436.6422,133.09663,471.2642,236.96255,489.32782,468.77927,450.18994,699.09064,441.15814,682.53235,454.70587,712.63837,448.68463,685.5429,508.89676,717.1543,529.971,700.59595
0.5393965530854005,414.83243,194.30916,422.35815,182.26799,414.83243,179.2577,458.48163,191.29886,490.08966,185.27829,470.52277,284.61783,502.1308,265.05093,437.4096,409.5448,491.5948,379.4419,396.7707,490.8226,425.36844,465.23514,479.55365,486.30716,503.63596,477.2763,488.5845,620.265,505.1411,600.6981,502.1308,706.0582,509.65652,692.51196,441.92505,132.59824,470.52277,236.4532,488.5845,474.266,447.94562,692.51196,441.92505,683.4811,452.46106,709.06854,449.45074,683.4811,508.1514,716.59424,529.2234,700.03766
0.539145212333936,412.8916,193.0907,421.91437,181.06035,414.39542,178.05276,458.00543,190.08311,489.5851,184.06793,467.0282,287.82974,501.61548,265.27283,436.95233,417.15604,495.60028,385.57635,394.8461,501.3685,430.93713,469.78882,479.05856,487.83435,504.62305,480.3154,489.5851,638.2138,507.63065,606.6341,503.11926,707.3883,512.142,693.8542,441.4637,131.43513,470.0358,236.70073,489.5851,475.80402,447.47888,686.3352,441.4637,678.8162,453.49405,707.3883,450.48648,678.8162,509.13443,717.91486,531.69135,699.8693
0.5365394881138434,412.9153,194.62877,421.9432,181.08693,412.9153,178.07762,459.55945,190.11482,488.14777,184.09622,467.08267,289.42163,501.6896,265.34726,439.999,426.3447,495.67102,390.23312,394.85953,513.6143,426.45715,477.50275,480.6245,491.0446,503.19424,480.51205,489.6524,646.02344,506.20355,606.9026,503.19424,706.2094,512.22217,692.66754,439.999,131.4335,470.09198,236.75893,491.15707,479.00742,446.0176,686.649,441.50366,677.6211,453.54083,706.2094,452.0362,677.6211,512.22217,716.74194,530.27795,700.1908
0.5362518676198446,412.13763,195.14609,421.1578,180.11249,412.13763,178.60912,463.2519,189.13264,488.80902,183.1192,469.26532,291.36118,499.33255,268.81076,442.20483,428.16696,494.82245,393.58966,400.11075,518.3686,428.6746,483.79132,479.78885,498.82492,497.8292,486.79803,488.80902,644.6509,503.84262,608.57025,502.33926,706.28864,508.3527,691.25507,443.70822,130.50159,469.26532,237.24019,488.80902,480.78458,443.70822,688.24835,439.19812,676.22144,452.72836,709.2954,446.71494,673.2147,511.35944,716.8122,527.89636,697.2685
0.5423433700433145,412.20163,195.44064,421.24567,181.87462,410.6943,180.36728,461.94376,190.91864,489.07584,184.8893,469.48044,291.91022,499.6272,270.8075,443.8557,429.0779,498.11984,394.40915,403.1576,524.04016,433.30435,484.84937,481.53912,493.8934,501.13452,481.8347,489.07584,644.6271,502.64185,608.451,504.1492,707.93524,508.6712,692.8619,440.84103,133.63983,467.9731,237.64609,490.58316,480.32736,446.8704,689.8472,443.8557,679.29584,454.40707,710.94995,449.88507,677.7885,514.70056,718.48663,528.2666,698.89124
0.5341804766884217,410.83096,196.76346,422.86472,183.2255,409.32675,181.72127,467.99127,190.74658,490.55453,184.7297,470.9997,294.5377,496.5714,274.98285,448.43643,432.9258,493.563,404.34567,407.8225,530.7,433.39423,499.11145,478.5208,509.641,490.55453,500.61566,490.55453,652.54175,499.57986,611.92786,501.08408,706.69366,505.59674,691.6514,445.42798,132.08205,469.49548,238.88159,486.0419,490.08612,443.92377,682.62616,442.41956,670.5924,454.4533,706.69366,446.93222,666.0797,511.61362,715.71893,525.15155,696.1641
0.5361570584086272,411.96896,198.71571,424.0293,183.64029,408.9539,182.13275,470.76312,191.17801,414.98404,186.65538,470.76312,295.19843,497.89886,275.60037,452.6726,433.8923,494.8838,405.249,414.98404,530.375,434.5821,498.7166,478.3008,506.25433,493.37625,495.70154,488.85364,649.4708,500.91397,604.24457,502.4215,705.24994,509.95923,690.1745,442.1198,132.38385,469.25558,240.9269,487.34607,488.16382,443.62735,676.6066,442.1198,666.05383,454.18015,700.7273,449.65753,658.5161,512.9743,715.80273,529.55725,693.1896
0.5382928962890918,414.8089,199.35999,426.88593,185.77333,410.28003,184.2637,473.68445,191.81184,414.8089,187.28296,473.68445,294.46664,494.81924,276.35107,454.05927,439.39105,488.78073,406.1792,414.8089,542.04584,432.92447,499.7762,476.7037,507.32434,491.8,496.75696,487.27112,646.21027,500.85776,603.9406,502.3674,708.10504,511.42517,689.9895,441.98224,132.9363,469.15555,241.62961,487.27112,486.18954,440.4726,670.3643,445.0015,664.3258,452.54962,691.49915,449.53036,656.77765,512.9348,717.16284,529.5407,691.49915
0.5711600115666022,417.92392,201.8532,432.9205,188.35628,414.9246,185.35696,480.90955,194.3549,416.42426,189.85593,480.90955,296.33163,473.41125,279.83542,461.414,444.79776,471.9116,410.30563,422.42288,545.27484,431.42084,500.28513,477.91022,506.28375,485.4085,497.2858,483.90884,629.2557,491.40714,608.2605,500.4051,708.73755,507.90338,693.74097,446.41742,132.86893,470.41193,245.34328,486.90817,489.7875,444.91776,689.242,447.91705,672.7458,455.41534,707.2379,453.9157,669.74646,513.90204,717.7355,525.8993,698.2399
0.5779413076547476,419.36182,202.39969,435.91107,187.35492,414.8484,185.85043,482.54984,194.8773,416.35287,190.36386,481.04535,298.6862,475.02747,279.128,469.00955,441.61145,470.514,410.01746,431.39764,540.9069,434.4066,506.30396,478.0364,510.81738,488.56775,501.79053,484.05432,638.6979,490.0722,614.6263,499.09906,710.9128,505.11697,698.87695,446.44238,131.68929,472.0185,246.0295,485.55878,498.78156,437.41553,691.35455,455.46927,680.82324,453.96478,706.39935,452.4603,677.8143,512.63934,719.93964,524.6752,704.89484
0.5874182765300457,420.91547,203.19365,438.99045,186.62492,416.39673,185.11867,484.1779,194.15616,416.39673,191.14366,485.68414,299.59354,470.62164,283.0248,475.14038,442.6871,463.09042,412.56213,435.97794,539.087,431.4592,501.4308,479.65915,514.987,479.65915,508.962,485.68414,638.4993,488.69662,617.41187,500.7466,709.293,502.25287,697.24304,446.52167,130.89374,470.62164,246.87485,484.1779,502.937,446.52167,691.218,451.04044,679.168,455.55917,703.268,451.04044,676.1556,514.30286,718.3305,521.8341,704.7743
0.5986185807448167,425.59363,201.44258,443.67703,186.37306,418.05887,184.86612,485.8717,195.41478,415.04495,192.40088,490.39255,296.38052,466.2813,281.311,479.84387,441.04788,458.74655,412.4158,439.1562,542.0136,428.6075,501.32596,482.8578,514.8885,473.81607,508.86072,485.8717,645.9933,487.37863,618.86816,500.9412,710.79224,500.9412,694.21576,446.69095,130.61586,470.8022,248.15808,484.36475,505.8468,452.71875,692.7088,437.64923,677.6393,455.73267,704.7644,443.67703,676.1323,514.5038,718.32697,520.53156,703.25745
0.6205728684480374,427.1291,200.26318,446.89102,185.06169,419.52835,183.54155,486.41486,192.66243,416.48804,192.66243,497.0559,296.03253,462.0925,282.3512,497.0559,438.92645,462.0925,411.56378,449.9313,540.77637,433.2097,499.7324,486.41486,527.09503,475.77383,522.5346,486.41486,653.26733,486.41486,628.945,501.61636,711.033,500.0962,695.83154,448.41116,128.81621,469.69324,248.90793,481.85443,510.3734,437.7701,676.0696,436.24997,673.0293,436.24997,700.39197,440.81042,673.0293,513.7775,721.674,519.85815,706.47253
0.6276904000685766,427.30823,201.49643,445.61914,184.71144,419.6787,184.71144,485.2928,193.86688,416.6269,193.86688,499.02597,294.57687,462.40414,285.42142,497.50006,438.01233,463.93005,409.02005,456.3005,538.7223,436.46368,495.99686,486.8187,523.4632,476.13733,518.8855,485.2928,650.11365,486.8187,627.22504,503.6037,712.6759,500.55188,691.31323,447.14505,131.30463,470.0337,248.7996,483.76688,506.67822,436.46368,663.84686,428.83414,668.42456,430.36005,682.1578,439.5155,665.37274,515.811,723.3573,518.8628,701.99457
0.6114849064212579,429.40323,201.13979,447.67807,184.38782,420.26578,184.38782,485.75073,192.00235,415.69705,193.52525,499.45688,298.60574,462.90714,281.8538,502.5027,438.71307,464.43005,409.77786,459.86133,540.74774,438.54065,499.6293,485.75073,530.0874,476.61328,523.9958,485.75073,658.0115,488.79654,632.1221,500.97977,711.3132,497.93396,693.0383,446.15518,129.56322,470.52167,248.34985,482.70493,513.33545,437.01773,665.62604,432.44904,671.71765,432.44904,689.9925,438.54065,671.71765,513.163,721.9735,517.73175,703.69867
0.629798001394822,430.38217,201.79694,448.67572,186.5523,421.2354,185.02785,486.7873,194.17462,415.13754,195.69908,505.08084,297.83807,459.34695,285.64236,506.6053,438.08862,463.92035,407.59937,466.96927,538.7031,439.52896,496.0182,488.31174,526.50745,477.6405,521.934,483.73837,651.51337,486.7873,631.6954,503.55637,712.4919,497.45853,691.14935,448.67572,131.67166,471.54266,250.57973,483.73837,508.2139,441.0534,663.70905,434.95557,671.33136,434.95557,688.10046,439.52896,668.2825,514.2276,723.1631,518.801,701.8206
0.606058211853871,432.61432,204.39038,450.78143,187.73721,422.01688,187.73721,487.1156,195.30682,415.96118,195.30682,506.7966,299.76758,462.89282,280.08655,512.8523,445.10425,468.9485,399.68652,473.49026,541.99536,446.23965,487.49408,493.17126,519.2865,478.03204,510.20294,482.57382,650.99786,484.08774,629.8029,503.76874,714.58264,497.71304,685.8181,446.23965,131.72205,470.46243,251.322,487.1156,501.11942,429.5865,663.10925,435.64218,669.1649,429.5865,682.7902,438.67004,666.1371,515.8801,722.1523,517.39404,696.4155
0.6023548572109296,434.02036,205.64598,452.14682,189.03004,423.4466,189.03004,488.39975,196.58275,415.8939,196.58275,511.05783,294.76776,458.189,281.1729,518.61053,445.82166,467.25223,397.48444,476.31546,547.0278,440.06253,485.09567,495.95245,512.2854,474.8049,507.75375,483.86813,649.74445,480.84708,627.08636,505.0157,716.2081,497.46298,685.9974,446.10468,131.62958,470.2733,252.47269,485.3787,495.66946,397.76743,679.9552,440.06253,670.89197,432.50983,698.08167,440.06253,667.8709,517.1,725.27136,517.1,699.5922
0.6205521340553577,435.25717,207.40762,454.9274,190.76358,423.1524,190.76358,488.21548,196.81596,414.07385,198.32906,516.96423,295.16708,444.33572,283.06235,526.04285,438.91104,454.9274,392.00513,488.21548,534.236,421.6393,454.042,503.3464,513.0527,474.59763,507.0003,491.24167,650.74426,476.11072,629.5609,507.8857,711.268,485.18927,682.5192,445.84885,133.266,467.03217,255.82664,489.72858,493.38245,444.33572,697.6502,438.28336,670.4145,447.36194,705.21564,441.30954,668.90137,518.47736,721.8597,500.32022,697.6502
0.6558195805320373,436.2336,207.55286,454.40546,190.89532,424.11905,190.89532,487.72055,196.9526,413.5188,196.9526,522.5499,292.35486,437.74792,281.7546,531.63586,430.1581,437.74792,386.2428,498.3208,524.0461,412.00446,454.38727,508.92105,507.38852,466.52005,501.33124,493.77783,646.7061,475.606,627.01996,508.92105,708.7933,486.20624,684.56415,445.31955,134.86542,466.52005,254.49683,487.72055,487.70233,445.31955,707.279,437.74792,666.3923,463.4914,719.39355,442.2909,666.3923,521.03564,720.90784,508.92105,701.2217
0.6630108665961486,440.22836,206.9635,458.42917,190.27942,426.57773,190.27942,488.7639,193.31288,412.92712,196.34636,523.6488,290.38397,432.64468,285.83374,537.29944,423.8567,426.57773,387.45505,506.96472,517.8943,402.30997,455.70813,509.9982,508.79388,464.49612,505.7604,497.8643,648.33356,476.63,628.61597,509.9982,707.4862,490.2806,683.21844,446.2953,132.64346,464.49612,255.49904,484.21368,490.59305,447.81204,705.9695,438.7116,669.5679,467.5296,716.5867,441.7451,668.0511,520.61536,718.1034,514.5484,698.3858
0.6659459345615827,440.8186,208.68837,457.4778,190.51468,427.18832,192.02914,487.7673,195.0581,413.55807,198.08705,524.1147,287.441,427.18832,285.92654,537.74493,419.20023,419.61597,387.3963,511.99887,511.58316,395.3844,458.57657,513.51337,505.52524,463.5357,500.98184,499.8831,644.8569,480.19492,625.1687,511.99887,708.4648,498.36862,688.7766,445.36203,134.47914,463.5357,255.63705,484.73834,485.8371,458.99228,711.4937,443.84753,678.1753,477.166,719.0661,449.90546,678.1753,522.6002,717.5516,518.05676,700.8924
0.6586392516127,444.88654,206.94246,460.08923,190.21948,428.16357,190.21948,488.97437,193.26003,414.48114,196.30057,526.9811,287.51672,425.12305,281.43567,543.70404,412.17883,416.00143,384.814,526.9811,507.9558,391.67712,457.78693,513.29865,501.87473,463.1298,498.8342,504.17706,640.21924,479.85275,621.976,514.819,708.6314,499.61624,691.90845,446.4068,133.96951,464.65005,254.07082,485.93384,485.15176,464.65005,713.1922,444.88654,684.30707,495.05545,722.31384,447.9271,681.26654,523.94055,716.2327,516.33923,702.5503
0.6665703574052224,444.77982,207.96712,461.49,189.73784,429.58875,191.25694,490.353,191.25694,414.39767,195.81427,531.3689,286.96066,423.51233,282.40335,549.59814,413.0465,411.35947,385.7026,534.4071,505.712,387.05377,460.13882,516.1778,501.1547,464.5282,499.6356,505.54407,631.79785,481.23837,619.645,517.6969,709.2723,505.54407,694.08124,447.81802,133.5309,466.0473,253.54031,487.3148,485.96362,466.0473,715.34875,449.33713,692.56213,514.6587,724.4634,449.33713,689.5239,526.8116,716.86786,519.21606,704.71497
0.6764722351844494,445.20547,207.23784,461.94638,190.49692,429.98645,190.49692,492.38443,192.01881,416.28934,195.06262,534.9977,287.89865,422.37692,280.28915,551.7386,415.73843,408.6798,385.30038,539.5634,513.14014,384.32938,458.35168,516.73486,497.92114,463.4683,496.39923,509.12537,630.3266,481.7311,618.1514,521.3006,706.42175,506.08154,694.2465,448.24927,132.66464,466.5121,252.8949,486.2968,481.1802,474.1216,714.03125,455.8588,695.76843,518.2568,720.11884,454.33688,694.2465,531.95386,714.03125,515.21295,701.856
0.7047276863685021,451.60867,205.97603,469.9191,189.19147,436.34998,189.19147,497.3847,190.71735,421.0913,193.76907,540.109,283.7953,421.0913,283.7953,558.41943,411.9682,404.30676,392.13193,553.84186,509.62378,376.84113,471.47705,523.32446,497.4168,466.86734,497.4168,515.6951,633.21906,483.6519,617.9604,529.4279,707.98663,509.59164,697.30554,454.6604,131.20848,469.9191,251.75206,491.28125,482.15814,482.12604,717.14185,465.3415,704.9349,521.7986,724.7712,462.28973,703.409,540.109,715.61597,520.2727,703.409
0.6752014011144638,453.2522,206.78273,469.99237,188.52072,438.03387,190.04256,500.42905,190.04256,424.33737,193.08623,544.56226,284.39624,422.81555,279.83072,564.34607,413.75208,404.55353,387.88092,559.7806,512.67126,375.6387,471.58176,523.25653,498.97476,466.9487,497.45294,521.73474,645.0708,488.2544,622.2433,535.4312,705.94415,512.6037,695.29126,456.29587,129.16922,474.5579,250.9159,491.29807,483.75644,489.7762,716.597,463.90506,702.90045,530.8657,724.2061,460.8614,699.8568,544.56226,713.5533,524.7784,702.90045
0.7043034136295319,460.01456,205.60988,476.73764,188.8868,444.81177,190.40707,505.623,190.40707,429.60895,193.44763,548.19086,284.6645,425.0481,281.62393,567.9545,412.36807,403.76416,392.60443,564.91394,512.7066,374.87885,473.17932,525.38666,503.58493,467.61597,503.58493,526.9069,646.49133,490.42017,625.2074,539.06915,704.262,507.14328,696.6606,461.53485,131.11612,476.73764,251.2183,493.46075,486.86185,496.5013,714.904,473.69708,707.30255,536.0286,722.5054,467.61597,704.262,546.6706,711.8634,516.26495,705.7823
0.7048110916064336,465.82062,205.26564,481.02704,188.53856,449.09354,188.53856,509.91928,190.0592,433.8871,193.1005,552.4973,284.33908,426.28387,282.81845,570.745,413.59378,406.5155,395.34607,569.22437,513.95624,374.582,475.9402,529.6876,507.8737,468.8619,509.39432,531.20825,659.93805,494.71283,644.7316,544.89404,705.5573,509.91928,700.9954,465.82062,130.7541,481.02704,252.40558,496.2335,492.66724,522.0844,716.20184,484.06833,708.59863,543.3734,725.3257,473.42383,707.078,552.4973,713.1606,519.04315,708.59863
0.7445622774270865,477.79883,207.51543,494.47824,189.3197,461.11945,190.83601,520.2555,190.83601,442.9237,195.38495,559.67957,286.36353,429.27692,284.84723,577.8753,413.73355,411.0812,398.57043,579.3916,516.8426,380.755,481.9675,533.9023,509.26105,468.701,509.26105,539.9675,659.37573,494.47824,645.72894,550.5817,703.3487,505.0924,698.7998,476.28253,131.69994,486.8967,253.00471,497.51086,494.09796,535.41864,715.4792,494.47824,707.89764,555.1306,720.02814,477.79883,706.38135,555.1306,709.41394,511.15765,706.38135
0.759329677774356,482.9915,207.60385,498.11432,190.96872,464.8441,190.96872,523.8232,190.96872,448.20895,195.50557,564.65485,286.24265,433.0861,284.73035,582.80225,410.24994,413.4264,398.15167,585.82684,514.5976,383.18073,484.3519,537.4337,505.52386,470.89322,505.52386,541.9706,647.6786,493.57748,631.04346,554.06885,703.6331,505.67575,699.09625,479.96692,131.98962,492.0652,252.97238,501.13892,490.40103,540.4583,717.2437,493.57748,712.70685,561.63025,721.7805,478.45462,711.1945,557.09344,709.68225,511.72488,708.17
0.7654685240525466,486.77414,208.68367,503.42404,190.52014,470.12424,192.03377,529.1557,190.52014,451.9607,196.57465,568.5101,285.8787,435.3108,287.39233,586.6736,405.45532,415.63364,400.91443,591.2145,511.40927,385.36105,488.70486,542.7784,506.86838,474.66513,508.38202,545.80566,655.2039,495.8559,640.0676,554.8874,705.1537,506.4513,700.6128,485.26053,133.00227,495.8559,254.09251,504.93768,493.24573,544.292,718.7763,495.8559,712.7218,565.4828,723.3172,477.69238,711.2082,557.9147,711.2082,514.0195,708.1809
0.7755636526988103,493.03842,208.58269,508.17792,190.4153,474.87103,191.92924,533.91504,191.92924,456.70364,196.47108,573.2778,284.28015,437.0223,287.30804,591.4451,403.88217,418.85492,403.88217,595.987,509.8586,390.08987,493.20517,549.05457,502.28888,476.38498,503.80283,550.5685,644.6001,493.03842,626.43274,558.13824,703.64417,505.15002,699.1023,490.01053,132.88522,499.09424,254.00116,509.69186,490.17728,547.5406,717.26965,500.6082,709.69995,567.2219,721.8115,480.92685,709.69995,558.13824,709.69995,512.7198,706.67206
0.7856780130129594,497.63794,207.68355,514.30084,189.50586,480.97507,191.02068,537.02295,191.02068,461.2826,197.0799,576.4079,286.4535,437.0457,287.9683,596.1004,403.0936,421.8976,404.6084,602.1596,509.13007,394.6311,493.982,553.6858,503.07083,479.46027,506.10046,552.17096,643.9479,491.57874,636.37384,559.745,706.05493,505.21198,699.9957,494.60834,131.9432,502.18237,254.64255,512.786,492.4672,552.17096,718.1734,499.15277,713.62897,573.3783,724.2326,482.4899,715.14374,559.745,710.59937,515.8156,706.05493
0.8109803749964788,502.4008,206.57524,517.5499,189.91116,484.2218,189.91116,540.2737,191.42609,464.5279,195.97083,581.17645,285.3509,438.77432,288.3807,597.8405,401.99942,423.62515,408.05908,606.93,506.52866,399.3865,500.469,556.93774,501.9839,479.67703,503.4988,555.42285,642.8711,488.76654,635.2965,559.9676,704.98267,505.43063,698.923,497.85605,132.34435,505.43063,255.05257,516.03503,492.8944,555.42285,715.5871,503.9157,714.07214,575.11676,720.13184,485.73672,715.5871,558.4527,708.0125,516.03503,703.4678
0.8106291683820578,506.50195,206.92581,521.6845,190.22498,489.8011,190.22498,544.4584,191.74323,468.54547,196.298,583.9331,282.83875,441.21683,287.39352,602.1522,399.74463,426.03424,407.33594,612.78,502.9862,403.26038,502.9862,561.15924,498.43143,482.2098,499.9497,558.12274,642.666,486.7646,633.55646,559.641,709.46936,504.98367,697.3233,501.94717,132.53114,508.0202,253.99182,520.16626,489.3219,556.6045,717.06067,503.46542,714.0241,577.8601,724.6519,485.24634,714.0241,556.6045,712.50586,518.648,703.3963
0.8243558567303878,513.37177,207.28267,528.57477,190.55933,496.6484,190.55933,548.33875,192.07964,475.36417,196.64055,587.8666,280.2572,444.95813,287.8587,609.1508,395.80023,431.2754,403.40173,624.3539,497.66052,409.99115,499.18082,566.58234,496.14023,484.486,494.6199,560.50116,649.6908,484.486,637.5284,558.98083,710.5029,502.7296,699.8608,508.81085,134.30812,514.892,252.89175,525.5342,485.4981,552.8996,713.5435,502.7296,715.06384,578.74475,719.62476,486.0063,716.5841,555.94025,713.5435,513.37177,704.4217
0.819491866689462,515.63525,207.11156,530.88184,188.8156,498.86395,190.34027,552.2272,191.86493,475.994,194.91426,591.8684,280.29538,447.0254,287.9187,613.2137,394.6451,433.30344,402.26843,629.985,496.79752,413.48282,499.84686,567.47375,498.32217,486.66663,498.32217,562.8998,647.73914,486.66663,640.11584,561.3751,710.25037,501.91327,699.5777,511.06125,132.40308,517.1599,252.85144,526.30786,487.64954,558.3258,714.82434,501.91327,713.2997,582.7204,723.9723,485.14197,714.82434,556.80115,714.82434,509.5366,704.1517
0.8268079276268299,519.0404,206.11638,532.79364,187.77875,502.2309,189.30688,554.18756,190.83502,479.30887,193.89128,592.391,276.41068,447.218,287.10764,615.313,394.07718,436.52103,401.71786,635.1788,496.46234,416.65527,497.99048,567.9408,496.46234,486.94955,496.46234,563.3564,646.2197,490.0058,635.52277,560.3001,708.87335,502.2309,704.28894,514.456,131.23769,519.0404,251.96048,526.6811,485.76538,558.772,711.9296,500.70276,716.51404,581.69403,719.57025,480.837,719.57025,557.24384,713.45776,508.34344,708.87335
0.8154960045447717,520.4034,205.33002,535.6925,186.98306,503.58536,188.51198,555.5684,190.04088,480.65167,193.09871,595.3201,278.7178,447.0156,287.8913,619.7827,393.38626,437.84213,401.03082,642.71643,492.76556,419.49518,500.41013,567.7997,498.88123,488.29623,497.3523,563.21295,647.1857,491.35406,636.48334,561.684,706.81335,502.05646,703.7555,515.81665,128.88438,520.4034,252.7263,528.048,486.64993,561.684,711.4001,503.58536,715.9868,580.031,719.0446,482.1806,720.57355,557.0973,712.92896,506.6432,708.3422
0.8162423165944906,523.0253,204.70697,538.33453,187.86682,504.65424,187.86682,558.2366,190.92867,481.6904,192.4596,596.50964,279.7222,449.54102,285.8459,622.53534,393.0105,438.82455,399.1342,648.561,492.52048,421.9844,501.70602,567.42206,500.17508,487.8141,498.64417,564.3602,647.1437,492.40686,639.4891,561.2984,705.3188,503.12332,705.3188,518.43256,129.69176,521.4944,252.16559,527.6181,487.9277,561.2984,708.3806,504.65424,716.0352,578.13855,716.0352,483.2213,722.15894,558.2366,711.44244,507.7161,711.44244
0.8101381556345866,524.39575,204.9863,539.70776,188.14308,507.55252,186.61188,561.14453,191.20547,484.5845,191.20547,596.3622,280.01517,450.89807,287.67117,626.9862,390.26166,440.17966,402.51126,654.54785,485.19614,421.80524,506.63297,570.3318,503.57056,489.1781,503.57056,565.73816,653.6283,495.3029,645.9723,562.6758,710.2827,504.4901,707.22034,521.3333,128.42622,524.39575,252.45354,528.9893,491.32095,561.14453,711.81396,506.0213,719.47,577.9878,719.47,483.05328,724.06354,559.61334,714.87634,509.0837,713.34515
0.803224286207786,523.9815,206.12698,539.30206,189.27432,507.1288,187.74226,560.7509,192.33844,485.68,190.80638,595.9883,279.66583,451.97467,285.7941,628.16156,389.97415,439.7182,402.23062,657.2707,483.42978,421.3335,509.4748,571.47534,501.81448,490.27615,501.81448,565.3471,650.4243,494.87234,647.36017,562.28296,710.1746,504.0647,708.6426,522.4494,129.524,523.9815,252.08878,530.10974,489.558,560.7509,711.70667,505.59677,719.36694,576.07153,717.8349,484.14792,723.96313,559.2189,714.7708,510.19293,713.2387
0.8104916902688833,526.03076,205.11723,541.34235,188.27444,507.6568,188.27444,561.2475,192.86794,486.22052,191.33678,597.99536,280.1442,451.00378,286.26886,628.61865,387.32556,440.28564,401.10605,657.71075,479.1953,421.91168,509.81857,570.43445,502.16275,489.28284,502.16275,565.841,652.2167,495.4075,647.62317,564.3098,711.932,503.0633,707.33856,522.96844,130.09027,524.4996,251.05211,529.0931,489.91345,561.2475,710.4009,506.12564,719.5878,578.0903,718.0567,483.1582,724.18134,561.2475,714.9943,509.18796,713.4632
0.8111850046194516,526.0717,204.99234,541.385,188.14772,509.22708,188.14772,561.29224,192.7417,486.25717,192.7417,596.5128,280.02744,451.03662,286.15274,628.6707,388.75177,438.78598,402.53372,657.7659,480.63147,421.94138,509.7267,570.4802,502.07007,487.78848,503.6014,565.8862,652.14026,495.44513,649.07764,564.3549,710.33075,504.63312,708.79944,523.00903,129.95723,524.5404,252.46352,527.603,489.81946,561.29224,708.79944,506.16443,719.51874,578.1369,716.45605,483.19452,724.11273,561.29224,714.92474,510.75842,714.92474
0.8023301741251578,526.97577,206.46844,542.2916,189.62105,510.12836,188.08946,562.20215,192.6842,487.15463,191.15262,595.897,279.9844,450.39664,286.11075,628.06024,387.1952,439.67557,404.0426,657.1603,479.09015,421.29657,511.2534,571.39166,500.53232,488.68622,502.0639,565.2653,647.5642,496.34412,647.5642,563.73376,710.35913,507.0652,708.8275,523.9126,129.88933,523.9126,252.41592,528.5074,488.27966,562.20215,710.35913,507.0652,719.54865,577.518,718.017,484.09146,725.6749,560.6706,714.95386,511.65994,716.4855
0.7941463612593137,525.8608,205.21947,541.165,189.91522,509.0261,188.38481,561.0605,192.97607,486.06976,191.44565,596.2602,280.2102,450.87003,284.80145,626.86865,387.3398,438.62662,402.64404,657.4772,479.16522,421.792,509.77368,568.7126,502.12155,487.60016,502.12155,564.12134,649.0422,496.7827,650.57263,562.5909,708.7287,509.0261,710.2591,524.3303,131.75916,524.3303,252.66258,527.3912,489.87817,562.5909,708.7287,509.0261,720.97205,577.89514,716.3808,486.06976,727.09375,561.0605,713.31995,513.6174,716.3808
0.794836544073545,525.9957,206.76054,541.2979,189.92812,509.16327,188.3979,561.1908,192.98856,486.20996,191.45834,594.85565,281.74133,449.48468,284.8018,625.46,388.85678,438.77313,404.159,656.06445,480.67,421.9407,509.7442,568.84186,500.56287,486.20996,502.0931,564.2512,647.46405,498.45172,647.46405,562.721,708.67285,509.16327,708.67285,524.46545,130.24951,522.93524,252.66716,525.9957,489.85135,561.1908,708.67285,507.63306,719.3844,576.493,716.324,484.67975,725.5053,561.1908,713.26355,513.7539,716.324
0.8024986191437795,525.56964,205.7788,540.8623,190.48611,508.74768,188.95685,559.2135,193.54465,484.2794,190.48611,591.3281,280.71292,447.57697,283.77145,621.9135,390.8202,436.8721,401.5251,649.4403,487.1641,423.10867,507.04456,565.33057,499.39822,485.80865,499.39822,562.27203,644.67865,496.51355,646.20795,562.27203,707.37866,505.68915,707.37866,522.5111,130.84467,520.9818,251.65683,524.04034,488.69336,560.7428,705.84937,505.68915,715.025,579.094,713.4957,484.2794,721.1421,560.7428,711.9665,510.27695,713.4957
0.8148249548215133,524.72327,205.6152,540.0267,190.31178,507.8895,188.78143,558.3908,193.37247,483.404,191.84212,590.528,280.60202,446.67578,285.19305,618.0742,392.31705,435.96338,401.4991,644.09,487.19833,422.19028,505.56244,564.5122,499.44107,484.93436,499.44107,561.4515,641.763,495.64676,641.763,561.4515,709.0981,506.35916,707.56775,521.6626,130.6284,520.13226,251.5255,523.19293,488.72867,559.92114,709.0981,504.8288,716.7498,576.75494,716.7498,484.93436,722.87115,561.4515,713.6891,509.41983,713.6891
0.8245894381633172,525.2203,206.43999,540.52435,189.60548,508.3858,188.07507,557.3589,192.6663,483.89926,191.1359,589.49744,281.43,445.63904,284.4908,615.5144,393.14984,434.92618,399.27145,636.9401,489.56558,421.1525,501.80884,561.9501,498.74802,483.89926,498.74802,561.9501,641.07605,496.14252,639.5456,561.9501,711.47485,506.85538,709.9444,522.1595,131.44995,519.09863,250.82182,522.1595,488.03516,557.3589,716.06604,502.26416,720.6573,578.7846,725.2485,485.42966,725.2485,560.4197,717.59644,511.4466,716.06604
0.8281989796803548,522.1134,207.20847,537.4015,190.39154,506.8253,190.39154,555.7472,193.44917,482.36432,193.44917,587.85223,280.59134,444.14407,285.1778,610.78436,393.7233,433.4424,399.83856,629.1301,488.50955,421.2119,500.74002,563.3913,493.09598,483.89313,494.6248,563.3913,641.39056,496.12363,641.39056,564.9201,710.187,505.29648,708.6582,520.5846,133.82556,519.0558,251.54396,522.1134,485.45193,560.3337,714.77344,502.23886,719.3599,584.7946,720.88873,485.42197,723.94635,561.8625,716.30225,509.8829,714.77344
0.8346659197257116,522.7656,206.2429,536.5014,190.98093,505.97745,189.45473,554.8158,192.50713,481.55826,192.50713,588.39215,279.50043,441.8771,284.07904,608.2327,393.9653,432.7199,400.0701,621.9685,491.642,418.98413,499.273,563.97296,491.642,484.61066,493.1682,565.4992,638.15704,495.29407,635.1047,568.5516,709.88837,505.97745,708.3622,518.187,132.98538,518.187,252.02885,522.7656,482.4848,567.0254,717.51935,504.45123,720.5718,589.91833,722.09796,487.66306,725.1504,565.4992,715.99316,510.55603,714.467
0.8372382911352011,521.1991,206.02394,536.45685,189.24046,504.41565,189.24046,554.7661,192.292,481.52908,192.292,586.8073,280.78674,441.85904,282.3125,603.59076,396.74533,431.17862,399.79688,615.79694,498.97202,418.97247,498.97202,562.39496,492.86893,481.52908,492.86893,566.9723,640.8687,495.26102,639.34296,571.54956,712.57996,504.41565,709.52844,518.1476,132.78693,516.6218,250.2713,521.1991,485.24005,571.54956,718.68304,501.3641,720.2088,592.91034,723.2604,484.58063,724.78613,566.9723,718.68304,513.57025,715.63153
0.8140513805242685,520.92645,205.98732,536.1676,189.22202,504.16116,189.22202,554.45703,190.74614,479.77527,192.27026,586.4635,280.6691,441.6723,283.71735,597.1323,398.02618,432.52762,399.5503,603.2288,498.61798,420.33466,498.61798,560.5535,492.52148,481.29938,494.04562,568.1741,637.3127,495.01645,635.7886,580.36707,708.9462,504.16116,704.3739,516.35406,131.30554,516.35406,250.18674,520.92645,484.9009,574.27057,713.5186,498.06467,715.0427,595.6082,715.0427,481.29938,716.56683,575.7947,711.9945,513.30585,711.9945
0.8114810952773461,520.2489,205.84224,535.49097,189.07594,503.4826,189.07594,555.30566,190.60016,480.61948,192.12436,587.3141,280.52847,442.51425,283.5769,596.45935,397.89255,431.8448,399.41675,601.0319,496.96613,419.65112,498.49033,561.4025,490.8693,482.14368,492.3935,569.02356,635.6691,494.33734,637.19336,581.2172,710.35535,505.0068,705.7827,515.6763,129.6318,515.6763,250.0443,520.2489,483.24823,573.5962,714.928,497.38577,714.928,596.45935,717.9764,482.14368,717.9764,579.69305,713.40375,514.15204,713.40375
0.8199299826071813,519.8441,205.43727,536.6154,188.66594,504.59744,190.19061,554.91144,190.19061,480.20276,193.23994,586.92944,280.14594,443.61075,283.19528,596.07745,397.5453,431.41342,399.06995,602.1761,498.1733,420.74075,499.69797,561.01013,490.54996,481.72742,490.54996,568.6334,632.344,495.44943,632.344,583.8801,711.62665,504.59744,707.0527,516.79474,130.7286,516.79474,249.65262,521.3688,482.92664,576.2568,716.2006,496.9741,717.72534,599.1268,720.77466,483.2521,720.77466,580.83075,716.2006,513.7454,714.67596
0.829022629902913,521.3102,206.12167,536.56573,187.81499,504.52908,189.34055,556.398,189.34055,481.64572,192.39166,588.4347,280.87393,443.50684,283.92505,597.588,398.34177,432.82794,399.86734,603.69025,499.0285,420.62347,499.0285,562.50024,489.87515,483.1713,491.40073,570.128,630.2264,495.37573,634.80304,585.38354,711.0809,504.52908,706.50415,516.7335,131.3694,518.2591,250.36281,522.83575,483.77295,577.7558,715.65753,496.9013,718.7086,600.63916,720.2342,483.1713,721.75977,580.8069,715.65753,513.68243,714.13196
0.8353897401919732,522.37256,206.02046,537.62585,189.24184,505.59393,189.24184,557.45514,190.76717,482.714,192.2925,589.48706,280.76163,444.58075,282.28696,598.63904,398.21204,433.9034,399.73737,607.791,498.88382,423.2261,497.3585,563.55646,491.25717,484.23932,492.7825,571.1831,631.5875,496.44196,634.6382,586.4364,709.37933,505.59393,706.3287,517.7966,131.2793,519.3219,250.25504,522.37256,485.15585,578.80975,717.006,501.01794,717.006,603.215,720.05664,485.76465,720.05664,581.8604,713.9553,514.7459,713.9553
0.8369795336173131,522.711,204.60196,537.95825,187.82999,505.93906,189.3547,557.7797,190.87944,483.06818,192.40416,589.79895,282.36295,444.95004,283.88766,601.9967,398.24203,434.27698,399.76675,609.62036,500.3986,423.6039,497.34915,565.4033,491.25024,484.5929,491.25024,573.027,630.00024,496.7907,633.0497,586.74945,710.81067,505.93906,707.76117,518.13684,131.41516,519.66156,250.3437,524.2358,483.62662,580.6506,716.90955,499.84015,718.43427,603.5214,721.4837,486.1176,721.4837,582.1753,715.3848,515.0874,715.3848
0.8479221990475287,523.81793,205.6086,537.47864,188.91214,507.12146,188.91214,557.2108,191.94786,485.87143,193.46571,592.1216,281.50156,449.4428,283.0194,607.3002,396.85883,437.29996,396.85883,616.40735,497.03754,425.15707,494.00183,567.8358,490.9661,487.3893,490.9661,575.4251,630.60913,498.0143,632.127,584.5323,712.57355,507.12146,711.05566,520.7822,132.75136,520.7822,249.62651,526.85364,481.85895,578.4609,721.68066,499.53217,721.68066,601.22876,726.23425,485.87143,724.71643,578.4609,718.64496,516.22864,717.12714
0.8525764850469736,524.08014,204.92274,539.22815,188.2599,507.41727,188.2599,557.40576,191.2895,486.21002,192.8043,593.76105,280.66293,449.85474,283.69254,608.9091,395.788,439.2511,398.8176,619.51276,495.76505,425.6179,495.76505,569.52423,491.22064,489.23962,491.22064,575.58344,630.5826,499.84326,635.12695,584.67224,712.38196,507.41727,710.8672,521.0505,132.21217,522.5653,250.36685,528.6245,482.1318,580.12787,724.50037,501.35806,722.9856,604.3647,726.0152,486.21002,724.50037,578.61304,718.44116,516.5061,716.9264
0.8447892734637628,523.262,202.79858,538.3823,187.67825,508.14166,187.67825,558.03876,192.21436,486.9732,193.72638,595.8396,279.9123,452.1964,284.4484,610.95996,396.3389,441.61218,399.36298,621.5442,496.13312,429.5159,497.64517,570.1351,490.085,489.99725,490.085,576.18317,627.68005,499.06946,632.2162,585.2554,709.3299,506.62964,710.8419,521.75,133.24504,523.262,249.67163,529.3101,481.0128,582.2313,722.9382,502.09354,719.9141,603.3998,724.4502,485.46115,722.9382,579.2073,715.378,515.70184,716.8901
0.8432822685975295,524.2121,202.7075,537.8238,186.071,509.08798,186.071,558.9975,192.12064,487.91425,192.12064,596.80774,278.32797,453.12885,284.3776,613.4442,396.2959,444.05438,402.34555,624.0311,494.6025,431.9551,499.13974,572.6092,491.5777,490.93906,491.5777,577.1464,624.66974,500.01352,632.2318,586.2209,709.3647,506.06317,710.8771,522.69965,131.62425,524.2121,248.07979,530.2617,482.50323,581.68365,718.43915,501.52594,719.95154,604.3698,721.4639,483.377,722.9763,581.68365,715.4143,513.62524,716.9267
0.8394429110563718,526.0472,201.06792,539.662,184.42766,510.91968,184.42766,559.32776,190.47865,489.74118,191.99141,598.6593,278.21826,454.94788,285.782,616.8123,397.72562,447.38412,405.28937,624.37604,496.05447,438.30762,503.61823,572.9425,491.51624,492.76666,491.51624,578.9935,624.63837,500.3304,635.2276,586.55725,709.3525,506.38144,712.3779,524.5344,129.9686,526.0472,247.96321,532.0982,482.4397,582.01904,716.9162,504.86868,718.42896,604.71027,721.45447,483.69016,724.48,582.01904,715.40344,513.9452,718.42896
0.8500416049590478,525.53845,199.18266,540.7145,184.00658,510.36237,184.00658,560.4434,191.59462,490.63345,191.59462,599.9012,279.61584,457.2461,285.68628,618.1125,394.954,449.65805,399.50684,625.7005,495.11612,443.58765,498.15134,572.5842,493.5985,493.66867,493.5985,578.65466,625.6304,502.77432,637.77124,586.24274,706.06354,507.32715,709.09875,525.53845,130.89032,528.57367,247.7461,531.6089,484.49286,583.2075,713.6516,507.32715,716.6868,605.9716,716.6868,486.08063,721.2396,583.2075,712.134,513.3976,715.1692
0.854982662659425,528.827,199.52321,542.4725,182.84549,513.66547,182.84549,562.1825,190.42627,492.4393,190.42627,601.6026,278.36337,457.5677,284.428,618.28033,395.10745,451.50305,396.6236,627.37726,495.1738,446.9546,495.1738,574.31177,492.14148,493.95544,493.65762,580.3764,627.0794,501.53622,637.6925,586.44104,707.4357,507.60086,710.4681,527.3109,129.78,528.827,248.04024,533.37555,483.04453,581.8925,718.0488,506.0847,716.53265,604.6349,722.5973,486.37466,722.5973,583.4087,715.01654,513.66547,716.53265
0.8486750630232004,530.3835,199.29956,544.0354,184.13077,515.21466,184.13077,563.7548,190.19829,493.97836,191.71516,603.19366,278.17728,460.60703,284.2448,621.39624,394.977,456.05637,398.01074,630.4975,493.57416,451.50574,496.6079,577.40674,490.5404,498.529,490.5404,580.4405,625.54266,504.59653,634.6439,588.0249,707.45416,507.63028,708.971,528.8666,129.52312,531.9003,247.8397,536.451,481.43912,583.47424,716.5554,510.66403,715.0385,606.2274,721.1061,489.42773,721.1061,584.99115,715.0385,512.1809,715.0385
0.8451405740701236,531.52203,199.03568,545.1792,183.86104,514.82996,183.86104,564.90625,191.44836,493.58548,192.96582,604.3603,277.94376,461.71875,284.0136,622.5698,393.27094,458.68384,397.82333,630.15717,493.4235,454.13144,496.4584,578.5634,488.8711,499.65533,488.8711,581.5983,625.44275,504.2077,636.065,587.6682,707.38574,507.24265,710.4207,528.4871,130.74985,531.52203,247.59448,537.5919,481.28378,584.63324,716.49054,511.79504,711.9382,607.3952,721.0429,490.55054,719.52545,584.63324,714.9731,511.79504,716.49054
0.8429401539839231,532.7707,199.66127,547.92645,184.50552,517.6149,184.50552,566.11334,190.56783,494.8813,192.0834,605.5183,278.4712,463.0542,283.0179,622.18964,395.1705,458.50748,398.20166,631.2831,495.1985,453.96075,498.2296,579.75354,489.13617,499.42804,489.13617,581.2691,625.53796,505.49033,634.6314,588.847,708.8946,508.52148,710.41016,531.2551,129.94481,532.7707,248.15968,538.833,481.5583,584.30023,716.4725,510.03705,714.9569,607.0339,721.0192,488.819,722.5348,584.30023,716.4725,513.0682,717.98804
0.8412933831031506,534.2613,200.02893,547.8954,183.36504,517.5974,184.87993,567.5891,190.93953,496.38882,192.45442,606.9765,277.28882,463.06104,283.34842,623.6404,395.451,458.51633,399.9957,634.2447,496.94928,452.45673,501.494,579.7083,489.3748,500.9335,489.3748,581.2232,627.23065,505.4782,636.32007,588.7977,709.0352,508.50803,710.5501,531.2315,130.34354,534.2613,246.99081,538.806,481.80026,581.2232,715.09485,510.02292,715.09485,603.9467,721.1544,490.32922,722.6693,585.7679,716.60974,513.05273,718.12463
0.8449128957895132,533.50073,199.97243,548.5627,184.91048,518.4388,183.40428,568.14325,192.44145,497.35205,192.44145,607.3043,278.2946,464.21576,282.81317,625.37866,395.7778,459.69717,398.7902,634.41583,496.69287,453.6724,501.21146,580.1928,490.6681,501.87064,489.1619,581.699,629.23804,504.88303,633.75665,587.72375,709.0664,507.89542,710.5726,531.9945,130.68745,535.0069,246.66447,539.5255,480.12473,581.699,713.58496,509.4016,718.1036,602.7857,719.60974,489.82108,722.62213,584.71136,715.0912,513.92017,718.1036
0.8375312777665945,534.63794,200.12413,549.69775,185.06436,519.5782,185.06436,569.27545,192.59425,498.4945,192.59425,608.43085,279.94095,465.363,282.95288,624.9966,397.40717,459.3391,400.41913,637.04443,499.81363,450.30325,501.3196,579.81726,490.77777,501.50647,490.77777,582.8292,629.3277,506.0244,635.3516,588.85315,709.1445,507.53036,709.1445,533.132,130.84917,536.1439,248.31541,539.1559,480.23593,581.32324,715.1684,510.54233,716.6744,603.9129,719.68634,489.45865,721.1923,585.8412,715.1684,513.55426,716.6744
0.8425582314913089,535.83264,198.02371,550.958,182.89836,520.7073,182.89836,570.6209,190.46104,499.53177,191.97357,609.94684,279.70062,467.76852,282.72568,629.6098,397.67838,457.1808,399.1909,650.7853,495.99316,436.0053,495.99316,579.69617,489.94302,501.0443,489.94302,582.7212,627.58374,505.5819,635.1464,588.77136,706.23553,508.607,706.23553,534.32007,131.47217,537.34515,247.93738,538.85767,482.38034,582.7212,710.77313,511.63205,710.77313,605.40924,715.3108,488.94403,715.3108,585.7463,712.2857,513.1446,713.7982
0.8564844269018906,536.5478,197.97607,550.1685,182.84187,521.4136,182.84187,569.843,190.40898,500.2257,190.40898,609.1919,279.7007,466.93048,282.72757,633.4066,396.234,453.3097,397.74744,659.13477,493.09286,426.06815,491.57944,580.43695,488.5526,501.73914,487.03918,581.9504,626.27374,504.76596,633.8409,588.004,707.9984,509.3062,709.51184,535.03436,131.38562,536.5478,247.91891,539.5746,479.47208,581.9504,712.5387,510.81964,715.5655,606.16504,717.0789,488.11835,720.1058,586.4906,714.05206,513.8465,715.5655
0.845686660363124,538.19147,198.19797,551.8067,183.06993,521.55066,183.06993,571.47314,190.63396,500.3714,190.63396,609.2932,279.88934,467.08972,282.91495,638.0365,396.3752,447.42328,397.888,672.831,491.68182,414.1416,490.169,580.55,488.65622,501.8842,487.1434,582.06274,629.3469,504.9098,633.8853,588.114,706.4999,509.4482,708.0127,535.1659,130.12183,538.19147,248.12048,539.7043,478.0666,580.55,709.5255,510.96103,712.5511,603.242,714.0639,488.26895,717.0895,585.0884,711.03827,513.98663,714.0639
0.8420531680950751,537.6014,198.35233,552.7262,183.22746,522.4765,183.22746,572.38855,190.7899,501.3017,190.7899,610.2007,278.51407,469.5395,283.05154,643.47534,390.43802,442.31476,398.00046,685.82495,479.67468,399.96515,484.21216,581.46344,488.7496,502.81418,485.72464,582.97595,627.8983,505.83917,633.94824,589.0259,709.5726,508.86414,711.085,536.08887,130.29047,539.11383,248.26436,540.62634,476.64972,582.97595,712.59753,511.8891,714.11,604.15076,715.6225,489.2018,720.16,586.0009,714.11,513.4016,715.6225
0.8338687534515674,536.56104,198.49687,551.6743,181.87222,521.4477,183.38356,572.83295,187.91756,501.80038,190.94022,610.6163,278.59744,470.06244,281.62012,648.39954,382.87933,433.79047,393.45865,698.2735,467.5139,383.91653,479.60455,581.90094,490.18387,503.3117,487.1612,583.4123,626.20374,506.33438,636.783,587.9463,706.30426,509.35706,709.32697,535.0497,128.97562,539.5837,246.85948,542.6063,476.58188,583.4123,712.3496,509.35706,710.83826,606.0823,713.86096,488.1984,713.86096,586.43494,712.3496,512.3797,713.86096
0.8170844797904675,539.3181,197.47925,554.4044,182.39296,522.7232,182.39296,574.0166,189.9361,501.60242,191.44473,611.73236,278.94522,469.9212,278.94522,656.9912,380.02338,429.1882,384.54926,715.82776,461.48935,371.86032,466.01523,581.55975,484.11877,503.11105,482.61014,581.55975,625.92993,506.1283,633.473,587.5943,711.92175,510.6542,711.92175,536.3009,128.0823,539.3181,247.264,540.8268,473.55838,577.0339,713.4304,513.67145,716.44763,602.68054,717.9563,491.04202,722.4822,589.1029,716.44763,513.67145,719.4649
0.8184851912351755,539.24774,194.2474,553.9187,179.57649,524.57684,181.2066,573.47986,187.727,505.01566,190.9872,612.6023,279.01263,470.78354,279.01263,674.54614,370.2983,408.8397,376.8187,749.53076,440.39264,335.48517,450.17325,581.6304,479.51505,503.38556,479.51505,581.6304,624.59406,505.01566,634.37463,588.1508,710.9894,509.90594,714.2496,537.6177,129.04337,540.87787,246.41063,544.13806,471.36453,583.2605,724.03015,509.90594,724.03015,606.0819,724.03015,488.71463,724.03015,586.5207,715.8797,513.16614,719.1399
0.8114195488966428,537.77435,200.508,553.98334,184.29897,523.3663,186.09996,575.5954,189.70198,503.55524,191.50298,615.2175,277.95117,471.13718,279.7522,683.6557,364.39938,397.296,369.8024,762.89984,429.23553,314.4498,438.24057,582.79944,474.26065,501.75424,474.26065,582.79944,623.744,507.15726,629.14703,590.0035,717.39624,510.75928,715.5952,537.77435,133.87085,539.5753,247.3341,543.17737,468.85764,586.4014,730.00323,505.35626,726.40125,611.6155,730.00323,485.5452,722.79926,588.20245,722.79926,514.36127,720.9982
0.8238519544784839,540.424,200.19531,555.4706,183.26796,525.3775,185.14877,576.15955,188.9104,504.6885,190.79123,615.65674,279.18964,468.95297,281.07043,690.8894,358.18393,389.95865,363.8264,771.7645,412.72763,301.56024,425.89337,581.802,482.31787,502.80768,480.43704,581.802,623.37915,506.5693,630.9024,589.32526,711.7775,510.33096,713.6584,538.5432,130.60507,542.3049,247.21574,544.18567,471.03296,587.44446,726.8241,512.2118,724.9433,613.7759,721.18164,485.88034,719.30084,587.44446,713.6584,514.0926,715.5392
0.8345936284615443,542.08105,198.7078,555.6091,183.24725,526.62054,185.17982,576.8673,189.04495,505.3623,190.97752,615.5186,279.8756,468.64352,279.8756,694.7539,349.44803,387.4757,355.24573,781.7194,397.7622,294.7125,411.29016,580.7324,482.79517,503.42975,482.79517,582.665,623.87256,507.29486,627.7377,590.39526,710.8381,511.16,712.7706,540.1485,131.06793,542.08105,247.02197,544.0137,471.19977,584.59753,724.366,515.02515,722.4335,611.6535,720.5009,487.9692,720.5009,588.4627,710.8381,515.02515,712.7706
0.83667375261967,540.6212,198.21391,556.368,182.46716,524.87445,182.46716,574.08307,188.3722,505.191,190.34055,617.38666,276.94772,467.79245,280.8844,698.0888,343.87143,387.09033,347.80814,790.601,387.17502,290.64142,387.17502,583.9248,483.6239,507.15936,483.6239,583.9248,619.4397,507.15936,627.3131,589.82983,708.0152,511.09604,709.9836,538.6529,131.29019,542.58954,247.42253,546.52625,469.8455,589.82983,717.85693,513.0644,717.85693,615.41833,715.8886,485.50757,715.8886,587.8615,709.9836,515.0327,711.9519
0.8252847997041849,539.7221,195.00021,553.98413,178.70074,525.4601,180.73817,574.35846,184.81305,505.08572,188.88791,619.18195,276.49753,468.41193,278.53497,702.71674,337.6205,380.8023,341.69537,798.4761,376.33173,280.9681,374.2943,582.5082,480.2408,505.08572,478.20337,584.5456,622.86115,507.12317,624.89856,590.6579,716.583,511.19803,716.583,537.68463,127.76492,541.7595,243.8986,543.79694,470.05365,584.5456,724.7328,515.2729,726.7702,613.0697,722.6953,486.74884,724.7328,586.58307,716.583,515.2729,716.583
0.8261092465657455,541.8237,196.77585,557.26965,181.32994,526.3778,183.5365,577.12866,185.74306,506.51877,190.15617,619.05334,274.00546,466.80066,276.21204,707.31573,324.75635,365.2989,322.5498,808.81757,355.6482,261.59055,346.82196,583.74835,477.00903,506.51877,479.21558,583.74835,620.4354,508.7253,624.8486,590.36804,715.31757,513.1384,715.31757,539.6172,128.37248,544.0303,243.11362,546.2368,465.97623,588.1615,730.7635,519.7581,735.1766,612.43365,728.5569,491.07285,732.97003,588.1615,719.73065,517.5516,717.5241
0.832002559533486,543.3791,195.88298,556.66455,180.38324,527.87933,182.59749,576.5928,187.02599,505.73685,189.24023,618.6635,273.38165,465.88037,275.59592,707.23346,319.8809,366.23923,322.09512,809.08887,348.6661,257.74106,342.02335,583.23553,474.87827,503.5226,477.0925,583.23553,618.8044,507.9511,623.23285,589.8783,716.2313,512.3796,718.44556,538.95056,129.45554,543.3791,242.38219,545.5933,463.807,589.8783,731.731,514.5939,736.15955,614.235,731.731,488.02286,733.9453,587.66406,720.6598,516.8081,722.874
0.8333969643482795,540.9701,193.70361,556.60645,180.30106,527.5675,182.5348,574.4765,184.76857,507.46365,187.00233,616.91797,271.88528,467.25595,274.11905,708.50226,321.02805,366.73666,321.02805,811.2553,347.8332,255.04855,338.89816,583.41156,472.9239,505.2299,472.9239,583.41156,615.88464,507.46365,622.58594,590.11285,716.40393,511.93118,716.40393,538.7363,126.69076,543.20386,242.84639,545.4376,463.98883,587.8791,734.27405,516.3987,736.5078,610.2167,732.0403,489.59357,736.5078,587.8791,723.1052,516.3987,720.87146
0.8299722327635839,540.40466,193.35028,556.067,179.92543,524.7424,179.92543,573.9668,184.40038,506.8426,186.63785,616.47876,271.66183,466.56805,273.89932,708.21515,320.88626,365.88177,320.88626,813.3764,347.73593,254.00812,338.78604,582.9167,470.79697,504.6051,473.03442,582.9167,613.99524,509.08005,620.70764,589.6291,716.919,511.31754,716.919,540.40466,126.226074,542.64215,240.3372,544.87964,461.84708,587.3916,734.8188,513.555,737.0563,609.76636,732.5813,488.9428,734.8188,589.6291,723.6314,515.7925,721.394
0.8302437250430768,540.3859,193.46988,556.0316,177.82423,526.9754,180.05933,573.91235,184.52951,506.85953,186.7646,614.14404,269.4631,466.62784,273.9333,705.78296,318.63516,366.04858,320.87027,810.8324,349.92648,254.29387,338.751,582.8527,470.62158,504.62445,472.8567,582.8527,615.9027,509.09464,622.608,589.55804,716.48193,511.3297,716.48193,540.3859,126.41706,542.62103,240.40686,547.09125,463.9163,587.32294,736.5978,513.5648,736.5978,609.6739,734.36273,488.9788,734.36273,587.32294,723.18726,515.7999,720.95215
0.8314341398385855,543.6571,196.58533,557.0095,181.00749,528.0793,183.2329,577.0382,185.45831,508.05063,189.90912,617.09546,272.24908,467.99335,274.4745,706.11163,321.208,365.62473,321.208,808.4803,350.13824,256.5799,341.23663,583.7144,474.76093,505.82523,476.98633,583.7144,619.41223,508.05063,626.08844,590.3906,717.33,512.50146,715.1046,541.4317,129.82318,543.6571,243.31883,548.1079,465.8593,588.1652,732.9079,514.72687,732.9079,612.64465,730.6825,488.022,732.9079,588.1652,721.7808,514.72687,719.5554
0.8337511053452125,544.31934,196.18011,557.56024,180.73242,528.87164,182.93924,577.4216,187.35286,506.80347,189.55968,617.1442,273.41864,467.0808,275.62546,707.62366,321.96857,365.56732,321.96857,811.34393,352.86398,257.43338,341.82993,584.042,476.44562,504.59665,476.44562,584.042,619.8886,506.80347,626.50903,590.6624,716.98846,511.2171,714.7817,539.9057,129.97568,542.1125,242.52324,546.5261,465.41156,590.6624,730.2294,520.0444,734.643,614.9374,728.0225,491.35577,734.643,588.4556,719.19525,515.63074,719.19525
0.8315069732757715,544.50824,196.17668,559.95056,180.73439,529.066,182.94043,577.5989,187.35252,509.21158,189.55856,619.5136,273.38812,467.2968,275.59415,705.54926,324.12704,368.02496,321.92102,807.0271,352.80557,262.135,343.9814,584.217,476.34387,504.7995,476.34387,584.217,619.7365,507.00555,624.1486,590.8351,716.8023,511.41763,714.5963,542.3022,129.99545,544.50824,242.50354,546.7143,463.10764,588.6291,727.8325,518.03577,734.4506,615.10156,727.8325,491.56326,734.4506,588.6291,719.00836,515.8297,719.00836
0.8273613911408645,545.14685,197.21909,558.3447,181.8216,529.7493,181.8216,578.1415,186.22087,507.7529,188.42052,619.9347,274.2066,468.15933,276.40625,707.9205,324.7984,369.17535,322.59875,809.10406,353.39377,265.7921,344.59518,584.7404,474.37415,505.55325,476.5738,584.7404,619.5506,507.7529,626.14954,591.33936,716.3349,512.15216,716.3349,540.74756,129.03015,545.14685,243.4116,547.3465,463.37595,591.33936,729.5328,514.3518,733.93207,615.5354,727.3331,487.95612,733.93207,589.1397,720.7342,516.55145,718.53455
0.8339111231840574,544.86115,196.23822,560.3166,180.7828,529.4057,182.99072,577.9799,187.40656,509.5345,189.61447,619.93036,273.51535,467.58405,275.72327,708.247,324.29745,370.43567,322.0895,809.8112,355.20828,264.45566,344.1687,584.60364,472.2279,505.11862,474.43582,584.60364,617.95044,507.32657,622.3663,591.2274,715.0988,511.7424,715.0988,542.65326,130.0007,544.86115,242.60449,547.0691,461.18832,591.2274,728.3463,518.36615,732.76215,615.5145,728.3463,491.87112,732.76215,589.0195,719.51465,516.1582,719.51465
0.8357276939428769,545.5479,195.8995,561.02216,180.42528,530.07367,182.63588,578.707,187.05708,510.17828,189.26768,620.7084,273.2706,468.17682,275.4812,709.1325,324.11444,368.6997,321.90384,808.6096,355.06287,267.012,346.22046,585.33875,474.43542,505.75708,474.43542,585.33875,618.1246,507.96768,620.3352,589.75995,713.1805,512.38885,715.3911,543.33734,129.58142,545.5479,244.53276,547.75854,463.38242,591.9706,728.6547,514.5995,733.0759,616.2872,728.6547,488.07227,733.0759,587.5494,717.6017,516.81006,717.6017
0.8310384291868943,544.84534,196.47543,560.27985,181.04092,531.6158,183.24585,577.9193,185.45078,509.5665,189.86064,619.8129,271.44302,469.87775,275.85287,705.8052,324.36133,370.65594,322.15637,807.23193,355.23032,267.02426,348.61554,586.739,474.2965,507.36154,474.2965,584.53406,617.6169,507.36154,622.02673,591.14886,714.6338,511.77142,714.6338,542.64044,128.12262,544.84534,242.77893,547.0503,463.27185,588.9439,730.0683,518.3862,732.2732,613.1982,727.86334,489.7221,732.2732,588.9439,719.04364,516.1813,719.04364
0.8224371579977182,547.1448,192.81653,562.20984,177.75145,532.07965,177.75145,579.42706,182.05576,510.5581,186.36006,618.1659,270.29413,471.8193,274.59845,706.40424,328.4023,377.12448,328.4023,809.7077,362.83682,278.12534,354.22818,588.0357,474.7489,508.40594,474.7489,585.88354,621.09546,508.40594,625.3998,590.18787,717.94244,512.71027,715.7903,544.9926,126.09972,544.9926,240.16396,549.29694,463.98813,585.88354,728.70325,519.16675,735.15967,611.7094,728.70325,491.18872,733.00757,588.0357,720.0946,514.8624,720.0946
0.8247279708202069,548.4872,196.38043,563.3099,179.4402,533.6645,181.55774,580.2501,185.79279,512.4892,187.91032,622.60065,274.729,470.1386,276.84653,707.3018,331.90228,379.08487,336.13733,804.7081,370.0178,281.67856,363.6652,588.7202,473.7767,508.25412,473.7767,586.60266,619.88617,508.25412,626.2388,590.83777,715.175,510.37164,717.2925,546.3696,128.61952,548.4872,242.96606,550.6047,465.30658,586.60266,725.7626,516.72424,727.8801,614.13055,725.7626,489.19638,727.8801,586.60266,717.2925,512.4892,717.2925
0.8187855665500348,550.5208,198.35435,564.84656,181.9821,534.14856,181.9821,581.2188,186.07516,511.63672,188.1217,622.1494,278.16907,470.7061,278.16907,706.0572,337.5185,382.70526,339.56503,800.19763,376.4026,284.47174,374.35605,587.3584,478.72916,507.54367,476.68262,585.3118,621.9864,509.59018,626.0794,589.4049,712.03375,509.59018,714.08026,546.42773,128.7723,548.4743,245.42458,548.4743,468.49652,583.2653,724.3129,513.6832,726.3595,609.87024,724.3129,485.03183,724.3129,585.3118,712.03375,513.6832,716.12683
0.8253340938916573,547.84174,198.2163,561.7695,182.2989,533.91406,184.28857,581.6662,188.26793,514.0173,190.2576,621.4597,275.8136,472.23413,279.79294,699.057,339.48315,382.6988,345.45218,792.5717,385.24567,287.19443,393.20438,587.63525,474.781,510.03796,472.79135,585.64557,620.0272,510.03796,622.0169,589.62494,709.56256,510.03796,713.54193,547.84174,132.55705,547.84174,243.9788,549.8314,464.83264,587.63525,719.5109,516.00696,721.5006,613.50104,717.52124,486.16187,719.5109,587.63525,711.55225,512.02765,713.54193
0.8210446318754783,549.153,199.57153,564.6471,184.07745,533.65894,184.07745,584.0147,187.95097,514.2914,187.95097,622.7499,277.0419,473.61942,278.97867,700.2203,348.702,384.5285,354.51227,785.4376,399.0577,293.50082,418.42532,587.88824,480.4016,508.48108,478.46484,584.0147,625.6585,510.41785,627.5953,589.82495,712.8127,510.41785,714.74945,549.153,129.8482,547.21625,244.11699,549.153,468.78104,585.9515,726.37,514.2914,726.37,615.00287,724.4332,485.24,722.4965,587.88824,712.8127,514.2914,716.6862
0.8201088309288025,549.281,200.64647,564.1492,183.91983,534.4129,185.77835,584.59283,189.49538,513.96924,189.49538,623.62164,276.84558,474.94043,278.7041,694.2452,354.9032,391.30725,360.47876,768.5858,414.37567,307.67407,429.2438,588.3098,479.4237,508.3937,477.5652,584.59283,624.3879,510.25223,628.1049,590.16833,715.4551,510.25223,717.3136,547.4225,130.0229,547.4225,247.10934,549.281,470.13113,584.59283,734.0402,510.25223,730.32324,612.4705,732.18176,486.09152,724.7477,588.3098,719.1721,513.96924,721.03064
0.7978043854236603,554.2292,198.83067,569.6803,183.37958,538.7781,183.37958,588.2216,189.56001,517.14655,191.10512,623.7591,276.08612,478.51886,276.08612,679.38306,365.70245,418.25958,374.9731,744.2776,436.77747,351.8199,458.409,589.7667,472.315,512.5112,470.76987,586.67645,625.2808,509.42102,625.2808,589.7667,713.352,510.96613,714.89716,551.139,130.84587,552.6841,243.63884,551.139,466.13455,580.49603,722.6227,517.14655,721.0776,603.67267,725.7129,490.87973,722.6227,589.7667,719.5325,512.5112,721.0776
0.8063837473209088,553.896,200.8341,569.01434,185.71574,538.77765,185.71574,588.6682,190.25125,517.61194,190.25125,626.4642,277.93774,481.32788,276.4259,670.3074,373.18344,431.4373,380.7426,729.269,448.77524,377.01117,463.89362,591.6919,477.50012,513.0764,472.96463,588.6682,624.14825,510.05276,624.14825,591.6919,713.34656,511.5646,711.8347,552.38416,129.7778,553.896,244.67735,552.38416,468.4291,582.6209,719.3939,511.5646,716.37024,605.29846,723.92944,488.88705,719.3939,590.18005,717.8821,514.58826,719.3939
0.8270551333060632,557.51654,200.75447,571.1295,185.62895,540.8785,185.62895,590.79266,190.16661,518.19025,191.67915,627.0939,279.4071,481.889,279.4071,663.39514,379.2355,442.56268,394.361,716.3344,457.88815,391.13596,483.6015,592.30524,482.08896,513.6526,480.57642,589.28015,627.2939,510.62747,628.8064,590.79266,711.9967,510.62747,711.9967,554.49146,129.66457,554.49146,246.131,552.9789,471.5011,583.2299,718.04694,513.6526,716.53436,605.9182,722.5846,490.96432,719.5595,589.28015,716.53436,513.6526,718.04694
0.827732822069755,558.87897,202.30095,574.0005,185.66728,543.75745,185.66728,592.1463,191.7159,521.0752,191.7159,626.9258,280.9328,483.2714,280.9328,658.6809,383.75906,456.05267,397.36844,697.9968,465.41522,416.73676,491.1218,592.1463,488.0975,513.5144,486.58533,589.12195,628.72754,512.00226,627.2154,590.63416,710.38367,512.00226,708.8715,555.8547,131.22986,555.8547,249.17763,552.8303,474.48813,586.09766,713.40796,510.4901,717.94446,607.2678,716.4323,489.32,719.4566,589.12195,713.40796,516.5387,714.92017
0.8295838236808777,560.0895,202.14355,575.1948,187.03821,544.98413,185.52766,593.3212,191.56981,522.3261,191.56981,628.06354,280.69135,486.07327,280.69135,653.7426,389.44983,466.43634,403.04462,686.97437,480.08188,437.73618,502.7399,594.8318,487.63455,516.284,486.12402,590.3002,631.1353,511.75235,629.62476,591.81067,709.6831,511.75235,706.66205,557.0684,132.65897,557.0684,248.97011,555.55786,477.06082,588.7896,711.19366,511.75235,715.7252,608.4266,715.7252,489.09436,717.2358,588.7896,712.70416,516.284,714.2147
0.8311450275091025,564.37134,202.99341,577.9409,187.91614,547.7863,186.4084,594.5259,192.43932,525.1704,192.43932,627.6959,276.87207,487.47723,279.8875,648.8041,388.4439,475.4154,397.49026,669.9123,484.93848,460.33813,500.01575,597.5414,486.4462,517.6318,484.93848,593.0182,626.66486,513.1086,626.66486,593.0182,709.5899,511.6009,708.08215,561.3559,132.13022,559.84814,246.71751,558.34045,477.39984,593.0182,712.60535,513.1086,717.12854,611.1109,717.12854,492.00043,720.144,586.98724,714.1131,519.1395,715.6208
0.8268638872183286,565.67334,203.4791,579.20856,188.43999,550.6342,188.43999,597.2555,192.95172,528.07556,192.95172,630.34155,277.17075,490.47778,280.1786,643.8767,389.9641,484.46213,391.46802,652.9002,486.21442,479.95038,496.7418,598.7594,484.7105,520.556,483.2066,594.2477,627.5821,514.54034,621.5664,592.7438,711.8011,511.53253,710.2972,562.6655,132.79527,562.6655,247.09253,559.6577,472.67923,592.7438,717.8168,513.03644,722.3285,612.2946,723.8324,490.47778,725.3363,586.7281,717.8168,517.54816,719.3207
0.7826701700687408,570.9151,205.07387,584.44946,188.5319,554.3731,188.5319,602.49524,193.04335,530.3121,194.54716,629.5639,275.75317,494.22055,284.77606,634.0753,388.5393,491.21292,396.05838,632.57153,474.25674,482.19,496.814,605.50287,486.2873,527.30444,486.2873,596.48,629.1497,518.28156,627.6459,593.47235,714.8672,513.77014,713.36334,566.4037,132.89075,564.89984,247.18068,567.9075,474.25674,594.97614,722.3862,521.2892,720.88245,613.0219,726.8977,495.72437,726.8977,587.4571,722.3862,515.2739,722.3862
0.7934815539763524,573.33484,203.91408,586.86475,187.37758,558.3017,188.8809,603.40125,193.39085,532.74524,193.39085,630.46094,276.07336,495.1623,285.09326,636.47424,388.82224,489.14902,400.8488,639.48083,482.02798,477.1225,503.07443,609.4145,486.53793,529.73865,486.53793,597.38794,630.8565,519.2154,633.8631,594.3813,710.53235,516.20874,710.53235,568.8249,131.7548,565.81824,247.51031,570.32825,476.0147,595.88464,718.04895,526.732,716.54565,613.92444,722.5589,499.67227,724.0622,586.86475,718.04895,517.7121,718.04895
0.7899396878022414,575.4731,204.61813,588.9854,188.1031,560.4594,188.1031,605.5004,192.60721,534.9362,194.10857,631.0237,276.68375,497.40204,287.1933,640.03186,389.28622,486.89246,407.30264,643.0346,479.36823,468.87607,506.39282,611.5059,488.37643,530.4321,488.37643,599.495,631.0063,521.4239,637.0117,594.99084,709.07733,516.9198,710.5787,569.46765,132.55254,567.96625,248.15778,572.4704,479.36823,600.99634,716.58417,527.4294,716.58417,616.01,721.08826,501.90613,725.59235,587.484,716.58417,518.42114,718.0855
0.7940826954749914,576.4913,204.15778,590.0113,187.63333,559.96686,189.13556,606.5357,192.14,535.9313,195.14444,632.0735,276.26443,496.87354,286.78,642.58905,387.42886,481.8513,406.95776,648.59796,483.57108,460.8202,509.10886,611.0424,489.57996,531.4246,488.07773,600.52686,630.7888,522.4113,633.7933,593.01575,707.40216,517.9046,711.9088,570.4824,133.55333,568.98016,249.22443,573.4868,482.06885,597.5224,716.41547,528.42017,716.41547,614.0468,719.4199,502.88242,723.92664,587.00684,714.91327,517.9046,717.9177
0.7939164844843057,577.2786,205.27368,590.7907,188.75894,562.26526,188.75894,607.3055,191.76161,536.74243,194.7643,632.82825,278.8394,497.7076,286.3461,644.839,388.43726,478.19016,407.95468,656.84973,481.5204,451.16605,511.5472,610.30817,493.5311,532.2384,492.02975,599.79877,633.1558,524.73175,637.6598,593.7934,708.22284,517.22504,711.2255,572.77466,133.20934,569.772,250.3139,571.2733,486.0244,601.3001,714.2282,527.73444,714.2282,614.8122,715.72955,505.2143,723.23627,586.2867,715.72955,517.22504,717.2309
0.7885263997774857,583.0619,205.3516,595.10895,187.28096,566.49713,190.29274,608.6619,191.79863,537.8853,194.8104,631.25024,276.12823,497.2264,286.66943,646.3091,386.0579,476.14398,407.1403,662.87384,476.41104,444.5204,509.54053,608.6619,491.4699,531.86176,489.96402,599.62665,634.52905,528.85,636.035,592.0972,708.31744,516.8029,711.3292,572.5207,133.06908,571.0148,250.52817,571.0148,483.94046,599.62665,714.341,531.86176,712.83514,614.6855,715.8469,509.2735,723.37634,586.07367,714.341,515.297,714.341
0.7771998162452991,585.75415,205.9021,597.86835,187.73085,569.09717,189.24512,611.49677,190.7594,540.32605,195.30222,631.1823,277.07285,497.92642,287.67273,649.3536,386.10037,467.64102,410.3287,676.6104,469.38525,434.32706,508.75632,606.954,495.12787,531.2404,496.64215,599.3826,634.4408,532.7547,642.01215,593.3255,708.6401,519.1262,711.66864,575.15424,133.2171,572.12573,249.81596,570.61145,487.55652,603.9254,713.1829,534.2689,710.15436,616.0396,713.1829,511.55487,719.24,587.26843,716.2114,516.0977,714.69714
0.7499322799535898,588.68427,205.85068,600.8432,187.61227,571.9657,189.13214,613.00214,190.65201,540.0485,193.69174,629.7207,278.8043,499.01212,287.9235,650.9988,385.19498,464.05518,412.55258,681.3961,465.74792,429.09824,509.82407,605.40283,499.185,533.96906,503.7446,599.32336,637.4929,535.4889,646.61206,593.2439,707.40674,518.7704,708.92664,576.5253,131.3772,570.44586,249.92682,571.9657,490.0658,608.4425,711.9664,541.56836,707.40674,619.0816,711.9664,517.2505,715.0061,587.1644,716.526,514.2108,711.9664
0.7481817775047742,591.08246,204.1066,603.2231,187.41318,574.38904,188.93077,613.8462,190.44835,541.0022,193.48352,627.50446,278.46817,498.5099,289.09125,651.78577,383.18137,462.0879,412.01544,688.20776,462.09567,427.1835,512.1759,606.2583,495.4825,534.9319,500.03525,600.1879,635.10016,536.44946,650.27594,594.1176,710.9793,519.75604,712.4969,577.4242,132.7802,571.3539,249.63408,571.3539,487.8946,609.29346,715.53204,542.5198,709.4617,619.9165,717.0496,518.23846,718.5672,588.0473,720.0848,513.6857,715.53204
0.7374359667301178,594.5895,204.03049,605.2103,185.82335,576.3824,187.3406,614.3139,188.85788,541.48535,191.8924,626.45197,279.89352,497.4848,290.51434,652.2454,381.55,459.55328,414.92972,690.17694,457.41302,423.139,512.0344,602.1758,501.4136,533.89905,505.9654,597.624,641.0016,536.9336,654.6569,593.0722,709.2783,518.72644,710.7956,577.8996,131.20197,568.7961,249.54831,568.7961,490.79276,609.7621,712.31287,543.0026,706.2438,618.86566,713.8301,518.72644,715.34735,587.0032,718.3819,511.14014,713.8301
0.714064285159111,599.66394,202.73463,607.2668,184.48781,581.4172,186.00838,614.8696,189.04951,543.40295,192.09065,625.5136,280.28357,496.26538,287.8864,652.88385,380.64105,458.2512,412.57297,692.4186,456.66943,421.75757,511.40985,599.66394,500.7659,531.2384,505.32758,596.6228,646.74036,537.3207,655.8638,593.5817,709.0837,516.0328,712.1248,578.37604,129.74738,567.73206,248.35165,566.2115,491.6425,608.78735,710.60425,546.4441,709.0837,617.91077,712.1248,520.5945,721.24817,587.49945,718.2071,506.90933,715.16595
0.70402103719803,600.37585,200.97394,609.478,184.28664,583.68854,185.80367,614.02905,188.83772,544.24585,191.87178,623.1312,282.89334,495.70102,288.96146,651.9547,381.50006,456.25836,413.3576,694.43146,454.3173,421.36676,516.5154,597.3418,501.34512,530.59265,505.89618,597.3418,642.4285,538.1778,656.0818,592.7907,707.6607,515.42236,712.21173,579.13745,131.19072,567.0013,248.00174,565.48425,492.24295,610.99506,709.1777,553.348,707.6607,618.58014,710.6947,526.04156,721.3139,588.2396,719.7969,504.8032,713.72876
0.70374713322291,604.0932,202.14026,610.1815,183.87537,587.3504,185.39745,613.22565,188.44159,544.7323,191.48575,617.7919,279.76605,494.50385,288.8985,648.23334,377.1788,454.9299,415.23068,690.85144,448.7163,422.96634,521.7759,594.96075,505.03305,529.51154,508.0772,596.48285,646.586,537.12195,658.7626,591.9166,710.5131,511.24667,713.55725,578.21796,130.60277,562.9972,247.80249,562.9972,494.37854,611.70355,710.5131,553.86475,712.03516,617.7919,712.03516,523.4233,725.7338,585.8283,721.1676,500.59213,716.6014
0.6687049424419036,606.6428,202.47833,611.2125,185.72276,591.41046,185.72276,611.2125,190.29247,547.2367,193.33893,605.11957,275.59357,493.92352,289.30267,634.06104,376.12698,455.84265,418.77756,682.8045,446.19577,429.9477,528.4504,588.364,496.46246,524.3882,502.55542,595.98016,644.2162,533.5276,660.97174,591.41046,711.23846,506.10938,714.2849,580.74786,135.45604,557.89935,245.12888,556.3761,491.89276,615.7822,709.7152,548.75995,705.1455,620.3519,709.7152,524.3882,718.8546,585.31757,723.4243,493.92352,715.80817
0.6658816635608673,606.90765,204.34386,611.4743,187.59953,591.68555,189.12173,608.4299,192.16617,546.01917,193.68839,597.7744,275.88785,491.21954,291.10995,628.2186,379.3983,454.68643,420.49802,675.4072,444.8534,433.3755,530.0973,585.5967,496.6086,523.186,502.69748,593.20776,636.65216,529.27484,661.00757,591.68555,709.7183,504.91946,714.285,581.0301,137.36653,553.63025,246.9658,553.63025,490.51978,614.51874,711.24054,542.9748,703.6295,620.6076,711.24054,524.7082,715.8072,584.0745,721.89606,495.7862,715.8072
0.6493758284128629,606.9193,204.3167,609.95294,189.1488,593.26825,189.1488,605.4025,192.18239,547.7646,195.21597,593.26825,274.089,493.16016,290.77368,617.53687,375.71387,455.24042,424.25113,663.0405,436.38544,438.55576,538.0103,582.6507,490.98984,520.46234,497.057,591.75146,642.66876,528.0463,660.87024,591.75146,707.8907,503.77768,713.9578,582.6507,145.16193,552.31494,246.78679,550.79816,487.95627,616.0201,707.8907,544.73096,700.3067,620.57043,707.8907,529.5631,715.4746,584.1675,720.02496,493.16016,715.4746
0.6518033169783078,606.84247,208.03645,609.8712,191.3785,594.7276,192.89285,603.8138,195.92157,550.81116,195.92157,585.6414,273.1539,493.2655,289.81186,605.3281,373.10165,456.92087,426.10425,650.7589,432.16168,444.80597,539.6812,581.0984,488.193,519.00964,494.25043,588.67017,638.1146,523.5527,659.3156,590.1845,709.2895,503.86603,716.8613,587.1558,150.49078,549.2968,245.89545,547.7825,486.67862,612.8999,709.2895,543.2394,706.2608,617.443,709.2895,531.1245,719.89,584.1271,721.4044,493.2655,719.89
0.6220162619764988,606.69464,206.57681,609.7401,191.34953,596.0356,192.87227,599.08105,195.91771,551.87646,197.44044,579.2856,275.09955,494.01285,290.3268,597.5583,375.59952,460.51285,434.9859,638.67194,433.46317,452.8992,547.6677,577.7629,491.3268,521.42194,497.41772,585.37646,642.0768,522.94464,660.34955,591.4674,709.0768,501.6265,713.64496,586.89923,148.71317,547.3083,247.69044,545.7856,491.3268,609.7401,707.5541,585.37646,696.89496,618.87646,706.0314,532.08105,715.1677,583.85376,721.2586,489.44467,721.2586
0.6172203713884721,605.5102,208.34488,608.54285,193.18155,594.8959,194.69788,597.9285,196.21422,552.43854,197.73055,575.18353,278.09622,493.3015,293.25955,591.8632,378.17426,466.0075,440.34393,625.22253,438.82758,461.45853,557.1016,575.18353,497.9646,522.1119,505.54626,582.7652,646.5653,519.07916,667.79395,590.34686,710.2513,499.36685,716.31665,588.8305,150.72421,544.8569,249.28589,543.3405,497.9646,607.02655,710.2513,582.7652,702.6696,614.6082,711.76764,541.8242,716.31665,582.7652,722.38196,490.26886,723.8983
0.6297755711353742,601.96277,207.01237,605.00726,191.79016,592.82947,193.31238,592.82947,194.8346,548.68506,196.35683,566.9517,283.12344,493.88507,298.34567,577.60724,386.63452,475.6184,449.0456,598.91833,450.5678,481.70728,569.3011,571.5184,505.3678,518.2406,511.4567,576.085,648.4566,512.15173,671.29,585.2184,707.82324,498.45172,716.9566,586.7406,153.73462,541.0739,251.1568,539.5517,511.4567,598.91833,707.82324,568.47394,704.7788,605.00726,710.86774,542.5961,716.9566,574.5628,721.52325,486.27396,726.0899
0.618768117748774,600.4228,206.43518,601.9417,192.76506,589.79047,194.28397,594.34717,192.76506,553.33685,195.80287,556.37463,279.34244,500.1753,299.08817,551.81793,394.77893,483.46738,446.4216,582.196,461.6106,492.58078,564.8959,567.00696,505.65875,518.4021,517.80994,574.60144,633.24646,507.7698,666.6623,577.6393,706.15375,497.13748,719.82385,585.23376,153.27364,539.66675,247.44551,536.6289,510.21545,595.8661,706.15375,550.2991,709.1915,604.9795,707.6726,529.0344,724.38055,567.00696,716.786,483.46738,725.8994
0.579949907385386,599.5094,206.85643,601.0259,191.69131,590.41034,194.72433,526.7168,190.1748,554.01404,196.24084,549.4645,281.16553,500.9361,299.36368,532.78284,405.51953,485.77097,451.0149,573.7287,511.67538,499.4196,558.68726,561.59656,511.67538,517.61774,528.357,570.6957,629.9633,505.48563,672.42566,572.21216,705.78894,496.38657,717.921,581.3112,150.74548,538.8489,247.80226,534.2994,523.8075,587.37726,707.3054,552.4975,708.82196,594.95984,708.82196,546.43146,720.95404,563.1131,716.40454,484.25446,725.5036
0.5693030540759747,597.17584,206.71477,598.69293,190.02724,588.0736,193.06133,524.3576,190.02724,550.1474,194.57838,545.59625,284.0842,500.08484,302.28876,531.9428,416.06732,492.49957,457.02762,569.869,531.363,506.153,564.738,556.2156,529.8459,516.77234,535.9141,566.8349,633.0051,504.63596,672.44836,563.80084,708.85754,497.05072,722.511,575.9372,144.51581,534.9769,249.1921,531.9428,531.363,591.10767,707.34045,553.1815,711.8916,592.62476,710.3746,582.0054,727.0621,556.2156,720.9939,483.3973,728.57916
0.5667950488053836,594.0989,207.58406,595.6183,190.87117,584.9828,193.90988,515.09247,190.87117,546.9989,195.42923,537.8828,286.59045,501.4183,303.30338,527.2473,421.813,499.89896,452.20004,565.2312,535.7645,516.6119,560.07416,550.03766,532.7258,516.6119,538.8032,560.6731,633.0032,504.457,672.5064,553.07635,705.9322,496.86026,716.5676,566.75055,140.73248,531.80536,248.60661,527.2473,531.2065,589.54083,707.45154,574.3473,708.9709,586.50214,708.9709,575.86664,725.6838,545.47955,716.5676,487.7441,725.6838
0.5842363318571677,589.7454,208.18645,591.2581,193.05951,580.6693,194.5722,517.13617,191.54681,544.3646,194.5722,532.2631,279.28302,502.00925,295.92264,527.72504,406.34924,505.03464,447.19196,567.05505,513.7505,526.21234,554.5932,548.9027,509.21237,514.1108,515.2632,561.0043,619.639,503.52194,666.5325,544.3646,707.3752,498.98386,719.47675,571.59314,144.65334,529.23773,247.51646,523.18695,512.2378,591.2581,711.91327,579.1566,711.91327,588.2327,710.4006,571.59314,727.0402,535.2885,719.47675,489.9077,727.0402
0.5899059497393094,586.0584,209.71796,586.0584,193.09306,576.9903,194.60442,512.0021,191.58171,540.7178,196.11577,524.0929,282.2629,498.3999,298.88782,522.58154,412.23932,530.1383,448.5118,560.36536,515.01135,540.7178,551.2838,534.67236,511.98865,510.49072,522.5681,549.7859,613.2493,505.95667,664.6354,528.62695,702.4192,502.93396,716.02136,558.854,140.1957,524.0929,249.01314,518.0475,515.01135,587.56976,706.95325,584.54706,708.4646,578.50165,702.4192,569.4335,723.5781,513.5134,711.4873,492.35446,726.6008
0.6032231129132785,583.0289,207.44908,584.5418,190.80707,575.46436,193.83289,510.40924,190.80707,537.6416,196.8587,519.4867,278.55582,498.30597,296.71075,522.5125,402.6144,533.1029,443.46295,560.33527,507.00516,539.15454,543.315,533.1029,503.97934,508.89633,508.51807,548.232,609.883,505.8705,647.70575,525.5383,703.6834,498.30597,720.32544,561.84814,142.39397,522.5125,248.29764,514.94794,507.00516,583.0289,706.7092,573.9514,709.73505,573.9514,702.1705,557.30945,726.3771,508.89633,712.76086,487.7156,730.9158
0.6229872353948079,582.9248,206.97913,584.4283,190.4412,573.9041,191.94464,515.2696,191.94464,534.81445,196.45499,525.79376,277.64127,494.22128,295.68265,527.2972,399.4207,506.2489,441.51727,560.3731,498.64835,533.311,542.2484,537.82135,500.1518,506.2489,506.1656,549.84894,603.88983,504.74545,642.9795,518.2765,700.1106,497.22818,719.65546,561.8765,145.3377,522.78687,247.57227,516.773,501.65524,576.911,703.1175,566.3869,710.6347,564.8834,700.1106,551.35236,725.66925,503.242,709.1313,486.70404,730.17957
0.6185999489747561,581.171,206.44902,582.67584,191.40038,572.14185,192.90524,514.957,191.40038,533.0153,195.91498,523.98615,275.67282,493.88882,293.7312,530.0056,393.05228,499.9083,438.1982,560.1029,465.2858,533.0153,529.995,537.5299,498.39282,505.92776,504.4123,542.0445,611.2577,505.92776,645.86957,516.4618,700.04474,495.3937,724.12256,563.1126,147.7593,520.9764,247.08038,514.957,498.39282,573.64667,697.035,566.1224,709.0739,560.1029,695.53015,551.0737,727.13226,496.89856,706.0642,484.85965,733.15173
0.6283469910805042,579.0256,205.18564,580.5351,190.09065,568.4591,191.60016,512.60767,191.60016,527.70264,196.12865,524.68365,274.62256,492.9842,294.24603,527.70264,390.85394,499.0222,439.1579,559.4021,466.32886,530.7217,531.2373,536.75964,498.02832,506.56967,504.0663,533.74066,618.7882,505.06018,647.4687,515.62665,700.3011,496.0032,724.45306,560.9116,147.8247,520.15515,247.4516,514.1172,498.02832,571.4781,692.7536,563.9306,707.8486,556.3831,691.24414,550.34515,727.47205,496.0032,706.3391,485.4367,733.5101
0.6265093432022975,574.1603,201.9294,577.1555,185.4555,562.17926,188.45076,572.66266,191.446,518.74805,195.93889,526.2362,273.8155,488.79553,293.28464,523.24097,389.13275,493.2884,429.5687,554.6911,465.51172,532.2267,510.44052,526.2362,501.45477,506.76706,507.44528,517.2504,619.7673,506.76706,639.23645,508.26468,702.1368,496.28366,720.1083,550.19824,140.52669,520.24567,245.36058,511.25992,496.96188,565.1745,694.6486,563.6769,706.62964,554.6911,690.15576,550.19824,729.09406,488.79553,712.6202,485.80026,732.0893
0.6307228035651721,569.79755,203.12193,572.8034,186.58978,557.7742,189.59563,569.79755,191.09856,512.68646,195.60732,523.2069,273.7593,488.6397,291.79437,520.2011,389.48434,494.6514,427.05743,553.2654,464.6305,529.2186,509.71817,521.704,500.70065,509.68063,508.21527,505.17184,617.9286,509.68063,635.9637,500.6631,699.0864,496.15433,718.62445,545.7508,141.5021,517.19525,245.20377,509.68063,496.19186,562.2829,690.0689,563.7858,706.6011,553.2654,687.06305,548.7566,726.13904,484.13095,709.60693,485.63385,730.6478
0.6334726225871307,567.1303,202.41704,570.1444,185.83952,553.5669,188.8536,567.1303,190.36066,511.36954,196.38885,518.9048,270.2342,490.27087,288.31876,515.8907,386.27686,493.28497,425.46008,552.0598,461.62924,524.933,515.88293,520.4118,496.29132,511.36954,503.82657,500.8202,612.334,512.8766,631.9256,494.79202,698.2357,496.29907,717.82733,543.0175,140.62808,517.3977,244.61438,508.35544,491.7702,561.1021,687.6864,562.60913,707.278,550.5528,684.6723,547.5387,726.8696,479.72153,708.78503,484.24268,729.8837
0.6323780658153387,562.071,203.22556,566.5854,186.67265,548.5277,189.68228,565.08057,189.68228,507.89786,195.7015,518.4315,270.94193,489.84018,290.50443,516.9267,386.81216,492.8498,425.9372,550.03253,460.5478,521.44116,514.7209,518.4315,496.6632,510.90747,502.68243,498.86902,611.0286,515.42194,629.0863,495.8594,695.2979,497.3642,716.36523,539.49884,137.01398,515.42194,245.36018,507.89786,490.64395,563.5758,686.26904,563.5758,704.3268,551.5373,683.25946,547.0229,723.8893,479.30652,707.33636,485.32574,729.9085
0.6299734092675723,558.3181,201.84059,562.8337,186.78867,543.2662,189.79904,562.8337,189.79904,502.62595,195.81982,517.67786,271.07947,490.5844,292.1522,514.6675,386.97934,492.0896,426.11438,546.27655,466.75458,514.6675,520.9415,513.1623,499.86884,510.15192,505.8896,496.60516,612.7583,519.18304,633.831,493.5948,694.03876,499.61557,716.61664,534.235,135.61209,514.6675,245.4912,504.13113,490.83768,561.3285,685.00757,564.33887,700.0595,549.2869,681.9972,547.78174,718.1218,480.04803,707.58545,486.06882,728.6582
0.6241268859459803,557.4638,200.77512,561.9769,184.22694,540.91565,187.2357,561.9769,187.2357,500.29736,194.7576,516.8456,268.4722,492.77548,291.03787,513.8368,387.31815,492.77548,426.43204,545.4288,470.05902,515.3412,524.2167,512.3324,498.64224,509.32364,506.16412,497.2886,611.4707,519.8543,632.532,494.27985,694.21155,500.29736,715.2729,531.88934,133.07805,513.8368,244.40211,504.81052,491.12033,561.9769,686.68964,564.9857,703.23785,549.9419,683.6809,548.4375,719.786,479.23605,706.2466,485.25357,728.81226
0.6287154303147242,551.05133,200.16081,557.07,183.60944,532.99524,188.12344,560.07935,188.12344,495.3785,194.14214,516.4439,267.87097,489.3598,288.93637,513.4346,386.73993,489.3598,422.85202,537.5093,471.0015,511.92987,522.1603,508.92053,501.09488,505.9112,508.61823,498.38785,618.45917,514.9392,638.0199,495.3785,693.6927,496.88318,717.7674,526.97656,132.45064,513.4346,242.29158,502.90186,490.5622,560.07935,686.1694,563.0887,699.71136,546.5373,684.6647,545.0326,719.2721,480.3318,707.23474,483.34113,729.8048
0.6455101164487692,545.9937,200.95761,553.4958,184.45297,527.98865,188.95424,559.4975,187.45383,493.47897,193.4555,518.98615,266.9761,487.4773,290.98285,512.98444,387.00977,485.97687,426.0207,536.99115,474.03415,508.4832,528.0493,509.9836,499.5413,503.98193,507.0434,497.98026,618.0745,514.48486,636.0796,494.9794,694.59595,494.9794,717.1023,526.4882,131.93826,512.98444,242.96938,502.4815,490.5388,557.9971,690.0947,557.9971,705.09894,545.9937,688.5943,542.99286,726.1048,479.9752,708.09973,482.97604,730.6061
0.6466430586117965,543.4781,201.33456,552.4766,184.83728,525.481,189.33655,556.9758,187.83679,490.98672,193.8358,519.48206,265.82394,483.48798,292.81952,513.48303,387.30396,484.9877,426.29752,532.9798,474.2896,507.484,528.2807,510.48352,498.28568,502.98474,505.78442,498.4855,618.2659,511.98328,634.7632,496.98575,697.7528,492.48648,718.7493,525.481,132.34593,510.48352,243.32765,501.485,489.28714,556.9758,693.25354,555.4761,706.75134,546.4776,691.7538,540.4786,726.2481,480.48846,711.2506,480.48846,732.24713
0.6533600481656882,540.5956,201.7104,549.5813,185.23651,522.624,188.23177,555.57184,189.72939,489.67624,194.22226,518.13116,267.606,479.19287,294.56326,512.1406,388.91376,483.68573,427.85205,531.6098,480.269,506.15015,526.69543,510.64304,499.73816,503.1549,507.2263,500.15964,616.55304,510.64304,633.027,495.66675,697.4249,489.67624,716.89404,522.624,131.32193,509.1454,243.64395,503.1549,487.75714,555.57184,697.4249,552.5766,707.90826,546.58606,695.9273,537.60034,727.37744,477.69522,710.90356,477.69522,730.3727
0.6461158463588128,539.52203,202.43138,546.9965,185.98746,520.0883,188.97726,552.97614,188.97726,488.69537,194.95686,515.6036,266.71216,481.22086,292.1255,506.6342,389.2941,482.71576,429.65643,527.5628,484.9678,506.6342,526.8251,506.6342,501.41174,502.14948,508.88623,499.15967,618.01404,509.624,634.458,496.16986,700.23364,485.70557,721.1623,520.0883,132.17099,508.1291,244.28862,502.14948,489.4525,554.47107,700.23364,552.97614,706.21326,545.50165,698.7388,536.5322,727.1419,478.23105,713.6878,473.74634,733.1215
0.6675994808857257,538.2255,202.67874,545.692,186.25246,518.8126,189.23904,553.1585,189.23904,485.96005,195.21225,515.82605,266.89056,477.00027,292.27664,506.86624,389.34103,478.49356,426.6735,527.7724,486.40543,505.37292,526.7245,508.35953,501.3384,500.89304,508.80487,500.89304,617.8157,506.86624,635.7352,497.90643,698.4538,482.97345,719.3599,518.8126,132.49371,506.86624,244.49109,502.38635,490.8853,554.6518,702.93365,553.1585,710.40015,547.1853,699.9471,536.7322,728.31976,479.98688,710.40015,471.02707,731.30634
0.6624138974226438,535.92834,202.97055,544.8827,185.0619,516.52734,189.53906,552.3446,189.53906,485.18716,195.50862,513.54254,265.65085,479.21762,292.51382,506.0806,388.02664,480.71002,426.8287,523.98926,486.5242,503.09583,525.3263,509.06537,499.9557,498.61865,507.41763,504.58823,616.36194,501.60342,637.2554,500.11105,695.4585,480.71002,719.3367,516.52734,132.82834,506.0806,243.26503,501.60342,489.50897,555.3294,704.4128,555.3294,708.88995,546.37506,699.93567,537.4207,726.79865,488.17194,707.3976,470.2633,731.27576
0.6778913014210187,534.5104,204.03465,541.98395,186.098,516.5737,190.58217,547.9628,190.58217,483.68985,195.06633,513.5843,266.81293,473.2268,293.7179,506.11066,389.38,474.72153,425.2533,524.0473,491.021,500.13177,523.90485,509.1001,501.48404,494.1529,508.95764,506.11066,610.59863,492.65817,634.51416,497.14233,689.81885,479.2057,719.71326,515.079,135.27751,503.12122,244.3921,503.12122,491.021,547.9628,692.8083,552.447,706.26074,538.9945,688.3241,537.4998,725.69214,482.19513,704.76605,470.23737,733.1657
0.6807569230978305,532.48865,203.41344,539.9932,186.90346,514.4778,189.90527,547.49774,189.90527,482.9587,194.40799,514.4778,264.95068,469.45053,291.967,505.47232,388.02512,472.45233,424.04694,526.48505,490.08688,499.4687,523.1069,511.47595,494.5896,493.46506,502.09415,508.47415,599.65314,490.46323,629.6713,496.46686,688.2067,478.45596,718.2249,515.9787,134.37167,500.9696,243.93796,502.47052,487.08505,550.4996,695.71124,552.0005,709.2194,539.9932,689.70764,535.4905,727.23035,481.4578,704.71674,469.45053,733.23395
0.6877661439088675,530.6257,203.86852,539.6324,187.3562,512.61224,190.35843,545.63684,190.35843,481.08875,194.86179,514.11334,265.4144,469.0798,292.43454,505.10666,387.00504,472.08203,423.0319,523.12006,489.08115,496.09995,522.1058,509.61002,496.58673,491.5966,502.59122,506.60776,598.66284,487.09323,628.68524,494.59882,688.73,479.58762,717.2513,514.11334,134.81703,500.6033,244.39873,502.1044,487.58002,550.1402,696.2356,553.14246,708.24457,539.6324,690.2311,538.1313,721.75464,479.58762,705.2423,469.0798,733.76355
0.6931645950445762,529.98956,204.12788,537.4946,187.61668,511.97736,190.61873,544.99976,192.11974,480.45596,193.62076,514.9794,267.17065,463.94476,292.688,505.97327,388.75314,466.9468,423.27658,525.4865,489.32138,492.4641,520.8428,510.47632,499.82852,492.4641,504.33157,502.97122,601.89777,486.46002,628.9161,492.4641,690.4578,477.45392,714.4741,511.97736,133.58002,498.46817,244.65538,502.97122,484.81833,546.5008,696.4619,549.5028,706.96906,538.99567,691.95886,534.4926,720.4782,474.45187,706.96906,466.9468,730.98535
0.6761750200620065,528.6598,203.9797,537.6648,187.47054,510.64975,190.4722,543.6681,191.97304,479.13223,193.47386,512.1506,267.0147,464.1239,294.02972,503.1456,390.0831,467.12558,423.10144,522.65643,490.63895,491.13892,523.6573,510.64975,499.64395,492.63974,504.14645,503.1456,600.1998,486.6364,627.21484,492.63974,691.7507,477.6314,714.2632,512.1506,133.44052,497.14224,244.50221,501.64474,486.13644,548.1706,699.2548,549.67145,706.75903,540.66644,693.2515,534.6631,720.26654,476.13058,706.75903,467.12558,730.77234
0.6800390183925629,527.0952,202.152,534.6045,184.12964,509.07285,188.63522,542.11383,188.63522,476.03183,193.14081,510.5747,266.73212,462.51508,293.7657,500.06165,389.88495,465.5188,425.92966,521.08777,492.01166,489.5486,526.5545,510.5747,501.02286,491.05048,507.0303,504.56726,603.1496,483.54117,628.6813,494.0542,693.2614,476.03183,714.2875,507.57098,130.06255,495.55606,244.20418,500.06165,490.5098,549.62317,705.2763,551.125,711.28375,542.11383,699.26886,537.6083,724.80054,477.5337,708.28,467.02066,730.808
0.6795898309120765,525.4892,202.04965,534.504,185.52249,507.45956,188.52744,542.01636,188.52744,475.9077,193.03484,513.4694,266.65585,460.88303,292.1978,501.4497,389.85834,463.88794,424.41516,525.4892,498.03616,487.92746,528.0856,511.96698,499.53864,489.42993,504.04602,507.45956,603.20905,481.9176,628.751,495.43982,694.8597,475.9077,715.8942,507.45956,131.4336,495.43982,244.1188,499.94724,489.02133,549.52875,705.37695,549.52875,711.38684,542.01636,699.36707,536.0065,726.4115,478.91266,709.88434,465.3904,730.91895
0.6733205501849835,524.98016,202.03363,533.9965,184.0009,505.44467,188.50908,541.51013,188.50908,473.88742,193.01726,511.4556,266.6509,460.36285,290.69455,500.9365,389.87454,461.8656,422.93454,521.9747,499.57364,485.90924,526.62274,508.45013,502.57907,488.91467,510.0927,506.94742,606.2673,482.90378,636.3218,493.42285,693.4254,475.39014,715.9664,505.44467,131.40544,494.9256,244.10999,499.43378,490.55725,549.02374,705.44727,550.5265,709.95544,541.51013,699.43634,537.00195,723.48,476.89285,708.4527,464.87103,730.99365
0.6702634187845083,524.92957,202.39923,532.4406,184.37265,505.40076,187.37709,539.9517,188.8793,473.85425,193.38594,508.40518,266.9945,458.8321,294.03436,497.88968,391.67838,461.83652,424.7271,518.9207,502.8423,487.37418,529.88214,506.90295,504.3445,488.87637,511.8556,505.40076,604.9929,481.3653,641.0461,491.88083,695.12585,473.85425,716.15686,503.89853,130.29291,493.38303,244.46127,497.88968,495.3312,548.96497,705.64136,550.4672,710.148,541.4539,699.6325,535.44507,722.1657,475.35645,710.148,463.3387,731.179
0.6766224503517151,523.46497,202.25496,532.47656,184.23177,503.93985,187.23564,539.9862,187.23564,472.39926,193.24336,508.44565,266.83804,457.37994,293.87283,496.4302,391.49844,460.38382,424.54095,517.4573,501.1395,485.91666,528.1743,505.4418,504.14337,487.4186,510.1511,503.93985,609.2786,481.41086,639.31726,491.9244,693.38684,473.9012,717.4178,503.93985,131.66414,491.9244,244.30907,496.4302,493.62985,545.99396,702.39844,550.49976,709.9081,538.4843,696.3907,535.48047,724.9274,473.9012,708.4062,464.88962,732.4371
0.6761064598193536,524.3082,202.41495,531.81555,185.89873,504.78903,188.90167,539.32294,188.90167,471.75656,193.4061,506.2905,266.9784,456.74182,292.50348,495.78018,391.60083,461.24625,426.13477,516.80084,501.20856,485.26984,529.7366,506.2905,504.2115,486.77133,511.71887,503.28754,609.31476,480.7654,643.8487,494.2787,694.89886,473.25806,717.421,503.28754,131.84561,491.27576,244.45627,495.78018,496.70413,546.8303,703.9077,548.3318,709.91364,537.8215,697.9018,534.81854,724.92834,474.75952,709.91364,462.7477,732.4357
0.7070102806274707,523.0521,203.09152,530.5381,185.12517,503.58856,188.11957,536.52686,188.11957,469.153,194.10835,503.58856,267.47098,454.18106,294.42053,494.60538,391.7383,457.17545,424.67664,517.0633,499.53647,485.6222,527.9832,502.09134,505.52527,484.125,510.01685,502.09134,610.32904,479.6334,638.77576,491.61096,692.67487,472.14743,716.63,500.59415,132.72328,488.61658,245.01303,491.61096,496.54208,547.00726,700.1608,544.0129,707.6468,539.52124,694.17206,530.5381,724.11597,475.1418,706.1496,461.66705,731.6019
0.7033191208656018,522.508,203.08087,530.0008,185.09819,503.0268,188.0953,535.99506,189.59386,468.56,195.58809,501.52823,269.01736,455.07297,294.49283,494.03546,393.39755,458.0701,426.3658,518.0123,499.79507,485.0441,529.76624,501.52823,502.79218,483.54556,508.7864,500.02966,606.1926,479.04987,633.1666,491.03833,691.61035,473.05566,715.5872,500.02966,132.64871,488.04123,245.04045,491.03833,495.2994,546.4849,703.59875,546.4849,709.593,538.9921,696.106,531.4994,724.57855,473.05566,706.5959,462.56577,730.5728
0.700875848531723,521.8389,202.23842,529.3413,184.23277,502.33282,188.73419,535.34314,188.73419,469.32245,193.2356,500.83234,268.25912,454.31775,293.76712,493.33,391.2977,455.81824,425.8085,517.3375,496.33063,481.32623,529.34094,500.83234,500.83203,484.32718,506.83392,499.33188,602.864,479.82574,629.8725,490.32904,691.3918,472.3234,715.3993,499.33188,131.71631,487.3281,244.25159,491.82953,491.82922,545.84644,700.3946,547.3469,707.897,536.8436,692.8923,532.3422,722.9017,472.3234,706.3965,463.3206,730.404
0.7002189251092764,520.80176,201.49779,528.3122,183.47284,501.27475,187.97908,534.3205,186.477,468.22903,192.48532,499.77267,266.0872,453.20822,291.62253,492.26227,389.25763,453.20822,425.30753,519.2997,482.3865,477.2415,527.44885,501.27475,495.9052,481.74774,500.41147,502.77682,595.0424,478.74356,626.58606,490.7602,689.6734,472.73526,713.70667,498.2706,132.40216,486.25397,243.556,490.7602,485.3907,547.8392,698.68585,546.3371,706.1962,538.8267,692.67755,532.8184,718.2129,475.7394,706.1962,462.2207,730.2295
0.704006810600941,519.784,201.29364,527.2855,184.79033,500.2801,187.79092,534.78705,186.29063,465.77316,193.79213,501.7804,267.30692,452.27045,291.31174,492.7786,388.83133,453.77075,424.83856,525.7852,447.34308,474.77496,528.3594,500.2801,498.35333,482.27646,504.35455,501.7804,597.3732,477.77557,627.3793,491.2783,688.8916,471.77435,714.3967,495.77917,133.78008,486.77737,243.30208,492.7786,484.85062,545.2891,694.8928,546.7894,702.39435,536.28735,688.8916,534.78705,715.89703,476.27527,703.89465,462.77255,730.9001
0.6935129085412393,519.99097,203.04709,525.9864,185.0607,499.00684,188.05843,533.4807,188.05843,466.0318,194.0539,502.00458,267.49832,452.542,292.97903,496.0091,388.90646,449.54425,424.87924,528.98413,424.87924,472.02725,529.79987,502.00458,499.8225,482.51932,508.81573,503.50342,600.2465,478.0227,639.21704,493.01135,687.1807,472.02725,714.16034,496.0091,134.09926,485.51703,243.51646,493.01135,487.8316,546.9705,691.67737,546.9705,699.1717,537.97736,687.1807,534.9796,712.6615,479.52158,703.6683,463.03406,730.6479
0.688703389121936,518.08484,203.29634,524.0802,186.80911,498.59995,189.8068,531.5744,188.30795,462.6278,194.30331,500.0988,267.74637,450.63712,291.72778,495.60226,378.6604,444.64175,428.12204,536.07086,407.1383,461.12897,534.53955,498.59995,503.06396,480.6139,509.0593,500.0988,610.9803,476.11737,645.45355,492.60458,690.4187,471.62085,715.899,495.60226,132.85095,483.61154,243.76497,489.6069,494.07092,548.0616,693.4164,549.5604,700.9106,539.06854,687.421,536.07086,715.899,483.61154,705.4071,464.12665,732.38617
0.672463147686078,517.0866,202.19705,524.6032,185.66055,497.54346,188.66719,532.1198,187.16386,462.96713,193.17714,499.04678,268.34308,450.94058,289.38953,499.04678,376.58203,440.41736,423.1849,536.62976,400.63513,452.4439,526.9139,499.04678,504.3641,482.51028,510.37738,496.04013,614.1064,476.497,647.1794,491.53018,692.27893,473.49036,716.33203,494.53683,133.04439,485.5169,241.28334,491.53018,486.32428,550.1596,695.2856,551.66296,701.2988,541.1397,689.2723,538.13306,714.82874,479.50363,707.31213,464.47046,731.36523
0.6631665390271407,516.8445,202.86064,524.347,184.85455,497.3379,189.35608,531.84955,187.85558,461.32568,192.3571,495.83737,264.38144,452.32266,286.88907,497.3379,369.417,438.81808,420.43423,536.3511,370.91748,443.3196,522.46875,498.83838,498.46063,485.3338,502.96213,495.83737,601.9956,479.3318,635.0068,491.33585,690.5256,474.83026,713.0332,494.33685,132.33679,483.8333,240.37334,494.33685,477.45352,551.35614,695.0271,552.8566,701.0291,542.3531,689.0251,539.3521,714.5337,477.83127,707.0312,465.8272,729.53876
0.6757040413526388,518.2074,203.01517,524.18665,185.07742,498.77487,189.56186,531.6607,188.06705,461.40457,194.0463,497.28006,264.30246,447.95126,289.71426,497.28006,361.4652,434.49796,418.26807,542.1244,362.96002,434.49796,513.93604,500.26968,490.01904,483.82675,500.48273,497.28006,597.6455,479.34232,630.5313,494.29044,688.829,474.85788,711.25116,494.29044,132.75902,482.33194,241.88028,494.29044,473.5761,552.5881,694.8082,555.5777,700.7875,543.6192,688.829,540.6296,712.746,480.83713,706.7667,464.3942,730.6837
0.6670024566925489,517.9423,202.7244,525.3925,186.33405,498.57193,189.31412,531.3526,187.82408,462.81116,193.78421,494.10184,260.8356,450.89093,290.63623,492.6118,362.15775,434.50058,414.30884,537.31274,356.19763,425.5604,509.67087,498.57193,485.83035,485.16165,490.30045,497.08188,590.13257,480.69156,622.9132,492.6118,685.49457,474.7314,710.8251,494.10184,132.69292,482.18158,241.46521,494.10184,467.94998,550.723,692.9447,553.70306,700.3949,541.78284,685.49457,540.2928,712.3151,479.2015,701.8849,464.3012,730.1955
0.6581274695121325,514.72284,203.6737,522.17664,187.27528,495.34286,190.25682,529.63043,188.76605,461.05527,194.72911,493.8521,258.832,450.61993,287.15652,484.90753,343.80557,429.7492,404.92694,535.5935,340.82407,408.8785,492.88205,496.83365,480.95593,481.926,483.93747,495.34286,585.30945,480.4352,610.65247,490.87057,685.19073,472.98138,710.5337,493.8521,132.11699,481.926,240.94283,490.87057,463.06677,547.51965,692.64453,549.0104,704.5707,540.0658,686.68146,535.5935,713.51526,478.94446,703.0799,462.54605,728.4229
0.6288211311285312,516.16956,203.53363,523.6252,187.13115,498.2759,190.11342,531.0809,188.62228,462.48865,196.07796,495.29364,257.2145,449.06845,285.54608,483.36456,342.20923,425.21027,398.87238,538.53656,331.77127,401.3521,480.88483,498.2759,474.92026,478.89114,479.39368,495.29364,586.75543,480.3823,609.12244,489.3291,685.17035,471.43546,712.0108,493.8025,131.95914,480.3823,242.30316,489.3291,461.50006,544.5011,694.1172,544.5011,706.04626,538.53656,688.15265,531.0809,714.99304,475.90887,706.04626,460.99753,728.41327
0.6271192534611776,513.0514,204.12836,522.0527,186.1258,495.04883,189.12622,532.55414,189.12622,462.04413,195.12708,498.04926,261.13647,450.04242,282.13947,484.54733,340.64777,423.03857,384.15396,543.05566,325.64563,396.03473,465.1655,499.54947,474.16678,472.54562,478.66742,499.54947,583.6824,480.0467,610.68616,493.5486,684.19666,471.0454,712.7007,493.5486,132.11812,481.5469,241.6337,486.04755,459.16464,546.0561,693.19794,541.5554,700.699,540.05524,687.1971,531.05396,709.70026,486.04755,700.699,457.5435,724.7024
0.6172954268180407,512.9524,204.33487,521.955,186.32968,494.9472,189.33055,532.458,189.33055,461.9377,196.8327,500.94894,261.3513,449.93427,280.8569,484.44418,351.3772,418.4252,381.38583,535.45886,316.86725,386.9161,459.4083,497.9481,477.41348,472.44073,480.41434,496.44763,583.94415,481.44333,610.9519,490.44592,684.4731,472.44073,711.48083,491.94635,133.81456,484.44418,241.84566,484.44418,462.40915,544.4615,688.97437,538.4597,696.4765,538.4597,684.4731,529.45715,706.97955,481.44333,699.4774,458.93686,723.4843
0.6154871376661154,513.1078,204.62085,520.6125,186.60965,495.0966,189.61151,532.61993,189.61151,462.07605,197.11618,499.5994,261.6563,448.56766,282.66937,492.09473,351.7123,414.0462,378.72913,535.62177,311.18713,379.52472,449.27298,498.09845,473.28793,471.08167,477.79074,493.59567,579.8542,483.0891,602.3682,490.59378,684.91956,472.58258,707.43353,492.09473,134.07698,483.0891,242.14418,483.0891,459.77954,549.1302,692.4242,541.62555,698.4279,540.1246,686.4205,532.61993,708.93445,481.5882,699.9289,459.0742,720.94196
0.601548168521661,512.83545,203.94882,521.8423,187.4363,496.3229,188.93744,532.3502,188.93744,463.29788,196.44313,503.8286,259.49094,448.2865,283.50912,491.81952,348.05807,410.75806,376.57968,542.8582,303.02393,371.72845,444.1309,499.3252,474.15366,473.80585,480.1582,494.82178,582.2356,481.31155,609.25604,490.31836,684.313,473.80585,708.3312,493.32065,133.39532,484.3138,242.97841,484.3138,460.6434,545.8605,688.8164,541.35706,693.3198,538.3548,682.8118,530.8491,702.3266,479.8104,697.8232,458.79446,720.3403
0.6477216871885153,512.1606,204.08382,522.66266,187.5806,495.65738,189.08089,533.16473,190.58118,462.6509,195.08206,507.65973,259.5947,444.6474,283.5994,492.6568,340.61053,405.63977,373.617,540.6662,306.1038,357.63037,432.12845,506.15942,468.1355,473.15298,472.63638,498.65796,579.1572,482.15472,604.66223,491.1565,682.6775,474.65326,708.1825,495.65738,132.06973,483.65503,244.59175,489.65622,459.13373,546.66736,687.17834,543.66675,693.17957,540.6662,682.6775,530.1641,703.6816,482.15472,697.6804,462.6509,721.6851
0.6310432152106211,511.7258,204.03195,522.2241,187.53464,493.72873,189.0344,534.22217,190.53415,462.23383,196.53317,507.22653,258.0232,444.23676,283.51907,498.228,337.5103,403.74332,370.50494,543.2207,304.51566,349.75208,425.99594,507.22653,467.98914,475.73166,472.4884,496.72824,580.4709,481.73068,608.96625,489.22946,682.45435,474.2319,707.9502,496.72824,132.04364,483.23044,244.52539,492.22897,457.49084,543.2207,683.9541,544.72046,691.4529,538.72144,680.9546,531.22266,700.4514,480.23093,697.4519,465.23334,719.94824
0.645194771198126,514.1334,204.03206,523.1331,186.0327,496.13406,189.0326,533.63275,189.0326,463.13525,196.53232,508.13364,258.03012,448.1358,282.02927,499.13397,336.02734,406.1373,364.5263,544.1324,298.5287,352.13922,414.02454,506.6337,466.52267,473.6349,471.0225,497.63403,576.01874,482.63455,604.5177,490.13428,681.015,476.63477,708.01404,496.13406,132.03462,485.63446,244.53061,491.63425,454.5231,547.13226,682.51495,547.13226,691.51465,541.13245,676.51514,533.63275,702.0142,481.1346,697.5144,467.6351,723.0135
0.6368630115802472,514.67487,204.00014,523.6752,187.49954,496.6742,188.9996,532.6755,190.49965,463.673,196.49986,505.67453,259.50214,448.6725,282.00296,502.6744,330.00467,405.1709,358.5057,544.67596,298.50354,349.6689,406.50745,504.17447,463.5095,475.67346,469.5097,493.6741,571.51337,483.1737,600.0144,489.17395,676.5172,478.67355,705.0182,495.17416,130.49748,483.1737,246.00165,490.67398,451.50906,544.67596,679.5173,546.17596,690.0177,538.6757,673.5171,532.6755,699.018,478.67355,694.5178,468.1732,721.5188
0.6357966225880843,513.8299,203.80872,522.83325,187.3026,495.8232,188.80315,531.8366,190.3037,462.81097,196.30592,509.32822,259.3293,447.80542,280.3371,506.32712,329.85547,402.7887,355.36493,548.3427,296.84323,347.26813,401.88217,503.326,463.405,474.81543,470.90778,494.32266,571.44507,482.3182,602.9568,488.32043,676.484,477.81653,706.4952,494.32266,131.782,483.81876,245.8243,491.32156,449.9,545.3416,677.9846,549.84326,688.48846,540.8399,673.4829,536.33826,698.9924,479.3171,692.9902,468.8132,721.50073
0.6436649446304028,514.2983,203.58728,521.8059,187.07059,494.77856,188.5721,532.3165,190.07362,461.74518,197.5812,506.7907,257.6419,449.73303,277.16165,502.28616,328.21326,404.6875,350.73602,547.33167,298.1829,346.1283,397.28308,503.78766,461.84833,475.25882,467.8544,493.27704,571.4591,482.76642,598.48645,488.7725,678.0669,478.26187,706.5957,494.77856,131.51442,484.26794,244.12827,491.7755,448.3347,545.83014,679.5684,550.3347,690.07904,539.8241,675.06384,538.3226,700.58966,479.76337,694.5836,470.75427,721.6109
0.6410109744622157,513.3843,203.81393,522.3884,187.30637,495.37604,188.80707,534.3939,190.30775,463.86163,197.81119,514.885,257.83865,451.85614,275.8469,513.3843,320.86752,408.3362,344.8785,549.40076,292.35446,348.30872,389.8991,505.88086,460.4314,474.36642,466.43414,496.87674,571.48224,483.37054,596.9939,489.3733,676.53033,478.8685,705.0434,495.37604,131.78096,486.37192,244.33247,492.37466,446.92523,546.3994,682.5331,546.3994,693.0379,541.89734,678.031,532.89325,703.5427,480.36917,694.5386,469.86438,721.55096
0.6279704582232696,512.5223,203.60542,521.5311,187.08925,494.50464,190.0922,533.54285,191.59366,462.9738,196.09807,511.0208,256.15686,449.46057,275.67596,509.51935,320.72003,404.41647,346.24503,551.5605,293.6936,345.85916,392.7906,509.51935,455.85233,476.487,461.8582,496.0061,572.9669,483.99435,595.489,488.49878,681.07275,477.9885,706.5977,496.0061,133.03635,485.49582,242.64363,493.00317,446.8435,545.5546,685.57715,545.5546,693.08453,539.5487,682.5742,533.54285,703.5948,482.4929,697.5889,468.97968,720.11096
0.6203296264776816,511.2289,203.4859,521.767,186.926,494.669,188.43144,533.8106,191.44234,463.05463,195.95868,512.7344,257.68198,449.50558,274.2419,511.2289,326.93253,407.3531,344.9979,548.8651,293.8127,347.13522,391.66675,508.21802,457.9064,478.1091,462.42273,493.16354,572.3203,484.13086,594.90204,488.64722,679.20703,476.60364,704.7996,496.17444,132.72992,485.63632,242.62752,493.16354,445.86282,542.8433,685.2288,541.3378,692.7561,538.32697,682.21796,529.29425,703.2942,482.62543,697.2724,466.06552,718.3487
0.6229096719851861,512.0922,203.48357,522.60236,186.96767,495.57632,188.46912,534.6139,191.472,464.046,195.97635,515.0951,256.03415,449.03152,275.55295,513.5937,316.09195,406.99106,347.6223,552.6312,292.06885,349.93616,392.66565,509.08936,458.72925,476.05756,463.23358,492.57346,572.8391,483.56476,595.3608,488.06912,679.4417,477.559,704.96625,497.0778,132.91565,486.56766,242.52115,492.57346,446.71768,542.12115,683.94604,540.6197,692.9547,539.1182,679.4417,528.60815,703.4648,477.559,694.4561,467.0489,718.47925
0.6342954864868751,512.7663,203.72354,523.2705,188.71747,496.25958,190.21808,533.7748,191.71869,463.2462,196.2205,512.7663,257.74545,448.2401,275.75275,514.26685,316.26917,409.2243,349.28256,554.7833,293.76004,355.2024,395.80142,509.76505,457.32635,475.25107,461.8282,496.25958,571.37256,484.2547,592.3811,490.25714,677.9158,476.75168,704.92676,497.7602,133.19496,484.2547,242.73936,493.25836,446.82208,544.27905,686.91943,541.27783,692.9219,539.7772,680.917,529.27295,704.92676,481.25348,694.4225,466.2474,718.4322
0.6331119846839172,513.5621,205.15022,522.5683,188.63884,497.05072,190.13988,534.5766,191.64091,464.02795,196.14401,513.5621,257.68643,446.01553,277.1999,512.06104,326.73404,406.98865,353.75266,551.08795,299.7154,357.4545,401.78577,510.56003,458.82507,471.5331,464.82922,498.55176,572.9037,482.04037,596.9202,489.54553,677.97614,477.53726,706.4958,498.55176,133.10056,486.54346,244.17712,491.04657,448.31784,542.0817,685.4813,542.0817,694.4875,537.5787,680.9782,528.57245,703.4937,479.0383,694.4875,467.03003,720.00507
0.6458827864665252,515.87616,202.70744,523.3291,187.80148,499.47958,189.29208,532.2727,189.29208,465.1959,193.76387,506.93256,257.85947,447.30875,275.7466,524.8197,310.03033,404.08148,363.69177,556.1222,299.59616,365.326,424.80618,506.93256,459.08987,477.12067,462.07108,500.97018,578.3375,481.59244,594.7341,492.0266,688.6416,475.63007,711.00055,499.47958,132.64944,484.57364,238.48174,490.536,451.6369,548.66925,693.1134,547.17865,702.05695,542.70685,690.1322,532.2727,709.50995,474.13947,705.03815,466.6865,727.3971
0.6425482504642926,516.55493,202.83421,524.0323,187.87944,498.6092,189.37492,533.0052,189.37492,464.21323,193.86136,506.08658,256.6714,446.26752,276.11258,519.5459,312.00403,405.88965,365.8412,556.9328,304.52664,372.98914,434.63312,506.08658,457.06528,479.168,460.05624,501.60016,573.71246,482.15897,591.6582,492.6273,685.8732,476.17706,708.30536,500.10468,131.05133,485.1499,240.22113,491.1318,451.08337,547.95996,691.85516,547.95996,700.828,541.978,687.3687,534.5007,708.30536,474.68158,702.3235,467.2042,724.7556
0.6467910706996918,515.27563,204.06035,524.2808,186.05003,497.26532,189.05176,534.7868,190.55261,465.74725,195.05519,512.2739,259.59216,446.23608,280.60422,536.28766,318.1257,414.71802,370.6558,558.8006,309.12054,384.70084,444.19794,509.27222,469.71255,473.25156,471.2134,500.26706,580.7762,479.255,603.28906,492.76276,681.3338,473.25156,709.8501,497.26532,133.51994,485.25845,241.58185,488.26016,454.70395,545.29285,694.84155,539.2894,703.8467,537.7885,687.3372,530.28424,711.35095,480.75586,699.3441,461.2447,724.8587
0.6428183168172836,516.8275,203.15828,525.8132,186.68459,498.85623,189.67981,534.7988,191.17741,465.90884,194.17264,506.34427,258.56982,447.93753,282.53156,503.34906,327.45984,414.99014,379.87616,552.77014,322.967,394.02362,465.23987,506.34427,468.23508,476.3921,471.2303,498.85623,580.5558,480.88492,601.5223,492.8658,680.89557,473.39688,707.85254,498.85623,131.27306,483.88016,242.09612,489.87057,454.7566,542.28687,688.3836,542.28687,701.86206,536.29645,683.8908,527.3108,710.8477,476.3921,700.3645,462.9136,725.82385
0.6525225650805694,514.9417,204.3661,523.8685,188.00027,497.0881,189.48808,534.28314,189.48808,464.35648,192.46368,506.01492,257.92697,447.99063,278.75623,510.47833,324.87808,419.7224,391.8292,555.11237,326.36588,409.30777,484.07294,506.01492,470.6827,483.69788,473.65833,500.06372,580.7801,480.7223,600.1215,492.6247,684.9262,474.7711,707.2433,498.57593,132.9516,485.1857,240.07335,495.6003,455.8047,549.1612,695.3408,547.6734,704.26764,541.72217,690.87744,532.79535,713.19446,477.74667,704.26764,464.35648,723.6091
0.6685995092758765,516.5925,206.7884,525.5388,190.38698,498.7001,191.87802,534.48505,190.38698,464.40622,191.87802,498.7001,260.4658,449.49582,282.83136,501.68216,339.49084,427.13025,408.0786,547.90436,345.455,436.07648,515.4334,503.17322,482.63052,486.7718,485.6126,500.19113,592.9674,479.3166,624.2792,491.2449,686.90283,474.84348,707.77734,500.19113,133.72751,485.28076,239.59125,497.20905,461.756,549.3954,692.867,552.3775,700.32214,541.9402,688.39386,537.4671,713.7415,477.82556,706.2863,465.89725,725.6698
0.6810689178796915,516.5729,204.88771,525.50446,188.51308,498.70963,190.00168,534.4361,190.00168,465.9604,192.97888,500.19824,261.4546,448.09717,283.78363,503.17545,341.8391,433.21112,414.7806,549.3221,356.72513,446.60855,527.91437,504.66403,489.21072,483.8236,498.14233,500.19824,600.8559,479.3578,636.58234,492.75522,688.6834,473.40338,711.01245,500.19824,134.9234,485.3122,240.61415,497.22104,468.3703,550.8107,694.6378,552.2993,703.56946,543.3677,688.6834,537.41327,715.4783,479.3578,706.54663,464.47177,728.8757
0.6794235500005575,516.2921,206.52939,525.24817,190.10992,498.37994,191.6026,534.2042,191.6026,467.03372,193.09529,499.87262,264.74384,450.61426,285.64133,510.32138,340.87042,441.65817,421.47504,552.11633,370.724,455.0923,530.44055,502.85797,485.66022,484.94583,493.1236,499.87262,594.62573,478.97513,627.46466,490.91656,687.17175,473.00443,709.56195,501.3653,136.37352,486.43854,242.35367,493.90192,464.7627,550.62366,694.63513,550.62366,702.0985,541.6676,688.6644,537.1896,715.53265,475.98978,706.5766,464.04834,727.47406
0.686731253678982,517.59467,205.34494,526.5735,187.38734,499.6371,190.38028,535.55225,190.38028,466.71484,193.37321,502.63004,265.20358,451.75018,289.14703,511.60883,353.49506,447.26077,423.82895,549.02045,386.4173,465.21838,531.57446,504.1265,488.17697,483.17596,501.64517,499.6371,594.426,478.68655,628.8448,490.6583,687.2069,474.19717,709.65393,501.13354,136.5075,487.66537,242.75659,495.1477,473.2123,546.0275,691.69635,552.01337,702.1716,538.5452,685.71045,537.04877,714.1433,469.70776,705.1645,466.71484,727.6115
0.7043715188136468,519.2194,204.42247,528.2206,189.42052,501.21707,190.92072,537.22174,192.42091,469.713,193.92111,507.21786,265.93042,451.71066,286.93314,510.21823,361.94284,450.21048,418.95023,546.2229,400.94788,469.713,526.9642,508.71805,481.95837,484.71494,487.95914,507.21786,588.47217,478.71417,622.9766,493.7161,684.48456,472.71338,709.98785,502.71725,136.91373,489.2155,241.92732,496.7165,466.95642,549.22327,693.4857,547.7231,703.98706,540.2221,688.98517,534.2213,714.48846,475.71378,702.4869,465.2124,727.9902
0.6892157128224006,520.69116,205.85728,529.68616,189.36652,502.70126,192.36484,537.18195,190.86568,471.21893,193.864,507.19876,264.32452,451.72983,289.81024,504.20044,372.264,451.72983,417.2388,541.67944,412.74133,474.21722,519.1817,510.19708,484.70102,487.7097,490.69763,504.20044,592.6405,480.21387,625.622,493.70633,685.58844,474.21722,709.57495,502.70126,136.89594,489.20883,241.83711,499.70294,472.70773,550.6744,694.5834,550.6744,700.58,541.67944,688.58673,537.18195,712.5733,477.21555,702.07916,465.2223,727.5649
0.6969249386053818,523.3283,205.67278,532.32574,187.6778,506.8329,192.17654,538.3241,190.67696,473.8421,195.1757,511.33163,264.15646,457.34668,292.6485,500.83456,379.62424,457.34668,414.11462,529.3266,448.60498,482.83957,510.08783,509.83203,481.5958,488.8379,486.09454,506.8329,588.0661,484.33917,616.5581,494.83624,685.5389,473.8421,712.5314,505.3333,135.19244,491.83707,243.16232,499.33496,471.09872,551.8203,694.5364,550.32074,703.5339,542.8228,688.538,535.32495,715.5305,482.83957,702.0343,464.8446,729.02673
0.6885112787668521,524.49506,204.4537,533.4883,187.96616,508.0075,190.9639,539.48376,190.9639,475.0324,195.4605,512.5041,264.40845,458.54486,291.38806,502.01202,381.32016,458.54486,418.79187,525.99396,463.7579,484.0256,516.2183,511.00525,483.2432,487.02335,487.7398,508.0075,589.66284,485.52448,621.1391,496.01657,685.5904,475.0324,715.56775,508.0075,135.50577,493.01883,243.42429,499.0143,475.74887,551.4747,694.5836,549.9758,705.0757,542.4815,688.58813,534.9871,717.06665,484.0256,702.07794,466.03918,732.0553
0.6927858178432171,525.74133,205.91797,533.24286,189.41461,507.73767,192.41522,540.7444,192.41522,476.23126,195.41583,512.2386,265.93015,462.72855,291.4353,500.23615,382.9539,459.72794,415.96057,521.2404,480.47366,483.7328,513.48035,510.73828,483.47427,488.2337,487.9752,506.23737,592.99646,486.7334,623.00256,495.73523,684.5151,476.23126,716.0214,509.23798,136.90396,494.23492,243.42557,500.23615,472.97214,551.24646,693.51685,549.7462,707.0196,542.2447,687.5157,536.24347,717.5217,483.7328,701.0184,467.22943,732.5248
0.69959668471263,528.34485,205.52396,535.8538,189.0042,511.82507,192.00778,541.861,192.00778,478.78552,195.01138,514.8287,265.59583,460.76398,289.62457,504.31607,379.7324,457.76038,415.7755,531.34845,462.3312,483.29092,513.39233,514.8287,480.35278,489.2981,486.35995,508.82147,592.98755,489.2981,621.52167,496.8071,683.09534,477.28372,714.63306,510.32327,136.4413,495.3053,243.06888,501.31247,471.342,549.37,692.10614,549.37,707.1241,541.861,686.09894,534.352,717.63666,483.29092,699.6151,468.27295,731.15283
0.7177193073125986,530.08154,205.70615,537.58435,189.19998,512.0748,192.2011,543.5866,192.2011,479.0625,195.20222,518.0771,267.2291,459.55524,285.2358,509.07373,378.27054,455.05356,411.28287,536.0838,436.7924,479.0625,508.81927,516.57654,483.30975,489.56644,487.81143,509.07373,595.85175,489.56644,625.863,498.5698,684.38477,477.56195,715.89655,512.0748,136.68037,497.06924,243.22014,503.07147,474.3064,551.0894,694.88873,548.08826,709.8943,543.5866,688.8865,533.0827,718.8977,485.06476,699.3904,468.5586,732.4027
0.7202632828400686,530.8389,205.44348,538.3467,188.9264,511.31873,191.9295,544.3529,190.42795,479.7861,194.93262,518.8265,267.00717,463.269,288.02893,506.81406,379.62366,455.76126,412.65784,538.3467,438.18423,481.28766,511.76038,514.32184,487.7355,490.297,495.2433,508.3156,601.8536,491.79852,630.38306,499.3063,687.4421,478.28455,717.47314,511.31873,137.8736,499.3063,242.98232,502.30942,478.7262,551.86066,694.9499,550.35913,709.9654,544.3529,690.4452,535.34357,721.97784,488.79544,703.95917,470.7768,732.4887
0.7146747754170344,532.762,206.0354,540.21375,189.6416,514.87787,192.6223,547.66547,191.13194,482.09027,195.60298,520.83923,264.1589,462.71576,289.49478,508.91647,368.4831,458.24472,417.6645,544.68475,419.15485,477.61923,516.02734,517.8586,481.74936,494.01303,487.71075,511.8972,602.46735,498.48407,626.3129,502.9551,690.39777,482.09027,715.73364,514.87787,137.4795,499.9744,243.29405,505.9358,471.31696,555.1172,697.8495,550.6462,709.7723,549.1558,691.8881,534.2524,723.18536,491.03232,705.3012,473.1482,730.6371
0.7156804043513078,533.36597,207.59453,540.8122,189.72357,515.495,192.70207,549.7477,192.70207,484.22086,195.68056,521.452,264.18585,466.3499,289.50302,514.0058,366.94382,457.41443,417.57816,546.76917,416.08893,476.77463,520.3361,516.98425,477.14798,494.64557,484.5942,512.51654,603.7339,500.60257,623.09406,503.58105,691.59937,482.73163,715.4273,518.4735,139.08922,502.0918,243.33643,505.0703,469.70175,557.1939,699.0456,551.23694,710.95953,551.23694,693.0886,534.8552,722.87354,491.66708,705.00256,473.79614,730.31976
0.7116362979778876,533.3095,206.85463,542.2606,190.44427,516.8992,193.42798,551.21173,191.93613,485.5703,194.91982,522.8666,265.0368,469.15994,291.8901,515.4073,364.99078,458.71698,417.20557,548.228,412.73,478.11105,521.63513,516.8992,478.37143,496.01324,484.33884,512.4236,602.19507,503.4725,621.5891,503.4725,690.21423,482.5866,715.5757,519.8829,138.22949,503.4725,244.1509,506.4562,467.9285,557.17914,697.67346,552.70355,709.6083,551.21173,691.70605,536.2932,723.0349,490.04584,705.13275,473.6355,730.4942
0.7025739092093247,535.073,205.95268,544.0386,189.51588,518.6362,192.5044,551.5098,192.5044,487.25687,193.99864,524.6132,262.73438,467.83157,289.63095,520.1305,361.3552,457.37177,416.6426,550.01556,409.17136,479.78558,522.7347,520.1305,470.4358,497.71664,480.89557,512.6592,600.436,506.6822,618.367,502.19943,691.5855,482.7741,713.9993,521.62476,140.20547,503.69366,243.30905,506.6822,461.47025,555.9926,697.5625,551.5098,708.0223,551.5098,693.0798,535.073,721.4706,487.25687,705.0338,473.80856,728.9419
0.7040535922233875,534.0745,206.66595,543.06384,190.18555,517.5941,193.18198,552.0531,193.18198,487.6297,194.6802,526.5834,262.10007,468.15286,289.068,520.5905,360.9825,456.1671,413.42017,553.55133,407.4273,481.63684,518.29553,520.5905,462.8614,496.61902,473.34894,516.0959,594.70465,507.10657,614.1815,504.1101,693.58716,484.63327,717.55865,522.08875,140.74432,505.60834,244.12143,507.10657,455.3703,556.5478,698.0818,553.55133,713.06396,552.0531,693.58716,537.0709,725.04974,486.1315,707.0711,475.64395,732.54083
0.7177722339446728,535.1774,205.8937,544.16473,189.41699,517.2029,190.91489,553.15204,192.41277,487.24518,193.91064,529.1859,262.81326,469.2706,291.27304,521.6965,360.17566,452.79388,412.60153,554.6499,406.61002,481.25366,512.9597,521.6965,469.5211,497.73038,481.50415,517.2029,596.8411,505.2198,616.3136,503.7219,691.20776,487.24518,716.67175,521.6965,136.9911,506.71768,243.34079,509.71344,459.03592,556.1478,695.7014,553.15204,713.676,551.6542,691.20776,535.1774,725.65906,485.7473,706.1866,476.76,731.6506
0.7423338683751913,536.3586,203.53236,545.34717,188.55135,519.87946,190.04944,554.33575,193.04565,489.9174,194.54375,533.36237,261.95837,467.44583,284.4299,536.3586,351.8445,435.9857,398.2857,561.8263,402.78,476.43445,494.16428,528.86804,461.206,497.4079,473.19083,521.3775,585.5485,506.3965,606.522,504.8984,685.9214,491.41547,711.38916,524.3737,137.61586,507.8946,242.48303,513.887,455.2136,558.8301,699.4043,554.33575,715.8834,552.8377,691.9138,537.8566,724.8721,483.92496,702.4005,480.92877,727.8683
0.7211577261869724,536.27686,204.92879,545.2781,188.42656,518.2744,189.92676,555.7795,192.92717,488.27042,194.42737,534.7767,264.93686,464.26718,284.43948,536.27686,351.94855,422.26154,392.45398,564.7807,402.9554,471.7682,476.4653,530.27606,471.9647,498.77182,482.4661,521.27484,585.98004,506.27283,608.48303,504.7726,684.99335,491.2708,708.9966,522.775,135.91951,509.27322,243.93402,513.77386,459.96307,558.7799,698.4951,552.77905,713.49713,554.2793,690.99414,534.7767,723.9986,483.7698,704.496,482.2696,725.4988
0.7213120598059434,536.16754,204.99953,545.1513,188.52927,518.19995,191.52386,557.1297,193.02116,488.25403,196.01575,536.16754,266.38867,464.2973,287.35083,543.654,348.74,411.89194,390.66428,569.10803,399.64804,468.78918,462.5345,534.6702,471.51828,497.23782,481.99936,524.18915,585.3128,504.7243,607.7722,507.7189,684.13434,494.24323,708.0911,522.69183,136.1239,509.2162,245.42653,513.70807,461.0372,560.12427,700.6046,552.63776,715.5776,554.1351,693.1181,539.1621,724.56134,485.25946,702.1019,483.76215,724.56134
0.7087623981329111,535.2512,207.3347,545.70667,190.90479,517.3277,192.39842,557.6557,193.89204,488.94873,196.8793,536.7449,264.09262,462.06342,283.5098,547.20026,343.25494,403.8119,386.5702,571.0983,397.02557,466.5443,452.28986,535.2512,471.70703,500.89777,480.66882,529.27673,582.2356,503.88504,600.1591,505.37866,686.7896,493.42963,707.70044,523.3022,137.13414,508.3659,244.67543,515.83405,461.25165,560.64294,700.2323,553.1748,710.6877,554.6684,692.7641,538.23846,719.6495,484.46786,703.21954,481.4806,724.1303
0.7034862293646886,536.3987,208.52342,546.8235,190.65231,518.5276,192.14157,557.24835,195.12009,488.7424,196.60934,536.3987,263.626,460.44647,284.47565,546.8235,342.55676,396.40833,382.76675,573.6302,391.7023,464.91425,446.8049,534.9094,470.63306,499.1672,481.05786,531.9309,580.83826,506.61353,600.1986,506.61353,685.08636,493.21017,705.93604,522.99536,137.03899,508.10278,245.7549,515.5491,458.71896,560.22687,699.979,551.2913,711.89307,555.7591,692.53265,537.88794,720.8286,482.78537,701.46826,479.80685,720.8286
0.7063059921448047,535.362,208.67636,545.7716,192.3184,517.5169,192.3184,557.6683,195.29259,489.26227,196.77966,538.3362,266.67276,456.54636,284.51782,545.7716,342.51422,389.62744,378.2043,574.02625,382.6656,462.4947,440.662,538.3362,474.865,496.6977,482.3004,538.3362,584.9094,502.64606,599.78033,505.62024,687.51843,492.23645,706.8506,523.4653,140.27036,510.08148,247.34064,516.02985,461.4812,557.6683,700.9022,553.20703,708.3377,556.1812,694.9539,538.3362,717.2602,481.82684,700.9022,478.85266,720.2344
0.7325934951121991,536.8883,208.93861,547.2878,192.59663,519.0607,194.08226,559.17285,195.5679,490.83365,198.53917,545.8021,262.42148,452.20712,286.19165,554.71594,330.7607,376.43973,370.87286,579.97174,378.30103,459.6353,428.81262,541.3452,467.43915,490.83365,477.8386,553.23035,581.83307,498.2618,599.66064,508.66125,681.3706,492.31927,702.1695,525.00323,139.11377,510.1469,247.56512,514.6038,457.03967,557.68726,705.14075,550.25903,714.05457,559.17285,697.7126,532.43146,722.9684,493.80493,693.2557,477.46292,714.05457
0.7490955109779651,535.9012,208.17876,546.2737,191.8792,519.6017,193.36098,558.12787,194.84276,489.9661,196.32452,549.2372,260.04095,449.9581,283.74942,555.1643,331.1663,371.4239,366.72897,583.3181,378.5832,457.367,420.07297,540.34656,461.56274,482.55722,471.93518,565.53674,586.03204,498.85678,602.3316,512.19275,677.9023,495.89322,707.53784,525.52875,138.5352,512.19275,245.22319,513.67456,457.1174,565.53674,709.0196,549.2372,719.392,559.6097,700.1289,528.4923,725.31915,495.89322,688.2747,485.52078,719.392
0.7619592948601797,535.7242,208.78502,546.0971,192.48473,517.9421,193.96657,557.95184,195.44841,488.30518,198.41211,554.98816,262.13144,448.29535,282.87726,562.3974,328.81445,365.31204,362.89688,583.14325,373.26978,452.74088,417.72513,541.65155,462.18048,480.89594,474.03525,571.28845,582.2099,495.7144,599.99207,516.4602,675.5661,491.26886,709.64856,525.35126,137.65646,513.4965,247.31299,512.01465,457.73495,563.8793,709.64856,538.68787,724.467,563.8793,700.7575,520.90576,728.91254,503.1236,687.4209,483.85962,722.98517
0.7737928353823148,534.9134,208.48755,545.313,192.1454,518.5713,193.63106,560.16943,196.60236,491.8296,198.088,561.6551,266.42786,448.74576,282.77002,569.0834,334.76773,364.06372,358.53812,582.4542,371.90897,451.71704,412.0215,543.82733,462.53357,479.9444,471.44748,576.5116,582.87115,496.28653,602.18463,521.5426,673.4958,490.34393,716.57965,525.9995,140.14767,515.6,248.60008,514.1143,455.10535,570.56903,707.6657,525.9995,726.9792,570.56903,698.75183,503.71478,731.4361,509.65738,686.86664,479.9444,725.4935
0.7883374645159795,533.76715,207.1675,545.6836,192.2719,518.8715,192.2719,560.5792,195.251,493.549,196.74057,566.5375,268.23947,448.86218,281.6455,572.4957,341.22794,362.46768,353.1444,581.4331,371.01913,448.86218,405.27905,547.17316,461.88232,480.14297,470.8197,579.94354,585.51587,495.03857,604.8801,530.788,674.88947,489.08032,718.08673,526.31934,138.64772,518.8715,247.38564,514.40283,454.43454,579.94354,713.61804,517.38196,734.4719,578.454,703.19116,495.03857,737.45105,518.8715,686.80597,480.14297,727.0241
0.7885228957121189,534.3269,208.36969,546.2768,191.93855,519.3895,193.4323,559.72046,196.41977,492.5022,196.41977,570.17664,268.11926,447.69,278.57544,577.6453,345.79373,361.05313,348.7812,583.6203,375.66852,446.1963,402.55582,549.2643,454.8367,479.05853,460.81168,583.6203,586.28577,495.4897,604.21063,540.3019,675.91016,489.5147,719.2286,528.3519,138.16393,519.3895,247.20691,516.40204,451.8492,586.6078,714.7474,516.40204,734.166,586.6078,704.2912,491.00845,737.15344,528.3519,689.3538,482.04602,728.19104
0.7918402942327353,535.5703,207.30591,547.5333,190.85678,520.6166,192.35216,563.9824,195.34291,496.69055,196.83829,575.94543,267.1209,451.8293,277.58853,583.4223,344.8804,362.1068,341.88965,581.92694,379.27405,447.3432,401.70465,556.50555,451.05203,486.22293,457.03354,583.4223,581.14966,496.69055,606.57104,566.9732,673.8629,489.21368,717.2288,529.5888,137.02328,522.11194,246.18565,520.6166,446.56592,598.37604,714.23804,507.1582,741.1548,607.3483,703.77045,474.25995,738.16406,555.0102,684.33057,489.21368,726.20105
0.7648108922518216,535.1872,204.976,548.6856,189.97775,520.18896,189.97775,565.18365,192.9774,496.19174,194.47723,583.1815,270.96823,455.6965,273.9679,590.68066,351.95874,367.2069,338.46033,587.681,378.95557,452.69687,398.45328,559.1844,449.44727,488.69263,455.44656,584.68134,581.43176,496.19174,602.4293,578.68207,675.92065,488.69263,713.41626,532.1875,135.9841,526.18823,245.47124,524.6884,446.44763,607.1787,714.9161,503.6909,729.9143,617.6775,705.9172,476.69403,732.914,566.6835,686.41943,488.69263,722.4152
0.7785304074104016,539.1098,206.52174,551.0465,190.10876,522.69684,191.60085,567.4595,194.58502,498.8234,196.07712,583.87244,267.6974,457.0449,276.6499,592.825,337.82556,370.50375,336.33347,588.3487,376.61987,449.58447,394.52493,561.49115,446.74805,491.36295,452.7164,582.3804,584.0202,497.3313,600.43317,588.3487,678.0218,489.87085,713.8319,533.1414,134.90147,528.66516,246.80814,527.1731,442.27176,615.2063,709.35565,503.29965,728.7528,627.143,700.40314,474.94998,728.7528,579.3962,689.9585,486.8867,722.7845
0.7680973181357751,540.72034,206.51195,552.6249,190.1432,525.83966,191.63127,568.9936,193.11934,500.54248,196.09547,591.31464,269.01083,460.36462,273.47504,601.73114,328.53357,375.54474,332.99777,592.80273,373.1756,452.9243,394.00858,564.5294,449.0671,493.10214,455.01938,585.36237,580.0171,499.0544,602.33813,600.24304,679.7177,490.126,715.43134,536.2561,136.57274,531.79193,245.20174,530.30383,446.09097,619.58795,713.94324,505.00668,728.8239,634.4686,705.01483,481.1976,733.28815,592.80273,691.62225,490.126,724.35974
0.7843649318585029,541.7859,206.24362,553.70807,191.3409,526.8832,191.3409,571.5914,194.32144,503.0388,197.30199,593.94543,268.83508,464.2917,276.28647,607.3579,323.9752,382.32666,331.42654,595.4357,370.17365,453.85977,394.01804,567.12054,449.1581,497.0777,455.1192,586.4941,578.8119,500.05823,598.1854,605.8676,681.6407,491.1166,714.4267,537.31506,136.20079,534.33453,246.48099,532.84424,443.19702,620.7703,717.4073,501.54852,733.8003,638.6536,708.46564,479.19443,733.8003,602.8871,695.05316,489.6263,724.85864
0.7724648324342874,544.4804,206.95091,557.9198,192.01826,529.5478,192.01826,575.839,196.49806,505.65555,197.99132,598.238,268.17477,466.83066,275.6411,616.15717,321.9323,389.18088,333.87845,599.7312,369.7168,457.87106,395.1023,569.8659,454.83292,501.17575,457.81943,590.77167,580.26715,501.17575,599.6796,611.67737,684.7957,492.21616,713.1678,540.0006,138.26071,538.5074,247.26906,537.0141,445.87332,619.1437,716.1543,501.17575,725.1139,638.5561,708.688,480.27002,726.6071,610.1841,695.2486,492.21616,720.6341
0.7891906339388627,547.3688,208.82465,560.80145,192.40692,532.44354,193.89944,577.2192,195.39195,508.56323,198.377,601.0995,267.03293,469.7577,277.4806,627.96484,317.77863,392.14664,332.70383,607.0696,367.0318,460.80258,396.8822,575.7266,450.61295,504.08566,453.59796,595.1294,581.9547,505.5782,596.87994,616.0247,687.92365,492.1455,711.804,542.8912,138.67618,541.3987,247.63017,539.9061,444.64285,621.99475,722.25165,496.62308,728.22174,641.3975,716.28156,478.71283,728.22174,613.0397,698.37134,493.63803,722.25165
0.7865499945787283,554.31085,209.03914,567.6948,192.68097,539.43976,195.65518,584.053,195.65518,515.64606,198.6294,613.7951,271.49765,476.98126,278.9332,645.0244,320.5722,407.08722,333.95615,618.2565,371.13385,469.54572,399.3889,587.0272,452.92474,514.15894,455.89896,601.89825,582.3031,512.6718,591.2257,616.76935,689.3748,493.33945,710.1943,548.3624,139.1451,549.84955,249.19104,551.3366,445.4892,627.1791,722.0911,497.80078,725.06537,643.5373,717.6298,478.46838,728.0396,612.30804,699.78455,494.82654,719.11694
0.7888472286554483,555.04395,207.37749,568.4317,191.0147,541.6562,193.98975,587.76953,193.98975,519.3433,198.45233,616.03253,268.3661,483.64267,275.8037,653.2207,317.45447,412.2414,333.81726,621.98267,371.00543,474.71753,397.7809,590.7446,451.33188,520.8309,454.30692,605.6199,583.72174,513.3932,592.6469,617.5201,689.3362,494.05536,710.16156,550.58136,140.43878,553.55646,246.05318,556.5315,443.89426,623.4702,720.5742,500.00546,725.0368,642.80804,717.5992,479.18008,728.01184,611.56995,699.74884,494.05536,719.0867
0.7822556610290821,556.4254,208.91725,569.7785,192.59685,543.0724,194.08052,590.54987,194.08052,522.30096,198.53154,620.2233,266.78046,488.1765,275.6825,663.2498,314.25797,418.4439,335.0294,630.609,366.1865,477.7908,398.82727,596.48456,449.27213,525.2683,452.23947,608.35394,584.2863,517.85,591.70465,617.256,689.627,495.59488,710.39844,553.45807,140.66833,556.4254,246.00905,562.3601,443.33743,620.2233,720.7841,501.52957,725.23517,642.4784,717.8168,477.7908,726.7188,611.3213,700.0127,495.59488,719.3005
0.7815871582581446,561.5807,207.93665,574.9572,193.07382,546.71783,194.5601,594.27893,194.5601,525.9099,197.53267,622.5183,265.9017,493.21164,273.33313,668.5931,313.46277,424.84262,334.27072,634.40857,371.42783,485.78024,399.6672,600.22406,444.2557,528.88245,445.74197,609.1417,583.9663,519.9647,586.9389,616.5732,688.00616,496.1842,710.3004,557.1218,141.0539,560.0944,245.09373,564.5532,439.79684,621.03204,720.7044,499.1568,725.16327,638.86743,716.24554,476.86255,726.64954,610.62805,696.9238,496.1842,720.7044
0.7928564984064835,564.60547,207.98372,577.99084,191.6238,549.7328,193.11105,597.3253,193.11105,530.3983,197.57286,628.5579,264.49985,499.16574,271.9362,674.6632,313.57965,430.75146,332.91412,638.9688,374.55762,490.24213,399.84113,604.76166,445.9464,533.37286,444.45914,610.71075,582.77496,521.47473,585.7495,616.6598,689.85815,499.16574,707.7054,560.1437,142.54399,564.60547,245.16539,570.55457,438.51007,625.58344,724.0653,505.1148,722.578,640.45605,718.1162,482.8058,724.0653,610.71075,698.78174,500.65298,716.62897
0.7832634930427258,568.4265,207.35071,581.83325,192.45433,553.53015,192.45433,601.19855,192.45433,532.67523,196.92323,632.48096,263.95694,501.39282,271.40515,680.14935,316.0943,434.3591,332.48032,642.90845,372.70053,492.455,398.02438,607.1571,441.22388,535.6545,441.22388,611.62604,582.7395,523.73737,588.69806,617.5846,689.99347,501.39282,709.35876,563.9576,141.80663,566.9369,244.59166,571.4058,436.75497,625.0328,724.2551,507.35135,724.2551,641.41876,719.7862,485.00677,725.74475,611.62604,698.9313,502.88245,718.2966
0.7925620033190801,571.95825,207.5873,585.31744,192.7438,558.5991,192.7438,604.61395,192.7438,539.3026,197.19685,637.26965,263.99255,509.61563,269.92996,689.22186,317.4291,441.33557,327.81955,646.1757,378.2874,496.25647,396.0996,612.0357,443.5988,539.3026,442.11444,613.52,577.1902,527.4278,581.64325,617.9731,687.03204,512.58435,701.8755,568.98956,143.76028,571.95825,243.21167,576.4113,436.17703,620.9418,715.2347,515.55304,715.2347,637.26965,709.29724,493.28778,715.2347,612.0357,695.9381,514.06866,709.29724
0.7981393818671887,574.5317,208.4941,587.9255,192.1239,561.1379,193.61209,607.2721,192.1239,541.7913,196.5885,638.5243,263.5575,510.5391,268.0221,693.5877,318.6209,443.57007,327.5501,648.9417,381.1253,497.1453,396.00732,614.71313,439.16513,540.3031,437.67694,614.71313,576.0795,528.3975,579.05597,617.6895,687.6946,517.9801,698.11194,573.0435,144.5015,574.5317,242.7227,578.9963,434.70053,623.64233,721.92316,520.9565,721.92316,641.50073,715.97034,498.63348,717.45856,613.2249,696.6238,519.46826,707.04114
0.7996112429178678,578.40967,207.91367,590.3474,192.9915,563.48755,192.9915,609.7462,192.9915,544.08875,197.46815,641.08276,263.12564,512.7522,267.6023,696.29474,319.82983,444.1103,327.29092,648.5438,383.99512,497.83005,395.93283,614.22284,440.6993,541.1043,439.2071,615.7151,577.98315,530.6588,582.4598,617.2073,685.42267,523.1977,697.3604,575.42523,146.73282,576.9175,243.72684,578.40967,434.73044,624.6684,721.23584,530.6588,724.2203,642.57495,713.7748,505.2911,721.23584,612.73065,692.8837,524.68994,706.31366
0.7918930420508752,578.89703,207.5781,592.33563,191.15308,565.4584,192.64627,611.747,192.64627,546.047,197.12581,643.1039,262.82584,516.18335,264.31903,699.8448,322.55316,446.00375,325.53952,649.0766,391.23956,499.75833,395.71912,614.7334,434.54187,541.56744,433.04868,616.22656,579.38055,532.60834,580.8738,617.7197,685.39655,528.1288,697.342,577.4038,147.85078,578.89703,241.9213,578.89703,433.04868,625.18567,719.73975,534.1015,727.2056,641.61066,712.2738,510.2106,724.2193,613.24023,694.35565,529.62195,706.3011
0.7979429868551401,580.45135,206.8426,592.4191,191.88289,566.9876,193.37886,611.86676,193.37886,547.54,196.3708,644.7781,263.68948,514.62866,266.68143,701.625,325.0243,445.814,326.52026,650.76196,393.83893,499.66895,396.83087,613.36273,438.71808,541.5561,438.71808,616.3547,577.8433,534.07623,576.34735,616.3547,682.5613,532.58026,690.04114,577.4594,145.5078,580.45135,244.24187,577.4594,434.23016,622.33856,715.47266,535.5722,722.9525,640.29016,707.9928,513.1327,716.9686,611.86676,690.04114,534.07623,699.01697
0.8028137660943545,583.8111,206.99496,595.76074,192.05786,568.87396,192.05786,615.179,193.55157,549.45575,196.539,646.54694,266.74338,516.5941,266.74338,703.3079,330.97293,447.88342,326.49182,651.0281,398.1899,498.6696,398.1899,612.1916,444.49493,541.9872,443.00122,615.179,578.9289,540.49347,578.9289,616.6727,681.99493,540.49347,689.46344,580.82367,144.25912,582.3174,244.33774,577.83624,437.0264,618.16644,716.3503,543.4809,722.3251,637.58466,708.8817,521.07526,716.3503,613.6853,690.95715,543.4809,696.932
0.8047425196721003,583.8253,206.02098,597.25146,191.10301,570.3992,192.5948,615.1531,194.08661,551.0058,197.0702,644.989,267.18466,516.69446,267.18466,704.6609,331.33194,448.07178,326.85654,652.448,398.4628,497.3011,398.4628,612.16943,444.70853,542.055,444.70853,615.1531,578.9703,542.055,580.46204,616.64484,683.39606,542.055,689.3632,580.84174,144.8573,582.3335,243.31592,577.85815,438.74133,619.6285,717.7074,543.5468,725.1664,639.0218,710.2484,521.16986,719.19916,613.66125,692.34686,545.0386,698.314
0.802787164082894,584.6737,206.06392,596.5924,192.65544,569.7754,192.65544,615.9602,194.14526,550.4076,197.12492,645.75684,267.147,516.1415,267.147,703.8602,331.20975,447.60925,328.23007,651.7161,398.25217,496.77368,399.74197,612.9805,442.94708,542.95844,441.45728,615.9602,578.5217,542.95844,581.5014,615.9602,684.29974,541.4686,691.7489,581.6941,146.47066,581.6941,243.3097,578.7144,436.98776,618.9398,718.5659,541.4686,727.5049,638.3077,711.11676,519.12115,721.54553,612.9805,693.2388,544.4483,700.6879
0.8055745844657605,583.5917,204.80908,597.0011,191.39967,570.1823,191.39967,614.8803,192.8896,550.8132,195.86948,646.16895,268.87625,515.05475,267.38632,704.27637,331.4535,446.51776,328.47363,652.12866,398.50055,494.19565,398.50055,611.90045,444.6885,541.87354,444.6885,614.8803,577.29266,541.87354,581.76245,616.37024,683.078,540.3836,690.52765,582.10175,143.72177,582.10175,243.54738,577.63196,438.72876,620.8401,718.8364,541.87354,727.776,638.7193,709.8968,519.52454,721.8163,611.90045,692.0176,543.36346,699.4673
0.7993274904214419,582.2663,205.88292,595.708,190.94771,568.8246,190.94771,615.1237,193.93475,549.4089,195.42827,646.4877,267.11725,515.05786,267.11725,704.735,331.33862,444.86243,326.85806,649.47473,397.0535,494.1486,398.54703,612.1367,441.8591,540.44775,440.3656,613.63025,577.7695,540.44775,580.7565,616.61725,683.8094,538.9542,691.277,580.77277,144.64857,580.77277,243.22092,577.78577,437.37854,621.09784,715.17334,540.44775,727.12146,639.0201,707.70575,518.0449,721.1474,613.63025,691.277,541.9412,700.2381
0.8024853284542377,582.70135,205.8933,596.1588,190.94061,569.24396,190.94061,614.10205,193.93114,548.3102,195.4264,645.5027,265.70407,513.919,265.70407,703.81824,331.49594,443.64133,327.01013,648.4932,398.78305,494.4805,397.28778,611.1115,440.6506,539.33856,439.15533,612.60675,576.7201,537.8433,578.2154,617.0926,681.389,539.33856,690.3606,579.7108,144.58725,579.7108,243.27504,576.7203,436.1648,618.5878,714.2849,539.33856,727.7423,638.02637,706.80853,516.90955,721.7612,614.10205,690.3606,542.3291,699.3322
0.7940529882907867,580.28894,206.04106,593.72626,191.11069,566.85156,191.11069,613.13574,194.09676,547.4421,195.5898,644.4895,265.76254,513.10223,264.26953,704.211,329.96317,441.43643,323.991,651.9547,397.14984,493.69275,397.14984,610.14966,440.44794,539.9769,438.9549,611.6427,574.8213,536.99084,576.31433,616.1218,682.31995,539.9769,689.78516,580.28894,144.82652,578.7959,241.87396,575.8098,435.9688,617.61487,712.1807,538.4839,721.1389,637.02435,706.20856,517.58136,715.1668,613.13574,691.2782,544.456,698.7434
0.7935481759218069,578.8808,205.92856,592.3169,190.99957,565.4447,190.99957,613.21747,193.98537,546.037,195.47827,644.56836,267.13745,510.20743,265.64453,704.28436,331.33212,440.04114,325.36053,652.0329,397.0197,490.7997,397.0197,610.2317,440.31378,537.0796,440.31378,611.7246,576.16766,537.0796,574.67474,616.2033,683.65643,540.0654,691.1209,578.8808,143.22678,577.3879,241.75815,574.4021,435.83508,620.682,713.5144,540.0654,720.9789,638.5968,707.5428,519.1648,716.5002,613.21747,692.61383,543.0512,700.0783
0.7925649216541877,578.50464,205.86884,591.94635,190.93355,565.06287,192.42708,611.36224,193.92061,545.64703,195.41414,642.7263,267.10345,509.80237,267.10345,703.96094,331.32513,439.6066,325.351,651.68744,397.0403,488.89297,397.0403,609.8687,440.3526,536.68585,438.8591,612.8558,576.2636,536.68585,576.2636,617.3363,683.79755,539.6729,691.2652,578.50464,144.63422,577.0111,243.20702,574.02405,435.87204,620.32336,713.6681,539.6729,722.6293,638.2457,709.1875,518.76355,716.65515,614.3493,692.7587,542.66,700.2264
0.7962249975938064,578.22345,205.70915,591.66815,190.7706,564.77875,192.26445,611.08826,195.25217,545.35864,196.74602,642.4592,268.45108,509.5061,266.9572,702.21344,331.193,439.29492,326.71143,649.92847,396.92264,488.59213,398.41647,609.5944,441.73828,536.3955,440.24442,612.5821,576.18524,536.3955,576.18524,617.06366,683.74286,539.38324,691.2121,578.22345,144.46109,576.7296,244.5494,573.7419,437.2567,621.5452,713.61993,539.38324,722.58307,639.4715,707.64453,518.46924,718.1015,614.076,692.70593,543.8648,700.17523
0.8032293732349689,576.6101,205.97742,590.089,191.00085,563.1312,191.00085,611.0562,193.99615,543.6617,195.49382,642.50696,270.37662,507.71793,268.87897,702.4132,331.78052,437.32812,327.28754,649.99524,396.17972,486.75076,397.67737,608.06085,444.1047,536.1734,444.1047,612.55383,575.89844,537.6711,575.89844,617.0468,683.7296,539.1687,689.7203,576.6101,143.07587,575.1124,244.91646,573.6148,438.11407,621.5398,715.1804,539.1687,724.1663,639.51166,707.69214,518.20154,718.1757,612.55383,691.2179,543.6617,700.20386
0.8014293840298286,577.51843,206.51321,591.02234,191.50887,564.0145,191.50887,610.52795,196.01016,544.50885,196.01016,642.0371,271.0319,505.49756,269.53146,702.0545,332.5497,436.47754,329.54886,648.0388,397.06842,484.49146,397.06842,607.5271,445.08234,535.5062,443.5819,613.5289,577.1206,537.00665,577.1206,616.5297,686.65234,540.00757,691.1536,577.51843,143.49495,574.5175,245.5245,571.51666,439.0806,621.031,716.661,538.50714,725.66364,639.03625,710.6593,519.00146,719.66187,613.5289,694.1545,544.50885,700.15625
0.7950603365898132,575.09576,208.83908,588.5491,195.3858,561.64246,195.3858,607.98157,198.37541,540.71515,198.37541,640.8674,271.6211,504.8397,271.6211,700.6598,332.90833,436.07843,332.90833,648.34143,398.67996,485.40717,400.17477,607.98157,442.02945,534.7359,442.02945,615.4556,576.5623,534.7359,578.0571,616.95044,688.6731,540.71515,691.6627,575.09576,147.55188,573.60095,247.70415,572.10614,437.545,621.4349,718.5693,539.22034,727.53815,639.37256,712.59,518.29297,720.0641,612.466,696.14716,545.1996,700.6316
0.7984477212795844,575.9022,211.83017,589.3165,196.92545,560.9975,196.92545,608.6926,199.90639,540.1309,199.90639,639.99255,272.93954,502.8691,274.43002,702.5924,335.5394,434.30737,334.04892,648.9354,399.6297,486.4739,402.61066,607.20215,444.34387,534.169,444.34387,616.145,576.996,532.6785,579.97687,617.6355,688.7814,540.1309,690.27185,574.4118,147.73985,572.9213,249.09198,571.43085,439.87247,622.1069,720.0813,538.64044,726.0432,639.99255,714.11945,519.2643,720.0813,613.16406,696.23376,546.0928,699.2147
0.7943586454941676,574.05194,213.74191,587.4577,198.8466,559.1567,198.8466,606.8216,201.82567,539.7928,203.3152,641.0808,274.81262,502.55453,274.81262,702.15155,335.88336,434.03613,335.88336,648.52844,401.42267,486.16968,405.89127,608.31116,443.12952,533.83466,444.61902,617.24835,578.6767,532.3451,580.16626,617.24835,690.3915,539.7928,691.881,572.56244,151.18166,572.56244,250.98015,571.0729,440.15045,623.2064,721.6716,539.7928,727.6297,641.0808,714.22394,520.4289,721.6716,612.7797,697.8391,545.7509,700.8182
0.7861003829882696,573.1233,216.41862,586.4197,203.1222,559.82684,203.1222,605.6257,204.59958,539.1435,206.07697,638.12805,275.5139,502.20895,278.46866,701.65546,339.0413,435.7268,340.51868,646.9923,404.04608,488.91254,409.9556,608.58044,443.93536,534.71136,445.41275,618.9221,578.3771,531.7566,584.2866,617.4447,690.6581,540.62085,692.13544,573.1233,157.32336,571.6459,254.83055,571.6459,443.93536,621.87683,720.2057,539.1435,726.11523,639.6054,714.2962,519.93756,720.2057,613.0126,698.045,545.05304,700.99976
0.7840355497140151,572.07666,220.9658,586.6923,206.35016,558.9226,206.35016,605.6927,209.27328,538.4607,210.73485,637.8471,279.4284,501.92154,282.35153,702.15594,342.2757,436.15112,343.73727,648.07806,406.58456,488.76746,412.43082,608.6158,446.0468,534.076,447.5084,620.3083,580.5108,529.6913,584.8955,618.84674,691.5897,539.92224,694.5129,572.07666,161.04164,570.6151,258.9665,573.5382,444.58524,621.7699,722.2826,539.92224,728.12885,639.30865,714.9748,520.9219,722.2826,613.0005,698.8976,544.30695,701.8207
0.796626803966669,571.4619,225.556,584.5227,211.04396,558.40106,211.04396,604.8396,213.94637,538.08417,215.39757,639.6685,285.05542,500.35284,289.40903,702.0703,346.006,435.0486,347.4572,646.92456,409.85904,488.74323,417.11508,609.19324,456.2976,535.18176,456.2976,622.2541,585.45483,529.37695,589.8085,617.90045,689.9416,539.5354,694.2952,570.0107,164.6054,571.4619,263.28732,572.9131,450.4928,622.2541,720.41693,540.9866,727.6729,639.6685,714.6121,522.1209,723.31934,610.6444,698.64886,543.889,701.5513
0.7755610392643855,572.04913,230.99736,584.937,215.24548,559.16125,216.67747,604.98486,219.54146,537.6814,220.97345,636.4886,286.8449,501.8817,294.00485,702.36005,348.4204,433.14627,354.14835,647.9445,412.85986,490.4258,420.0198,609.2808,454.3875,534.81744,454.3875,625.0327,588.99445,527.65753,593.2904,617.87274,690.6656,540.5454,692.0976,570.6171,170.85385,570.6171,268.22906,573.48114,452.95554,625.0327,719.30536,543.40936,722.1693,640.78455,712.1454,524.7935,716.44135,610.7128,697.8255,543.40936,699.2575
0.7715950631178342,572.3084,243.55688,584.9084,228.15688,558.3084,229.55688,604.5084,230.95688,537.30835,232.35687,636.70844,296.75693,503.70834,305.15692,702.5085,358.35696,433.7083,362.55698,647.90845,421.35703,495.30835,429.75702,611.5084,464.75705,535.9084,464.75705,629.70844,600.5571,527.50836,601.95715,617.10846,691.55725,540.1084,695.7572,570.9084,181.95685,570.9084,281.3569,575.1084,460.55704,622.70844,719.55725,544.3084,719.55725,638.10846,713.9572,526.10834,716.75726,610.10846,698.55725,542.9084,701.35724
0.7752523284692031,573.2463,249.86914,585.75397,234.58197,559.3488,235.97171,605.2104,237.36145,537.1129,238.75119,634.39496,301.28967,503.75906,309.62814,702.49243,359.6589,434.27188,366.60764,649.6822,424.97687,495.4206,434.70508,610.76935,466.6692,537.1129,468.05893,633.00525,604.25385,525.995,605.64355,619.1078,694.58716,539.8924,697.36664,570.4668,187.33067,571.8565,286.0025,574.636,465.27945,624.66675,723.7718,541.28217,722.382,641.3437,716.82306,521.82574,718.2128,610.76935,701.5359,542.6719,702.92566
0.7797812865330622,573.90607,256.84937,586.2497,241.76276,558.8195,241.76276,605.4508,243.13428,538.2468,244.50578,635.624,306.2237,505.33063,314.45276,701.4564,363.82706,435.38367,372.05612,650.7106,428.288,497.1016,439.26007,612.30835,472.1763,536.87537,473.5478,634.2525,612.0702,524.53174,610.6987,617.7944,695.73224,539.61835,699.8468,571.1631,192.38844,572.5346,292.5086,575.2776,469.43326,626.02344,723.1625,536.87537,727.277,639.7385,716.30493,519.0457,724.53394,610.9368,701.2183,545.10443,705.3328
0.7866910856503707,573.06757,262.32443,586.6563,247.37683,559.4789,248.7357,607.0394,248.7357,537.7369,251.45345,635.57574,312.60272,505.12396,320.75595,700.80164,369.67535,434.46255,375.11087,646.4467,433.5424,499.68845,443.0545,612.4749,478.3852,537.7369,479.74405,636.93463,615.63135,524.1482,612.9136,617.9104,695.8048,539.09576,701.2403,571.70874,197.09854,573.06757,299.01398,575.78534,474.30856,621.987,724.3411,539.09576,727.0589,638.29346,717.54675,520.07153,725.7,611.116,701.2403,544.53125,706.6758
0.7927436255491697,575.0141,268.11307,588.47516,253.30594,560.207,253.30594,607.32056,254.65204,538.6694,255.99814,636.9348,319.26495,505.01678,325.99545,700.20166,373.10904,436.36557,379.83957,647.7036,436.37585,499.6324,447.14468,612.70496,486.18167,537.32324,486.18167,638.28094,616.7536,523.86224,619.4458,619.4355,696.17365,538.6694,701.55804,572.3219,202.15404,573.668,303.11172,576.3602,479.45114,618.08936,723.0957,541.3616,725.7879,635.58875,717.7113,521.17004,724.4418,611.3589,700.212,545.39984,705.5964
0.7852628872944758,576.1616,278.19415,589.3986,263.63345,561.6009,263.63345,607.9304,264.95715,540.4217,266.28085,638.37555,327.1711,506.00543,335.1133,700.58954,380.11917,437.17297,386.73767,646.31775,443.65683,500.71063,452.92273,613.2252,488.66266,537.7743,489.98636,643.67035,621.0328,520.56616,622.3565,619.84375,695.16003,539.09796,703.1023,573.5142,212.00911,574.8379,312.6104,576.1616,483.36786,618.52,725.60516,541.74536,729.5763,635.72815,720.31036,521.88983,726.9289,611.90155,697.8075,545.7165,705.7497
0.7823832997908959,576.9973,288.32986,589.95557,274.07584,562.7433,274.07584,609.3929,274.07584,542.01013,276.66748,641.7884,337.57108,508.3188,342.75436,701.3962,388.10812,438.34442,391.99557,648.2675,447.7159,503.1355,458.08246,613.28033,495.6613,538.1227,496.95712,650.85913,625.2434,517.3895,631.72253,622.3511,692.62616,539.4185,701.6969,574.4057,222.24297,575.7015,322.0212,576.9973,489.1822,619.75946,722.43005,542.01013,725.02167,636.6051,715.9509,523.86865,722.43005,613.28033,692.62616,545.8976,702.99274
0.7914220209305103,577.8759,293.17548,590.77386,278.98767,563.6881,278.98767,610.1209,278.98767,543.0513,280.2775,642.3659,340.8981,508.22668,346.05728,701.6967,393.7799,437.28766,395.0697,644.9455,453.11072,501.77768,460.84952,613.9903,495.6741,537.8921,496.96393,652.6843,625.9439,514.67566,633.68274,621.72906,693.01355,539.1819,702.0421,575.29626,227.39568,576.58606,325.4205,576.58606,490.51492,621.72906,726.54834,543.0513,729.1279,638.4965,721.38916,521.1247,723.96875,612.7005,694.30334,545.63086,703.3319
0.7869992118615371,577.2082,297.45822,591.2816,282.10535,563.1347,282.10535,610.4727,282.10535,543.9436,284.66415,642.4579,344.79623,509.39966,349.91385,702.58997,397.25186,437.75293,397.25186,642.4579,457.38394,501.72324,462.50156,614.3109,498.32492,538.826,499.60434,655.25195,626.2655,511.95847,633.94196,623.2668,695.35345,538.826,703.02985,574.64935,229.6497,577.2082,329.44336,577.2082,491.9279,621.98737,726.05914,543.9436,724.7798,639.89905,722.22095,523.47314,720.9415,614.3109,695.35345,545.223,703.02985
0.7866626565272992,577.97406,301.69452,590.5983,286.5454,564.08734,287.80783,612.05963,285.28296,543.8885,287.80783,643.6203,347.14194,508.54053,352.19165,701.692,401.42636,437.84454,398.9015,643.6203,458.23563,500.96594,463.2853,614.5845,501.15817,538.8388,502.4206,658.7695,627.40094,511.06537,636.238,623.42145,694.30963,540.1012,701.8842,575.4492,234.78584,577.97406,331.9928,576.7116,493.5836,620.8966,729.65765,546.4134,727.1328,638.5706,724.6079,524.9521,724.6079,614.5845,694.30963,547.6758,701.8842
0.780270340350958,577.4347,304.6834,591.2191,289.64584,564.90344,289.64584,612.52234,289.64584,544.85333,290.89896,645.1037,351.0492,508.51257,354.8086,702.7477,402.42752,439.59042,401.1744,646.3569,461.32462,500.9938,466.33716,613.77545,502.67792,538.5877,503.93103,660.1413,629.244,509.76572,639.26904,623.80054,694.4068,541.09393,703.1787,576.1816,237.01439,578.68787,336.01166,577.4347,496.41226,621.29425,728.2413,548.61273,725.73505,638.8381,723.22876,527.3095,723.22876,613.77545,694.4068,547.3596,703.1787
0.7609906379993145,578.8989,311.74933,592.44727,296.9693,565.3506,296.9693,613.3857,296.9693,545.6439,298.20096,644.17737,356.0894,509.9255,359.78436,703.2974,407.81943,438.48877,406.58777,642.9457,466.9395,501.30383,470.63452,614.6173,505.12122,538.2539,507.58456,663.88403,633.2147,506.23053,646.76306,623.239,693.56647,541.9489,702.1882,577.6673,242.7759,578.8989,342.54102,577.6673,500.19455,622.0073,728.05316,553.03394,725.58984,639.2507,723.1265,532.0955,724.35815,614.6173,691.10315,546.87555,700.9565
0.7524317124715219,579.6911,314.704,593.1352,300.03775,566.247,300.03775,613.9124,300.03775,546.692,301.25995,644.4671,358.70282,511.24854,362.3694,703.1322,410.03476,439.13937,407.5904,643.24493,467.47763,501.471,473.5886,613.9124,507.80988,538.13666,509.03207,665.2443,634.91754,505.13757,649.5838,622.4677,693.5826,541.8032,702.13794,578.46893,247.48363,579.6911,346.48093,576.02454,502.9211,621.24554,729.02606,551.58075,724.1373,637.134,722.91516,530.8035,722.91516,613.9124,691.13824,547.9142,700.9157
0.747211238512626,580.06146,317.10303,593.46173,302.4845,566.66113,303.70273,612.9531,302.4845,547.1698,303.70273,644.6266,360.95856,513.05994,363.395,703.1006,412.12335,439.96735,410.90515,644.6266,468.161,502.09604,476.68848,614.1713,509.58014,538.64233,510.79834,666.5543,635.0557,504.53247,652.11066,622.6988,693.5298,541.07874,702.05725,578.84326,250.1015,580.06146,347.55826,577.62506,504.70728,621.4806,727.63965,549.6062,722.7668,637.3173,721.5486,527.67847,721.5486,615.3895,691.0933,548.388,699.6208
0.7469165210540478,580.1121,319.35226,593.46594,304.78452,566.75836,304.78452,612.8896,304.78452,547.33466,305.99847,643.23914,361.8416,513.3432,364.26956,702.7242,414.0428,440.50433,412.8288,645.6671,471.09988,502.41736,477.16977,614.1036,509.94727,538.8368,511.16125,666.30475,636.2013,503.63135,653.197,623.8154,694.47235,540.0508,701.7562,578.89813,253.79732,580.1121,349.70178,576.4702,506.30533,620.1735,726.0358,547.33466,723.6079,637.16925,721.17993,525.483,722.3939,615.31757,690.8304,547.33466,698.11426
0.7418372608148135,580.3256,320.4593,592.4218,307.15347,567.01984,307.15347,612.98535,307.15347,547.66595,307.15347,643.2258,362.79596,515.0062,366.42484,702.4972,416.01923,440.0098,414.8096,646.85474,471.6617,502.91,477.7098,614.195,511.57913,539.1986,512.78876,667.4182,637.3796,502.91,656.73346,623.87195,693.02203,537.98895,700.2797,579.116,253.93024,580.3256,350.69977,576.6968,506.74066,621.4527,724.4721,546.4563,714.79517,637.17773,718.424,525.89276,714.79517,615.4046,689.3932,546.4563,694.2316
0.7411605394803561,580.2205,320.7603,593.5214,307.45944,566.9197,307.45944,612.8681,307.45944,547.57294,307.45944,643.0974,363.08127,514.92535,367.91797,702.34674,416.28476,438.74765,417.49393,649.14325,473.11575,504.04282,479.16162,614.07733,511.8092,539.10876,513.0184,667.28076,638.77203,502.83365,656.9096,623.7507,693.1847,539.10876,700.43976,580.2205,255.46513,580.2205,350.98956,577.8022,508.1817,621.33234,724.62317,546.3638,717.3681,637.0515,718.5773,525.80786,716.15894,615.2865,688.348,547.57294,695.603
0.7452795585760703,580.57916,318.71167,593.91156,305.37927,567.24677,305.37927,613.3042,306.5913,547.8542,306.5913,642.39307,362.34503,515.12915,365.98114,701.78296,415.67468,438.77078,416.88672,647.2412,472.64044,504.2208,478.70062,614.51624,511.42566,539.3699,511.42566,666.63385,638.6896,504.2208,655.65814,624.2125,693.23126,540.5819,701.7155,579.3671,254.47368,580.57916,350.22464,576.94305,507.78952,620.5764,725.9563,546.64215,719.8961,636.3329,721.10815,526.0375,717.47205,614.51624,689.59515,549.0662,696.8674
0.7476551383733749,580.40735,316.32672,593.7418,302.99228,567.07294,302.99228,613.1374,302.99228,547.67737,304.2045,642.2308,359.96677,511.31064,363.60345,701.6297,413.3046,439.78946,414.51685,645.86743,472.70355,501.61285,477.55246,614.3496,510.2825,537.97955,511.49472,666.4752,638.7782,504.0373,654.5371,622.8352,694.54047,539.1918,703.026,579.1951,252.07887,579.1951,347.84454,576.7707,506.6458,620.41077,728.4827,544.04065,723.63385,636.1697,722.42163,523.43286,722.42163,615.5618,690.9038,547.67737,699.38934
0.7447281858095756,581.0244,313.89767,594.4391,299.2635,567.60974,299.2635,613.95135,300.483,546.878,300.483,643.2197,357.80023,512.73157,361.45877,700.5369,412.6784,440.78018,411.4589,645.65875,471.21515,501.75595,476.0932,613.95135,507.8006,538.3414,509.02014,665.171,637.0692,504.19498,654.14246,622.488,693.16693,540.78046,702.9231,579.80493,248.04385,579.80493,345.60507,576.14636,504.14206,620.04895,724.8743,546.878,723.65485,635.90265,719.9963,526.14624,721.2158,613.95135,689.5084,546.878,699.2645
0.7661335365130351,579.42145,308.83124,592.9305,294.09415,565.9125,294.09415,613.808,295.32224,547.4911,295.32224,644.5103,355.4987,511.87646,357.95486,701.0025,409.5347,440.6472,407.07852,644.5103,469.71115,499.59555,473.39542,615.03613,507.78198,537.6664,507.78198,664.1597,636.7315,505.736,650.24054,623.63275,693.2237,540.12256,703.04846,579.42145,243.74242,580.64954,341.9897,576.9653,502.8696,621.1766,728.8384,547.4911,722.6979,638.3698,722.6979,526.6135,722.6979,615.03613,691.9956,547.4911,700.5923
0.7619416335454354,579.36084,302.228,593.06244,287.28082,565.6593,287.28082,614.2377,288.52643,546.9753,289.772,644.132,350.80637,512.0985,353.29758,700.184,406.85834,441.09933,403.12155,642.8864,466.64713,499.64252,471.62952,614.2377,504.01508,538.2561,505.26068,662.81604,634.80304,507.11612,648.5046,622.95685,693.3462,539.5017,702.06537,578.11523,236.21124,580.60645,335.8592,576.8697,500.2783,620.46564,729.46857,550.7121,721.99493,637.90405,723.24054,530.7825,721.99493,614.2377,690.855,545.7297,699.57416
0.7698715810592358,581.0534,295.15662,595.0261,279.91367,567.0807,281.18393,614.0798,282.45416,548.02704,282.45416,642.0252,345.96643,512.46014,348.50693,701.7267,401.85724,441.32642,399.31674,644.5657,462.829,499.7577,466.63974,614.0798,499.66614,537.86505,500.93637,662.3491,630.5014,507.37918,644.4741,621.70123,694.0137,539.1353,701.63513,579.78314,230.3741,579.78314,329.45325,575.9724,495.8554,622.9715,729.58057,548.02704,723.2293,639.4847,723.2293,527.70306,721.9591,614.0798,692.74347,544.2163,699.09467
0.7827348044285407,582.3214,278.3327,595.3979,263.9486,569.245,263.9486,613.7049,265.25626,548.3227,266.5639,642.473,331.9461,511.70865,335.86902,701.317,390.7901,439.7882,388.1748,646.396,454.86465,499.93985,458.78757,615.0125,491.47867,539.1692,492.78632,656.8571,626.166,510.401,635.3195,622.8584,692.8559,537.8615,702.0094,581.0138,214.25813,579.7061,314.94672,577.0908,487.55576,621.5507,734.7005,547.015,725.547,639.8578,728.1623,524.7851,721.624,615.0125,692.8559,544.3997,700.7017
0.7819797648833349,581.3921,268.6383,594.68134,255.34903,568.10284,255.34903,613.2863,258.0069,548.1689,258.0069,642.5227,327.11108,510.95895,328.44003,700.99554,384.25494,440.52582,381.5971,645.1806,450.70132,500.32755,452.03024,614.61523,486.58234,538.8664,487.91125,654.4831,622.1329,510.95895,631.43536,622.5888,693.89496,538.8664,701.8685,580.0632,207.50766,578.73425,305.84827,576.07635,482.59555,623.9177,731.1049,548.1689,720.4735,641.1938,725.7892,526.90607,717.8157,614.61523,695.2239,545.51105,701.8685
0.7901832942779248,581.43115,260.8082,594.92505,245.96487,567.9372,245.96487,613.8166,250.01306,547.6963,250.01306,642.1538,318.8321,511.2627,321.53088,701.5271,376.856,439.74487,374.15723,647.5514,441.62686,499.11816,444.32565,613.8166,483.45804,538.25055,483.45804,650.2502,617.048,513.9615,627.8431,623.2623,692.61395,536.9012,700.7103,581.43115,198.73613,578.73236,298.59122,576.03357,478.0605,624.6117,729.0476,543.64813,718.25244,640.80444,722.3006,523.4072,716.903,615.16595,695.31274,542.2987,702.0597
0.7956836246527158,581.60834,251.86642,595.33887,238.13593,567.87787,238.13593,613.18854,242.25507,548.65515,240.88202,642.0226,309.53455,510.20975,312.28064,702.43677,371.3218,438.81116,368.57568,647.5148,435.85516,497.8523,438.60126,614.5616,474.30057,537.6708,475.6736,647.5148,611.6056,517.075,619.8439,624.1729,692.61554,539.0438,699.4808,581.60834,191.45221,578.86224,290.31183,577.4892,471.55447,624.1729,729.6879,543.16296,729.6879,640.64954,722.82263,521.19415,726.9418,615.93463,695.36163,544.536,703.6
0.7892581935112293,581.9425,243.88516,594.4288,230.01152,568.0689,230.01152,613.85187,234.17361,548.6458,234.17361,641.5991,302.1544,512.5744,304.92914,704.03046,363.19836,437.6568,363.19836,651.31067,427.01706,497.3134,431.17917,613.85187,467.25058,538.93427,467.25058,642.9865,605.9869,518.12384,610.149,623.5634,690.616,537.54694,697.55286,580.5552,184.22855,579.1678,281.34396,577.78046,464.47586,623.5634,725.3001,543.0964,725.3001,640.2118,716.97595,522.28595,721.138,616.6266,694.77814,543.0964,701.7149
0.790647043631627,581.81165,228.70966,594.68195,214.40932,567.5113,214.40932,613.2724,218.69942,547.4908,218.69942,641.87305,287.34106,511.73996,290.20114,703.36456,350.26257,437.37817,351.69263,650.4533,416.04416,494.57953,418.90424,614.7024,456.0851,538.9106,456.0851,636.15295,594.79846,524.6102,593.3684,620.42255,689.1807,538.9106,692.0408,580.3816,170.07825,578.95154,267.3206,577.52155,453.22507,624.71265,719.2114,541.7707,720.6415,640.44305,712.0613,520.3201,716.3514,614.7024,694.9009,543.2007,699.191
0.8019555004743429,581.2538,221.28812,594.29834,206.79411,566.75977,206.79411,614.58997,211.14232,547.9176,212.59172,643.57794,283.6123,508.78378,285.0617,704.45276,345.9365,439.21262,344.4871,649.37555,411.1595,492.8404,412.6089,613.14056,456.09085,539.2212,454.64148,631.9827,592.3344,527.626,586.53687,618.9382,689.4442,537.7718,690.8936,579.8044,160.41333,578.355,260.4219,576.9056,450.29327,623.2864,719.8816,540.6706,721.331,639.22974,712.63464,518.92957,716.9828,613.14056,693.7924,543.5694,696.6912
0.7980151336926681,581.2582,216.42825,595.8935,201.79294,568.08636,201.79294,614.9194,204.72,547.5969,206.18353,642.7265,277.8966,509.54507,279.36014,704.1949,342.29205,437.832,340.8285,651.5077,406.68747,490.51917,408.151,613.4559,449.1299,538.81573,449.1299,626.6276,586.70197,530.03455,585.2384,619.31,689.14923,538.81573,689.14923,581.2582,154.9599,578.3311,254.4801,576.86755,446.20282,625.1641,719.88336,541.7428,721.3469,641.263,712.56573,519.7898,715.4928,613.4559,696.46686,543.2063,696.46686
0.7929701048594254,581.2821,210.94241,594.56195,196.187,568.0022,197.66254,613.74396,200.61363,547.34467,200.61363,643.2548,274.39066,510.45615,274.39066,705.2275,337.8389,438.15466,336.36334,652.10803,404.23822,491.2741,404.23822,612.26843,447.0289,538.4914,447.0289,625.5483,584.25415,532.58923,581.3031,619.6461,689.0175,538.4914,691.9686,579.8066,148.96971,578.331,249.30646,576.85547,442.60226,624.07275,718.5283,541.4425,725.90607,641.77924,711.15063,519.3094,720.0039,613.74396,694.9197,542.918,699.3463
0.8161402551027445,581.96936,207.45692,595.3557,192.5832,567.09564,194.07057,613.20416,197.04532,547.75977,197.04532,644.43896,272.9013,507.6007,272.9013,705.42126,335.37097,437.6942,333.8836,653.3632,400.81537,491.23962,402.30273,611.7168,452.87338,540.32294,451.38602,620.64105,585.2496,535.8608,582.2748,617.66626,687.87823,538.8356,689.3656,580.482,143.49991,578.9946,246.12862,577.5072,443.94916,622.1284,717.6257,541.8103,726.5499,641.46423,711.6762,518.0123,720.60046,613.20416,693.82776,543.29767,698.28986
0.8045342472883371,581.44867,205.43478,594.8954,190.494,566.5079,190.494,612.8243,193.48216,548.579,194.97623,645.694,269.6801,509.73294,269.6801,705.4571,333.92545,438.0172,330.93732,653.16437,396.67673,491.804,401.15897,612.8243,447.47537,541.1086,445.9813,618.8006,580.4483,538.1204,581.9424,617.3065,686.5278,538.1204,691.01,579.9546,142.68352,578.4605,242.78671,576.96643,440.00497,620.2947,716.40936,542.60266,725.37384,639.7177,708.93896,518.6974,719.3975,612.8243,693.99817,542.60266,698.4804
0.7990363927987906,580.6466,203.31335,594.1164,188.34692,567.1768,188.34692,613.57275,191.34021,547.72046,194.3335,645.00226,266.17236,513.29767,267.669,706.3646,332.0247,441.45877,327.53476,655.47876,397.87698,493.84128,399.37363,612.0761,447.2662,541.7339,445.76956,613.57275,581.9641,540.23724,578.9708,615.0694,683.73584,538.7406,689.7224,580.6466,140.45433,579.14996,242.22607,577.6533,441.27963,618.0627,713.6687,540.23724,725.64185,637.51904,709.1788,517.7876,719.6553,612.0761,692.7157,543.2305,698.7023
0.7995617320904365,581.2231,201.61009,594.70734,188.12581,567.73883,188.12581,612.6864,192.62057,548.26154,194.11882,644.1497,266.03494,512.30347,267.5332,707.0763,330.4598,443.38382,328.96158,654.63745,397.8812,491.3279,397.8812,612.6864,444.32703,542.2685,442.82877,614.18463,580.668,539.272,580.668,615.68286,682.5492,537.77374,688.54224,579.7248,143.17822,579.7248,240.56465,578.22656,439.83228,617.18115,714.0125,540.77026,723.002,636.65845,708.01953,518.29645,718.50726,612.6864,691.53876,540.77026,696.0335
0.8017226205422328,581.1815,202.33644,594.6405,188.87741,567.7225,188.87741,614.0813,191.86832,548.2817,194.8592,645.48566,266.64062,513.8864,268.13608,708.29443,332.44025,443.60043,329.44937,655.9538,398.2399,492.95016,398.2399,611.0904,447.5896,540.80444,446.09418,615.5768,583.67523,540.80444,582.17975,615.5768,683.8701,539.309,691.34735,579.68604,142.51859,579.68604,241.21803,576.6951,441.60782,618.5676,715.2745,540.80444,724.24713,638.0084,707.79724,518.37274,718.2654,612.5859,691.34735,540.80444,700.32
0.7950151470991281,581.63403,202.92728,595.0715,187.99675,568.19653,187.99675,614.48114,192.4759,548.78687,193.96896,645.83527,265.63547,514.44666,267.12854,708.54346,332.82285,444.2732,326.85062,656.2866,398.51715,492.05087,398.51715,611.49506,441.81567,539.82855,440.32263,615.97424,580.66956,539.82855,580.66956,615.97424,683.6902,538.3355,691.15546,580.141,143.20517,580.141,241.74664,577.15485,437.33652,617.4673,713.5512,539.82855,722.5095,636.87695,707.57904,517.43274,718.0304,612.9881,691.15546,541.3216,698.62067
0.7997305484918448,581.5002,203.12915,594.9347,188.20195,568.06573,188.20195,614.34,192.68011,548.66034,194.17284,645.68713,265.82336,514.3278,267.3161,708.38135,332.99576,445.66272,328.51758,656.13617,398.6754,493.42975,398.6754,612.8473,441.96426,541.1968,438.97885,614.34,577.80176,536.7186,576.309,617.32544,683.78485,538.2113,688.263,580.00745,144.91309,581.5002,241.93987,577.02203,437.4861,618.8182,716.6247,539.70404,721.10284,638.2235,709.1611,518.80597,716.6247,612.8473,692.74115,541.1968,695.7266
0.8006275250361516,581.6229,203.15355,593.5875,188.19775,568.1627,188.19775,613.0301,192.6845,548.72015,194.18007,645.9328,265.96786,515.81744,265.96786,708.74713,334.76453,445.52518,324.29547,654.9063,400.57,491.88815,397.57886,611.5345,437.9595,539.7467,436.46393,614.52563,578.54395,533.76434,575.5528,617.5168,684.7301,536.75555,687.72125,580.1273,146.32153,580.1273,242.0386,575.64056,434.96835,617.5168,714.64166,533.76434,723.6152,636.95935,708.65936,514.32184,716.13727,614.52563,693.70355,541.24225,695.19916
0.8053146096376272,580.1454,203.03305,592.1042,189.57942,566.6918,189.57942,613.03204,194.06396,547.2587,194.06396,644.4239,267.31152,514.3721,265.81668,707.2075,336.07455,445.60907,324.11575,651.89813,401.84787,491.94934,395.86847,610.04236,436.22937,536.7948,433.2397,613.03204,576.7451,527.8257,572.26056,617.5166,684.3742,529.32056,682.87933,578.6506,147.72366,580.1454,241.89911,574.166,433.2397,617.5166,717.26086,520.35144,723.24023,636.94965,709.7866,503.90814,715.766,616.0217,693.34326,535.2999,691.84845
0.8067933389773736,578.5151,204.06622,590.4639,190.62375,565.0726,190.62375,611.37445,193.61096,545.65564,195.10458,642.74023,266.7978,514.2899,263.81055,706.9654,336.99738,445.58392,323.5549,650.20825,402.71613,491.88577,395.2481,609.8808,432.58832,536.69403,429.60107,612.86804,577.4683,524.7452,571.4939,617.3489,680.5273,523.2515,679.0337,577.0214,150.29633,578.5151,242.90004,572.5406,431.0947,617.3489,713.38666,511.30267,719.3611,636.76575,705.91864,496.36658,710.3995,614.36163,689.48895,530.7196,689.48895
0.8153124428712405,574.87244,204.08258,588.3079,190.64714,562.9299,189.15431,609.20746,193.6328,543.52313,193.6328,640.5568,266.7813,512.17377,263.79565,704.7484,333.95853,443.50372,323.50873,651.00665,399.6429,488.2885,395.16443,607.71466,433.9779,534.56616,430.99225,610.7003,574.30365,519.6379,569.82513,616.67163,678.8015,515.1594,680.2944,574.87244,148.84799,576.3653,242.89609,570.394,430.99225,616.67163,714.62933,501.72394,722.0935,637.57117,705.6724,486.7957,713.13654,615.1788,689.2513,524.11633,690.74414
0.8210494357805985,573.0939,203.22401,586.5568,189.76111,559.631,188.26523,606.00323,194.24873,541.6804,194.24873,638.9126,267.54684,508.77106,264.55508,703.2355,334.86145,441.45648,324.3903,649.3838,399.18427,486.3329,394.69662,606.00323,435.0854,532.70514,432.09363,610.4909,574.2022,516.2505,571.21045,616.4744,680.40967,507.27518,680.40967,573.0939,147.87646,573.0939,242.1169,568.60626,432.09363,616.4744,713.31903,493.8123,722.2943,637.41675,705.8396,478.8535,713.31903,614.9785,689.38495,514.7546,692.3767
0.8229507437119117,570.80835,203.6545,584.2443,190.21855,557.37244,188.72568,603.6518,193.20432,537.96497,193.20432,636.49524,266.3556,506.6144,264.8627,700.6892,335.0282,439.43466,326.0709,648.4383,399.22217,482.72827,394.74353,605.14465,435.05136,530.50055,432.06558,609.62335,575.3824,509.60016,572.3966,617.08777,685.8557,497.6571,684.3628,570.80835,148.41783,570.80835,240.97658,567.82263,433.55847,618.5806,717.20624,485.71405,723.1778,637.9881,711.23474,467.79944,715.7134,615.59485,693.3201,505.12152,694.813
0.8152412497080289,567.59595,203.7328,581.0077,190.32108,554.1842,190.32108,600.3802,193.30145,534.8117,193.30145,634.65454,266.32083,502.02753,264.83066,698.7328,336.35983,436.4591,327.4187,645.0859,400.43808,481.16486,395.9675,601.87036,434.71246,528.85095,433.2223,609.3213,577.7709,505.0079,573.3003,618.26245,688.04504,485.6354,688.04504,567.59595,145.61533,567.59595,240.98758,564.61554,433.2223,622.73303,720.8292,476.69427,725.2998,640.61536,714.86847,458.81198,719.33905,615.2821,698.4764,493.08636,699.96655
0.8177583676118118,563.87726,204.7023,577.2778,189.81284,550.47675,189.81284,596.6341,194.27968,531.1205,194.27968,632.3688,268.72696,499.8526,267.238,696.39343,337.21844,432.85007,328.28476,641.3024,402.73206,477.51843,395.28732,599.61194,441.44464,525.1647,438.46674,607.0567,578.4276,499.8526,573.96075,617.4793,687.1206,477.51843,687.1206,563.87726,143.65553,565.3662,243.41487,560.89935,435.48883,620.4572,716.89954,470.0737,719.87744,638.3245,710.9438,450.7174,715.4106,614.5014,697.5433,484.96317,700.5211
0.8297034272780786,554.07416,204.23404,567.44977,190.85844,540.69855,190.85844,588.2562,195.31697,522.86444,195.31697,622.43835,269.62585,488.68234,269.62585,689.31635,339.4762,424.7767,333.5315,632.84155,403.38187,469.36203,400.4095,592.7148,439.0501,516.91974,437.56393,603.11804,581.72314,490.16852,580.237,617.9798,693.1865,463.4173,693.1865,555.5603,146.27312,555.5603,244.36084,555.5603,437.56393,625.4107,724.39624,454.50024,721.4239,643.2448,719.9377,436.6661,716.96533,613.52124,703.5897,469.36203,706.5621
0.8270471279437726,551.39075,206.65187,564.6105,191.96329,538.171,191.96329,583.7056,196.36986,519.07587,197.83871,617.4894,269.8128,485.29208,269.8128,682.1192,340.31802,419.19342,335.91144,626.30255,406.4167,464.72806,402.0101,588.1122,435.79385,513.2004,434.32498,601.3319,584.1486,485.29208,582.67975,617.4894,691.3753,458.85263,698.7196,551.39075,149.36638,551.39075,244.84221,551.39075,437.2627,626.30255,726.6279,454.44604,726.6279,640.99115,720.75244,435.3509,723.6902,611.61395,701.6573,463.25922,709.0016
0.8289193419309763,546.0737,204.98685,559.4663,191.5943,532.6812,191.5943,580.29913,196.05849,513.3364,196.05849,613.0365,270.46155,479.111,270.46155,677.02313,341.88846,412.14825,335.93622,620.4768,408.85123,458.27814,404.38702,583.27527,437.1244,508.87222,435.63632,598.1559,582.95435,480.59906,582.95435,617.5007,690.0948,458.27814,694.55896,547.5618,151.41666,547.5618,245.1645,546.0737,437.1244,623.45294,718.3679,453.81396,719.85596,638.33356,713.90375,434.46918,715.3918,613.0365,700.51117,462.74234,704.97534
0.8255580755380484,541.2875,205.39526,554.68524,191.9975,527.8897,191.9975,574.03754,196.46342,507.04877,196.46342,608.2763,272.38406,472.81003,270.89542,672.28784,343.83878,407.30988,336.3956,612.7422,412.31622,451.9691,403.3844,575.5262,443.57767,501.0942,442.08902,593.3899,583.5098,477.27597,583.5098,617.2081,690.6919,456.435,698.13513,541.2875,145.84966,541.2875,245.58855,538.3102,442.08902,624.6513,721.95337,451.9691,724.93066,639.5377,715.9988,432.61676,721.95337,612.7422,701.1124,462.38956,708.5556
0.8326114530746753,535.4657,205.04614,550.36224,191.63924,523.54846,191.63924,569.7278,197.59785,502.6933,196.1082,602.5002,273.57028,466.94156,270.59094,665.0657,345.0737,402.8864,334.64612,605.4795,413.59784,444.59674,403.17026,569.7278,444.88058,493.75537,443.39093,589.09326,581.92883,472.90018,581.92883,615.90704,689.184,456.51398,693.65295,536.9554,145.45993,535.4657,245.26682,530.9967,441.90128,621.86566,721.9564,452.045,724.9357,639.7416,715.9978,434.16916,720.4668,611.4381,698.12195,462.4726,704.08057
0.8335832472030933,526.0211,207.2601,539.4196,192.37288,511.1339,192.37288,558.773,198.32777,491.78052,196.83905,590.0362,277.23004,453.07373,272.7639,652.5625,348.6887,387.56998,335.2902,590.0362,415.68118,429.25418,402.28268,554.3068,445.45563,478.38202,445.45563,579.6151,582.4181,463.49478,585.3955,613.8557,686.6286,456.05118,694.0722,526.0211,144.73378,523.0437,247.4556,515.6001,442.47818,624.2768,717.8918,447.11884,726.8241,642.1415,710.4482,430.74292,720.8692,610.8783,695.561,462.00607,703.0046
0.8289710741776687,513.57153,204.25862,526.9606,190.86957,498.69482,190.86957,546.30035,195.33258,479.35507,195.33258,579.0291,275.6669,439.18793,271.2039,640.0237,350.05054,373.73032,332.19846,577.54144,414.02045,415.38516,400.6314,541.83734,448.2369,464.47836,446.74924,570.1031,582.12744,457.03998,588.0781,605.80725,683.2892,455.5523,693.7029,512.08386,141.77637,512.08386,245.91345,503.15784,440.79855,620.68396,717.5057,448.11395,723.45636,638.536,710.06726,428.7742,718.99335,602.8319,695.19055,460.01532,702.6289
0.8350868202172793,508.41672,205.17574,521.7933,190.31287,493.55386,190.31287,541.115,193.28545,474.23215,194.77173,573.8133,278.00375,432.61612,272.05862,636.2373,349.3455,367.21954,331.51007,573.8133,411.7695,410.32184,399.8792,535.16986,453.38553,459.36926,453.38553,564.89557,581.2061,454.91043,588.6376,599.0802,682.2736,456.3967,692.6776,506.93042,139.77914,505.44415,246.79175,498.01273,442.9815,615.4293,713.4856,453.42413,716.4582,631.77844,704.5679,434.10242,711.9993,594.62134,692.6776,460.85556,701.59534
0.8168896092818334,502.91074,203.53448,516.22437,188.74155,488.1178,190.22084,535.4552,193.17943,467.40768,194.65872,567.9997,274.54062,428.946,270.10275,631.6094,347.02606,360.89847,330.7538,570.9583,410.6357,405.2773,401.75995,532.49664,446.1388,455.5733,446.1388,560.6032,582.2339,452.61472,589.6304,594.627,687.2638,455.5733,693.18097,501.43146,141.40411,499.95215,244.95474,494.03497,440.22162,609.4199,716.8497,451.13544,719.8083,627.17145,709.45325,431.9046,715.3704,590.1891,699.09814,460.0112,702.05676
0.8106648463469285,497.06912,204.05138,511.84656,189.27396,482.2917,189.27396,531.0572,193.70718,461.6033,193.70718,563.56757,273.5053,424.6597,269.07208,627.11053,344.43698,356.68353,329.65955,569.4785,407.97995,401.0158,400.59122,529.57947,446.40125,452.73682,447.879,554.7011,583.83136,451.2591,589.7424,587.2114,688.75116,455.69232,694.6621,495.59137,140.50842,495.59137,243.95044,491.15814,439.01254,599.0334,716.82825,452.73682,718.30597,615.2886,710.9173,435.0039,715.3505,584.256,699.09534,458.6478,703.52856
0.8209604139511402,488.40253,200.68013,501.75183,187.33081,473.56995,187.33081,521.0342,190.29733,451.32108,191.78058,553.66583,271.87646,412.7564,270.39322,620.4124,341.58957,348.97632,331.20676,562.56537,405.36963,394.9573,399.4366,525.48395,449.86734,449.83783,451.35062,543.283,584.84375,449.83783,589.2935,568.4984,691.6383,454.2876,696.0881,486.91925,136.90005,485.436,243.69458,486.91925,440.9678,567.01514,722.7867,452.80435,728.7197,589.26404,719.8202,433.522,727.23645,565.5319,700.53784,458.73737,706.4709
0.8219366234082442,482.7298,201.1817,497.57953,187.81696,467.8801,186.33199,516.88416,190.7869,447.09045,190.7869,551.0386,270.97543,406.9962,270.97543,617.8623,340.76917,346.1123,333.3443,561.43335,404.623,392.14648,398.6831,522.8241,450.65714,448.57544,455.11206,537.6738,584.3047,450.0604,591.72955,559.9484,697.16266,454.51532,695.6777,482.7298,135.84291,481.24484,244.24593,485.69977,441.7473,558.46344,726.8621,457.48526,726.8621,580.73804,723.89215,436.69565,725.37714,556.97845,706.07245,458.97025,704.5875
0.8235550981301528,479.86923,201.97733,493.2651,187.09302,464.98492,187.09302,512.61475,190.06989,444.14688,190.06989,546.84863,271.9336,405.4477,271.9336,615.31647,338.913,342.9336,332.95926,558.7561,404.40393,390.5634,399.93866,520.0569,453.52216,445.6353,456.49902,531.9643,585.99255,448.61218,590.4578,551.3139,693.15955,454.56592,694.648,476.89236,134.99794,478.3808,243.6534,482.8461,443.10315,551.3139,722.92816,453.07748,727.3935,570.6635,719.9513,433.72787,724.4166,548.33704,702.09015,462.00806,703.57855
0.8340554604163537,475.76355,202.0137,489.163,187.12543,460.87527,187.12543,508.51776,190.10309,440.03168,190.10309,544.24963,270.4998,402.811,273.47745,614.22455,337.49704,341.76907,337.49704,556.1603,404.49426,389.41156,401.51663,518.9396,458.09207,444.49817,459.5809,527.8725,587.62006,447.47583,592.08655,547.2273,694.8157,454.91998,693.32684,474.27472,135.01646,474.27472,243.70088,481.71887,447.6703,550.20496,723.1034,453.43115,724.5922,569.5597,718.6369,434.0764,721.61456,544.24963,702.2598,462.3641,702.2598
0.8250421239779546,473.50436,202.20203,486.90488,187.31256,458.6149,187.31256,506.26117,190.29045,437.76965,190.29045,544.97375,270.69354,400.546,272.1825,613.4653,339.18506,340.98816,337.6961,555.39636,404.69867,387.14548,403.20972,516.6838,456.81177,442.23648,459.78967,527.1064,589.32794,446.70334,593.7948,544.97375,693.5542,454.14807,695.04315,470.52646,133.71051,472.0154,243.8925,479.46014,447.8781,550.92957,723.3331,452.65912,726.311,568.7969,718.8663,433.30283,723.3331,541.99585,702.48785,461.59277,703.9768
0.823509883422118,470.90054,201.37881,484.32996,186.45728,455.979,186.45728,503.72794,189.44159,433.59668,190.93373,541.0318,270.0179,397.78497,273.00223,611.1631,337.16486,341.08313,338.657,554.4612,405.80396,385.84775,402.81967,515.66516,459.5215,441.05746,461.01367,527.6024,589.3389,447.0261,593.8154,547.0004,693.78973,455.979,693.78973,467.91623,134.23187,469.4084,244.65129,478.36133,449.07645,549.98474,723.6329,452.9947,726.6171,569.38275,717.66425,435.08884,722.1407,542.524,701.25055,463.4398,702.7427
0.8185403988911555,466.1687,201.72337,479.63287,186.7632,451.20853,186.7632,499.08112,188.25922,430.26425,189.75523,539.4736,270.54022,394.3598,273.53226,609.78644,336.36502,336.0151,337.86105,551.4418,405.1819,382.39166,402.18985,512.5453,454.55048,437.74435,459.03854,530.4975,584.7041,445.22443,589.19214,549.94574,689.42535,455.69656,692.4174,463.17667,134.40254,466.1687,243.6119,475.1448,445.57437,548.4497,720.84174,452.70453,723.8338,569.394,714.85767,434.75232,719.34576,546.9537,698.4015,463.17667,701.39355
0.8210250208011041,463.99152,203.18709,477.45258,186.7347,449.03482,188.23036,498.39197,188.23036,428.0954,191.22171,537.2794,270.49228,392.1993,271.98795,607.576,336.30182,335.3638,339.29315,550.7405,405.1027,381.7296,403.60703,511.853,452.96417,437.06943,457.4512,529.8011,584.58325,446.04346,590.5659,552.23615,692.2716,456.51315,692.2716,461.00018,134.3862,465.48718,243.5702,474.4612,443.99014,550.7405,723.68066,447.53912,725.17633,573.17554,719.19366,432.58243,720.68933,547.7491,701.2456,463.99152,701.2456
0.8242348593014938,463.67816,203.37462,477.13776,186.92401,448.72305,188.41953,496.57938,189.91504,426.2904,191.41054,536.9582,270.6726,391.89365,273.6636,607.24713,337.97058,335.06427,340.96158,550.4178,405.26852,379.92957,405.26852,511.5345,454.6204,438.2545,459.1069,529.4806,583.23425,445.73203,589.2163,551.91327,692.40656,456.2006,692.40656,459.19162,134.58115,463.67816,243.7534,474.14673,445.6473,548.92224,720.8212,451.71408,725.3078,571.3549,717.8302,433.76794,722.3168,548.92224,701.37964,463.67816,702.8751
0.8373125676925366,461.44952,202.9706,474.91672,188.00703,446.48596,188.00703,495.8657,189.5034,425.537,192.49611,537.7637,271.80298,391.1208,274.7957,606.596,337.6426,332.76294,342.13168,551.23083,404.97864,380.6463,404.97864,512.3256,457.35107,437.50784,460.34378,530.28186,586.03766,444.98962,590.52673,551.23083,692.27893,455.4641,692.27893,458.45682,134.13823,464.44223,246.36491,474.91672,446.8766,549.7345,723.7024,452.47137,725.1988,572.1799,719.2133,436.01147,722.20605,548.23816,702.7534,464.44223,701.2571
0.8325932576106145,459.95346,202.9158,473.41888,186.45805,444.99188,187.95422,494.3651,189.45038,424.04565,192.44269,537.7537,271.7391,391.13016,274.7314,606.577,337.5701,332.77997,340.5624,548.2268,404.89722,383.64935,406.3934,512.31903,455.76663,437.51108,460.2551,530.27295,585.93243,446.48804,593.4132,551.2192,693.6559,455.465,695.15204,456.96115,134.0925,462.94577,244.80824,474.91504,446.78967,549.72296,726.57135,449.48035,728.0675,572.16534,722.0829,433.0226,725.0752,546.73065,702.6328,462.94577,704.12897
0.8338179496618418,459.16144,203.475,472.6132,187.03395,444.21503,188.5286,493.53818,190.02324,423.29004,191.51788,536.88275,270.73386,388.9133,276.71243,607.1309,335.00342,333.61157,342.47662,551.82916,403.75693,382.93472,406.74622,512.9685,457.564,438.23645,462.04794,530.90424,587.5978,447.2043,595.071,551.82916,693.71735,456.17215,693.71735,456.17215,134.72151,462.15073,245.32497,475.60248,448.59616,551.82916,725.1048,450.19357,726.5994,572.75415,722.1155,433.75253,722.1155,547.3453,702.6852,463.64536,702.6852
0.8284194354827588,460.0168,204.37508,473.47983,187.9203,445.05795,189.41618,492.92636,190.91208,424.1155,193.90385,536.3071,270.19415,389.71008,276.1777,608.1098,336.01324,332.8663,344.9886,552.7619,406.32,383.7265,409.3118,513.86884,458.67612,439.0744,463.1638,531.81946,588.8184,446.55383,594.80194,552.7619,695.0265,455.52914,695.0265,454.03326,134.06831,461.51273,247.75583,476.4716,451.19666,549.77014,724.9443,452.53738,729.43195,572.20844,723.44836,434.58673,726.4401,549.77014,702.5059,463.0086,704.00183
0.8181208051168002,458.4364,205.04898,471.88486,190.10625,441.9994,190.10625,492.80466,191.60052,422.57385,194.58907,536.13855,269.3027,389.69986,278.2683,607.86365,336.54495,334.41177,345.5106,551.0813,406.77576,383.72278,408.27002,515.21875,457.58102,440.50513,462.06384,533.15,587.5827,444.98795,593.5598,552.57556,696.6646,455.44785,693.6761,452.45932,136.31244,462.91922,246.88861,477.86194,450.10965,552.57556,723.5615,452.45932,723.5615,573.49536,720.573,434.52805,720.573,549.58704,704.136,464.41348,702.6417
0.8344477117061615,460.98163,207.26323,472.91736,190.8516,443.078,192.34355,492.31293,190.8516,422.19046,196.81946,537.07196,271.41782,387.8752,278.87766,608.6864,337.0644,334.1644,347.50815,551.99164,405.6949,386.38324,410.17078,514.69244,459.4057,440.0941,463.8816,532.59607,589.20685,444.56998,593.68274,551.99164,695.13654,456.5057,695.13654,453.5218,137.14076,462.47357,249.03831,477.39325,450.4539,549.0077,727.95984,449.04587,732.4357,572.87915,724.9759,432.63425,727.95984,549.0077,704.0883,465.45752,704.0883
0.8170472910771003,459.5439,208.9344,471.48605,192.51398,443.12347,194.00674,492.3848,194.00674,422.22476,196.99228,537.1678,273.12338,387.8911,282.08,610.31335,337.31235,332.65875,347.76172,553.5882,405.9796,386.39835,410.45792,516.26904,459.7192,440.13794,464.1975,532.6895,585.11163,443.12347,592.57544,550.60266,691.0981,456.55838,691.0981,453.57285,138.77437,462.52945,250.73187,478.9499,450.7626,547.6171,717.96783,456.55838,714.98236,570.00867,714.98236,438.64517,710.504,547.6171,700.0547,465.51498,700.0547
0.814418219603025,459.66083,211.511,473.06488,195.12827,443.2781,196.6176,492.4263,195.12827,422.42734,199.59628,537.10645,274.06323,389.6619,282.99927,610.0841,339.59415,333.067,347.04086,553.4892,409.5931,388.17255,414.06113,516.25574,458.7413,440.2994,463.20932,534.1278,585.33514,440.2994,589.80316,551.9999,694.0569,456.68216,692.5675,453.70346,140.02272,462.6395,251.72316,479.02225,451.2946,550.5105,722.3543,452.21414,720.865,572.8506,719.3756,435.8314,716.397,547.53186,702.9929,465.6182,701.50354
0.8185398303545438,462.0776,214.23318,473.96072,197.89389,445.7383,199.37927,494.7562,197.89389,423.45743,203.83545,539.31793,276.61963,389.29343,285.53195,610.6167,341.97684,335.81937,350.8892,555.6572,410.3048,389.29343,414.761,518.52246,462.29352,441.28214,466.7497,536.34717,587.06635,438.31134,593.00793,552.68646,695.49994,454.65063,692.5291,454.65063,142.93442,463.563,255.82414,479.90228,453.38116,549.7157,723.72235,453.16525,722.23694,571.9965,720.7516,436.82596,717.78076,548.2303,702.9269,465.0484,701.44147
0.8126863607993493,461.33365,224.45258,474.41983,207.00433,445.33942,208.45834,494.77612,208.45834,423.5291,214.27443,541.30475,285.52142,392.99466,292.79153,612.55176,349.49835,333.37982,355.31442,558.753,416.38327,391.54065,422.19937,520.9485,465.81998,442.43137,470.18204,539.85077,595.2278,435.16125,603.9519,554.3909,701.3713,454.06354,695.55524,455.51755,151.75156,464.24167,265.16516,481.6899,460.0039,550.0289,730.4517,452.60953,723.1816,576.20123,728.9977,436.6153,720.27356,547.12085,708.6414,464.24167,702.8253
0.8133732378482819,463.05762,229.68126,475.99826,213.86493,445.80344,215.30276,496.12814,213.86493,424.23572,219.61632,540.7014,291.50876,394.0409,298.698,612.5939,353.33624,336.52695,360.52548,560.8313,419.47726,395.47873,426.6665,522.0094,468.36414,442.92773,471.2398,542.1393,596.33264,431.42496,600.6462,553.6421,699.8577,452.99268,694.1063,455.86838,157.78883,465.93332,271.37888,483.1875,461.17487,550.76636,730.05255,450.11697,724.30115,573.772,728.6147,435.7385,719.9876,546.4528,707.047,463.05762,702.73346
0.8101234023387616,462.44797,236.51205,475.21487,219.48953,445.42545,220.90808,496.493,220.90808,425.56586,226.58224,541.8864,297.50943,395.77643,304.60214,612.8136,358.5068,336.1976,361.3439,558.90894,423.7598,395.77643,429.434,522.0268,473.40884,444.0069,474.82736,543.30493,599.6592,429.82147,601.07776,553.23474,700.3758,452.51816,696.1202,456.7738,165.58487,466.7036,277.6498,483.72614,464.89758,550.39764,727.3281,451.0996,724.491,574.51294,727.3281,435.49564,721.65393,546.142,707.4685,462.44797,703.2129
0.7923350013219393,463.64383,243.1182,476.22635,226.3415,446.86716,229.13763,497.1972,227.73958,425.8963,233.3318,540.537,303.23468,396.53708,311.62302,613.23596,363.35114,336.42062,366.14725,560.1098,429.0598,396.53708,433.254,523.7603,475.1957,444.07104,477.99182,546.1292,603.817,428.6924,605.215,553.1195,701.681,451.0613,697.4868,458.0516,173.21533,466.43994,283.66187,484.6147,469.6035,550.32336,726.84607,453.85742,722.65186,574.09033,726.84607,438.4788,721.2538,546.1292,707.27325,460.84772,704.4771
0.7891162565121284,462.67114,251.7577,476.466,235.20387,446.1173,236.58336,498.53778,236.58336,425.42502,242.1013,541.3019,309.69614,397.8353,317.97305,613.03516,370.39352,331.61993,370.39352,559.23517,435.22937,396.4558,439.36783,524.74805,482.1319,444.73782,484.89087,549.5788,609.0446,425.42502,611.8036,553.7172,701.4702,451.63525,698.71124,457.1532,180.02443,466.8096,291.76282,484.74292,475.23447,552.33777,722.1625,458.53268,720.783,575.789,722.1625,441.97885,719.4035,545.4403,705.60864,459.91217,702.8497
0.7850631819321559,463.38516,260.6334,477.02792,244.26207,447.01385,245.62634,498.85632,245.62634,426.54968,251.08345,541.1489,316.56873,397.8999,326.11865,613.45557,373.86832,333.7789,375.2326,564.3416,436.62503,395.17136,442.08212,524.7776,484.3747,445.64957,487.10324,552.0631,611.2524,422.45688,609.8881,553.42737,702.65894,448.3781,695.8375,459.29233,189.69102,467.478,298.83313,486.57785,478.9176,550.69885,720.3945,457.92804,713.5731,575.2558,720.3945,441.55673,713.5731,546.606,705.38745,457.92804,701.2946
0.7711405708239629,463.17932,278.96643,477.77045,261.72235,448.58817,263.04883,501.64685,264.3753,428.69116,268.3547,546.7467,333.35156,400.83536,339.98392,615.723,385.08377,334.51202,385.08377,563.9908,447.4277,402.16183,450.08066,526.84973,495.1805,447.26172,496.507,557.35846,617.21545,418.07944,629.1537,556.032,700.7829,449.91464,702.1093,460.52637,207.33722,469.81165,314.78104,488.38217,487.2217,549.39966,715.374,463.17932,715.374,571.9496,715.374,443.28232,718.0269,548.0732,702.1093,460.52637,704.76227
0.7603678416747314,464.97656,287.03317,479.3122,270.09106,450.64093,272.69754,502.7705,271.3943,429.78912,275.30402,547.0806,340.46597,399.8146,346.98215,617.45557,391.2923,335.9559,391.2923,564.02277,452.54453,403.72433,455.151,526.2288,496.85464,446.73123,500.76437,562.7195,623.26886,414.15024,634.998,557.50653,698.8567,450.64093,704.0697,462.3701,215.35501,470.1895,323.52386,488.43488,490.33847,547.0806,713.1923,463.67334,715.7988,569.2357,711.8891,442.8215,719.70856,548.38385,701.4632,462.3701,706.67615
0.7365511587032905,466.60727,296.02286,480.59683,279.48975,451.34592,280.76154,503.48883,279.48975,430.99747,284.57687,546.7293,345.62222,401.74655,353.2529,616.67706,396.49335,339.42944,397.76514,565.80597,456.26694,401.74655,460.08228,526.38086,502.05093,447.53058,504.5945,563.2624,626.6852,410.64902,641.94653,558.1753,695.3612,447.53058,700.44836,462.79193,224.80328,471.69437,330.36087,488.22748,494.42026,546.7293,710.62256,461.52014,713.16614,568.34955,710.62256,442.44348,715.70966,550.5446,694.0895,451.34592,699.1766
0.7290215022288836,467.73624,303.92566,480.29108,287.6044,452.67047,288.85986,504.14523,286.3489,432.58273,291.37085,548.08716,352.8895,402.45114,359.1669,615.8832,401.8533,339.677,404.3643,565.6639,459.60553,402.45114,464.62744,526.74396,507.31387,447.64853,508.56934,566.9194,631.6066,404.96213,644.1615,559.3865,695.6363,446.39304,701.9137,463.9698,232.36316,472.75818,336.5682,489.07947,498.52548,548.08716,711.9575,462.71432,713.213,569.43036,710.702,442.6266,716.9795,553.1091,695.6363,451.41498,700.6582
0.7131456572275895,467.22202,312.93906,480.9133,296.75842,452.28604,298.0031,504.56192,295.51376,433.6161,300.49243,549.3698,358.9916,402.4995,365.21494,616.58167,406.28885,339.02164,411.2675,565.5504,463.54337,406.2335,468.52203,528.2105,509.59592,448.55206,510.8406,570.5291,635.30695,401.25482,646.5089,559.32715,702.5188,448.55206,705.0081,464.7327,239.5039,472.20065,345.30032,489.62595,503.37262,550.6145,716.2101,457.2647,719.9441,571.77374,717.4548,441.08408,721.1888,551.85913,705.0081,453.5307,706.2528
0.7150280865339133,467.2639,321.71588,482.02682,305.72272,452.50095,305.72272,505.40146,303.26224,434.04727,308.1832,550.92053,366.0047,403.29117,370.92566,616.1235,411.52374,339.31845,417.67496,563.22296,471.80573,405.75165,474.2662,528.7761,513.63403,448.8102,517.32477,573.0649,635.4282,399.60043,651.42145,558.30194,706.7824,447.57996,704.32196,464.80338,249.13147,473.4151,352.47202,490.63852,508.71304,549.69025,722.7756,456.19168,719.0849,571.83466,724.00586,436.50778,720.3151,550.92053,709.2429,454.96143,704.32196
0.6952724021214706,469.03906,336.79022,483.3802,320.0589,454.69794,321.254,507.28207,317.6687,435.57645,323.6442,551.50055,378.6185,403.3089,383.39886,617.2307,420.44678,339.96893,427.61734,562.2564,480.20148,408.0893,481.39658,528.79376,522.0298,448.72247,525.61505,574.20734,643.9293,394.94324,659.4656,558.6711,703.684,443.9421,700.09875,465.4538,263.8895,475.01453,364.27737,490.55075,516.0543,545.5251,721.6104,458.28323,716.8301,569.42694,720.41534,433.18625,719.2203,553.89075,704.87915,455.89304,698.9036
0.6904821476111045,470.16028,342.52823,484.3885,325.92865,454.74643,328.30002,508.10214,322.3716,435.7755,329.48572,551.97235,385.21277,404.94775,388.76984,618.3706,424.3403,340.9209,431.4544,561.4578,483.62442,409.6905,484.81012,529.4444,523.9376,450.0037,528.68036,574.50037,644.87726,393.09094,662.6625,562.6435,691.11884,439.33255,695.8616,466.60324,269.0159,476.0887,369.79892,491.50256,516.82355,548.41534,714.8325,453.56073,711.27545,570.9433,713.6468,427.4757,713.6468,559.0865,689.93317,457.11777,693.49023
0.6861645132303238,470.5814,349.23163,485.87122,331.58954,455.29156,332.7657,509.394,328.06113,436.47333,335.11795,551.73505,389.2204,403.54144,395.10107,617.5989,426.85687,337.6776,437.44214,561.14417,485.66385,409.42212,489.19226,529.38837,526.82874,450.58704,531.5333,574.0817,646.79504,392.95618,664.43713,563.49646,692.6645,436.47333,695.0167,467.05298,273.95868,476.4621,375.10672,491.75192,519.7719,548.2066,715.0111,454.11545,709.13043,571.72943,713.83496,427.0642,712.6588,559.968,692.6645,455.29156,692.6645
0.6798546612262726,471.78363,353.59378,486.85352,336.20547,456.71378,338.52393,508.8787,332.72784,437.00702,340.84238,552.9291,393.0073,406.8673,396.48495,617.8454,431.26157,339.6325,439.3761,561.0436,489.22256,409.18573,491.54102,530.9039,527.47687,450.91766,529.7953,576.11346,651.5134,389.479,665.4241,561.0436,701.3599,443.96234,697.88226,468.30597,279.4037,477.57974,379.09665,492.6496,522.83997,544.8145,722.2259,453.2361,710.63367,567.9989,721.06665,424.2556,712.9521,555.2475,704.8376,465.98755,696.723
0.6673366989080722,472.17935,357.7576,487.13318,340.50317,457.22552,342.80377,510.13904,337.0523,437.67053,343.95407,552.69995,395.7173,406.61258,400.31848,617.1164,433.677,338.74524,441.72906,559.6017,492.342,410.06348,494.64258,529.69403,529.1514,451.47406,532.6023,576.8561,652.23285,388.2079,667.1867,561.9023,700.5452,442.2717,697.09436,468.72845,281.8382,477.93082,383.06406,492.88464,525.7005,544.6479,717.7996,454.92493,710.8979,567.65375,718.94995,423.867,713.1985,559.6017,702.8458,461.8267,695.94403
0.6717495173215866,474.0028,361.56445,487.64743,344.5087,458.0841,346.78278,511.5255,341.09753,438.75424,349.0569,553.5964,400.22418,408.05386,404.7724,617.27124,437.7469,338.69373,444.56918,561.5558,493.46237,410.32797,499.14764,530.85535,533.25916,452.39886,536.67035,578.6115,654.92365,385.31284,669.7053,561.5558,701.5427,441.02835,696.9945,470.59167,286.51907,478.55103,387.71664,493.3327,528.71094,544.5,718.5985,453.5359,710.63916,567.241,719.73553,425.10962,714.0503,559.2817,704.95386,464.9064,695.8575
0.6648939435298626,474.4433,362.59695,488.05276,345.58514,459.69974,346.71927,511.86932,342.18277,439.28555,348.9875,552.6977,400.02295,408.66428,403.42532,617.3426,438.58307,338.3488,445.3878,561.7706,495.28912,408.66428,498.6915,531.14935,531.581,451.7609,534.9834,579.91656,656.33435,384.84775,672.21204,560.63654,703.9674,444.95618,697.1627,471.04095,285.4767,478.9798,387.5476,492.58926,528.17865,544.75885,718.711,450.62677,709.63806,569.7095,720.97925,423.40787,711.90625,556.10004,706.23566,467.63858,696.02856
0.6712377495490588,474.55356,359.87057,489.31635,343.97217,459.79074,345.10776,512.0284,341.70096,440.48553,347.37897,554.0456,398.481,409.8243,403.0234,618.77484,438.22702,338.28143,443.90503,561.9948,496.14267,408.6887,498.41388,531.33356,532.4819,451.84152,535.8887,580.1644,657.398,385.97668,672.16077,559.72363,705.0932,443.89233,696.0084,472.28235,286.05652,480.23154,387.125,493.85876,529.0751,546.0964,722.12726,451.84152,707.36444,569.94403,723.2628,424.5871,710.77124,555.1812,708.5,465.46875,694.8728
0.6723863218839352,476.16156,356.99313,489.85785,341.01413,461.32394,343.29684,512.68494,338.73145,440.7795,345.57956,553.7738,398.08194,408.82156,402.64737,618.83105,438.02942,339.19882,441.4535,561.76324,497.37994,408.82156,498.5213,530.94666,531.6206,449.91037,535.0447,578.8836,658.31116,387.13577,669.72473,561.76324,699.39996,439.63815,693.6932,472.7375,283.94635,479.58563,385.52704,492.14056,528.19653,550.34973,717.6617,451.05173,705.10675,576.6009,716.5203,423.65918,708.5308,554.91516,701.6827,462.4653,694.83453
0.6744584326560681,476.2874,355.0694,491.1889,337.87537,462.53223,340.1679,512.96796,336.72913,441.8994,342.46045,554.2336,396.33502,408.65765,400.92007,619.57086,437.60065,339.88162,443.33197,561.1112,496.06027,408.65765,496.06027,530.162,530.4483,449.92328,535.0334,578.30524,656.5377,388.02484,670.2929,562.25745,700.0958,439.60687,694.3645,473.9949,281.70828,479.72623,383.72607,491.1889,528.15576,549.64856,718.4361,452.21582,705.8272,573.72015,718.4361,424.70538,709.266,556.5261,703.53467,461.38596,694.3645
0.6836364922615198,476.8971,349.90686,490.7577,333.73615,461.88144,334.8912,513.8587,333.73615,442.2456,338.35635,555.4405,393.79877,408.74915,397.26392,620.1233,435.38055,341.75623,440.00076,562.3708,493.13306,407.5941,494.28812,531.18445,530.09467,450.33093,533.5598,577.3865,658.30524,389.11328,669.8557,560.06067,704.5072,439.9355,695.26685,474.587,278.29376,480.36224,379.93817,491.91275,526.6295,548.5102,721.83295,450.33093,705.6623,571.6112,721.83295,423.7648,707.97235,553.1304,706.8173,460.72638,695.26685
0.6983524176936883,478.2825,339.96054,492.45245,323.42896,462.93173,324.60977,513.7074,323.42896,442.85764,328.15225,555.0364,386.01288,408.61362,389.55536,619.98193,428.5227,340.12555,430.88437,564.48303,487.56415,406.25195,488.74496,530.23895,526.5315,449.94263,531.2548,573.9296,652.8801,392.082,665.86926,560.9405,702.475,435.77267,694.20917,475.92084,269.11084,480.64417,371.84293,491.27164,522.989,549.1322,721.3682,452.30426,707.19824,571.568,721.3682,425.1452,708.3791,553.8555,703.65576,452.30426,693.0283
0.7011537609192041,478.6258,333.7973,492.893,318.34116,464.35855,319.5301,514.2939,319.5301,442.95773,323.0969,555.9066,381.35474,407.28967,383.7326,620.10913,425.34534,339.52032,428.91214,563.0402,485.98105,408.4786,485.98105,530.93896,524.027,450.09134,527.5938,573.74066,651.2431,393.02243,664.3214,560.66235,701.1784,437.01306,695.2337,476.24792,263.65012,481.00366,367.0875,491.70407,519.27124,548.773,720.20135,452.4692,708.312,571.3628,720.20135,425.1237,709.5009,554.71765,702.3673,456.036,694.0448
0.7114022844112836,478.87814,326.66357,492.1363,310.99487,463.20944,312.20016,515.0367,312.20016,443.9249,315.816,556.01636,377.28552,407.76636,378.4908,621.10175,421.88107,339.06512,424.29163,564.45337,482.1453,407.76636,482.1453,530.7054,523.12494,448.74603,525.5355,572.8903,650.88513,394.50824,664.14325,562.0428,695.48065,436.69318,694.2754,476.4676,256.75708,480.08344,361.61682,490.931,517.0986,552.4005,715.9705,451.15662,707.5335,575.3009,714.7652,425.84564,708.7388,554.8111,693.07007,457.183,694.2754
0.727627042394418,478.56494,318.15945,491.9523,303.55505,463.96054,303.55505,515.0759,305.9891,443.271,309.64023,555.23804,370.49188,406.75998,372.92593,619.7408,416.73914,341.0402,419.1732,566.19135,477.5908,405.54297,477.5908,530.8974,517.75287,449.35614,520.18695,573.4935,647.9754,397.02374,660.14575,560.10614,702.74194,442.05396,697.8738,477.34793,250.00558,480.99902,355.88748,491.9523,512.88477,550.36993,722.2145,453.00726,713.6952,571.05945,722.2145,431.10065,714.91223,549.1529,703.9589,454.22427,696.65674
0.7357586633700591,479.92413,309.56976,493.44653,294.81805,465.17242,294.81805,516.8034,297.27667,443.04486,299.7353,556.1413,363.6594,406.16556,367.34732,621.29474,412.83176,338.55353,412.83176,563.5172,474.29724,403.70694,474.29724,530.3258,516.09375,447.9621,518.55237,572.1224,645.17126,400.019,655.00574,558.6,696.80225,438.1276,695.57294,478.69482,240.72842,481.15344,347.67838,490.9879,509.94724,549.99475,720.1592,454.10864,711.554,570.89307,718.9299,431.98105,714.01263,548.76544,696.80225,447.9621,693.1143
0.7301622170668381,480.75293,301.62646,494.44067,285.45004,465.82083,285.45004,516.8388,289.18304,443.4227,291.67175,555.4133,356.37744,407.33682,360.11047,621.3634,407.39542,338.89807,404.90674,565.3681,469.61246,402.35947,470.85678,530.52655,511.92004,448.40005,513.16437,569.1011,640.0871,402.35947,651.2862,559.14636,693.59375,435.95667,693.59375,478.26422,231.94339,481.99725,340.20102,490.70764,505.69833,551.68036,714.74756,454.62177,708.5259,571.5898,713.50323,437.201,709.7702,550.436,689.8608,438.44534,689.8608
0.7366805580946115,480.07098,292.1808,493.85687,277.14163,465.03183,277.14163,516.4156,280.90143,444.9796,284.66122,556.52,349.8309,407.3817,352.33743,621.68976,401.2147,338.45224,398.70816,570.3059,461.37134,399.86212,465.13113,528.94824,507.74207,447.48615,508.99533,566.54614,634.32166,402.36865,646.8543,559.02655,701.99786,446.23288,699.49133,477.56445,227.01111,481.32425,332.28522,488.84384,500.2225,549.0005,719.5436,460.01877,717.03705,571.5592,719.5436,441.21982,719.5436,550.2537,701.99786,451.24594,698.2381
0.752114820938844,479.28296,270.99323,493.74542,255.21599,464.8205,256.53076,514.78174,261.78986,443.78418,263.1046,554.22485,332.7874,406.9706,336.73172,621.27814,389.3225,338.60257,385.3782,570.0021,452.4315,401.71155,449.80194,529.2442,498.44843,449.04324,499.76318,563.4282,627.29584,410.91492,639.1288,555.5396,703.5525,447.7285,696.97864,477.9682,205.25475,480.59772,313.06586,489.80112,490.5598,548.96576,721.9593,463.5057,711.44116,571.31683,721.9593,445.09894,712.7559,548.96576,704.8673,449.04324,694.3491
0.7597747559730823,479.615,260.1048,494.2476,245.4722,464.9824,245.4722,515.5314,252.12338,445.02887,253.45361,552.77795,323.95612,407.78226,327.9468,621.9502,385.14694,335.94955,378.49576,566.0803,448.99826,403.79156,446.33777,528.8337,491.5658,449.01956,492.89603,559.42914,619.26843,414.43344,628.5801,555.4384,701.74304,449.01956,697.7523,478.28476,194.92325,480.94522,304.00256,490.25687,484.9146,550.1175,723.0268,463.65216,711.0547,574.0617,724.357,446.3591,712.3849,548.78723,705.7337,449.01956,697.7523
0.7710085740456214,479.82178,249.21597,493.43158,234.2452,464.85098,235.60617,515.2073,241.0501,444.43628,242.41107,553.3147,314.54303,407.68982,318.62598,621.3637,378.5091,336.91885,370.34323,566.9245,443.83615,399.52393,442.47516,528.8171,481.9436,447.15826,484.66556,556.0367,615.31964,417.21667,624.84656,556.0367,703.7834,449.88022,696.97845,478.4608,185.2499,481.18277,292.76733,489.34863,477.86066,549.23175,728.281,456.68512,714.6712,571.00745,728.281,440.35333,713.31024,549.23175,707.86633,456.68512,698.3395
0.7796762482478068,478.94373,240.0513,492.7908,224.81952,465.09665,224.81952,514.9461,231.74306,444.32602,231.74306,553.71796,307.902,409.7083,310.67142,621.56866,371.5986,337.7035,364.67505,566.18036,439.4493,400.01535,438.06458,528.7932,479.60583,448.48013,479.60583,553.71796,611.15314,420.78598,620.84607,555.10266,702.5439,451.24954,699.7745,478.94373,174.97002,480.32843,284.36197,490.0214,472.6823,548.17914,728.85333,455.4037,720.5451,570.3345,728.85333,438.78717,717.77563,549.56384,709.4674,459.5578,702.5439
0.780515228326504,478.4861,231.14029,492.52072,217.10568,464.45148,217.10568,514.97614,222.71953,444.803,224.12299,552.86957,299.9099,408.31302,301.3134,621.6392,365.87262,340.94684,361.66223,565.50073,434.64227,399.89224,431.83533,527.60724,471.13226,447.60995,473.93918,551.4661,607.26807,423.7511,617.0923,554.2731,702.7035,451.82034,698.4931,478.4861,166.58105,479.88956,274.6476,488.31033,465.51843,548.6592,730.7727,454.62726,723.7554,569.7111,729.36926,437.7857,720.9485,548.6592,709.72076,458.83765,701.3
0.8065452300585233,480.21143,223.17937,494.4348,208.95598,465.98804,208.95598,514.34753,213.22299,444.65295,216.06767,555.59534,294.2963,406.24982,294.2963,622.44525,361.1462,340.82224,355.45685,565.55176,429.41846,397.7158,425.15143,527.14856,470.66626,447.49762,470.66626,548.48364,602.9437,427.5849,605.7884,554.17303,702.50745,451.76465,696.81805,478.7891,157.7518,480.21143,267.27185,487.32312,463.55457,549.906,732.3765,451.76465,725.26483,571.2411,730.9542,434.6966,722.42017,548.48364,708.1968,460.29868,702.50745
0.8107337080515348,480.27972,209.58824,494.89032,193.51657,465.6691,194.97763,515.3452,199.36081,443.7532,200.82187,556.2549,282.6413,404.30453,282.6413,623.4637,351.31116,342.94,346.92798,565.02124,419.98102,395.53818,415.59784,527.0337,460.89072,446.67532,462.3518,544.5664,593.8473,436.44788,596.7694,553.33276,699.0437,452.51956,696.1216,478.81866,143.8405,480.27972,254.88113,487.58502,453.58542,550.41064,726.80383,452.51956,719.49854,572.32654,725.3428,433.52576,716.5764,550.41064,704.88794,459.82486,701.9658
0.8121038514834183,480.58405,204.69968,495.34863,189.93509,465.81946,189.93509,514.5426,194.36447,443.67258,195.84093,554.407,277.04617,405.28464,277.04617,622.3241,347.9162,344.74982,344.9633,563.26575,417.30978,394.94943,412.8804,526.3543,457.17416,448.10196,458.65063,542.59534,591.5319,440.71967,594.48486,552.93054,696.36053,452.53134,696.36053,479.1076,139.73549,480.58405,248.99345,487.96634,451.26834,554.407,727.36615,456.9607,724.41327,575.07745,722.93677,436.29028,721.4603,547.0247,703.74286,456.9607,703.74286
0.8045551272538992,480.43234,201.20709,495.2948,184.8584,465.5699,186.34465,516.10223,190.80338,443.2762,192.28963,556.2309,275.51938,404.63385,275.51938,623.11194,343.88666,343.69778,340.91415,565.1484,413.7402,392.74387,410.7677,525.0197,456.8413,447.73495,458.32755,539.8822,589.1171,444.76245,592.08966,551.77216,696.12683,453.67993,693.1543,478.9461,134.32605,480.43234,245.79446,487.8636,450.89633,553.25836,724.3655,459.6249,718.4205,574.0658,721.393,440.30374,715.448,547.3134,702.0718,459.6249,700.5856
0.8054986229309669,480.59595,199.20068,495.49078,184.30586,465.70114,184.30586,516.3435,190.2638,443.3589,191.75327,555.07007,273.6748,403.14288,275.16428,622.0968,343.68048,343.56357,340.7015,562.5175,413.68616,392.7165,409.2177,525.28046,458.3706,447.82733,461.34958,537.1963,589.44507,447.82733,592.424,550.6016,693.70886,455.27475,692.21936,479.10648,132.17398,480.59595,245.37463,488.04337,450.92322,555.07007,723.4985,458.25372,720.51953,574.43335,719.03,438.89044,716.0511,546.1332,701.15625,459.7432,699.66675
0.8126076872532184,480.42136,198.52051,495.33728,183.60457,465.5054,183.60457,516.2196,188.07935,443.1315,189.57095,553.50946,273.10022,402.85846,274.59183,622.1228,343.20517,343.19467,340.222,563.9506,413.3101,390.9257,408.8353,525.1692,461.0411,449.09787,464.0243,535.61035,589.31824,450.58948,596.7762,550.5263,693.7298,455.06424,692.2382,478.92975,131.39877,480.42136,244.75993,487.87933,452.09155,553.50946,725.0533,458.04742,719.0869,572.9002,720.5785,437.16513,714.6121,547.5431,702.6794,461.03064,699.6962
0.8110394982191232,480.54333,198.42693,495.47787,183.4924,465.6088,183.4924,514.89276,189.4662,443.207,189.4662,553.72253,274.59302,402.8838,274.59302,622.4214,344.7853,344.6391,341.7984,562.6832,414.9776,390.93616,410.49725,525.3469,462.7681,449.18082,464.26157,535.8011,588.21814,452.16772,594.19196,550.73566,694.25336,456.6481,692.7599,479.0499,132.715,480.54333,244.72397,486.51715,453.8074,552.22906,724.1224,459.635,719.642,573.13745,719.642,440.2201,715.1617,547.7487,701.7206,461.12845,700.2271
0.8121750148443075,479.9961,199.27196,494.91714,184.3509,465.07507,184.3509,515.8066,190.31932,444.1856,190.31932,554.6013,275.36926,402.4067,276.86136,621.746,345.49814,342.72253,344.00604,563.55396,415.62704,391.96198,411.15073,524.7592,461.88226,448.66193,464.8665,535.204,590.2032,453.13824,593.18744,550.125,694.6505,456.12244,691.66626,478.504,133.61937,479.9961,245.52718,487.45663,454.42175,553.1092,724.49255,457.61453,720.01624,572.50653,720.01624,438.2172,717.03204,548.6329,702.111,462.09085,700.6189
0.8241805044504312,481.744,199.98148,495.1591,185.0758,465.34775,185.0758,514.5365,189.5475,442.98923,191.03807,556.2724,277.491,401.25333,277.491,618.8762,347.54767,343.1212,346.0571,563.7252,416.1138,390.81937,413.13266,523.47986,465.30252,447.46094,466.7931,535.4044,587.52905,454.91376,593.49133,551.80066,693.3594,456.40433,693.3594,477.27228,134.3965,480.25342,247.67964,486.2157,456.35913,551.80066,724.6613,459.38547,726.15186,572.66864,720.1896,438.51752,723.1707,548.8195,700.8122,460.87604,702.3028
0.832315403681535,480.9168,200.30145,494.31784,185.41144,466.0268,186.90044,515.1639,191.36745,443.69174,192.85645,553.8779,276.24057,403.48868,277.72958,619.39404,347.7127,343.9286,346.2237,562.81195,416.20682,391.57666,413.22882,524.0979,465.3439,449.64777,468.3219,536.0099,588.9311,454.11478,593.39813,550.89996,693.16125,455.6038,694.65027,477.9388,134.78535,479.42783,247.94954,486.87283,454.92087,552.3889,725.9193,458.5818,725.9193,571.746,721.45233,436.24673,722.94135,547.92194,702.0953,460.07077,702.0953
0.835017958512673,482.6717,201.67181,496.07858,186.77527,466.2855,186.77527,515.4441,191.24423,443.94067,191.24423,554.1751,276.15454,403.71997,277.6442,618.2303,346.16833,344.1338,346.16833,563.11304,414.69244,390.31308,411.71313,524.382,462.3614,448.40964,465.3407,536.29926,587.4924,454.36826,591.96136,551.1958,693.2579,455.8579,693.2579,478.20273,134.63734,479.69238,247.8511,487.14066,453.42346,554.1751,726.0303,460.32687,726.0303,575.0303,721.56134,439.4717,723.05096,548.2165,702.1958,458.83722,700.7062
0.825658782170369,481.1268,200.32297,494.52704,185.43384,466.23767,185.43384,515.3718,189.90057,443.904,191.3895,554.08356,274.76865,403.7033,277.74646,619.59576,344.74756,342.65787,344.74756,563.017,414.72647,388.81418,411.74866,524.3053,462.3717,448.37073,465.34955,534.72766,587.4404,454.3264,591.90717,551.1057,693.15326,455.81528,693.15326,478.149,133.32187,479.6379,246.47928,487.08246,453.43823,551.1057,724.4205,457.3042,724.4205,571.9505,719.95374,436.4594,722.9315,548.1279,700.59784,461.77094,702.08673
0.8313256846024439,481.1718,200.39809,496.06012,184.02094,466.2835,185.50977,515.4149,188.48744,443.95102,191.4651,554.1246,274.83966,402.26373,277.81732,618.1443,344.81476,342.71048,343.32593,564.5464,413.301,390.3531,411.81216,524.3479,462.43243,448.4175,465.4101,536.2586,587.49426,454.37283,593.4496,552.63574,694.6901,455.86166,694.6901,478.19415,133.40067,479.68298,246.55186,487.12714,453.49945,551.1469,724.4668,458.83936,725.9556,571.99054,721.48914,437.9957,724.4668,549.6581,703.62317,460.3282,703.62317
0.8307905839039729,481.49475,198.9558,496.3818,184.06873,466.6077,185.55743,515.735,188.53485,444.2771,191.51227,554.44135,274.87982,402.59332,277.85724,618.45575,343.36032,341.55634,344.84903,564.8623,413.32953,390.68365,411.84082,524.66724,460.96814,447.2545,463.94556,535.0882,588.9969,453.20932,591.9743,552.95264,696.1838,456.18674,693.20636,478.51733,133.45271,480.00604,245.1057,485.96088,453.5246,551.4639,725.9579,457.67545,725.9579,572.30585,722.98047,438.32227,722.98047,548.4865,705.11597,463.63028,702.1386
0.8268029666863955,483.58636,200.40826,496.991,185.51425,467.20294,185.51425,516.3532,189.98245,446.35132,191.47185,555.07764,276.36777,403.15866,277.85715,617.6325,341.90143,339.11438,344.88025,566.99286,411.90332,392.73285,413.39273,525.2896,462.54297,447.84073,465.5218,534.226,589.14215,453.79834,595.09973,552.0989,696.3791,456.77713,694.88965,480.60757,133.38518,480.60757,246.57971,486.5652,453.60657,549.12006,724.6777,456.77713,724.6777,569.9717,721.6989,438.90433,723.1883,549.12006,703.82605,462.73474,702.3367
0.8223319076574765,486.1306,199.7888,499.56653,184.86,469.70895,184.86,518.97394,189.33864,447.31573,190.83153,553.3102,274.43277,402.52936,277.41855,617.504,341.61237,338.33554,347.5839,568.239,410.28482,393.57208,413.2706,524.9455,464.0285,447.31573,468.50714,535.3956,590.9233,454.78015,593.909,551.8173,695.42487,457.7659,695.42487,481.65198,134.1021,481.65198,246.06807,486.1306,455.07123,548.83154,722.2967,457.7659,722.2967,571.22473,719.3109,439.85135,719.3109,548.83154,704.38214,463.73743,702.8892
0.8359610644670633,487.38947,201.00694,502.32095,184.5823,472.45798,186.07545,520.2388,189.06175,448.5676,190.5549,553.088,275.6644,405.26627,277.15753,617.29346,341.36295,336.58142,347.33554,569.5127,411.54095,393.32108,416.02042,526.21136,465.2943,448.5676,468.2806,535.1702,590.7188,454.5402,596.6914,551.5949,695.23926,457.5265,695.23926,482.91003,133.81523,481.41687,247.29456,487.38947,456.33542,547.1154,725.10223,454.5402,728.08856,568.01953,722.11597,438.11554,723.60913,548.6086,702.705,463.49908,704.1982
0.832874243076031,489.94528,199.12741,504.8849,184.18779,473.51172,184.18779,521.3185,188.66968,449.60834,190.16364,554.1856,275.31943,404.7895,278.30734,615.43805,339.55975,334.57333,348.52353,570.6192,409.77594,394.3318,417.24573,525.80035,462.06458,449.60834,465.0525,534.7641,590.5452,454.0902,593.53314,551.1977,695.12256,457.07816,695.12256,485.4634,131.89915,482.4755,245.4402,488.45132,453.1008,546.7158,727.9897,452.59625,729.48364,567.6313,723.5078,436.1627,726.4957,548.2098,704.0863,464.54794,704.0863
0.8352594031737401,492.30203,199.32568,505.74182,184.39261,477.36896,184.39261,522.1682,188.87253,451.98273,190.36584,555.02094,273.9911,407.1835,278.471,614.7533,338.2033,336.99805,348.65646,571.4473,408.3888,396.73035,417.34863,526.64813,463.64117,450.4894,468.1211,535.608,589.07904,453.47604,596.5456,552.03436,693.6106,457.95596,696.59717,487.8221,133.62015,484.8355,245.61823,489.31543,454.68134,550.541,726.4634,454.96936,729.44995,571.4473,721.9834,438.54297,726.4634,547.55444,704.0637,463.9292,705.55707
0.8324600481070005,497.78683,199.59163,509.72668,183.17433,481.36954,184.66681,524.6515,189.14426,453.01236,190.63673,557.4861,275.7082,406.74542,278.69318,614.20044,339.88492,332.12134,348.8398,570.91846,407.0466,397.79053,420.47894,527.6365,462.26843,450.0274,468.23834,536.5914,590.6219,454.50485,599.5768,551.5162,695.0956,457.4898,698.08057,488.83194,132.42995,485.84695,245.85857,488.83194,454.80603,551.5162,727.9302,453.01236,729.42267,573.9034,723.45276,436.59506,726.4377,547.0387,704.0505,463.45975,705.54297
0.8246337656791394,507.50006,201.15665,517.9485,184.73773,489.58853,186.23036,529.8895,189.21562,458.24332,193.6935,556.75684,271.3102,408.98657,281.7586,607.5062,335.49323,332.86252,353.4048,571.6831,402.66153,398.53818,422.0657,528.39685,462.3667,450.78018,466.84457,537.35266,590.7328,456.7507,596.7033,550.7863,695.2168,456.7507,696.7094,494.0664,133.98836,488.0959,247.42815,491.08115,453.41092,550.7863,728.0546,456.7507,723.5767,574.66833,723.5767,438.83914,722.0841,546.3084,705.66516,459.73596,705.66516
0.8165156245231628,511.5999,202.6233,522.0541,186.19534,495.17194,187.68878,532.50824,190.67569,460.82254,193.6626,556.4035,271.3221,410.04517,281.77628,601.2071,334.04712,330.89218,353.462,571.338,398.26556,401.08444,420.66736,528.0279,465.47092,450.36838,469.95126,536.9886,592.41437,457.83563,598.3882,550.4297,690.98224,454.84872,695.4626,496.6654,133.9245,490.6916,247.42688,490.6916,455.01675,548.9362,719.3578,454.84872,722.3447,574.32495,713.384,436.9273,720.85126,544.4559,701.4364,457.83563,704.4233
0.8073568940162659,515.06226,204.74667,525.50415,188.33798,498.6536,188.33798,534.45435,191.32138,465.8362,192.81308,555.33813,270.38144,412.13504,283.80673,597.1057,331.54108,331.5833,353.91656,567.2717,397.17584,401.69315,422.53473,526.99585,465.794,452.41092,470.2691,537.43774,592.58844,458.37772,598.55524,549.37134,689.5488,455.39432,694.0239,498.6536,134.63683,491.1951,248.00595,491.1951,453.8604,553.84644,717.8911,453.90262,716.3994,574.7302,711.9243,437.49393,716.3994,546.38794,701.4824,456.88602,702.9741
0.803248792886734,521.26587,203.7884,530.2319,187.3508,504.8283,187.3508,539.1978,190.33945,468.96445,193.32811,554.1411,268.04446,413.67435,285.97638,591.49927,330.8062,332.98065,354.71545,564.6014,396.5566,404.70837,423.4545,527.2432,465.29565,452.52686,469.77863,536.20917,590.81915,458.50415,598.2908,548.16376,689.44476,454.02118,696.9164,503.33398,133.55502,492.8737,247.12389,489.88504,453.34103,557.12976,716.34265,452.52686,717.837,575.0617,710.3653,434.5949,717.837,543.6808,701.39935,455.5155,705.8823
0.8091323834199172,525.7171,205.41182,534.67584,188.98752,509.2928,188.98752,542.1414,191.97375,471.9648,193.46687,555.57947,266.6297,415.2263,287.5334,588.4281,330.83383,334.59784,360.69623,561.55194,396.5311,407.76068,426.39346,524.224,462.22833,451.06113,468.2008,536.16895,590.6366,458.52673,596.6091,549.607,692.1687,452.55426,698.1412,506.30655,133.7421,494.3616,248.71228,488.38913,453.26962,561.55194,720.53796,451.06113,723.52423,577.97626,716.0586,434.63684,723.52423,543.6345,704.11365,452.55426,707.0999
0.7923254324839666,539.10675,204.79332,543.59186,188.34795,521.1663,189.84299,548.07697,191.33801,479.30536,194.3281,554.05707,269.0798,420.99905,288.51523,577.9776,330.3762,341.76224,364.76196,555.5521,397.65274,413.52386,429.04843,524.1564,466.4243,453.8898,470.9094,534.62164,587.52203,456.87985,594.99725,546.5819,687.68933,443.42456,699.6496,512.1961,137.51678,495.75073,248.14932,489.7706,454.46402,571.9975,713.1049,447.90967,725.0652,583.95776,705.62976,431.4643,725.0652,537.6117,701.14465,440.43448,710.11487
0.7605035809370188,544.0188,203.46902,548.5097,188.4994,527.55225,189.99637,551.50366,191.49333,484.14035,194.48726,554.49756,270.8323,428.75275,287.2989,572.4611,335.20166,344.92288,365.1409,554.49756,399.571,415.2801,429.51025,523.06134,465.43735,455.69806,469.92822,535.03705,585.1943,457.19504,594.1761,547.01276,686.9877,437.73453,695.9695,515.57654,137.6027,500.60693,245.38396,490.1282,454.95862,578.449,706.4482,448.21326,721.41785,585.9338,698.9634,430.24973,721.41785,538.031,698.9634,434.7406,706.4482
0.752508670091629,549.783,204.97034,552.77435,188.51785,533.3305,190.01353,554.27,194.50058,489.95584,195.99625,557.2614,276.76294,431.62433,288.72836,564.7398,356.03394,349.36197,369.49506,551.2787,406.88705,419.6589,430.8179,522.8608,466.71423,458.54657,471.20126,536.3219,583.3772,455.5552,595.34265,545.29596,683.5877,433.12003,697.0488,519.86945,140.65611,501.92126,246.84935,491.4515,454.74878,587.175,703.03156,446.58112,720.97974,590.1663,695.55316,428.63297,720.97974,536.3219,697.0488,427.1373,707.5186
0.7559018249695117,553.0026,205.13223,555.9834,190.22835,538.0987,191.71873,557.47375,193.20912,493.38705,196.18991,555.9834,276.67093,436.75226,287.10367,555.9834,360.13272,356.2712,367.5847,550.02185,409.31558,421.84836,431.67142,523.1948,468.93115,459.1081,471.91193,538.0987,580.7103,454.63693,597.1046,544.0603,683.54724,426.31952,696.9607,523.1948,139.55511,503.81976,246.86314,491.89667,455.51764,590.2623,705.9031,442.7138,726.7685,593.2431,698.4511,421.84836,726.7685,535.1179,693.9799,420.35797,705.9031
0.7340450378564688,556.1616,207.98447,559.14044,191.60078,542.7568,193.09021,557.651,194.57964,498.07397,196.06906,551.6933,273.5192,442.9652,286.92404,547.22504,362.88477,362.53622,370.33188,548.7145,415.01468,429.5604,432.8878,523.3942,467.14456,459.3489,470.1234,538.28845,578.8515,451.90176,598.21405,541.26733,681.6219,417.645,696.5162,529.3519,140.9603,504.03168,245.22011,492.11627,455.22916,590.4184,699.495,434.02866,720.347,590.4184,692.04785,408.70844,720.347,532.33075,692.04785,411.6873,705.4527
0.7388638384067095,559.04706,208.2592,562.01965,191.91008,545.67053,193.39636,559.04706,193.39636,501.082,196.36893,550.1294,272.1694,449.06207,287.03226,539.7254,362.8327,370.28903,373.2367,547.1568,423.77036,438.65808,432.68805,524.86255,468.35886,462.43863,469.84515,538.2391,579.83014,452.03464,599.15186,544.1842,682.3837,411.90497,697.2466,530.8077,141.37643,507.02713,245.4163,495.13687,454.9823,599.17676,695.76025,428.2541,719.54083,597.6904,688.32886,405.95984,721.0271,535.26654,697.2466,401.50098,707.6506
0.7309629114774557,566.4951,206.91028,569.50073,191.88202,552.96967,193.38484,563.48944,191.88202,510.89053,194.88768,543.9527,267.02335,461.29724,283.5544,510.89053,360.19858,384.6531,372.2212,537.9414,430.83142,447.77182,427.82574,525.91876,468.40207,470.3142,469.9049,537.9414,573.5999,459.79443,602.1536,542.4499,678.7977,399.68137,701.34015,540.947,142.28876,510.89053,241.4753,498.86792,456.37946,604.06573,687.8147,416.21246,722.3797,599.55725,681.8034,396.67572,722.3797,534.9357,693.826,386.15594,710.3571
0.7090868113132623,568.9274,208.08057,570.42505,194.60152,555.44836,194.60152,564.4344,191.60617,512.01587,196.0992,540.4717,267.98743,464.0904,290.45248,504.52753,359.3454,393.69986,377.31744,546.46234,431.2336,461.09506,428.23828,526.9926,473.16843,476.07178,476.16376,537.4763,579.5031,464.0904,604.9635,543.467,681.3447,396.6952,703.8098,541.9693,142.18301,513.51355,244.02467,500.03452,461.18704,603.37384,687.33545,413.1696,730.7679,598.88086,682.8424,392.20218,730.7679,534.48096,696.3215,381.71848,712.79584
0.6935725487195529,572.0546,206.44643,573.5533,192.95847,560.0653,192.95847,567.55865,191.45981,518.1028,195.9558,539.08405,266.39294,473.14288,288.8729,501.61746,357.81137,404.20438,377.294,545.0787,426.74988,468.64688,432.7445,531.5907,468.71243,482.13486,473.2084,537.5854,576.61615,468.64688,611.0854,546.57733,683.02124,393.71375,708.4985,549.5747,142.00394,516.6041,243.91301,504.6148,461.21912,606.52386,686.01855,414.69504,735.4744,600.52924,683.02124,390.71643,738.47174,537.5854,699.50653,378.7271,717.4905
0.6782500159281951,572.8781,206.76537,574.37976,193.25076,560.8651,193.25076,569.8749,193.25076,521.82294,197.75563,539.8424,266.83026,479.77753,284.84973,506.80673,359.93085,415.20776,376.4487,548.8522,427.50385,475.27264,435.01196,535.3375,462.04117,488.78726,468.04767,536.8392,579.1677,478.2759,606.1969,545.84894,685.7829,397.1883,705.304,556.3603,149.7037,518.8197,244.30592,506.80673,463.5428,605.9138,685.7829,418.211,726.3267,599.90735,682.77966,392.6834,726.3267,538.3408,702.3008,380.67044,714.3137
0.6512597638827103,574.01654,205.8758,575.5235,192.3132,563.4679,192.3132,571.0027,192.3132,524.28705,196.83408,537.8497,264.64703,486.6132,282.73047,506.2036,359.58514,427.84198,374.6547,551.41223,427.3981,482.09235,437.94678,534.83575,463.565,494.14798,469.59283,537.8497,576.5866,486.6132,606.7257,546.89136,685.0873,399.20984,704.67773,555.9331,145.59763,521.27313,242.04271,509.21753,460.5511,607.16956,686.59424,405.23767,719.74725,601.1417,683.5804,391.67508,722.76117,540.8636,701.6638,382.63333,712.21246
0.6179119852872995,576.8083,206.83566,579.81067,194.82616,567.80115,194.82616,575.3071,193.32497,528.77026,197.82854,540.7798,263.88086,492.7417,283.39633,507.7536,359.957,446.20483,376.4701,549.7869,426.00934,495.74408,439.52005,537.7774,462.03787,501.74884,469.54382,543.78217,573.1259,512.25714,600.14734,551.2881,684.2139,408.67508,700.727,561.79645,145.2869,524.26666,241.36302,516.76074,459.0355,608.3333,685.7151,600.82733,706.73175,602.32855,681.21155,399.66794,715.7389,543.78217,700.727,390.6608,709.73413
0.5823617342572945,578.9744,205.39868,580.46924,194.93512,568.51086,193.44032,575.98486,191.94553,531.141,196.42992,540.1098,263.69565,498.25555,284.62277,505.72952,359.36252,456.4013,375.80524,555.05774,426.62827,504.2347,435.59702,537.1202,461.00854,504.2347,468.4825,544.5942,574.6129,525.16187,603.01404,552.0681,685.2277,410.06265,707.6496,561.0369,147.10168,526.6566,242.76854,516.19305,459.51373,608.87036,685.2277,605.88074,704.66003,601.39636,683.7329,402.58868,724.09235,546.089,703.1652,393.61993,713.6288
0.5658423728667773,580.8091,207.18457,582.3014,196.73839,570.3629,195.24608,515.14734,193.75375,533.0551,198.2307,537.53204,265.38477,504.70117,281.8002,512.1627,354.9235,465.90103,371.33893,556.9321,428.0468,519.62427,434.01605,533.0551,462.37,506.19348,468.33923,549.4705,571.3088,531.5628,595.1858,552.45514,684.72455,418.14703,708.60156,565.886,145.99976,528.5782,243.00008,515.14734,459.38538,610.65533,686.21686,603.1938,702.6323,598.71686,684.72455,592.7476,723.52466,547.9782,702.6323,401.7316,717.5554
0.5816228653375919,581.999,207.62766,583.4956,195.65479,571.52277,195.65479,580.5024,195.65479,534.10754,200.1446,538.59735,265.99542,507.16855,283.95474,516.1482,357.28857,475.73978,375.2479,556.55664,429.12582,523.6313,435.11224,535.6041,460.55463,510.16177,466.54105,549.0736,572.8003,529.6177,596.74603,550.57025,683.5494,433.83472,705.99854,565.5363,146.26668,531.1143,242.04967,517.64484,456.0648,607.4414,686.5426,602.95154,700.0121,593.97186,683.5494,592.4753,713.48157,546.0804,698.5155,417.372,711.985
0.5755274215569863,583.4599,208.6754,586.45435,198.19484,574.47656,196.69762,583.4599,196.69762,540.04047,199.69206,543.0349,265.56985,511.59323,279.04486,523.571,352.40878,483.146,370.37546,558.00714,427.26993,525.06824,434.75604,538.5432,458.7116,514.5877,461.70605,549.0238,568.00885,538.5432,585.9755,552.01825,681.7978,462.18488,698.2673,571.4821,150.2837,535.54877,241.6143,520.57654,454.21994,607.41547,687.7867,601.4266,698.2673,593.9405,684.79224,587.9516,707.2506,546.02936,696.77,450.2071,707.2506
0.6067397067180047,586.7386,211.00131,591.20355,199.0948,579.29706,197.60649,534.6477,196.11818,549.5308,199.0948,543.5776,263.09225,516.7879,280.952,522.74115,356.85593,489.9983,373.22736,559.949,434.24817,537.6243,437.2248,537.6243,459.5495,518.27625,462.52612,549.5308,571.1729,533.15936,593.4976,549.5308,684.28467,472.13855,711.0743,576.32043,152.95712,540.60095,240.76755,521.25287,456.57288,606.0867,684.28467,597.1568,693.21454,594.1802,682.7964,576.32043,712.5626,545.06586,700.6561,479.5801,720.00415
0.6245394211549026,589.6569,210.83345,594.1196,198.93289,582.21906,197.44531,537.592,195.95775,550.9801,198.93289,546.5174,259.92322,519.74115,276.2865,525.69147,353.6401,494.45248,371.49094,561.3931,429.50613,537.592,436.94397,542.0547,454.7948,521.22876,459.2575,553.95526,570.8252,531.6417,593.13873,550.9801,682.39294,497.42764,713.6319,580.7315,157.28094,542.0547,240.58482,524.20386,454.7948,604.5326,685.36804,597.0948,695.78107,595.6072,682.39294,573.29364,712.1443,543.5423,697.2686,495.94006,724.04486
0.6594964563846588,593.5654,209.9681,596.55133,198.02452,586.1007,198.02452,538.3264,198.02452,556.2418,201.0104,551.76294,265.2071,523.397,277.15067,541.3123,354.78387,505.48163,374.19217,566.69244,433.91,548.77704,432.41705,545.7912,460.78305,524.88995,468.24777,556.2418,583.20465,541.3123,616.04944,551.76294,681.7391,520.4111,717.56976,583.1148,159.20792,545.7912,242.8129,527.8758,460.78305,605.50903,678.7532,601.03015,686.2179,596.55133,675.7673,584.6078,705.6262,542.8053,695.1756,509.96048,731.0063
0.6607471532546557,596.9127,208.3674,599.89,194.96953,589.4695,196.45819,540.34393,194.96953,559.6964,197.94684,553.7418,264.9362,525.4574,275.35678,546.2985,354.25534,507.59357,372.11917,568.62836,436.13123,550.7645,433.15393,546.2985,464.41562,526.94604,470.37024,559.6964,582.01917,546.2985,617.7468,559.6964,677.2929,525.4574,717.4866,583.51483,153.28726,547.7872,239.6291,528.4347,461.43832,608.82196,677.2929,602.8673,686.22485,601.37866,674.3156,586.4922,705.57733,552.2532,690.6908,513.5482,732.37305
0.6617355392529414,599.40875,207.83867,602.38934,194.42601,591.9573,195.9163,542.7775,195.9163,560.6611,198.8969,554.6999,264.4699,527.8746,274.90198,547.2484,355.37793,509.99103,374.75177,569.60284,434.3636,553.2096,432.8733,551.7193,461.1889,529.36487,468.64038,565.13196,592.3349,551.7193,626.6117,562.15137,683.2429,524.894,723.4809,588.9767,160.14922,550.229,242.11546,530.85516,461.1889,609.8408,678.77203,599.40875,689.2041,602.38934,675.79144,581.5252,710.06824,554.6999,695.1653,512.9716,736.89355
0.6564909093655072,601.6809,209.4735,604.6552,196.08911,594.2451,196.08911,545.16907,197.57626,561.5277,199.06342,555.5791,265.98535,528.81036,276.39542,549.6305,355.2146,510.9645,376.03473,571.9378,434.03375,555.5791,434.03375,551.1177,460.80252,530.2975,469.72543,567.4763,590.18494,554.092,625.8766,563.0149,682.3885,524.3489,721.05444,591.2708,160.39742,551.1177,242.19089,531.78467,460.80252,609.11664,679.4142,600.1937,688.3371,603.168,676.4398,582.3479,710.6444,555.5791,694.2857,513.9388,732.9517
0.6539665047939007,602.85583,209.39555,605.8367,197.47221,595.40375,197.47221,547.71045,198.96263,564.10504,200.45305,556.65295,264.54095,531.31586,274.97388,562.6146,353.96594,513.43085,373.34134,573.04755,432.95798,555.16254,432.95798,553.6721,461.2759,532.8063,467.23758,570.0667,584.98047,553.6721,628.2025,565.59546,681.8575,523.8638,720.60834,593.9133,163.19264,552.1817,243.67513,532.8063,459.7855,610.3079,678.8767,601.3654,686.32874,604.34625,677.3863,581.99,707.1946,558.1434,695.27124,513.43085,731.04126
0.6459038796333166,606.7038,211.56673,609.6628,199.73071,599.3063,199.73071,550.48267,199.73071,569.71625,201.2102,559.3597,266.30832,534.2081,278.14435,553.4417,358.0375,517.93365,378.75052,574.1547,437.93063,559.3597,439.41016,559.3597,461.6027,537.1672,464.56168,577.1137,574.04486,556.4007,628.7865,568.2367,680.5691,526.81067,719.03613,599.3063,165.70215,556.4007,245.59529,537.1672,458.64368,611.1423,679.0896,603.7448,689.4461,605.2243,676.13055,585.9907,711.6386,562.3187,692.4051,514.9746,730.8722
0.6371790170669556,609.5861,213.00388,612.55194,201.14058,602.1716,199.65767,551.7526,201.14058,571.03046,204.1064,559.1672,266.38867,536.9235,279.73486,569.54755,355.3633,523.57733,376.12405,576.9621,438.4063,562.133,441.37213,560.6501,460.65,535.4406,466.58163,579.9279,571.8683,559.1672,626.736,569.54755,680.1208,526.54315,717.19354,600.68866,167.03363,559.1672,247.11082,536.9235,459.16708,612.55194,680.1208,602.1716,686.0524,606.6203,677.15497,582.89374,705.33026,562.133,691.9841,516.1628,729.0568
0.6387876593149625,610.5755,215.41638,615.00433,203.60617,604.6704,202.1299,553.00073,203.60617,573.6686,205.08244,561.8584,270.0386,539.71423,280.37256,575.1449,360.09146,520.52264,377.8068,576.62115,436.85785,561.8584,444.23923,561.8584,463.43082,536.7617,466.38336,582.52625,572.6753,563.33466,634.6789,572.1923,680.4434,527.90405,717.35034,603.19415,168.17554,560.3821,249.37074,538.238,460.47827,613.5281,680.4434,604.6704,687.8248,607.6229,677.4909,588.43134,707.0164,566.28723,693.7299,517.57007,727.68427
0.6245377247150128,611.1792,218.86021,615.57074,207.14948,605.32385,205.68562,554.08936,207.14948,576.047,210.07715,562.8724,271.55853,542.3786,280.34158,581.90234,359.38907,524.8125,375.49133,578.9747,439.90042,564.33624,444.29193,559.9447,464.78574,535.0594,467.7134,584.83,571.64624,567.2639,638.983,574.5831,682.89825,527.7402,720.9581,605.32385,174.94493,562.8724,252.52858,537.98706,461.85803,615.57074,681.4344,602.3961,688.7536,609.71533,679.9706,589.22156,712.1751,568.7278,696.0728,517.4933,729.7412
0.6112659665254446,613.9157,221.93932,616.8192,210.32538,606.657,208.87364,557.2978,210.32538,577.6222,211.77713,564.5565,278.55722,542.7804,285.81592,576.1705,364.20996,525.3595,380.1791,579.0739,444.05573,563.1048,446.9592,558.7496,475.99402,535.52167,478.89752,586.33264,584.87463,567.46,653.10645,574.7187,683.593,529.7147,725.69354,605.20526,175.4836,564.5565,255.32936,539.8769,470.18707,615.36743,679.2378,605.20526,686.4965,611.0122,677.7861,586.33264,708.27264,567.46,695.207,518.10077,731.5005
0.5833534437876481,615.63513,226.74283,618.5272,215.17444,608.4049,213.7284,557.7932,215.17444,578.0379,216.6205,562.13135,280.2466,546.22485,288.9229,573.69977,365.56348,525.98016,380.02396,579.48395,447.98822,562.13135,452.32635,557.7932,479.80127,536.1025,484.13943,591.0523,586.80884,572.2537,659.11127,572.2537,680.802,533.2104,724.1834,605.5128,177.5772,566.4695,260.00195,538.99457,475.46313,614.1891,673.5717,609.85095,677.9099,609.85095,675.0178,601.1747,698.15454,562.13135,692.37036,520.196,728.5216
0.5620339604524466,620.69696,236.63464,623.53186,225.29497,615.0271,225.29497,566.8335,226.71242,585.2605,228.12988,565.416,290.4981,551.24146,299.00287,581.0081,375.54572,531.397,389.7203,579.59064,456.3409,568.251,462.01074,562.5811,486.10757,532.81445,491.7774,600.85254,581.0774,582.42554,667.5424,552.6589,667.5424,535.64935,727.07574,609.3573,185.60608,572.50336,270.6537,539.90173,481.8552,616.4446,661.8726,623.53186,667.5424,613.6097,667.5424,612.1922,687.3869,538.4843,677.46466,518.63983,731.3281
0.5463179831321423,622.7544,242.10785,626.9442,229.53835,617.1679,229.53835,569.6831,230.93495,586.44244,233.72818,571.0797,297.97235,552.92377,306.35202,583.64923,383.1657,533.37115,397.13184,580.856,464.16922,569.6831,468.35907,561.3034,489.30826,531.97455,496.29132,605.995,581.4847,587.83905,666.67804,551.52716,670.86786,538.95764,728.12897,612.9781,187.63997,573.8729,275.62656,540.35425,485.1184,615.7713,665.28143,626.9442,676.4543,611.5815,670.86786,612.9781,697.4035,531.97455,679.24756,522.19824,733.7154
0.5336732910229609,625.43115,247.35439,628.2092,234.8531,619.87506,234.8531,569.86993,234.8531,587.9273,237.63116,571.259,304.30466,554.5906,312.63882,578.2041,391.8136,532.3661,404.31485,579.59314,469.5993,569.86993,476.54446,558.7577,498.76895,530.97705,504.32507,612.9299,580.7218,601.8176,664.0636,549.0345,668.2307,542.0893,729.3481,612.9299,190.40411,575.4261,280.69113,539.3113,493.21283,549.0345,666.8417,628.2092,680.732,547.64545,673.78687,614.3189,698.78937,530.97705,673.78687,526.81,733.5152
0.5318543933905088,629.08887,253.54172,630.4659,242.5254,622.2037,242.5254,572.6303,243.90245,590.5318,246.65652,579.5155,312.75436,554.72876,321.0166,585.0236,396.7537,535.45026,414.6552,582.26953,473.86786,574.0073,483.5071,562.991,502.78564,529.9421,511.04788,618.0726,575.7687,609.8103,663.8992,543.71246,673.5384,545.08954,728.61993,613.9414,202.5913,578.1384,287.96768,542.33545,498.65454,534.0732,670.78436,624.95776,683.1777,545.08954,676.2925,546.46655,698.32513,527.188,679.0466,532.69617,727.2429
0.532242653461603,630.15137,260.0537,631.50714,249.20714,623.37225,249.20714,575.9185,250.56296,593.5442,253.2746,582.69763,318.354,558.29285,326.48892,586.7651,403.7707,539.31134,420.04056,582.69763,479.69666,574.5627,491.89905,563.7161,505.45728,531.17645,516.30383,622.0164,570.5367,616.59314,665.4441,547.4463,669.5116,551.51373,726.45605,616.59314,209.88834,579.98596,295.30505,543.3788,501.3898,539.31134,672.2232,552.86957,683.06976,547.4463,676.2907,542.023,693.9164,529.8206,676.2907,539.31134,712.8978
0.5241564317391469,632.81934,264.8134,634.1494,252.84267,626.16895,254.17274,576.956,256.83292,596.9072,259.49307,584.93646,325.99707,560.99506,333.97754,588.92676,411.12216,541.0438,427.08313,582.2763,488.2668,575.6259,501.5676,564.9853,512.20825,530.4032,522.8489,626.16895,570.73175,623.5088,669.15765,547.6943,673.1479,557.0048,719.7007,616.8584,214.27034,582.2763,300.72552,542.37396,506.88794,542.37396,675.8081,555.67474,682.4585,551.6845,677.1382,541.0438,693.0991,530.4032,679.79834,543.70404,706.3999
0.5258870961574408,637.2865,281.42624,637.2865,269.75104,630.80023,271.04828,581.5049,271.04828,600.96356,274.94,586.69385,339.80237,565.9379,347.58585,587.9911,428.01514,542.58746,443.5821,582.8021,501.95822,576.3159,516.2279,562.0462,526.6059,532.2095,535.68665,632.0975,570.7123,630.80023,675.7893,546.4792,675.7893,555.55994,717.3012,620.4223,229.53638,586.69385,315.15466,542.58746,518.8224,550.371,677.08655,547.7765,682.2755,555.55994,679.681,538.69574,690.059,529.615,682.2755,543.8847,696.5452
0.5162938707149946,640.854,286.765,640.854,275.4089,633.28326,275.4089,584.07355,276.67072,603.00037,280.45605,589.1207,344.80722,568.9321,354.90152,582.81177,433.13232,542.4346,453.32092,581.55,506.316,576.50287,521.45746,565.1467,529.0282,532.3403,540.3843,633.28326,571.92896,633.28326,680.4427,546.22,681.70447,551.2671,705.6784,624.45074,233.76993,590.3825,322.09503,542.4346,523.981,558.8378,682.96625,556.3143,682.96625,558.8378,684.228,541.1728,694.3223,527.29315,691.79877,539.911,696.8459
0.5135737405373499,643.1368,291.2078,643.1368,280.0426,635.6933,281.28317,586.07025,283.76434,605.9195,288.72662,589.792,350.7554,571.18335,365.64233,579.86743,438.83627,540.169,467.3695,582.3486,512.0302,576.1457,528.1577,566.22107,535.6012,532.7255,545.52576,635.6933,571.5779,636.9339,684.4702,547.6124,681.9891,551.33417,704.31946,624.52814,239.10362,592.27313,330.90622,541.40955,531.87946,566.22107,683.2297,562.4993,683.2297,563.7399,684.4702,546.3719,695.63544,525.2821,693.1543,538.9284,694.39484
0.5075222849845886,645.5771,298.9933,645.5771,288.04266,637.05994,289.2594,589.60724,290.47614,606.64154,295.34308,588.3905,357.39658,573.7897,374.43088,578.6566,442.56805,543.3713,474.2032,581.0901,519.2224,572.57294,538.6902,566.48926,539.9069,532.42065,550.8575,637.05994,572.7587,640.71014,685.91516,548.2382,683.4817,549.45496,698.0825,627.32605,246.67368,593.25745,337.92883,542.15454,537.47345,570.13947,684.6984,567.706,684.6984,566.48926,685.91516,547.0215,696.8658,526.337,693.2156,534.8541,696.8658
0.5144198043988302,649.21436,302.78375,649.21436,291.871,640.7266,293.08353,591.0129,296.7211,610.4134,301.57123,593.4379,360.98523,575.25,379.17316,580.1001,448.28738,546.1493,482.23825,581.3126,522.2518,570.3999,544.0773,565.54974,542.86475,532.81146,554.99005,639.5141,573.17804,644.3642,688.3684,548.57434,683.51825,550.9994,692.006,631.02637,253.07002,595.86304,341.58475,541.29913,541.6522,574.0375,684.7308,570.3999,684.7308,569.1873,685.9433,550.9994,695.64355,524.3237,693.2185,535.2365,692.006
0.5171271522457783,651.822,310.00592,650.6212,297.9977,643.41626,300.39935,592.9819,301.6002,613.3958,307.60428,591.78107,365.24362,578.572,385.65756,583.3753,452.90344,544.9491,486.5264,582.1745,524.95264,567.76465,547.7682,564.1622,544.1657,532.94086,558.57556,641.01465,572.9854,645.81793,688.2641,549.7523,678.65753,552.154,691.8666,632.6089,258.37067,597.78516,347.23132,541.3466,544.1657,574.96954,683.4608,579.7728,684.6616,571.3671,683.4608,554.5556,696.66986,525.73596,689.4649,537.74414,691.8666
0.5047727731557993,654.3066,320.24084,654.3066,307.30908,647.2529,310.83594,648.4285,310.83594,616.68695,316.71402,597.8771,371.9679,583.7697,391.95334,589.64777,461.3146,547.3257,493.05618,582.5941,528.32465,569.66235,551.8369,563.7843,549.48566,533.2183,565.9443,642.5504,574.1736,649.6041,690.5594,552.02814,675.2764,552.02814,683.50574,637.84796,268.51382,601.40393,354.33368,540.272,550.6613,577.89166,684.68134,581.4185,685.85693,570.83795,685.85693,557.9062,695.2619,527.3402,685.85693,537.9208,689.3838
0.5034591693144578,655.9215,322.79474,654.7542,309.95468,647.75055,313.4565,648.91785,313.4565,618.56854,319.2929,596.39026,374.15503,584.71747,395.16605,584.71747,462.86826,548.5318,499.05392,582.3829,528.2359,571.8774,556.2506,562.5391,553.9161,535.6917,569.0907,644.2487,574.92706,650.0851,691.655,553.2009,678.81494,553.2009,678.81494,639.5796,270.26718,602.2266,357.8131,541.52814,553.9161,580.04834,689.32043,582.3829,688.1532,573.0447,688.1532,559.0373,697.4914,527.52075,690.48773,538.0263,684.65137
0.5074701509796656,656.71906,325.39783,656.71906,313.80807,649.7652,316.12604,650.9242,316.12604,620.7908,321.9209,597.61127,376.39276,587.1805,398.4133,583.70355,465.6339,551.25226,499.2442,583.70355,530.53656,570.95483,561.8289,562.842,553.71606,536.18555,569.9417,645.1293,575.73663,652.0831,691.6342,552.4112,675.4085,554.7292,678.88544,641.65234,273.24393,604.5651,360.1671,540.8215,556.034,580.2266,688.1573,589.4985,689.3162,573.27277,688.1573,564.001,699.747,524.5958,685.8393,537.34454,683.52136
0.5163419005962518,659.0227,324.21466,659.0227,312.64948,650.92706,314.96252,653.24005,317.27554,620.85754,323.05814,602.3532,378.5711,587.3185,398.23193,586.1619,467.6231,551.4664,500.00565,586.1619,532.3882,567.65765,563.61426,568.81415,550.8925,534.1185,568.2403,646.30096,575.17944,652.08356,690.8314,551.4664,675.79663,552.62286,675.79663,642.8314,275.64084,606.9793,361.2233,542.2142,555.5186,578.0663,689.67487,583.8489,689.67487,572.2837,688.5184,556.0924,697.7705,524.8664,686.2053,536.4316,682.7358
0.5083287404133723,660.44604,325.4228,659.2933,313.89502,652.3766,316.20056,652.3766,318.50613,622.40436,323.11725,601.65436,378.4506,590.1266,396.89505,586.6682,467.21454,553.2377,499.49234,584.3627,530.6174,569.3766,562.89514,565.9182,553.6729,534.7932,568.65906,646.61273,575.5757,652.3766,690.8535,553.2377,673.5619,555.5432,674.71466,643.15436,275.85333,607.4183,362.3117,540.5571,555.97845,578.5988,687.3952,583.2099,689.70074,572.8349,687.3952,560.15436,696.61743,526.72375,683.9369,538.2515,680.4785
0.5082159609748766,662.6113,325.77893,661.4597,314.26282,655.70166,316.56604,653.39844,317.71765,625.7598,323.4757,600.42444,376.4497,592.36316,398.3303,588.9083,462.8204,553.20844,498.5203,586.6051,529.6138,567.0278,559.5556,565.87616,550.3427,535.93427,566.4652,647.6404,575.6781,653.39844,690.83905,554.36005,672.41327,557.8149,674.7165,647.6404,276.25974,609.63727,361.4788,541.6923,553.79755,579.69543,685.081,585.4535,687.3842,573.9374,686.2326,552.0568,695.44543,526.72144,682.7778,539.3891,681.62616
0.5037820247503427,662.90643,324.23022,661.75354,312.70178,657.1422,315.00748,653.68365,316.1603,627.1682,320.7717,602.95844,374.9554,590.27716,396.85947,589.1243,460.26596,553.3861,494.85132,585.6658,528.2838,569.52594,558.2578,566.06744,551.3407,538.3991,566.3277,647.91943,575.5505,652.5308,689.6821,555.69183,674.6951,559.1503,674.6951,647.91943,273.50504,609.87555,358.81558,544.1633,552.4936,581.0544,686.22363,585.6658,687.37646,574.1373,686.22363,547.6219,695.44635,529.1764,683.9179,541.85767,680.45935
0.49846087854642135,663.6549,321.82565,663.6549,310.21353,657.8489,311.37476,654.36523,313.69717,628.8186,318.342,603.272,371.7577,591.6599,392.65945,591.6599,455.3648,553.33997,490.2011,585.8538,526.1986,574.24176,551.74524,569.5969,548.26166,538.2442,563.35736,647.39795,574.9695,652.04285,687.6069,555.66235,671.3499,557.9848,685.2844,649.7204,271.89362,610.23926,356.66196,545.2115,549.42285,577.72534,684.1232,578.8866,685.2844,574.24176,684.1232,540.56665,693.4129,528.9545,679.4784,541.72784,685.2844
0.49310756761294144,664.09094,318.2719,664.09094,306.5388,658.2244,307.7121,655.8778,308.8854,628.8916,314.75198,601.90546,366.3777,593.69226,387.49728,588.999,450.8561,552.6264,488.4021,586.6524,523.60144,572.5727,552.9342,572.5727,547.0677,539.72,558.8008,647.6646,575.2272,652.35785,686.6918,553.7997,672.612,556.1463,690.2117,650.0112,266.6462,611.29193,352.29794,546.7598,545.89435,577.2659,684.3451,577.2659,686.6918,574.9193,684.3451,539.72,693.7316,525.6402,678.4786,539.72,687.86505
0.49355167608994704,665.3946,314.94382,665.3946,303.0254,659.4354,305.4091,655.85986,305.4091,632.023,311.3683,597.4596,360.23383,596.26776,380.49512,590.3086,446.04645,552.1696,479.41803,587.92487,517.55695,572.4309,543.7775,570.04724,542.58563,540.2512,553.31226,647.51697,574.7654,651.0925,684.41486,553.36145,674.8801,555.7451,698.717,652.28436,264.88644,611.7617,348.3154,546.2104,541.3938,580.7738,679.6475,573.6228,684.41486,578.39014,680.83936,541.44305,692.75775,528.33276,682.0312,539.0594,696.3333
0.49510017381264615,665.0517,308.85815,665.0517,295.60233,659.0263,299.21753,657.8212,299.21753,631.3096,305.24292,602.38776,358.26624,593.9523,378.75253,590.33704,442.62152,552.9797,478.7738,585.5167,516.1311,573.46594,542.6428,573.46594,537.8225,540.92896,551.0783,646.9756,573.97473,649.38574,681.2265,552.9797,676.4062,555.38983,708.94324,650.5908,258.24496,612.0284,342.60025,549.36444,535.41235,575.8761,680.0214,537.3137,684.8417,578.28625,681.2265,539.7239,693.2772,530.08325,682.4316,539.7239,698.09753
0.5046031687122124,664.42566,303.8823,663.2051,291.67657,658.3228,294.1177,657.10223,295.3383,630.24963,300.22058,604.6176,353.92578,591.1913,373.45496,591.1913,439.36588,553.3536,469.8802,591.1913,510.1591,580.2062,533.35,578.9856,530.9088,541.1478,543.11456,647.33765,572.4083,647.33765,677.37756,552.133,678.59814,558.23584,724.9799,650.9994,253.8388,611.94104,339.2789,552.133,528.4677,570.4416,679.8187,580.2062,679.8187,577.765,681.0393,542.3684,692.0245,528.9421,683.48047,542.3684,705.45074
0.49938759207725525,663.7568,288.715,662.5116,276.26306,656.28564,276.26306,607.72314,278.75345,626.401,283.73422,607.72314,343.50348,587.80005,354.7102,596.5164,428.17654,555.42505,450.59003,595.2712,500.39774,585.3097,512.8497,581.5741,522.8112,540.4827,534.01794,646.3241,572.6189,643.83374,673.4795,554.1799,673.4795,557.9154,724.5324,647.5693,235.17172,610.2135,323.58038,555.42505,521.566,580.3289,680.9506,589.0452,685.9314,580.3289,680.9506,541.7279,698.38336,533.0116,675.96985,541.7279,712.08044
0.5141630745851077,661.53467,281.68747,661.53467,270.18323,655.14343,270.18323,609.1266,272.73975,628.3003,275.29623,609.1266,336.65204,587.39636,343.04327,605.2918,419.73807,555.44025,431.24228,596.3441,492.5981,582.2834,502.8241,579.7269,515.60657,542.6578,525.8325,646.19574,570.57117,641.08276,667.7179,551.60547,671.5526,555.44025,717.56946,647.474,231.83585,610.40485,314.92188,556.71844,513.05005,572.05743,674.10913,579.7269,684.3351,578.44867,674.10913,542.6578,694.56104,531.15356,672.8309,541.3795,708.62177
0.5252600489900663,661.6632,272.1449,661.6632,260.4664,655.1751,260.4664,609.7588,264.35922,626.6277,266.95444,611.0564,329.23975,585.1042,337.0254,609.7588,412.2868,557.8544,423.9653,596.78265,487.5482,582.509,492.73865,582.509,507.01236,543.5806,517.39325,643.49664,570.5953,638.3062,664.0232,550.0687,670.5112,555.25916,725.01086,648.6871,224.13332,608.4612,307.18036,559.152,505.71475,564.3424,674.40405,581.21136,689.9754,572.12805,675.70166,542.283,701.6539,533.19977,670.5112,543.5806,717.2252
0.5255798542728791,661.2075,263.66498,661.2075,253.04604,655.8981,253.04604,606.78546,255.70078,626.696,259.6829,608.1128,320.74182,586.87494,332.68814,606.78546,404.366,556.34546,420.29443,597.49384,481.35336,585.54755,489.31757,582.8928,499.93652,545.7265,510.55545,639.96967,571.6144,632.00543,659.2207,552.36334,667.1849,555.01807,726.91644,647.93384,214.55237,609.4402,299.50394,559.0002,499.93652,564.30963,667.1849,582.8928,684.4407,576.256,668.51227,541.7444,786.648,540.41705,664.53015,543.0718,725.5891
0.5253825755073473,661.6478,253.36693,662.9942,241.24913,654.9157,242.59555,609.1373,243.94197,622.60156,247.98123,609.1373,312.60953,584.90173,323.3809,606.44446,394.7413,555.2804,413.59122,598.36597,476.87308,590.2874,479.56592,582.20886,495.723,548.5483,501.10867,636.0658,572.46906,625.2944,655.94727,549.8947,673.45074,551.24115,725.96124,648.1836,202.20287,607.7909,291.06677,557.97327,493.03015,566.0518,672.1044,614.523,689.60785,579.51605,674.7972,590.2874,787.89667,533.7377,674.7972,535.0841,724.6148
0.5271310599950644,660.62054,243.69849,661.9902,232.74152,655.1421,232.74152,608.575,235.48076,623.6408,238.22,607.2054,303.9618,585.29144,309.44028,607.2054,386.13904,560.63824,398.46564,598.9876,466.9467,592.1395,468.31628,579.8129,487.491,549.6813,492.96948,631.8585,576.51636,618.16235,653.2151,549.6813,671.0202,548.31165,727.1746,649.66364,195.76176,608.575,280.67825,557.899,486.12137,567.4864,671.0202,603.0965,684.7164,578.4433,673.7594,589.40027,701.15186,534.6155,671.0202,533.24585,729.9139
0.552134619309352,658.19434,229.56572,659.61145,218.22867,651.10864,218.22867,605.76044,219.6458,619.93176,222.48006,607.17755,287.66812,583.0863,293.33667,600.0919,374.11316,563.24646,385.45023,602.92615,456.30682,595.8405,456.30682,587.3377,474.72955,556.1608,477.5638,619.93176,598.02,601.50903,647.6196,553.32654,671.7109,541.9895,725.5619,644.023,179.9661,605.76044,264.99402,567.49786,473.3124,602.92615,671.7109,594.4234,681.6308,594.4234,674.54517,585.9206,725.5619,536.321,674.54517,526.40106,731.2304
0.5774982571601868,656.92816,219.14862,658.3662,207.64427,651.17596,207.64427,603.7205,210.52036,619.539,211.9584,608.03467,280.9845,582.1499,286.73666,597.9684,368.70517,560.5792,375.8954,605.15857,449.23563,595.0923,449.23563,586.464,470.80627,557.7031,475.1204,610.91077,618.9248,592.2162,639.0574,564.8934,687.95087,539.00854,723.902,639.67163,167.37904,606.5966,255.09972,569.20746,469.36823,618.10095,675.0085,608.03467,685.07477,613.78687,676.44653,593.65424,733.96826,546.1988,696.57916,524.6281,729.6541
0.5911326637634864,655.9558,212.1998,655.9558,200.55588,648.67834,200.55588,599.19165,202.01137,618.11304,204.92235,605.0136,273.33047,583.1812,280.6079,596.28064,360.65997,559.8934,367.93744,606.4691,443.623,596.28064,443.623,583.1812,465.45538,562.8043,471.27734,605.0136,605.1826,587.54767,631.3814,580.27026,685.2346,535.15,727.4439,637.0344,156.89111,605.0136,247.1316,568.6263,463.99988,625.3905,673.5907,605.0136,688.1456,618.11304,675.0462,596.28064,790.03,562.8043,695.4231,519.1396,734.7214
0.6214114416104096,655.65,204.98059,655.65,194.63142,649.7362,193.15298,599.4689,194.63142,621.6456,197.58833,603.90424,264.11865,583.2059,274.4678,600.9473,354.30417,561.0291,363.1749,605.3827,437.09744,597.9904,438.5759,577.2921,465.18802,565.4645,469.62338,600.9473,584.94257,584.6843,627.8177,583.2059,681.04193,532.93854,723.917,634.9517,148.79944,605.3827,238.98497,566.94293,460.7527,630.51636,678.085,605.3827,700.2618,621.6456,676.60657,599.4689,737.2231,574.3352,692.86957,521.11096,731.30927
0.6511523333879617,653.5818,200.64507,655.07477,188.70122,647.60986,188.70122,599.8344,190.1942,617.7502,191.68718,605.80634,260.36435,581.91864,267.82925,605.80634,349.94327,564.00287,358.90115,616.2572,430.56427,602.8204,432.05725,581.91864,455.94498,565.49585,460.42392,595.35547,582.84845,578.9327,621.66595,580.42566,681.38525,529.66425,724.6817,635.66595,146.89772,604.31335,234.98366,569.9748,454.452,629.69403,681.38525,605.80634,702.287,619.24316,679.8923,598.34143,735.13257,574.45374,693.3291,519.2134,733.6396
0.6569721492437216,651.4185,197.66827,652.92145,185.64458,643.9037,185.64458,597.3118,188.6505,613.8444,190.15346,603.32367,256.2838,582.2822,268.3075,601.82074,347.9645,564.24664,361.49118,619.85626,427.62152,606.3296,429.12448,583.78516,453.17188,567.25256,456.1778,591.3,579.4207,573.26447,618.49774,579.2763,680.1192,528.1756,725.20807,636.38885,145.06459,601.82074,232.2364,571.7615,450.16595,627.3711,683.1251,597.3118,704.16656,616.85034,681.62213,592.803,735.7288,571.7615,692.1429,519.1578,734.2258
0.6540821538521693,649.87604,195.24748,651.3903,183.13309,642.3045,183.13309,593.8469,184.64738,612.0185,187.67598,601.4184,254.3052,578.70386,269.4482,601.4184,340.62033,565.0752,360.30624,622.6186,419.36398,610.5042,422.39258,584.7611,449.65,566.5895,452.6786,584.7611,573.82263,563.56085,617.73737,575.6753,678.3094,524.1891,728.2813,631.7044,140.73267,599.9041,230.0764,572.64667,445.1071,625.6472,684.3666,590.8183,705.5668,615.0471,681.33795,586.2754,740.3957,568.10376,690.42377,515.1033,737.36707
0.6538341297553136,648.1746,195.67299,649.6928,183.52736,640.5836,183.52736,590.4829,185.04556,607.18317,186.56377,601.11035,254.8829,576.8191,268.54672,596.5557,336.86584,561.6371,356.60248,626.9198,417.3306,610.21954,417.3306,581.3737,453.7675,567.7099,456.8039,579.8555,581.2965,561.6371,617.7334,575.3009,676.9433,522.1638,727.044,628.438,137.98128,598.0739,230.59164,572.26447,447.69467,622.3652,683.0161,593.51935,702.75275,614.7742,681.4979,590.4829,742.226,569.2281,690.6071,513.05457,733.1168
0.6513350617427093,645.837,198.10326,648.8479,186.05971,638.30975,186.05971,593.1465,189.0706,606.69543,190.57603,602.17914,259.82645,575.0811,270.36456,596.15735,344.13132,558.52124,362.19662,623.2553,417.89807,611.2118,417.89807,588.6301,451.01782,566.04846,454.02872,578.09204,581.99146,558.52124,615.1112,573.5757,678.33984,520.88513,726.51404,630.78253,145.41272,597.6628,234.23392,575.0811,446.5015,620.24445,684.36163,590.13556,703.9324,612.7172,681.3507,585.61926,743.0739,566.04846,691.88885,508.8416,734.04126
0.643960809478393,645.2093,200.87915,646.7094,188.87782,637.70844,188.87782,594.2036,191.87816,606.20496,193.37833,601.70447,260.8858,576.2016,272.88715,597.2039,343.395,558.1996,365.89746,627.2073,412.40265,615.20593,415.40295,588.20294,448.40665,565.70044,452.90714,577.7018,577.42096,556.69946,610.4246,571.7011,676.43195,522.1956,725.93744,631.70776,149.87349,597.2039,238.38332,574.7014,446.90646,616.7061,683.9328,589.7031,695.9341,610.70544,680.93243,586.70276,727.4376,562.70013,689.9335,511.69446,730.4379
0.6483671825665694,645.3289,204.72794,646.8171,191.33452,636.39996,191.33452,593.2434,194.31084,605.1487,195.799,600.6842,262.76605,572.4092,273.18317,591.75525,347.591,557.52765,369.91336,624.4947,396.7002,618.54205,410.0936,590.2671,448.78568,564.96844,451.762,575.3855,578.2554,553.0632,610.9948,566.45654,676.4737,520.3237,721.1184,633.42365,155.61876,597.7079,240.44371,575.3855,448.78568,612.5894,685.40265,590.2671,700.28424,608.12494,682.42633,585.8026,727.07104,559.0158,689.8671,511.39478,728.5592
0.6779584689782217,643.317,209.63231,646.2549,197.88095,635.9724,196.41202,590.43585,199.34987,605.12506,199.34987,600.7183,268.38916,571.3399,277.2027,588.9669,352.11768,549.3061,380.0272,628.6278,387.3718,624.22107,406.46777,587.49805,452.00433,565.46423,454.94217,572.80884,579.8005,547.83716,607.70996,568.40204,676.74927,515.5209,717.8791,631.5657,161.15791,596.3115,243.41751,575.74664,449.0665,613.9386,681.15607,584.5602,697.3142,606.594,678.2182,580.15344,728.16156,559.5885,689.9696,506.70734,726.6926
0.675272171313946,641.62994,209.77792,644.5657,199.50287,634.2906,198.035,590.25464,199.50287,603.4654,199.50287,599.0618,268.49255,569.70447,280.23547,588.78674,350.69305,547.6865,385.9218,634.2906,381.51822,628.4191,403.53622,588.78674,451.9758,565.3009,453.44366,572.6402,576.7444,547.6865,606.1017,566.76874,676.55927,516.8613,716.19165,631.35486,162.80621,594.6582,245.0067,575.5759,449.04007,612.2726,682.4307,587.3189,695.64154,604.9333,679.495,581.44745,717.6595,557.96155,689.7701,508.05414,724.99884
0.670744871863952,641.85535,208.95973,644.79645,197.19537,635.97314,197.19537,590.3862,198.66591,605.09174,198.66591,597.73895,264.84042,569.79865,279.5459,606.56226,341.30878,549.211,386.89566,644.79645,375.13132,633.03204,400.13058,587.4452,451.59964,565.387,456.0113,572.73975,578.0665,550.6815,608.94794,566.85754,676.593,518.3295,717.76825,631.5615,158.9612,594.7979,242.78226,574.21027,450.1291,612.44446,681.00464,587.4452,695.7101,606.56226,678.06354,581.563,726.59155,559.5048,691.29846,508.03574,726.59155
0.6640191261584942,643.00806,208.54816,645.9511,195.30435,635.6504,195.30435,590.0328,196.77588,604.7481,196.77588,597.39044,265.93802,569.4313,283.59644,604.7481,343.92935,556.1875,392.49,647.4226,366.00238,637.1219,395.43307,588.5613,451.35138,566.4882,455.766,572.3744,580.84644,550.30133,611.74866,565.0167,677.9677,517.9276,719.1707,631.2358,158.51598,592.9758,243.86499,573.8459,449.87985,610.6343,683.8539,588.5613,698.5692,606.21967,680.9108,582.6751,727.99994,556.1875,692.6831,507.62683,727.99994
0.6636112595979984,640.866,208.26236,643.81824,194.97734,634.96155,194.97734,589.2021,194.97734,602.48706,194.97734,595.1065,262.87854,568.5365,277.63965,598.0587,338.16028,553.7753,385.3959,645.2944,354.39752,636.4377,388.3481,589.2021,450.34488,565.5842,453.2971,572.96484,577.2906,552.29926,603.8606,564.10815,677.66626,519.82477,717.5213,630.5332,156.5984,592.1543,240.73685,574.4409,448.86874,611.34375,683.5707,589.2021,696.8557,605.4393,680.61847,583.2976,726.378,556.7276,692.42737,509.49197,726.378
0.6632990630773398,639.4332,207.86772,642.39246,196.03062,633.51465,194.551,589.12555,196.03062,602.44226,197.51027,596.5237,267.05325,566.93097,283.32925,598.00336,343.99442,558.0531,391.3428,645.35175,357.31113,636.47394,389.86316,589.12555,452.00797,565.4513,456.44687,572.8495,582.21606,552.1346,611.80884,566.93097,678.3925,519.5825,718.3428,627.5961,154.60077,590.60516,243.37903,574.32916,449.04868,614.27936,684.3111,589.12555,699.1075,609.84045,681.3518,584.6866,728.7002,558.0531,691.7093,509.22507,727.2206
0.6631180758659656,639.6989,207.28362,642.6596,195.4408,632.2972,193.96045,587.8866,196.92116,601.2098,198.4015,596.76874,266.49768,567.1617,284.26193,598.2491,349.3974,558.2796,393.80795,644.14,364.20093,638.21857,392.3276,587.8866,451.5417,564.201,455.98273,573.08307,584.7734,550.8778,615.8608,567.1617,678.0355,519.7904,720.96576,627.85614,153.99095,590.8473,244.29242,574.5634,448.581,614.53296,683.9569,589.36694,700.2408,610.0919,680.9962,584.9259,731.3282,558.2796,691.3587,510.90833,728.3675
0.6575328753544734,639.6782,207.58257,641.15845,195.74109,632.27734,195.74109,587.87177,197.22128,599.71326,198.70146,595.2727,266.78998,568.6294,284.5522,602.67365,343.75958,561.22845,392.60568,647.07916,361.5218,639.6782,392.60568,589.3519,450.3329,565.669,456.25363,573.06995,585.0297,552.34735,614.6334,565.669,678.2814,519.78326,719.72656,627.83673,155.7761,590.83215,244.58719,576.0303,448.85272,611.55475,684.2021,587.87177,699.00397,608.59436,679.76154,584.9114,728.60767,556.7879,690.12286,510.90216,727.1275
0.6588338510348246,638.64325,208.91322,641.5959,195.62622,631.2616,195.62622,586.9716,197.10255,598.7823,198.57889,592.87695,265.01385,567.7793,284.20618,603.21124,340.30682,558.92126,394.93115,647.5012,362.4518,640.11957,393.4548,588.44794,449.55545,566.3029,455.4608,573.68463,579.4727,551.5396,614.9047,567.7793,675.4343,519.0603,721.2007,628.3089,157.24158,589.92426,244.3452,575.16095,449.55545,615.0219,682.816,586.9716,700.532,609.1166,678.387,582.5426,731.535,558.92126,688.7213,508.72598,728.58234
0.6524362896497433,638.082,209.69427,641.03,196.42822,630.712,196.42822,586.49176,197.90222,598.2838,199.37622,592.3878,265.70648,570.2777,284.86856,602.7059,337.9328,561.43365,393.945,646.926,365.9389,641.03,392.471,587.96576,449.95724,567.3297,454.37924,573.2257,581.14374,551.11566,613.5719,568.8037,676.95416,517.2135,721.1743,627.764,158.10406,590.9138,245.07042,574.6997,448.48325,613.02386,682.85016,585.01776,703.48627,608.60187,679.90216,582.06976,737.38837,559.95966,690.2202,506.89545,728.5444
0.6577266832956901,638.5395,210.5553,640.01105,197.31116,631.18164,197.31116,588.50604,197.31116,598.80707,198.78273,594.39233,266.47507,567.90405,284.1339,604.69336,344.46838,562.01776,393.03027,648.8405,366.542,642.9542,390.08713,585.56287,453.36475,566.43243,457.77948,572.3187,584.3347,550.2452,616.7093,564.9609,675.5722,517.87054,719.71936,625.29535,157.5787,589.9776,244.40147,575.2619,451.8932,612.0512,682.93005,588.50604,697.64575,607.6365,679.9869,584.0913,734.43506,556.1315,688.81635,507.56955,728.54877
0.6589552301626939,638.32654,208.80447,641.27167,197.02412,630.96387,197.02412,588.26013,197.02412,598.56793,198.49667,592.67773,266.23364,567.64453,282.4316,604.45807,344.2784,561.75433,392.8723,648.63434,366.36655,641.27167,389.92722,586.78754,451.77402,566.17194,456.19165,573.53467,584.30286,549.974,616.6988,566.17194,677.07306,517.57806,719.7768,626.5462,158.738,589.73267,244.1455,575.0072,450.30148,614.76587,682.96326,588.26013,700.6337,608.87573,680.0181,585.315,733.02966,557.33673,690.3259,507.27026,728.61206
0.6533526583359792,638.7039,208.6912,641.6494,195.43648,631.34015,195.43648,585.685,196.90923,600.4125,198.38197,593.0487,266.12836,569.4848,282.32855,603.358,339.76572,560.6483,388.36636,649.0131,364.80243,640.17664,389.8391,587.1577,451.69452,566.5393,454.64,572.4303,582.76904,551.8118,612.22394,568.012,677.02484,517.9386,719.7345,625.44916,152.7268,590.1032,242.56439,575.3758,448.74902,615.13995,682.91583,590.1032,700.5888,609.24896,678.4976,585.685,732.98926,559.17554,690.2796,507.6294,728.571
0.66463579925207,637.5736,207.85535,640.522,194.58777,630.20276,194.58777,585.97754,196.06195,594.8226,197.53612,594.8226,266.82233,566.81323,285.98657,602.1934,344.95355,562.39075,395.0755,649.367,365.592,641.99615,395.0755,587.4517,455.51666,566.81323,458.465,572.70996,579.3473,552.07153,613.2533,568.2874,675.16864,519.63965,720.86804,622.8319,150.36253,590.4,243.23553,575.6583,449.61996,615.461,682.53955,587.4517,701.7038,609.56433,678.117,584.50336,735.6098,559.4424,688.4362,509.32043,728.23895
0.6742922743925681,638.04785,206.25104,639.52704,194.41719,630.6517,194.41719,587.75397,197.37566,596.6294,198.85487,598.1086,266.89948,567.0448,284.65024,602.54626,342.3402,559.6486,392.63403,646.9232,364.52866,638.04785,395.5925,590.71246,451.80325,567.0448,456.24094,575.92017,579.017,552.25244,611.5601,567.0448,676.64624,521.18866,718.0647,624.73474,155.9572,590.71246,244.71101,577.39935,450.324,612.9009,684.04236,589.2332,700.3139,609.94244,679.6047,583.3163,726.94006,558.1694,689.9593,510.834,726.94006
0.6752978139198743,639.01013,204.31471,640.4916,190.98149,630.1213,190.98149,630.1213,196.90736,594.56604,196.90736,599.01044,265.05496,564.93665,282.83258,606.4178,336.16547,557.5293,395.42422,647.8989,361.35043,641.973,399.86865,590.12164,457.64594,566.41815,462.09033,573.82544,580.60785,554.56635,610.23724,564.93665,678.3848,521.97406,716.903,622.7139,150.98183,590.12164,241.35144,576.7884,453.20154,613.82513,685.7922,593.0846,697.6439,607.89923,681.3478,587.1587,725.7919,556.04785,691.7181,510.12228,725.7919
0.6694321964795773,638.0936,201.03703,639.57697,187.68718,629.1937,189.1705,627.7104,193.62045,592.1108,196.58708,598.04407,266.30298,565.4111,285.5861,606.944,337.5022,556.51117,393.86826,648.47687,365.6852,641.06024,407.2181,587.6608,459.1342,565.4111,463.58414,575.7943,579.2829,553.54456,611.91583,565.4111,677.1818,520.91156,720.198,618.8105,144.67099,590.6275,241.0866,574.311,454.68423,615.8439,686.0817,592.1108,699.4316,609.9106,683.11505,586.17755,727.61456,557.9945,690.5317,507.56174,727.61456
0.6845818471450072,636.618,200.2931,639.57874,186.9699,624.77515,186.9699,633.6573,191.41096,584.8055,194.37167,599.6091,265.42883,564.0805,284.67346,609.97156,336.48596,549.2769,397.1806,651.4216,361.65204,638.0983,409.02347,586.2858,466.7574,564.0805,472.67883,572.96265,585.186,552.2376,616.2735,567.0412,679.92883,519.6698,721.37885,612.93225,141.07881,590.7269,238.7824,574.443,457.87524,615.893,687.3306,593.6876,699.17346,609.97156,684.3699,587.7662,727.30023,559.6394,693.252,506.34656,728.78064
0.6911102602115045,633.72107,199.08784,635.2039,184.25902,621.858,187.22478,632.23816,190.19055,581.8201,194.63919,607.0291,265.8176,562.5426,283.6122,621.858,345.8933,535.8507,391.8627,667.82733,377.03387,627.7895,428.93478,592.2003,464.524,565.5084,470.4555,575.8886,583.15466,553.6453,614.2952,568.4742,678.0592,521.0219,721.0628,608.512,139.7725,592.2003,240.60858,578.8544,460.07535,618.8922,685.47363,596.6489,706.234,611.4778,682.5079,584.7859,728.47723,559.57684,692.88806,507.67593,728.47723
0.7176509958047134,628.0419,200.64748,632.4998,185.78766,613.18207,188.75961,635.47174,190.2456,574.5465,196.18953,608.7241,269.00262,556.7147,285.34842,629.52783,349.2456,534.42505,393.82504,669.64935,387.88113,620.61194,442.86243,590.89233,472.58206,564.14465,477.04,576.03253,581.0587,552.25684,610.7783,568.6026,673.1895,522.5372,716.283,602.78015,138.23625,592.3783,242.25494,579.00446,465.15216,614.668,685.0774,590.89233,707.3671,607.2381,680.61945,571.5746,723.7129,559.6867,688.0494,507.67737,726.6849
0.719878212763713,623.0265,199.69707,628.97656,184.82184,606.6637,187.79689,634.92664,189.28441,572.4507,195.2345,614.1013,269.61066,554.6004,285.9734,633.43915,354.39944,527.825,396.05008,672.11475,399.02515,611.1263,454.06348,593.276,479.35138,563.5256,482.32642,575.4257,583.47797,550.1379,613.2284,569.47565,671.2418,521.87494,718.8425,599.2261,137.22112,593.276,244.32275,579.8883,470.42624,612.61383,683.14197,591.7885,706.9424,606.6637,678.67944,573.93823,723.3051,559.063,687.60455,506.9997,727.7677
0.7302184059069707,619.3967,199.52032,625.3463,183.1588,601.5477,187.62103,634.2708,187.62103,568.8247,195.05809,619.3967,270.91608,552.4632,285.7902,641.7079,351.2363,525.68976,397.34607,672.9435,404.7831,601.5477,468.74182,592.6233,482.1285,562.87506,486.59076,573.2869,583.27246,549.48834,615.99554,568.8247,672.5172,521.22754,720.1144,595.59814,135.56163,591.13586,242.65526,577.74915,471.7166,614.93445,684.4165,595.59814,703.7528,607.49744,678.4668,579.2366,723.0892,558.41284,690.3661,507.84082,729.0388
0.734064865570802,613.97797,196.12961,622.8777,181.29678,597.66187,184.26335,633.2607,185.74663,566.51294,191.67976,628.8108,271.77704,544.2637,282.16,649.5768,353.35757,522.01447,399.33936,671.826,409.72232,585.7956,476.47006,597.66187,482.4032,560.57983,485.36975,573.9293,587.71625,550.19684,614.41534,566.51294,672.26337,523.49774,716.7619,594.6953,133.83173,591.72876,242.11137,579.8625,470.53693,611.0114,685.6129,596.1786,706.3789,606.5616,679.6798,585.7956,724.1783,559.0965,688.5795,511.63147,727.14484
0.7619422903427711,607.5278,198.12935,617.9357,183.26079,591.1723,184.74763,631.31744,186.2345,564.4089,190.69507,638.7518,275.4459,534.67175,282.8802,662.54144,358.70987,518.31635,401.8287,671.4626,418.18414,554.0009,491.04013,604.554,474.6847,558.4615,480.6321,583.73804,577.27783,551.02716,604.04126,573.33,663.5155,528.72437,712.5818,592.6592,134.19452,591.1723,242.73505,585.2249,459.81613,610.50146,682.8446,594.14606,706.63434,607.5278,675.41034,585.2249,715.5555,564.4089,679.8709,524.2638,722.98975
0.7726962623687891,606.12634,198.01402,616.5342,184.63258,589.7713,186.11942,629.9156,187.60625,563.0084,190.5799,644.7839,279.78946,530.2982,279.78946,664.1126,367.5122,515.43,394.2751,671.54675,426.98526,534.7587,483.48465,607.6132,471.59003,554.08746,473.07687,588.2845,574.181,552.60065,597.9703,574.903,655.9565,533.2719,705.0217,592.74493,135.56732,592.74493,244.10564,583.824,456.72177,604.6395,684.2062,589.7713,705.0217,606.12634,676.77203,579.3635,712.4559,565.98206,670.82477,531.78503,713.9427
0.7809956062298554,603.1408,198.21765,613.56885,184.81015,586.7539,186.29988,628.46606,187.7896,561.4286,192.25876,649.3222,281.64206,527.16504,280.15234,665.7091,371.02536,513.7575,391.88144,670.1783,435.08337,519.71643,484.24417,609.09973,470.8367,552.4903,470.8367,589.73334,572.13776,552.4903,594.4836,574.8361,649.6033,537.5931,697.27435,591.223,135.64934,592.71277,244.39902,583.7744,455.93948,600.1614,682.37714,586.7539,704.72296,604.63055,674.9285,561.4286,709.19214,564.4081,663.01074,539.08276,704.72296
0.7978896613304431,602.193,196.45573,612.6357,183.0294,585.783,184.52122,627.55383,186.01303,560.4222,190.48848,649.931,281.48914,526.1105,278.50552,664.8492,370.998,511.19232,385.91614,670.81647,438.12964,505.22507,475.425,611.14386,467.9659,551.4713,467.9659,591.7503,572.39294,551.4713,593.2783,576.83215,648.47546,541.0286,700.68896,591.7503,133.79953,593.2421,242.70198,582.7994,453.0478,602.193,682.7872,576.83215,714.1153,606.66846,676.81995,542.52045,717.0989,566.38947,658.91815,539.5368,711.13165
0.8022350921080663,598.8891,199.34132,610.8098,184.44048,582.49817,185.93056,625.71063,187.42064,560.1469,191.8909,649.552,275.3356,525.875,275.3356,664.4528,373.68115,507.994,382.62164,668.9231,451.16553,494.58325,472.0267,609.3197,469.04654,548.22626,467.55646,589.9486,573.3524,551.2064,594.21356,576.53784,646.3665,546.7362,702.98975,589.9486,136.75778,592.9288,242.55376,581.0081,452.6556,601.86926,682.12854,579.518,714.9104,606.33954,676.1682,551.2064,716.4005,564.6172,656.7971,543.75604,710.4401
0.8018502570115603,596.3278,199.21864,609.753,184.30179,581.41095,185.79347,624.66986,187.28517,559.0357,191.76022,650.0285,272.31125,526.2186,273.80292,664.9454,372.25418,505.33502,379.7126,670.9121,454.29688,484.45142,467.72205,611.2447,466.23035,547.1022,463.24698,590.3611,575.1234,551.5773,594.5153,575.4442,648.216,548.5939,704.9,588.8694,135.07617,591.8528,242.47752,581.41095,451.3135,597.8195,684.0164,575.4442,719.8169,605.27795,678.0497,550.0856,722.8003,566.49414,657.1661,547.1022,713.85016
0.8118756436384641,593.415,202.79759,606.8262,186.40613,578.5136,187.89626,624.70776,187.89626,557.6518,192.36665,651.53015,275.81412,524.86884,272.83383,664.94135,374.1629,499.5366,375.653,669.41174,456.1202,469.73392,457.61035,611.2966,465.061,547.2208,462.08075,591.9248,578.3111,551.6912,600.6631,582.984,646.85724,556.1616,709.4428,588.9446,135.74161,591.9248,244.52132,581.4939,450.15967,596.3952,684.1106,572.5531,718.3836,608.3163,679.64014,550.2011,719.8738,575.5334,654.3079,556.1616,718.3836
0.8010664673951956,594.45996,203.93416,607.82416,187.6001,579.6108,189.085,624.1582,190.56993,557.3371,193.53975,652.3716,272.24023,524.66895,272.24023,665.73584,371.7295,497.9405,373.21442,670.19055,456.36963,463.78748,453.3998,613.76385,462.3093,548.4276,460.82437,597.42975,575.1628,554.36725,595.9516,587.03534,644.9538,557.3371,707.3202,588.52026,137.113,590.0052,244.02686,581.0957,448.94507,600.3996,679.1068,575.15607,713.2598,612.27893,674.65204,555.8522,714.74475,584.06555,653.8633,557.3371,717.7146
0.8093553002064044,593.1627,204.58496,606.47705,189.7913,579.84845,189.7913,622.75006,189.7913,557.65796,194.2294,650.85803,271.15643,525.11194,274.11517,665.6517,373.23267,495.5246,371.7533,668.6104,459.0359,461.49918,451.63907,613.87384,463.474,548.7818,460.51526,600.5596,575.90576,554.6992,596.6169,590.20404,642.47723,557.65796,710.5281,588.7247,138.0135,590.20404,244.52785,582.8072,450.1597,599.0802,676.5027,576.8897,716.44556,612.39453,673.54395,554.6992,717.9249,585.7659,652.8328,554.6992,720.88367
0.8163774724190052,592.31305,206.91727,605.5977,190.68047,577.5523,192.15654,621.8345,193.63261,556.8873,196.58476,651.3559,273.34048,522.9377,274.81656,664.64056,375.18942,493.41626,373.71335,669.0688,457.8494,457.99054,453.4212,614.4541,463.7537,548.0309,462.27762,605.5977,572.983,553.9352,595.1241,593.7891,642.35834,558.3634,707.3055,587.8848,139.01797,589.3609,246.7712,581.9805,451.94513,598.21735,677.78406,573.12415,714.68585,612.978,674.8319,553.9352,716.1619,590.837,649.7387,556.8873,719.1141
0.8231501097862537,591.4195,208.9703,604.6878,192.7535,576.67694,194.22775,622.37885,195.70201,556.0374,198.65051,651.86395,276.78604,523.60376,276.78604,663.658,378.50964,492.6444,374.08688,669.55505,462.54218,455.78806,452.22238,615.00757,466.96494,548.66614,464.01642,606.16205,573.1113,553.08887,598.17365,595.8423,642.4013,557.51166,707.2685,586.99677,141.15457,588.471,248.77519,582.574,453.69666,595.8423,677.78345,572.2542,713.1655,612.0591,674.8349,553.08887,714.6398,594.36804,648.29834,557.51166,719.06256
0.8054916216776922,591.59644,212.58966,604.8121,196.43726,576.9125,197.90565,622.43286,197.90565,554.8864,200.84245,651.80084,280.13608,524.05005,280.13608,663.5481,379.9873,493.21362,374.1137,669.4217,462.2177,455.03522,451.9389,613.62244,468.0913,549.0128,465.1545,606.28046,573.81616,553.418,604.6525,596.00165,641.36255,557.82324,711.84576,587.1912,143.57484,588.65967,252.23647,581.3176,454.87573,597.47003,675.1358,573.97565,708.909,613.62244,672.199,554.8864,713.3142,594.53326,648.7046,556.35486,720.6562
0.8043920604082254,590.88214,215.86871,603.97815,199.8625,576.33105,201.31761,621.43945,202.77272,554.5044,205.68295,650.5416,282.80377,523.9471,284.25888,663.63763,378.841,493.38977,375.9308,669.45807,463.23737,455.55692,450.1414,614.1639,467.6027,548.68396,466.14758,605.4332,575.2808,553.04926,604.383,595.24744,642.2159,557.4146,712.06116,586.5168,148.93367,587.9719,255.15668,582.1515,455.96182,596.7026,677.1385,574.8759,707.6958,612.7088,675.6834,554.5044,712.06116,595.24744,649.4914,557.4146,720.7918
0.8096864636127765,588.7289,222.83804,601.6594,207.03407,574.36163,208.4708,620.33685,208.4708,552.8107,212.78098,650.50806,286.05396,525.513,288.9274,663.4386,379.4411,495.34177,378.00436,669.1855,462.77115,457.9869,452.71408,611.7165,472.82822,548.5006,469.95477,604.53284,574.8357,552.8107,605.00696,595.91254,642.3618,558.5577,709.8879,584.4187,155.31197,587.2922,260.1929,581.5453,459.8977,597.34924,676.8432,574.36163,711.3246,613.1532,673.9697,554.2475,712.7613,594.47577,649.5454,558.5577,719.94495
0.813133750970547,587.2607,224.76978,601.61926,208.97536,572.90216,210.41121,620.2854,210.41121,552.8002,213.28293,650.4384,287.94748,525.51886,289.38333,663.36115,384.14987,496.80173,379.84232,670.5404,467.4296,459.46945,453.071,610.23444,476.0447,547.0567,473.173,604.49097,576.5547,552.8002,608.14355,595.87585,641.1683,558.5436,708.6535,584.389,157.28452,587.2607,263.5379,580.0814,463.122,597.3117,677.0647,572.90216,710.08936,613.10614,674.193,554.236,711.52527,594.44,648.34753,558.5436,718.7045
0.8052700184858762,586.41016,227.61227,599.3333,210.38141,572.0511,211.8173,619.436,213.25322,551.9484,216.12503,651.0259,292.22803,526.1021,289.3562,663.94904,389.8696,498.81992,382.69006,669.6927,473.15213,462.92227,455.92126,609.38464,476.02393,546.2048,474.58804,605.0769,576.53735,553.38434,608.12726,596.4615,641.1531,559.1279,708.6406,583.5383,160.12471,586.41016,264.94583,579.23065,463.1008,599.3333,678.48663,574.9229,711.51245,613.6924,675.6148,556.2561,712.94836,593.58966,648.3326,559.1279,720.12787
0.792923276241009,585.7419,227.29082,598.68365,211.47305,571.36206,212.91104,618.81537,214.34901,551.2304,217.22498,649.0129,291.99982,525.3468,291.99982,663.39264,389.78232,499.4632,384.0304,669.1446,474.623,464.95172,458.80524,608.7495,477.49896,545.47845,476.06097,604.43555,576.7194,552.6684,611.2309,597.24567,641.4284,561.29626,709.01337,582.8659,161.14383,585.7419,266.1162,578.55194,464.55716,600.12164,678.81586,574.23804,709.01337,614.5014,675.9399,554.1063,713.32733,595.8077,650.0563,561.29626,719.0792
0.7821129801181647,583.3787,228.01994,597.77844,212.18027,570.419,213.62024,617.93805,215.06021,551.6994,216.50018,648.1774,292.8186,525.7799,292.8186,662.5771,392.17654,499.86044,384.9767,668.337,475.69482,468.18112,459.85516,609.2982,475.69482,544.4995,472.81488,604.9783,575.0528,551.6994,609.61206,597.77844,642.7314,560.33923,710.41,581.9388,161.78131,584.8187,265.45917,577.61884,462.7351,599.2184,680.1706,573.29895,710.41,613.6181,677.29065,554.57935,714.7299,596.33844,651.3712,560.33923,721.92975
0.784745909846746,582.5038,227.88934,596.9141,212.03792,569.5344,213.47896,617.0887,214.92,550.8009,216.36104,647.35046,292.73602,524.86224,292.73602,661.7608,392.1676,501.80566,384.9624,667.52496,475.74777,470.10284,459.89636,608.44244,474.30673,545.0368,472.8657,604.1193,576.62036,552.24194,608.32324,598.35516,642.90814,559.44714,709.19586,581.06274,161.60161,583.9448,265.35632,576.7396,462.77844,599.7962,678.934,573.85754,709.19586,614.2066,677.493,555.124,713.5189,595.4731,651.5543,560.8882,720.7241
0.7877984482508439,579.77466,226.75272,594.1848,210.90155,566.80554,212.34258,615.80005,213.78358,548.0723,215.22461,647.5024,291.5984,520.69305,293.0394,659.0305,393.91046,500.51886,388.1464,663.3535,483.2534,473.13956,464.5202,607.15393,476.0483,543.7493,474.6073,602.83093,576.9194,550.9544,605.7397,597.06683,643.20605,559.60046,706.6107,579.77466,160.46603,581.2157,265.66013,576.89264,464.5202,599.9489,679.23145,571.1286,708.05176,614.359,677.7904,553.8364,712.37476,595.62585,651.8522,561.0415,718.13885
0.7875263874347394,578.99493,227.12366,593.39453,211.2841,564.59534,211.2841,614.9939,212.72408,545.87585,215.60399,645.23303,289.0419,519.9566,293.3618,659.6326,389.83905,499.79718,391.27902,659.6326,480.5565,473.8779,466.1569,607.7941,477.67657,542.996,476.23663,600.5943,578.47375,551.6357,604.393,596.2744,640.39197,560.27545,706.6301,577.555,159.44557,580.4349,264.5626,576.115,464.71695,599.15436,677.83093,571.7951,708.07007,613.55396,674.951,553.0757,712.38995,594.8345,649.03174,560.27545,718.1498
0.7764824881003454,577.5159,225.23346,593.3198,210.8663,564.5855,210.8663,613.43384,212.30302,544.4715,215.17645,643.6049,287.01227,518.6106,291.32242,657.97205,387.5824,499.9333,390.4558,659.40875,478.0955,472.63568,468.03848,609.1237,476.65878,543.0348,475.22208,600.5034,578.66565,550.2183,605.96326,596.19324,641.8811,558.8386,709.4068,577.5159,159.14453,578.9527,264.0248,576.0792,465.16504,599.0667,677.799,571.7691,709.4068,613.43384,674.9256,553.0918,715.1536,594.75653,650.5014,560.2754,720.9005
0.7622434611503894,575.32336,225.75183,591.1655,209.90965,562.3616,209.90965,611.3283,212.79005,542.1988,214.23026,643.01263,287.68033,516.2752,292.00095,658.8548,387.054,497.55267,392.8148,655.9744,477.78644,470.1889,472.02567,608.4479,476.34625,542.1988,474.90607,601.2469,578.6003,549.3998,604.52386,595.4861,641.969,558.04095,708.2181,576.76355,158.06253,576.76355,263.197,575.32336,464.82468,601.2469,677.97394,571.00275,708.2181,614.2087,675.09357,552.28015,713.9789,594.0459,650.61017,559.48114,718.2995
0.789351646716778,573.3825,224.0175,587.8014,208.15672,558.9636,208.15672,607.98785,209.5986,538.77716,212.48239,641.1513,287.46063,511.3813,293.22818,657.0121,391.27667,494.0786,394.16046,651.24457,486.44138,468.1246,476.34814,606.54596,480.67383,538.77716,480.67383,602.22034,581.6061,547.4285,611.88574,596.45276,645.0492,557.5217,708.4924,571.9406,156.2487,574.8244,262.94852,573.3825,467.6968,602.22034,679.65454,571.9406,714.2599,615.1973,676.77075,551.7542,717.1437,595.01086,653.70056,560.4055,720.02747
0.7966199402625744,571.7341,221.98425,586.3478,205.90921,557.1204,205.90921,606.8069,207.37057,538.1226,208.83194,641.8797,284.82303,508.8953,293.59122,655.032,391.5028,489.89752,395.88693,649.1865,486.49167,465.0543,482.10757,606.8069,479.18484,538.1226,479.18484,603.88416,581.4805,548.35223,612.16925,598.0387,642.858,558.5818,708.61945,570.2727,151.83864,573.19543,261.44116,573.19543,467.4939,602.4228,679.39215,570.2727,714.4649,615.5751,676.46936,551.27496,717.38763,595.11597,650.1648,560.04315,718.84906
0.7833632620481344,571.65643,219.63432,586.41846,203.39615,556.8945,203.39615,605.609,203.39615,536.22766,207.82474,641.0378,283.11084,506.70374,290.49185,654.32355,392.34952,487.51315,395.3019,649.89496,485.35,465.37018,483.8738,607.0852,477.969,536.22766,477.969,605.609,587.2077,546.5611,612.30304,599.7042,643.3032,558.37067,709.7321,568.70404,148.77681,571.65643,258.01547,571.65643,469.11182,599.7042,678.73193,570.18024,714.1607,615.9424,675.77954,548.0373,717.1131,598.228,649.208,559.84686,720.0655
0.7880115554882929,569.1352,217.49112,583.8754,201.27682,554.3949,202.75085,604.5118,202.75085,535.23254,205.6989,639.8884,282.34827,504.278,291.19244,653.15466,389.9522,485.11566,398.79636,650.2066,484.28992,463.00528,488.71198,607.45984,479.86783,535.23254,481.34186,607.45984,593.36786,547.0248,615.4783,601.5638,646.4328,557.34296,709.8159,566.18713,146.73785,570.6092,257.28983,572.08325,469.54965,601.5638,681.80945,567.66113,714.23804,617.778,677.3874,545.5508,718.6601,600.0897,647.90686,560.291,718.6601
0.792382116501148,569.32196,215.38048,584.21277,199.00058,554.4311,199.00058,605.05994,199.00058,532.0949,203.46782,639.30884,282.3892,502.31323,289.83463,652.7106,389.60315,482.95514,398.53763,651.2215,481.92627,462.108,489.37167,608.0381,480.4372,535.07306,481.92627,611.01624,599.5638,546.9857,624.8782,605.05994,648.7035,557.4093,711.245,564.8547,143.90453,569.32196,255.58571,570.81104,468.52454,603.57086,679.97424,570.81104,712.7341,618.4617,676.9961,548.4748,717.2013,602.0818,650.19257,560.38745,718.69037
0.7831539213657379,566.25775,215.48332,582.64667,199.09442,551.3587,199.09442,603.50525,200.58432,530.5001,203.56412,639.2629,284.01877,499.2122,291.46826,652.672,394.27142,479.84348,401.72092,651.18207,486.64526,460.47476,494.0948,607.975,482.17557,534.9698,483.66547,613.9346,607.3273,546.88904,628.18585,606.48505,659.47375,555.8284,714.6001,564.7678,142.47818,567.7476,255.71065,570.7274,471.74628,602.0154,687.78186,572.21735,713.1102,618.40424,686.292,548.3789,719.0698,602.0154,659.47375,560.29816,720.5597
0.8061037407471583,568.15216,214.60194,583.1225,196.63753,553.18176,198.13457,604.081,198.13457,529.22925,201.12863,637.01575,281.96854,497.79147,290.95074,651.9861,391.25208,476.833,403.22836,651.9861,488.55936,458.86856,496.04453,608.5721,485.56528,533.72034,487.06232,616.05725,617.3044,545.6966,633.7717,608.5721,668.20355,556.17584,711.61755,565.1581,141.24724,566.6551,255.0219,571.1462,475.08603,607.0751,690.65906,572.64325,714.61163,623.5424,687.66504,545.6966,722.0968,604.081,672.69464,559.1699,717.6057
0.8056924664057218,565.71985,215.14151,582.20776,198.65364,549.232,200.15254,603.19226,198.65364,528.2475,203.15033,637.6669,285.58963,495.27176,293.0841,652.6559,399.50577,471.28943,407.00024,652.6559,495.43512,456.30045,504.4285,610.68677,490.93845,532.74414,492.43732,621.179,633.3336,546.23425,639.32916,615.1835,684.2961,556.7265,712.7751,562.7221,141.69559,565.71985,258.6095,570.21655,481.94507,610.68677,700.78394,574.71326,720.2696,627.1746,700.78394,544.73535,726.26514,610.68677,690.2916,561.2232,718.7707
0.7932059214665339,565.9467,216.17714,580.9289,199.69675,549.4664,201.19498,601.90393,199.69675,528.49133,204.1914,639.3594,285.09515,495.53052,292.58624,654.34155,398.95966,470.06082,407.94897,654.34155,496.34378,455.07867,503.83487,610.89325,490.35092,532.98596,493.34735,622.87897,634.1798,546.4699,641.6709,616.8861,691.11206,555.4592,710.58887,562.9503,142.7645,565.9467,258.12723,570.4414,482.85983,616.8861,704.596,570.4414,716.5817,633.3665,703.0978,540.47705,719.5782,609.395,697.1049,561.4521,716.5817
0.7986792440597827,562.98267,216.72092,579.54706,198.6507,547.9242,200.15656,602.1348,198.6507,526.8422,203.16826,638.2753,287.49597,493.7135,293.51938,656.3455,400.4349,468.114,410.97586,656.3455,496.80945,454.56134,507.3504,612.67584,493.79773,532.86566,498.31528,624.72266,638.35956,546.41833,648.9005,618.6992,703.1112,555.4534,710.64044,561.47687,141.42831,565.9944,258.8848,572.0178,486.26846,617.19336,716.6639,570.51196,715.158,636.7695,718.16974,541.90076,722.68726,611.17,709.1346,561.47687,716.6639
0.787844738134971,566.4738,218.08261,581.52094,201.53079,549.922,203.0355,602.58685,201.53079,527.3514,206.04492,638.6999,285.79456,492.743,291.81342,656.7565,400.15256,468.66763,407.67612,658.26117,497.9587,453.62054,505.48227,613.1198,490.43518,531.8655,494.9493,623.65283,640.9062,545.4079,646.92505,620.6434,711.62756,555.94086,713.1323,563.4644,142.84709,566.4738,258.70978,570.988,485.92105,617.634,719.1511,566.4738,716.1417,637.1952,725.17,539.38904,725.17,611.6151,716.1417,561.9597,719.1511
0.7790194325722181,566.6219,218.03621,581.7211,199.91707,550.01263,201.427,604.3701,201.427,527.3637,204.44685,639.09845,287.49292,494.1453,293.53265,657.2176,399.22766,468.4765,411.3071,661.7474,494.35318,454.88715,510.96237,613.4297,495.8631,533.40344,498.88297,623.99915,646.85596,545.48285,651.38574,622.48926,711.7829,554.5424,708.76306,563.602,141.02985,566.6219,258.8043,572.66156,489.8234,617.9595,719.3325,562.0921,713.29285,639.09845,725.37225,537.9332,719.3325,613.4297,716.3127,562.0921,714.80273
0.778500687617522,566.51056,218.63695,583.09656,202.05092,549.9245,203.55875,604.20605,202.05092,528.815,205.06656,640.3938,286.4889,492.62732,295.53583,659.9955,399.57547,466.99435,411.63806,661.5033,500.5995,456.4396,512.66205,613.253,499.09167,531.8307,503.61514,622.2999,649.8738,545.40106,649.8738,623.80774,708.67883,554.448,707.17096,565.00275,143.2459,568.0184,260.85596,571.034,493.0604,619.2843,713.2023,557.4636,711.69446,641.9016,717.7257,534.8463,717.7257,617.7765,713.2023,560.47925,713.2023
0.7778579019583188,570.7431,222.71805,585.74286,204.71837,554.2434,206.21834,608.24243,204.71837,530.24384,207.7183,644.2418,291.71683,492.74448,297.71674,663.74146,404.21484,467.2449,417.7146,663.74146,501.71313,459.74506,518.2128,615.7423,504.71307,534.7437,509.21298,620.24225,660.7103,545.2435,651.71045,626.2421,705.70953,554.2434,708.7095,567.74316,146.21939,570.7431,264.71732,573.74304,498.71317,624.7421,710.2095,554.2434,717.7093,647.24176,714.70935,537.74365,722.2092,615.7423,713.2094,560.2433,716.20935
0.7650660299337827,577.57275,223.40636,592.6259,205.34256,559.509,206.84789,610.6897,206.84789,532.41327,209.8585,646.81726,292.65088,493.2751,301.68277,666.38635,405.54953,467.68472,420.6027,666.38635,504.90036,461.66345,524.4695,616.71094,507.91098,535.4239,512.42694,619.72156,664.4638,544.4558,653.9266,625.74286,703.602,553.4877,708.118,571.55145,146.63525,571.55145,267.06052,576.06744,500.3844,625.74286,708.118,558.00366,715.64453,648.3226,711.1286,539.9399,720.16046,615.2056,709.6233,559.509,714.1392
0.7410164842238793,578.9318,227.81824,594.0781,211.15735,560.7563,211.15735,612.2536,212.67198,535.0077,214.1866,648.6047,294.46182,495.62738,302.03494,668.2948,409.57343,468.3641,423.20508,668.2948,509.5388,463.82022,529.22894,619.8267,509.5388,536.5223,514.08264,621.3414,670.0892,547.1247,661.0014,625.88525,701.89636,554.6978,707.95483,572.87335,150.5723,572.87335,270.22778,577.4172,503.48026,625.88525,710.9841,556.21246,715.52795,651.6339,712.4987,539.5515,720.07184,615.28284,709.4695,559.2417,714.01337
0.7327800267017804,580.177,230.48581,596.75165,213.91115,562.0955,213.91115,616.33984,215.41794,536.48016,216.92471,652.50275,298.29123,498.81046,305.82516,672.091,414.31384,470.18152,426.36816,672.091,515.2686,464.15436,534.8568,622.367,515.2686,537.98694,521.2958,622.367,674.98804,548.5344,670.4677,625.3806,702.1102,553.0548,706.6306,575.6566,153.63965,575.6566,274.18265,578.67017,507.73468,626.8874,712.6577,557.5752,714.16455,652.50275,714.16455,541.0005,718.6849,614.83307,709.64417,557.5752,712.6577
0.6993939784856943,581.6338,235.1201,598.20197,217.04575,563.55945,218.55194,617.78253,218.55194,537.9541,220.05814,653.9313,299.8866,500.29916,307.41757,675.01807,417.36996,471.6814,432.43195,673.51184,524.31,465.65662,540.8781,625.31354,521.2976,540.9665,525.81616,625.31354,679.4483,550.00366,677.9421,625.31354,702.04126,554.5223,706.5598,577.11523,155.29166,578.6214,277.29364,581.6338,512.2604,626.8197,712.5846,557.53467,715.59705,652.4251,715.59705,540.9665,721.6218,614.77014,711.0784,557.53467,714.0908
0.7062113170440381,584.418,242.3732,602.56177,222.71751,566.27435,224.22949,625.2414,224.22949,542.08276,225.74147,660.0168,308.9001,504.28336,314.948,679.6725,428.34613,475.55585,446.48984,676.6485,538.7203,469.50793,552.32806,628.2653,537.2083,543.5947,540.2323,626.75336,689.9178,552.66656,683.86993,623.7294,702.0136,555.6905,708.0615,581.3941,159.21457,584.418,284.7085,584.418,526.6245,628.2653,711.08545,560.22644,717.13336,655.48083,717.13336,543.5947,727.71716,616.1695,711.08545,558.7145,717.13336
0.7129058986902237,588.57117,242.31659,605.21063,222.6518,570.41907,222.6518,627.90076,224.16447,546.21625,225.67715,665.7177,311.8997,506.88666,313.41238,683.8698,438.9645,476.63315,446.5279,680.8445,546.36456,470.58243,553.9279,629.41345,543.3392,543.1909,546.36456,627.90076,693.0941,552.26697,684.01807,627.90076,700.65753,556.805,711.2463,585.54584,160.63206,587.05853,284.67154,585.54584,532.7504,632.4388,711.2463,561.343,718.80963,658.1543,718.80963,544.70355,729.3984,621.8501,712.7589,559.8303,721.835
0.6904407097743108,589.4839,242.94101,607.6635,223.24637,571.3042,223.24637,631.9031,224.76134,547.06464,226.27632,668.2624,311.11475,509.19034,311.11475,687.95703,441.40237,478.8909,447.46225,684.9271,550.48035,471.31604,556.5403,633.418,536.84564,542.5197,541.39056,631.9031,697.4327,551.60956,686.8279,630.3881,701.9776,554.6395,712.5824,587.9689,158.10257,589.4839,285.36023,586.4539,532.3007,627.35815,709.5524,557.66943,717.1273,659.1726,721.67224,542.5197,729.2471,624.32825,714.09735,557.66943,723.1872
0.6835454633602729,593.41907,242.0774,610.11127,223.86769,575.20935,223.86769,634.39087,225.38516,550.9298,226.90265,672.32776,310.36374,511.47546,313.39868,690.5374,443.9015,481.12598,448.45392,684.4675,556.1946,472.02112,556.1946,637.42584,541.01984,546.3774,544.0548,634.39087,698.83716,550.9298,692.7673,631.35596,703.3896,553.9647,709.45953,590.38416,157.09882,591.9016,286.08414,591.9016,534.94995,625.286,710.977,555.48224,714.0119,661.70544,726.15173,537.2725,726.15173,626.8035,717.0469,555.48224,723.11676
0.6894502261510262,595.2394,242.48639,613.56006,222.63899,576.9187,222.63899,639.51434,224.16571,552.49115,225.69244,677.6824,314.24234,511.26962,314.24234,692.9496,448.5939,482.2619,450.12064,686.8427,560.0447,473.10156,558.51794,641.041,547.8309,547.91095,549.3576,636.4609,702.02985,550.9644,700.5031,633.4074,702.02985,550.9644,703.5566,592.1859,155.46321,595.2394,286.76132,593.71265,537.1438,625.7738,712.7169,549.4377,712.7169,663.9419,727.98413,518.90326,724.93066,631.8807,718.8238,555.54456,720.3505
0.6798821882559702,597.6525,242.16838,615.9709,223.85,579.33417,223.85,640.3954,225.37654,553.3831,225.37654,681.61176,315.4419,513.6933,313.91534,696.8771,452.82968,481.63614,451.30316,689.2444,567.3195,472.47696,564.2665,643.4484,552.0542,548.8035,552.0542,635.8158,704.70734,548.8035,701.6543,632.76276,698.6012,551.85657,700.12775,594.5994,156.68263,597.6525,287.96432,596.126,539.842,626.6566,710.8135,550.3301,709.2869,663.29333,729.13184,512.16675,726.0788,634.28925,719.97266,557.9627,721.4992
0.6548716850005664,598.9445,247.42606,618.80865,226.03392,580.6084,227.56194,646.3128,227.56194,556.1603,229.08994,687.5691,317.71448,516.432,317.71448,704.3772,459.81934,481.2878,455.23532,692.1531,579.0041,470.59177,574.42004,644.7848,557.61194,550.0482,556.0839,637.1448,707.3569,546.99225,704.30084,637.1448,692.0768,551.57623,685.9647,597.4165,154.21748,602.00055,290.21033,598.9445,543.85986,635.61676,705.82886,551.57623,675.2687,669.233,728.74896,505.73596,727.22095,637.1448,722.63696,557.6883,722.63696
0.6570804560413728,598.6006,250.7144,618.4556,229.33205,580.2729,229.33205,647.47455,229.33205,555.8359,229.33205,690.2393,322.49805,516.1258,322.49805,707.03973,464.53802,480.9976,459.9561,693.29395,583.66833,468.7791,574.50446,645.94727,566.8679,551.25397,563.8133,636.7834,707.38055,545.1447,705.8533,633.72876,689.0528,548.19934,681.41626,600.1279,152.96646,601.6552,295.00644,600.1279,550.06744,632.2015,679.889,543.6174,673.7797,665.8023,728.76294,502.37997,725.7083,633.72876,721.12634,551.25397,718.0717
0.6483227043197706,599.4072,256.72736,619.27844,233.79904,581.0646,235.32759,648.3209,232.27048,556.6077,232.27048,691.1205,320.9266,515.33673,323.98373,709.46313,467.6678,480.18002,463.08212,695.7061,593.0092,464.89447,582.3093,649.8495,560.9096,552.02203,557.8525,637.6211,707.65076,544.3793,704.5936,636.0925,690.8367,545.90784,684.7225,600.9358,155.84279,602.46436,296.46976,602.46436,547.1526,631.50684,678.6082,542.8507,675.55115,660.5494,724.46484,496.9941,725.9934,633.0354,722.9363,548.96497,721.4078
0.6396719509592423,601.99786,259.50912,621.9037,238.07207,582.092,239.60329,649.46564,235.00963,556.0613,235.00963,690.80853,322.2891,514.7184,326.88275,710.71436,470.8173,477.96915,467.75485,696.9334,596.3772,461.12573,590.2523,649.46564,561.1592,552.99884,559.6279,637.2159,709.6874,545.3428,706.62494,635.68463,691.31274,545.3428,683.6567,600.4666,158.4487,601.99786,299.3208,603.52905,548.9094,632.6222,677.5318,540.7491,676.00055,663.2466,720.4059,494.81256,732.65564,632.6222,723.4683,548.4052,721.93713
0.6367919043852732,600.153,265.47275,621.5793,242.51604,581.78766,242.51604,650.6578,237.9247,554.23956,237.9247,691.97986,323.62976,514.44794,329.75156,713.4061,476.67453,474.6563,473.61362,698.1017,600.6408,457.82138,599.11035,652.18823,565.4405,554.23956,560.8491,638.4142,709.30255,545.0569,707.7721,635.35333,689.40674,546.58734,683.285,600.153,159.87187,603.2139,302.2035,604.7444,551.66644,624.6402,681.7545,540.4656,678.6936,650.6578,715.4244,493.02167,727.6679,630.76196,720.0157,549.64825,718.4852
0.6410584896802902,599.3151,270.20135,620.741,247.24504,579.4197,247.24504,651.3495,241.12337,551.8721,239.59294,695.7317,329.8878,513.6116,334.47903,715.62714,482.92987,470.7598,476.80817,698.7925,606.894,455.45557,608.4244,654.4103,568.6334,554.9329,562.5118,639.1061,709.4321,547.2808,706.37134,634.51483,692.59753,548.8113,688.0063,599.3151,160.01105,602.376,306.93146,606.9673,551.7988,623.8019,684.94543,541.1592,686.4758,651.3495,710.9626,504.42905,726.2668,632.98444,718.6147,554.9329,718.6147
0.6242511885670515,598.94763,288.09598,622.779,264.2646,578.09515,262.77512,652.56824,253.83836,548.30597,253.83836,695.7626,340.2271,511.06943,347.6744,716.61505,495.13104,466.3856,495.13104,698.7415,626.2036,444.04367,623.22473,657.0366,578.5409,555.75323,571.09357,640.6525,709.61346,552.77435,711.1029,634.6947,690.2504,554.2638,690.2504,598.94763,173.40746,601.9266,319.37463,606.39496,556.199,625.75793,687.27155,542.3481,700.6767,691.2942,708.12396,518.5167,723.0186,633.20526,714.08185,560.2216,715.5713
0.5926212800236849,600.6028,299.94437,622.6795,276.39584,578.526,276.39584,652.1152,261.678,546.1468,264.62158,694.7969,338.21072,509.3522,349.985,718.3454,504.52222,462.25516,505.994,697.7404,644.34155,437.23483,638.45447,663.8894,579.5831,554.9775,570.75244,652.1152,712.0436,554.9775,714.9872,656.5305,694.3822,556.4493,698.79755,599.131,177.78639,600.6028,330.8518,607.9617,563.3935,665.3612,694.3822,538.78784,691.43866,702.15576,709.10004,544.675,706.1565,635.92554,716.4589,559.3928,717.9307
0.5662974440134488,599.03864,310.17612,622.42004,285.33337,577.1185,286.7947,651.6468,270.72,543.5078,273.64267,695.48694,342.32556,508.4357,359.8616,718.86835,500.15002,458.7502,516.22473,699.8709,649.2065,430.98477,652.12915,666.26013,586.36896,555.1985,579.06226,650.1854,710.5827,555.1985,713.5054,658.9535,693.04663,556.65985,693.04663,597.5773,187.42374,600.49994,336.4802,609.268,567.3716,658.9535,700.35333,552.2758,698.89197,688.18024,712.044,544.9691,714.9667,629.72675,714.9667,563.9665,716.42804
0.5422779533725518,598.4465,322.57462,621.7302,296.38043,576.618,296.38043,652.2901,281.8281,540.2371,280.37286,694.4919,345.85834,505.31155,364.7764,717.7756,523.3968,454.3784,532.12823,700.3128,670.37537,425.2737,670.37537,671.2081,587.42706,556.2447,578.6957,656.6558,709.6667,556.2447,711.12195,679.9395,687.8382,560.6104,690.74866,598.4465,195.96931,599.90173,347.3136,611.5436,567.05383,659.5663,706.7562,580.98364,702.3905,720.68604,712.57715,544.60284,715.4876,710.49945,715.4876,564.97614,716.9429
0.525804231946285,596.55927,335.32843,618.23065,309.32275,573.4431,310.7675,650.0154,294.87512,538.76886,294.87512,691.91345,351.2208,504.0946,370.0027,717.9191,526.0368,449.19373,541.92914,703.47156,682.0709,417.409,684.96045,671.6868,573.71387,556.10596,569.3796,663.01825,706.63184,554.6612,708.0766,683.2449,687.8499,558.9955,689.2947,592.225,205.29999,598.004,356.99982,612.4516,559.2663,651.46014,710.9661,573.4431,705.1871,730.922,719.63464,541.6584,710.9661,709.25055,715.3004,557.5507,715.3004
0.5215197750009023,588.9073,356.7797,611.3162,331.56967,565.09784,331.56967,646.33014,318.96466,534.2855,318.96466,691.14795,363.7825,500.67218,384.79083,714.95746,520.6449,444.6499,555.6588,706.5541,673.3056,409.63596,695.71454,671.54016,575.2666,553.8934,564.06213,677.1424,695.71454,552.4928,699.9162,689.7474,685.91064,558.09503,687.3112,586.10614,232.13011,594.5095,365.18304,609.91565,555.6588,636.52625,706.919,555.2939,704.11786,730.3636,712.52124,534.2855,708.3196,710.75574,709.7201,559.4956,711.12067
0.5232684503381069,586.49384,367.58612,609.86755,341.4626,564.4951,342.83752,645.61554,329.0883,532.8718,329.0883,690.98804,371.7109,501.24863,392.33475,715.73663,525.7023,444.87677,560.0754,708.862,663.19464,407.75385,692.068,667.6143,549.076,552.1208,549.076,679.98865,686.5683,552.1208,692.068,685.48834,686.5683,557.6205,687.94324,586.49384,242.46811,593.36847,370.33597,607.11774,543.5763,635.9911,708.5671,553.4957,703.0674,726.736,712.69183,530.122,707.19214,703.3623,709.942,558.9954,708.5671
0.5160434893690623,582.3938,379.19135,605.3605,353.5227,559.4271,354.8737,644.5389,340.0129,531.0565,338.66193,689.1213,376.48938,501.3349,396.75412,716.1409,516.99146,443.24274,562.9248,710.737,669.6523,406.76624,688.56604,666.1546,548.064,549.9702,546.713,687.7703,688.56604,551.3212,691.268,690.4723,689.917,555.37415,689.917,581.0428,252.19913,591.85065,379.19135,604.00946,542.6601,640.48596,710.1817,552.6722,702.07587,722.8958,714.2347,527.00354,706.1288,701.2801,710.1817,558.0761,708.83075
0.5240271332172247,579.0936,391.5164,605.26746,365.34253,556.8458,366.6512,645.837,348.32953,528.05457,347.0208,689.0238,386.28162,499.2633,405.91202,712.5803,544.6335,441.68082,570.8074,709.9629,680.7376,405.0374,688.5897,661.54126,547.25085,550.30237,547.25085,683.78906,687.28107,548.99365,691.20715,692.9499,685.97235,552.91974,691.20715,580.4023,259.33838,590.8718,384.97293,601.3414,536.7813,640.6022,710.8375,551.611,708.22015,719.1238,712.14624,526.74585,709.5288,698.1847,708.22015,554.22845,710.8375
0.5376417665527418,580.2675,402.6775,605.9394,375.72208,555.8793,378.28925,644.44714,356.4682,527.64026,359.03537,688.0893,398.82672,496.83405,418.08063,711.194,555.425,440.356,583.664,712.47754,682.5006,401.8482,696.6201,659.8502,543.8727,550.74493,543.8727,663.70105,692.76935,548.17773,690.20215,700.9252,685.0678,552.0285,688.9186,580.2675,276.88547,589.2527,388.55798,600.805,531.03674,694.50726,709.45605,552.0285,705.6053,716.3283,710.7396,528.9238,708.1725,698.35803,706.88885,552.0285,710.7396
0.5241315599817497,578.5715,413.16827,602.3371,386.901,554.80585,388.15182,642.3634,364.3862,526.0369,365.63702,686.1422,400.66003,497.268,424.42566,711.1587,562.0162,438.47937,588.28345,709.90784,689.60004,400.95468,700.8575,659.87494,544.50464,551.0534,544.50464,689.8947,690.8509,547.3009,693.35254,696.1488,692.1017,552.3042,695.8542,578.5715,280.5811,587.3272,395.65677,601.0863,533.24725,694.89795,712.11487,551.0534,710.864,712.4095,717.11816,527.2878,713.36566,692.39636,709.6132,552.3042,714.6165
0.5108409277521647,573.77386,426.67233,598.8486,399.09015,549.9529,399.09015,638.96814,374.0154,522.37067,374.0154,685.3563,406.61255,494.78845,431.6873,711.6848,573.35944,430.84793,603.4491,709.1773,696.2256,396.99707,713.7779,660.2816,544.5235,551.2066,543.2698,697.8937,693.7181,548.6991,692.46436,696.63995,692.46436,552.4603,698.73303,576.2813,291.26883,583.8037,404.10507,601.356,531.98615,699.14746,717.53906,554.9678,716.28534,715.446,721.3003,527.3856,717.53906,691.625,712.5242,552.4603,716.28534
0.5046423736673135,574.49115,444.97232,600.84515,416.10846,549.39215,416.10846,638.49365,391.00946,519.2733,393.51935,683.6719,414.85352,490.4095,444.97232,712.53577,580.507,425.15204,619.41046,707.5159,694.7075,396.28818,716.0417,666.1026,544.11346,554.412,544.11346,703.7511,693.4526,550.6471,689.68774,696.2214,689.68774,551.90204,695.96246,574.49115,315.7124,583.2758,417.3634,608.3749,534.07385,683.6719,716.0417,560.6867,718.5516,721.32043,716.0417,526.80304,717.29663,691.2016,713.5318,554.412,714.78674
0.4922982511612085,574.27026,453.81213,600.65784,424.9115,549.1393,423.65494,638.3543,402.29358,518.98206,401.03705,682.33356,418.62875,490.08142,447.5294,713.7473,583.2368,423.48425,620.93335,708.7211,695.06976,394.5836,713.918,667.255,544.28375,552.90894,545.5403,701.1818,692.5567,549.1393,691.3001,698.66876,688.78705,551.65234,692.5567,575.5268,328.15714,581.8096,421.14185,606.94055,535.4879,682.33356,716.43115,561.7048,722.71387,720.0301,716.43115,525.26483,717.6877,692.386,713.918,550.3958,715.17456
0.4818672360135959,573.0125,460.56155,597.1751,431.31207,547.5782,430.04034,636.5983,408.42117,518.32874,409.6929,682.3801,422.41006,490.35098,450.38782,712.9013,587.73315,420.40662,628.42804,710.35785,702.18756,394.9723,714.9047,672.20636,545.76654,553.93677,541.95135,706.5427,695.829,548.8499,695.829,705.271,695.829,552.6651,698.37244,573.0125,337.20508,581.91455,427.49692,611.164,536.8645,672.20636,721.2633,561.5671,726.35016,723.075,718.7199,520.8722,722.53503,691.2821,718.7199,560.29535,718.7199
0.4792114874491325,571.9172,464.7051,597.1753,436.92117,545.3961,435.65826,636.3254,414.18887,517.6122,415.45178,683.0529,425.55502,489.82828,450.81314,714.62555,590.9957,420.36844,626.35706,713.3627,700.8685,395.11032,710.9718,667.898,551.84564,551.7107,549.3198,703.2594,694.554,547.92194,695.8169,707.0481,689.5024,550.44775,689.5024,570.6543,344.72903,580.7575,430.60663,606.0156,544.2682,667.898,719.81213,561.8139,724.8638,728.5175,708.446,520.138,721.075,693.1561,713.4976,561.8139,714.7605
0.48472763483340925,572.40326,470.249,597.57825,442.5565,547.2282,441.29776,636.5995,421.15775,517.01825,423.67526,681.9144,426.19275,489.32574,453.88525,714.6419,589.8302,418.8358,625.0752,712.12445,701.85895,394.91956,706.8939,669.32697,549.55023,551.0045,547.0327,707.0894,698.0827,547.2282,696.8239,708.3482,694.3064,548.487,694.3064,571.1445,344.37402,581.2145,435.004,607.6482,543.2565,719.67694,723.2577,562.33325,725.77515,727.22943,710.67017,523.312,719.48145,693.24316,718.22266,551.0045,716.9639
0.4834731175349309,572.7511,477.4475,598.1005,449.56314,546.1342,450.83063,636.12463,429.2836,516.9824,433.08603,683.02106,430.5511,489.09805,459.7029,717.2428,596.5897,416.85223,628.2765,715.9753,704.32477,394.03775,704.32477,670.3464,554.7632,548.6692,550.9608,710.90546,696.7199,546.1342,694.185,710.90546,697.9874,546.1342,696.7199,570.2162,354.50284,581.6234,439.42337,605.7054,548.42584,722.3127,729.6742,561.3439,729.6742,727.38257,711.92957,518.2499,722.06934,695.6958,718.2669,547.40173,713.197
0.4827827146420112,572.6276,481.1969,598.096,454.4551,545.88586,453.1817,637.572,430.26013,516.59717,434.0804,683.4151,435.35382,487.30856,464.64246,717.7974,600.8983,418.5439,635.28064,715.2506,706.5921,391.80212,706.5921,669.40753,553.7818,550.9795,551.235,712.70374,698.9516,545.88586,697.67816,710.1569,693.8579,545.88586,702.77185,572.6276,357.67523,581.54156,440.4475,603.1897,548.6881,678.3214,733.3339,563.7137,735.88074,725.4379,715.50604,524.23773,728.24023,693.6025,720.59973,547.15924,718.0529
0.47953848655407244,571.42303,483.42236,596.9209,456.64957,544.65027,455.37466,636.4427,433.70148,515.32764,434.97635,683.6138,436.25125,488.55487,463.02405,718.03595,607.08716,420.98547,626.2106,718.03595,709.07874,392.93777,702.7042,669.5899,554.81647,551.0247,552.26666,711.66144,700.1545,544.65027,700.1545,711.66144,695.0549,548.4749,703.9791,571.42303,359.75757,581.6222,441.35083,604.5703,549.71686,721.8606,734.5766,565.0486,735.8515,728.2351,715.4532,524.25195,728.20215,693.8129,721.82764,548.4749,720.5528
0.4810337068942877,573.07635,486.70358,597.3481,458.59946,546.2497,458.59946,636.94934,434.32773,514.3132,440.71503,685.49286,438.1601,488.764,462.43185,719.98425,613.1721,421.05862,619.55945,721.2617,708.9816,394.23196,702.59436,666.33093,555.68646,548.8046,551.85406,713.597,697.4845,544.9722,696.20703,713.597,696.20703,547.52716,701.3169,567.96655,358.95758,580.74115,441.9925,602.45795,550.5766,676.55066,735.8083,566.6891,739.6407,727.64905,715.36896,523.25543,728.14355,698.26746,723.0337,548.8046,712.814
0.4847468516001335,570.76245,489.67816,595.19244,461.39078,545.04663,461.39078,636.33777,434.38916,512.90186,440.8181,686.4836,440.8181,488.47183,465.24814,719.9141,615.6856,419.03915,633.6867,722.4857,709.54834,394.60913,705.691,665.91095,553.9677,548.904,551.3961,638.90936,695.40466,546.3324,695.40466,714.771,699.262,547.6182,703.1194,566.9051,359.8133,581.04877,443.3897,604.193,548.8245,681.34045,737.83575,568.19086,741.6931,727.6289,718.5489,527.04553,727.54944,695.48413,722.40625,548.904,713.4057
0.4799408448430208,570.428,492.85995,594.92255,464.49783,543.35504,464.49783,636.1766,437.42487,511.12537,442.58163,686.4549,443.87082,486.63077,469.65457,722.5522,619.2004,413.14706,677.21387,725.13055,710.7327,393.80923,705.576,669.6955,553.4518,549.80096,552.1626,721.263,693.97327,545.9334,693.97327,723.8414,704.2868,549.80096,706.8652,566.5604,361.3628,579.45233,446.4492,605.2361,548.29504,725.13055,742.96246,431.1957,748.1192,731.5765,722.33545,315.16876,735.2273,703.21436,733.9381,548.5118,714.6003
0.47733783378050876,569.7022,494.63956,595.455,465.02386,543.94946,465.02386,635.3718,436.69577,510.47083,441.84634,685.5898,446.9969,486.00568,472.7497,722.93134,618.2529,413.89786,676.1967,725.5066,712.2506,394.58325,707.1001,668.85046,555.1586,551.6753,552.5833,721.6437,695.51135,546.5247,696.79895,724.219,696.79895,549.1,703.2372,567.12695,362.0127,578.7157,446.9969,605.75616,548.7204,720.3561,739.2911,433.21243,747.0169,809.2032,510.09125,527.21014,731.56525,702.3291,727.70233,546.5247,707.1001
0.47757320306622064,571.29736,495.3765,595.8316,465.6772,544.1806,466.96848,635.86115,437.26913,510.60748,443.72552,686.2208,446.30807,484.78198,474.71613,723.6678,620.6301,413.76187,676.15497,726.25037,714.8932,394.39276,711.0194,668.143,553.4839,550.637,552.19257,721.08527,696.81537,546.7632,699.3979,724.9591,704.563,548.05444,707.14557,564.841,361.08395,579.04504,448.89062,606.1618,548.3188,721.08527,740.7187,430.54846,749.7576,810.1832,723.9321,527.39404,735.5536,704.2987,730.3885,545.4719,714.8932
0.4673288229566354,568.06226,497.89426,592.58655,468.20697,540.9565,466.91623,635.1813,438.5197,508.6877,443.6827,685.52057,446.26422,484.16345,474.66074,722.95233,623.0971,414.46292,679.89014,725.5339,714.7404,393.81088,710.86816,666.1593,553.39655,549.99176,549.5243,719.0801,691.5069,546.1195,692.7976,724.2431,697.96063,547.4102,697.96063,562.89923,361.07465,577.09753,451.42722,604.2033,548.2335,630.0183,739.26465,402.84616,743.1369,810.7234,721.19415,444.15018,722.4849,702.30035,686.3439,546.1195,700.5421
0.47024789452552795,567.9385,498.44244,592.5326,468.6706,542.0499,468.6706,635.2487,440.19318,508.39478,445.3709,685.7314,445.3709,483.80066,473.84833,723.2698,622.7075,413.90155,679.66235,725.85864,714.6119,394.48514,709.4342,666.315,552.8084,549.81647,550.21954,720.68097,691.3122,547.2276,691.3122,727.1531,701.6676,547.2276,701.6676,562.76074,358.64423,578.2939,453.13748,602.888,548.9251,727.1531,740.5005,404.84055,744.3837,732.3308,722.3785,444.9678,726.2618,702.55896,691.3122,545.93317,702.96204
0.4681084047143276,568.4307,498.07385,592.89166,468.46323,542.6824,468.46323,635.37646,438.85263,509.2095,445.2897,685.58575,447.86453,484.74857,471.03806,724.2083,622.95337,417.80286,677.0249,725.4957,714.36005,394.62933,707.923,671.4242,553.4328,550.40686,550.858,721.6335,689.8991,546.5446,693.76135,726.78314,701.48584,546.5446,698.911,561.99365,362.89496,577.4427,450.4394,607.0533,549.57056,726.78314,738.821,398.49158,741.3958,731.9328,720.7971,446.12604,722.08453,704.89703,695.04877,545.2572,700.1984
0.47334541781590533,569.1582,498.84872,592.2557,469.33524,542.21106,469.33524,634.60114,442.38815,508.84802,448.8041,684.6457,447.5209,483.1841,474.46802,723.14154,622.0354,419.02438,674.6464,724.42474,714.4255,395.92688,709.29266,665.39777,555.30927,549.9103,552.7429,718.0088,690.04474,546.06067,696.46075,720.5752,699.0271,546.06067,702.8767,562.7422,364.11325,576.85736,450.0873,602.52124,550.1765,630.7515,738.80615,556.32623,741.37256,810.3988,719.5582,520.3968,728.5406,703.8936,693.89435,547.3439,701.5935
0.46488917618989944,566.25415,499.4193,590.64795,469.88998,540.5765,469.88998,634.3,444.2123,508.4794,449.34784,683.0876,444.2123,482.80173,473.74164,722.888,622.6721,416.03976,677.87915,724.1719,712.544,395.49762,709.97626,665.1132,554.6263,549.56366,550.77466,717.75244,689.4341,545.71204,693.28577,721.60406,694.56964,544.42816,699.70514,562.4025,362.04376,576.5252,450.6317,602.2029,550.77466,810.1921,738.2217,404.4848,740.7894,810.1921,720.2473,516.1827,725.3828,704.9136,689.4341,545.71204,699.70514
0.47100302347770107,566.72986,499.98764,591.2165,469.05716,540.95447,470.34595,633.7459,440.70425,507.44647,448.43686,685.2967,447.1481,481.67108,476.7898,723.9598,621.13196,417.2326,677.8378,722.67096,712.63464,395.32352,706.1908,662.0988,556.6935,549.9759,556.6935,636.3234,689.43677,547.3983,693.3031,716.2271,698.4581,546.10956,702.32446,561.57477,365.9556,575.7513,447.1481,600.23785,552.8272,638.90094,737.1213,557.7085,743.5651,731.6924,721.656,522.9117,724.2336,703.3394,692.0143,546.10956,702.32446
0.4633898843939488,568.4923,499.45886,591.5914,469.94345,541.54346,471.22675,632.6563,441.7113,506.89493,448.12772,683.9875,449.41098,481.22937,478.92642,723.7691,622.6537,415.7821,679.118,723.7691,715.0498,395.24966,711.19995,663.455,555.92316,550.5264,554.6399,717.3527,688.1009,547.9599,691.95074,719.9193,697.08386,547.9599,698.3671,562.0759,365.99783,574.90875,450.69427,600.57434,552.0733,637.7894,739.43207,558.22614,741.99866,731.4688,517.4248,446.5808,722.74945,704.51996,684.2511,545.3933,698.3671
0.47133370718130696,567.12177,500.6901,591.4905,471.19116,540.188,472.47372,632.5324,441.69226,506.8414,451.95276,683.8349,448.10507,481.1902,478.88654,723.5943,617.4032,417.0621,676.401,723.5943,712.31274,395.25854,707.1825,663.3139,557.1228,550.4485,555.8402,642.7929,689.2266,546.6008,691.79175,717.18146,696.922,546.6008,700.76965,560.709,368.58627,574.81714,450.6702,601.751,551.99255,636.3801,734.1163,556.8613,741.81165,731.2897,722.57324,531.2101,723.8558,699.22565,686.6615,546.6008,700.76965
0.4632132976100995,567.24664,500.8556,590.2185,472.7789,540.4462,472.7789,632.33356,443.426,507.26465,451.08328,683.3821,451.08328,481.7404,479.15997,724.2209,622.0958,414.1011,683.35406,721.66846,713.98315,394.95792,708.8783,668.0675,558.28516,554.48456,555.7327,716.5636,689.7351,548.10345,694.83997,717.8398,696.11615,550.6559,698.6686,560.8656,370.68185,573.62775,451.08328,606.80927,553.1803,638.7146,733.12634,559.5894,739.50745,729.32574,721.64044,539.17,722.9166,702.52527,685.9065,548.10345,701.221
0.4529485304195147,564.4864,502.338,587.44867,472.99734,537.6971,472.99734,632.09753,444.93234,505.80508,451.31076,683.12476,448.7594,481.56714,478.10007,723.94653,623.5277,413.95602,682.20905,721.3952,711.5497,393.54514,710.27405,665.2652,555.9166,553.00525,553.36523,717.5681,684.7604,549.1782,688.58746,720.1195,689.86316,547.9025,693.6902,559.38367,369.66718,572.1405,450.03506,604.03253,553.36523,809.4172,526.5759,556.83234,739.6147,809.4172,521.4732,448.3994,721.7551,703.53564,670.7279,546.6269,697.5172
0.4528875471307681,562.7796,503.53705,587.0719,474.13055,535.9302,475.4091,631.8209,446.0026,506.5237,451.1168,684.2412,451.1168,482.23138,479.24472,723.87604,624.99866,414.46857,679.976,722.59753,711.93964,395.29044,706.82544,662.506,558.5144,553.8298,557.2359,643.3278,691.4829,548.71564,692.7615,721.319,695.31854,549.9942,696.5971,558.944,371.84708,573.00793,448.5597,604.97156,554.6788,691.9125,736.23193,557.6654,738.789,810.817,723.44653,448.98926,722.16797,704.69794,686.3688,548.71564,700.43274
0.45090534881903577,563.19965,505.39758,586.30835,475.86972,536.23944,475.86972,631.24207,446.3419,505.42776,452.761,683.87866,450.19333,481.0352,479.7212,723.67706,624.7928,415.5604,677.4294,723.67706,713.3763,393.73547,708.241,663.3375,559.318,554.2129,558.0342,649.2155,691.5514,550.36145,694.119,717.25793,687.6999,549.07764,696.68665,559.34814,373.16418,572.18634,451.47714,604.28186,556.75037,659.4861,532.3578,558.06433,737.76886,733.94763,722.36304,447.65588,722.36304,703.1359,672.29407,547.7938,700.5381
0.4507027520583226,561.7968,506.5141,586.12933,477.05887,534.9029,477.05887,632.2332,446.323,505.44766,452.7263,683.45966,451.44562,481.11508,479.6202,724.44086,633.2996,415.80133,674.2808,723.16016,715.26196,392.74942,708.8587,661.6884,560.3019,552.83215,559.02124,638.6365,694.7714,550.2708,696.05206,716.7569,692.2101,548.9902,698.6134,557.9548,373.32526,572.04205,450.16498,602.77795,557.7406,638.6365,534.68866,557.9548,740.87524,811.5259,724.2266,541.3062,722.946,703.95026,676.8421,548.9902,701.1747
0.45901111742624867,562.37585,507.93582,585.4936,478.39648,536.6895,478.39648,631.72906,448.85715,505.86584,455.27875,683.1018,450.14148,481.46378,478.39648,724.2,627.37744,418.53217,672.3286,722.9157,714.7111,395.41443,707.00525,659.9841,560.5929,550.817,558.02423,636.86633,694.16205,548.24835,691.5934,689.52344,695.44635,549.53265,700.5836,558.5229,376.9353,572.6504,450.14148,600.90546,556.7399,638.1507,726.27,557.2386,739.1132,729.3373,723.70135,540.5424,723.70135,702.36664,689.0248,549.53265,701.868
0.4552911176131322,560.63916,508.3694,585.14197,478.70816,534.8468,478.70816,630.2786,449.0469,505.18558,454.20538,684.4426,454.20538,479.3932,479.99777,724.4208,641.20013,416.20187,676.01984,724.4208,717.28766,395.56796,708.2603,661.2295,562.5334,552.9015,561.2438,643.1748,695.36414,551.6119,696.65375,694.7596,683.75757,550.3222,697.94336,558.05994,374.24902,570.9561,454.20538,603.1966,558.66455,657.3606,534.16174,554.1911,740.5008,813.4045,527.7137,538.71564,723.7358,706.36615,665.7029,547.743,700.52264
0.4602207111624571,560.6188,509.6028,583.9375,479.8066,534.70905,479.8066,630.5751,451.3059,504.91284,456.48785,683.69,451.3059,479.00308,479.8066,726.44104,630.08307,416.81973,675.4251,727.7366,720.76715,396.09195,709.1078,661.66675,561.4223,551.55035,560.1268,642.23444,700.03937,550.2549,700.03937,705.71326,696.1529,548.95935,703.92584,556.7323,374.87216,572.27814,455.19235,602.07434,557.5358,640.93896,536.80804,554.1413,744.08594,814.5342,724.6536,539.891,727.24457,707.0088,685.789,548.95935,705.2213
0.4569727749778674,561.1408,510.00845,583.3166,480.00586,535.0516,480.00586,630.27716,452.6122,505.049,456.52557,683.7601,453.91666,478.95978,481.31033,725.50275,640.45447,417.65018,667.84814,728.1117,721.331,395.47433,712.19977,660.2798,562.1868,550.7051,558.2735,639.4084,699.15515,549.40063,700.45966,698.10913,697.8507,549.40063,706.98193,557.2274,376.95352,572.8809,455.22113,601.57904,554.3601,816.815,551.75116,549.40063,747.4202,816.815,529.5754,520.7025,731.76666,708.5448,692.6329,549.40063,708.2864
0.47476447832125884,560.4235,509.3398,581.45135,480.42648,534.1387,480.42648,628.76404,451.51318,505.22537,459.39862,686.5907,458.08438,478.94055,480.42648,727.33215,634.19275,418.48544,649.9636,728.6464,719.61847,396.1433,711.733,661.6201,563.2237,551.2238,560.5952,637.96375,701.21906,549.9096,702.5333,640.5922,701.21906,551.2238,710.41876,555.16656,381.85837,572.2517,452.82742,603.79346,557.96674,641.9065,547.4528,551.2238,743.2748,819.3291,531.6819,538.0814,728.8181,634.02106,697.27637,553.8523,711.733
0.4661289705679967,559.2168,510.88782,581.6093,481.90927,534.1899,481.90927,629.0288,454.24792,505.2113,459.51672,685.6687,456.88232,478.86716,480.59204,727.81934,633.3881,419.59283,646.5602,730.45374,720.3238,395.8831,712.42053,663.2762,564.8933,552.63074,562.2589,639.56647,703.2001,549.99634,703.2001,642.20087,696.6141,549.99634,709.78613,555.2652,381.8015,572.38885,454.24792,605.3191,559.6245,643.51807,555.67285,551.31354,744.0335,820.02386,535.9148,535.5071,728.22705,634.2976,686.0764,553.948,711.10333
0.459769915502805,561.3675,512.78235,582.59436,483.5954,534.8339,483.5954,629.02814,453.08182,505.647,458.38852,686.07526,457.06183,477.78674,482.26874,731.1824,645.4502,418.0862,650.7569,729.85565,718.4175,392.87933,714.4375,659.5417,563.1961,550.7541,561.86945,639.64154,697.1907,549.42737,697.1907,643.6216,697.1907,548.1007,707.8041,556.0608,381.44116,570.65424,454.40848,601.16785,559.21606,640.9682,551.25604,550.7541,734.33765,822.72314,535.3359,530.8539,725.0509,630.3548,695.86395,550.7541,710.45746
0.4532365317528064,562.0325,514.0465,583.33673,484.75314,535.4021,486.08466,629.93976,454.12827,504.77722,459.4543,684.532,458.1228,478.1469,480.75858,731.1351,641.8721,418.22867,653.8557,733.7981,719.10004,394.26135,713.774,660.5647,563.3126,550.0488,560.6496,640.5919,696.46423,548.7173,696.46423,672.54834,700.4588,547.38574,709.7794,554.04333,382.22635,571.3531,455.45978,600.6464,559.31805,640.5919,553.992,548.7173,735.07825,824.3412,553.992,518.0924,725.7576,713.8253,699.1273,550.0488,711.11096
0.44508742139889645,560.1066,513.83264,582.8164,485.77942,534.72516,485.77942,629.5717,455.05444,504.0002,459.06207,685.67816,460.39792,479.9546,480.43594,732.43353,642.07587,419.84058,648.75525,731.09766,715.5486,397.13083,707.5334,661.63257,561.9238,552.09143,559.25214,642.9304,694.17474,549.4197,690.1671,693.69336,695.5106,550.75555,704.86163,554.7632,381.58176,570.7936,453.7186,602.8544,551.23694,645.6022,559.25214,550.75555,731.57904,825.9443,576.6184,534.72516,722.22797,712.3955,692.83887,553.4273,706.1975
0.442096040225946,562.7563,515.7081,585.56506,486.19086,535.92236,486.19086,629.841,455.33188,503.7217,458.0153,686.19214,460.69867,478.22952,480.8241,731.80975,653.90265,419.19495,648.5359,731.80975,714.27893,395.04446,710.25385,663.38336,564.00916,552.0227,562.6674,644.5996,695.4952,549.33936,694.1535,715.7095,695.4952,550.681,704.8871,554.7061,382.8804,570.80646,453.9902,603.0071,555.959,713.02606,559.9841,552.0227,562.6674,769.3772,574.7427,526.5305,719.6457,721.07623,688.78674,552.0227,706.22876
0.44445224278248274,561.8,515.37885,583.366,485.7255,536.19025,487.07336,629.1939,454.72427,503.84116,457.42,685.8049,460.11578,478.23145,480.33398,731.63275,651.51465,418.92477,654.2104,732.98065,717.5607,396.01083,713.5171,661.543,565.25037,551.01697,563.90247,645.36847,695.9947,549.66907,694.6468,699.2836,694.6468,548.32117,702.7341,555.0606,384.63455,571.2351,450.68063,600.8885,558.511,642.6727,562.5546,551.01697,565.25037,768.0255,569.294,448.57812,717.5607,722.19763,691.95105,551.01697,705.4298
0.44236986625653046,562.4143,515.91187,583.875,486.40338,535.58844,486.40338,630.82025,455.55362,504.73865,459.5775,685.8133,460.9188,477.91278,483.7208,732.7586,651.3825,417.55457,656.7477,732.7586,715.7646,394.7526,713.08203,663.0113,565.53973,551.68396,564.1984,645.5745,694.3039,549.00134,694.3039,715.3218,695.6452,550.34265,705.03424,555.7078,381.78247,570.46204,455.55362,601.3118,557.49194,648.2571,562.8571,549.00134,562.8571,770.3148,581.63525,448.40433,719.78845,718.00433,691.62134,553.0252,706.37555
0.43695986844026125,563.58795,516.29456,585.0608,488.11148,536.7469,488.11148,630.69055,455.90222,503.19562,459.92838,684.3726,461.27045,476.35455,484.08533,732.6865,643.7895,417.3043,657.21,734.02856,718.9444,394.4894,713.57623,660.2157,565.9505,551.50946,564.60846,644.1111,694.7875,550.1674,693.44543,699.1352,694.7875,550.1674,702.8398,556.8777,382.08936,570.2982,455.90222,599.82336,557.8982,646.79517,561.9243,402.54172,563.26636,827.97217,575.34485,446.82944,717.60236,720.60803,689.41925,550.1674,705.52386
0.4352093949340857,563.85474,518.46875,585.3671,488.88925,536.9643,488.88925,631.0809,457.9652,503.3512,460.65427,684.8618,461.99878,476.46072,483.51117,733.26465,644.85394,417.3017,658.2992,734.6092,720.1473,395.78934,713.4246,659.3159,566.8716,550.4095,566.8716,641.8371,695.94586,550.4095,694.6013,696.9625,695.94586,549.065,704.013,555.7876,384.01642,570.57733,456.6207,597.46783,561.4935,644.5261,564.18256,550.4095,564.18256,828.7258,573.59424,446.88123,721.49176,721.16394,689.2232,550.4095,708.0466
0.431351196880524,561.6097,518.2925,584.48083,490.03983,536.0477,490.03983,631.56854,459.09647,505.1044,459.09647,685.38306,463.13257,476.85178,480.62228,733.8161,644.7566,416.31046,654.17413,733.8161,720.0969,394.78464,716.0608,659.82117,569.41626,552.19214,565.3802,639.6407,697.2257,549.5014,695.8804,700.18207,698.5711,548.156,705.2979,556.2282,383.75616,571.0272,456.40576,600.6252,559.9987,632.9139,565.3802,549.5014,565.3802,829.3369,576.14307,518.55804,722.78766,719.01715,694.53503,552.19214,709.334
0.4267486729300939,565.6576,518.85376,587.1908,491.93726,538.7411,491.93726,631.603,456.94577,505.09543,459.63742,686.7819,465.02072,476.8331,481.17065,733.8858,646.7072,416.27094,656.128,735.2316,718.036,394.7377,713.99854,659.8654,567.30347,552.19934,564.6118,641.02386,695.1569,549.5077,692.4653,713.6984,696.50275,549.5077,701.88605,557.58264,389.65448,572.3867,452.9083,599.3032,555.19104,636.9863,565.95764,546.81604,565.95764,829.43945,578.0701,448.57074,568.6493,719.0817,692.4653,550.8535,704.5777
0.4313935689055003,560.1741,520.1357,581.69666,494.5776,534.616,493.23245,628.7773,460.94858,503.6773,460.94858,686.6192,463.6389,478.11926,481.12598,735.045,647.92596,416.24185,653.3066,733.6998,719.2195,393.3741,713.83887,661.06116,567.2163,553.44824,563.1808,642.2289,697.6969,549.4128,696.35175,698.72565,696.35175,548.0676,707.11304,553.44824,392.34537,570.93536,452.87762,601.8741,555.10986,630.12244,565.87115,545.3773,567.2163,829.20624,579.32275,461.97733,723.25494,717.5579,695.0066,552.1031,709.80334
0.41012649696606857,560.3039,519.6103,581.8198,492.71533,536.09845,494.0601,624.85175,457.75192,505.16928,457.75192,686.7101,464.47568,478.27435,477.92313,733.7762,646.0165,417.76077,651.39545,736.4657,717.288,394.90005,713.2538,661.1599,570.71063,552.2354,565.33167,639.6439,695.7721,548.2012,695.7721,713.605,697.1168,548.2012,701.15106,553.58014,391.85934,571.0619,444.30447,599.3016,559.9527,635.6097,566.6764,405.65805,568.0212,829.25323,584.15814,460.79266,715.9433,718.984,694.4273,549.5459,705.1853
0.4172412403500997,562.0786,520.38367,583.614,494.81033,536.50525,496.15628,626.6849,458.46927,504.20212,459.81525,685.90735,465.1991,478.6288,475.96683,734.36206,646.9043,418.0604,649.59625,738.39996,716.8945,395.17902,714.2025,658.98804,568.8384,551.3109,562.1085,640.14453,696.70496,548.61896,696.70496,698.021,699.3969,547.273,704.78076,552.65686,395.20895,570.15436,443.66367,598.4196,554.0328,630.7228,570.1843,547.273,571.5303,829.92554,579.6061,520.3537,716.8945,718.21045,696.70496,551.3109,707.4727
0.4018091633915901,558.42334,512.35315,577.33124,485.3419,534.11316,486.69247,621.89984,446.17554,504.40076,454.27893,685.37634,463.73288,480.0906,473.18683,735.3472,640.6568,420.6658,640.6568,739.3989,718.9895,395.00507,716.2884,657.0145,569.07684,550.31995,565.0252,639.4572,698.731,547.61884,697.3805,698.882,700.0816,546.26825,702.7827,550.31995,381.34845,570.5784,438.07214,594.88855,555.5712,634.05493,569.07684,401.7579,571.778,831.2373,579.8814,407.16016,577.18024,723.19214,698.731,550.31995,705.4838
0.419342078268528,558.56085,517.39105,577.4868,490.3539,532.8756,490.3539,623.44995,453.85382,503.13477,459.26123,686.9872,464.66867,481.50507,472.77982,737.00586,641.7618,419.3197,625.5395,741.0614,720.16943,394.9863,717.4657,657.24634,562.00226,551.8016,555.243,639.67224,699.8916,547.74603,699.8916,708.6169,702.5953,546.39417,708.00275,549.09784,386.26102,570.72754,444.39084,599.1165,547.1319,636.9685,571.4653,404.44928,568.7616,831.63574,579.5764,409.85672,720.16943,719.4317,697.18787,551.8016,709.35455
0.4139643182548193,559.5979,517.0463,577.1357,490.06516,532.61676,490.06516,623.00366,449.59338,502.93747,457.68774,687.7585,465.7821,481.35254,471.1783,737.67365,646.5559,421.99396,620.92377,740.3717,718.05597,395.01282,714.0088,659.4282,565.6124,551.50354,558.8671,639.1924,699.1692,547.4564,699.1692,713.39056,703.2164,547.4564,707.26355,548.8055,392.93295,571.73944,441.49905,598.7206,552.1218,629.74896,568.31055,401.7581,568.31055,830.75867,579.10297,447.62607,720.7541,720.13586,701.8673,552.8526,708.6126
0.42247242423204273,562.3201,520.2683,581.21924,494.61954,535.3215,495.96948,624.4171,452.77158,502.92303,460.8712,686.5141,466.27094,481.3241,473.0206,737.8116,645.8122,420.57706,621.51337,740.5115,717.3587,394.9283,716.0087,658.16547,564.8161,551.5207,556.7165,637.9165,699.8096,547.4709,699.8096,629.8169,703.8594,547.4709,709.2591,550.1708,404.17395,571.7697,443.32205,598.7684,549.96686,632.5167,571.5658,404.37784,571.5658,830.9571,578.3155,462.42502,720.05853,722.96234,701.1595,551.5207,707.9091
0.4216091698752,560.82697,519.10834,581.0429,493.5015,533.87244,494.8492,625.51794,454.41736,502.8747,459.8083,687.5134,465.1992,481.31104,473.28555,738.72705,649.8379,420.6633,621.53564,741.42255,717.2243,395.05646,715.8766,659.2111,559.54016,551.3929,555.49695,640.34296,699.70386,548.69745,699.70386,715.8157,705.0948,547.34973,709.13794,550.04517,395.11734,571.6088,443.63556,598.56335,544.71515,628.2134,568.97424,550.04517,567.6265,830.37256,577.0606,444.9224,722.61523,722.5543,701.0516,552.7406,709.13794
0.4230763281767185,556.074,513.6636,575.01904,487.95242,530.3628,489.30563,622.3818,450.06226,503.29837,458.18158,687.3363,464.94766,481.64685,471.71378,738.75867,632.74695,422.10516,620.568,741.46515,717.9998,395.04077,716.6466,654.8591,562.3795,550.6611,556.9666,637.26715,700.40796,547.95465,699.05475,718.4604,704.46765,545.2482,707.1741,547.95465,386.4609,570.9594,441.94293,596.6706,547.4941,633.2075,571.85205,404.5133,569.1456,832.13086,575.91174,449.1696,570.49884,723.8733,704.46765,552.0143,707.1741
0.42879780668478745,558.86273,517.6039,577.83044,491.86197,534.47565,493.2168,623.8949,452.5717,504.66925,460.7007,686.2174,463.41037,481.637,472.89423,737.70123,636.8295,422.02417,621.92633,743.12054,718.11975,394.92743,716.7649,656.411,558.24896,550.7337,555.5393,636.08844,699.15204,546.6692,699.15204,725.5077,705.9262,545.31433,707.28107,549.37885,403.79755,572.4111,443.08783,598.153,544.7006,640.15295,570.4425,404.4113,567.73285,832.5398,574.507,443.70157,569.08765,725.5077,704.57135,550.7337,707.28107
0.4217039951338218,558.77466,518.99,576.40015,494.5854,533.0142,495.9412,625.2093,452.55527,503.18643,460.69016,687.57654,466.11337,481.49347,471.53662,737.7415,638.3012,423.19363,622.0315,743.1648,718.294,394.72165,715.5824,659.10455,556.95264,550.6398,554.241,637.4116,697.95685,545.21655,697.95685,730.96246,706.09174,545.21655,708.80334,547.92816,405.10193,572.3327,444.4204,599.4489,542.03876,642.83484,571.8665,404.2123,567.79913,832.6482,575.93396,443.5308,719.64984,725.53925,704.7359,550.6398,708.80334
0.4192618988454342,560.9183,519.20715,579.88794,494.8176,535.1737,497.52756,625.9571,452.81332,504.00925,459.58823,686.931,462.29816,482.32965,471.783,737.0651,637.0901,422.7107,624.89526,742.48505,718.3887,395.61118,714.3237,659.8315,559.85645,551.4334,554.4365,639.50684,698.064,546.0135,696.70905,718.09546,704.83887,546.0135,707.5488,550.0784,404.0342,571.75806,443.3285,597.5026,544.9517,638.15186,572.0512,399.67612,570.6962,831.91345,574.76117,410.51593,717.0337,723.5154,703.4839,551.4334,707.5488
0.42473206841028655,562.2055,523.2018,583.81036,498.89636,536.5498,500.24667,628.3703,459.73764,504.14258,461.08795,686.4332,465.13885,482.53778,471.89035,736.39435,637.97736,421.77423,621.77374,740.44525,717.6451,394.76822,713.5942,658.0769,559.6599,552.7534,554.2587,639.17267,698.7409,547.35223,697.3906,636.4721,706.8427,547.35223,709.54333,552.7534,413.8274,573.00793,443.53403,600.014,544.8066,632.4212,569.112,547.35223,571.8126,830.9154,578.5641,447.42993,721.696,720.19073,702.7918,551.40314,709.54333
