0.5744351526865592,470.567,43.446037,481.07812,27.679335,474.0707,27.679335,519.61896,31.183046,556.40796,34.68676,563.41534,150.30925,598.45245,129.28697,587.94135,302.7207,624.7303,250.16502,512.6115,414.83948,510.85968,350.0208,565.16724,383.30606,593.1969,374.54678,547.6487,528.7101,572.1746,505.93597,572.1746,686.37714,649.2563,621.5585,498.59668,-21.37263,545.8968,88.99429,573.9265,369.29123,505.60413,695.1364,603.708,667.1067,517.8671,707.3994,608.9636,651.34,586.18945,703.8957,672.0304,630.31775
0.5914122072549967,485.59198,40.26158,496.1155,24.47628,490.85373,24.47628,532.9479,29.738047,571.5342,31.49197,576.7959,147.25082,613.6283,129.71161,596.08905,305.10382,645.1989,248.97832,525.9322,380.52246,539.96356,334.9205,576.7959,384.0303,603.10474,373.50677,559.2567,536.6215,590.8273,505.05093,575.042,697.98236,678.52344,620.8098,513.6547,-24.633537,562.7645,87.61748,585.56555,369.99893,503.1312,706.75195,631.1675,666.41174,513.6547,722.5373,639.93713,650.62646,589.07336,715.5216,701.3244,627.8255
0.6019793955179361,496.48685,43.824524,505.25964,28.033514,499.99597,26.278957,542.10535,31.542627,582.46014,33.297184,591.2329,145.58882,614.0422,129.7978,612.2876,299.9898,652.6424,249.10767,596.4966,366.66296,540.35077,340.34464,582.46014,380.69943,610.533,370.1721,559.6509,533.3459,598.25116,507.02753,575.4419,694.7651,691.2427,617.5646,521.05066,-19.33952,570.1782,89.443,592.9875,368.41754,507.0142,701.7833,640.36053,664.9376,515.787,714.0652,650.8878,647.392,591.2329,710.5561,714.0519,624.5828
0.602976700434318,503.3822,43.654293,512.15295,27.866982,508.64465,26.112837,547.23584,31.375273,592.8436,31.375273,603.3685,141.88644,615.6475,127.85328,622.6641,299.75952,647.22217,250.64346,545.4817,392.72925,540.2193,340.1049,592.8436,380.45023,612.1392,371.6795,559.5149,536.56915,603.3685,508.50284,573.54803,699.7047,703.3548,615.50574,529.6944,-21.249092,578.8105,87.50793,598.1061,366.41705,501.62808,703.213,648.9763,671.63837,510.3988,717.24615,657.747,654.0969,591.0895,715.492,727.91284,622.5223
0.6133781774685934,510.50046,45.324234,519.27216,29.535196,514.00916,27.780859,557.86755,31.289534,599.9717,33.043873,606.989,141.8128,621.02374,126.023766,629.7954,301.45752,547.34155,236.54704,614.0064,383.9114,538.5699,331.28128,599.9717,380.40274,617.5151,371.63104,564.88495,541.8018,612.2521,508.4694,575.41095,703.20087,712.24927,617.23834,535.0612,-21.340597,585.937,89.18268,605.2347,366.36804,503.48312,703.20087,657.8648,673.37714,512.2548,715.4812,666.63654,657.5881,591.2,717.23553,738.56433,624.2557
0.6290961148647162,526.75226,45.666958,535.52673,29.872952,528.50714,28.118061,575.88916,33.38273,609.23206,35.13762,628.5359,142.18588,602.2125,126.39188,644.3299,294.86127,563.605,236.9499,625.02606,372.07642,546.0561,317.67484,614.49677,382.60574,625.02606,373.8313,574.1343,542.30066,630.2908,512.4676,575.88916,700.2407,725.0548,619.5158,549.56586,-21.018845,602.2125,87.7843,618.00653,365.05685,498.67404,701.9956,670.6532,675.6723,509.20337,714.27985,679.4277,661.6332,589.9283,716.0347,749.6232,631.80005
0.6232088116499094,538.3714,47.344242,547.1561,31.531775,538.3714,29.774834,587.56573,33.288715,612.1629,38.55954,635.0032,151.00375,615.6768,131.6774,652.5726,303.8576,624.4615,258.17715,584.0519,400.48935,561.2117,335.48254,622.7046,388.19077,629.73236,379.40607,577.0241,546.3154,645.5448,516.44745,575.26715,699.1693,729.878,627.1347,562.96857,-19.41951,613.91986,93.024704,624.4615,370.62137,496.20483,699.1693,670.14197,676.32904,506.74646,713.2248,678.9267,662.27356,587.56573,714.98175,750.96124,642.9472
0.6392395416131387,544.9586,47.32669,555.51105,31.498066,543.1999,29.739328,594.20325,33.2568,613.5494,36.774273,646.96533,151.09213,615.3081,129.98729,664.5527,300.58472,615.3081,256.6163,588.92706,397.31522,566.0635,346.31186,632.89545,388.5215,631.1367,381.48657,581.8921,543.29034,655.75903,516.90924,574.8572,699.8179,733.14343,634.7446,569.58093,-19.505287,618.82556,91.2951,631.1367,370.93417,492.19653,698.0591,669.8289,676.9543,504.5077,712.12897,680.38135,666.40186,588.92706,715.6465,754.2482,652.332
0.6407821476459503,551.1233,48.935764,561.6501,33.145557,549.3688,31.39109,603.7573,33.145557,616.0386,36.65449,651.1279,143.67702,631.8288,129.64128,672.1815,292.80676,624.8109,252.45401,600.24835,387.548,577.4403,343.6863,633.58325,385.79355,651.1279,377.0212,586.21265,541.94116,661.6547,513.8697,573.93134,699.84326,735.34235,638.4369,575.6858,-17.734003,626.56537,91.04299,638.8467,370.00333,494.98032,694.57983,673.93604,675.2807,507.2616,710.37006,682.7084,664.7539,586.21265,715.6335,756.396,657.736
0.6358742094956912,570.6622,56.28995,577.6969,40.461807,570.6622,38.70312,618.1466,40.461807,618.1466,40.461807,665.63104,145.98277,663.8724,131.91331,679.70056,298.9882,630.4574,251.50375,625.18134,385.16364,593.5251,335.92053,648.04425,385.16364,663.8724,378.1289,600.5598,541.6864,679.70056,518.82355,575.93823,694.69183,739.4957,645.4487,597.0424,-10.539997,642.7682,96.739655,655.079,369.3355,495.03882,687.6571,676.18317,671.8289,507.3496,701.72656,688.49396,661.27686,588.249,712.2786,760.5999,666.5529
0.6485632130732903,578.7465,58.183056,585.79004,40.574207,576.98566,38.81332,629.8122,42.33509,650.9428,42.33509,672.0734,155.03174,668.55164,133.90112,675.5952,304.70697,650.9428,262.44574,626.2904,403.31653,605.1598,350.49,649.18195,394.51212,673.83435,385.7077,603.3989,545.94824,687.9214,521.29584,575.22473,697.38434,742.50885,644.5578,603.3989,-12.252348,650.9428,100.4443,665.0299,376.90326,492.46317,683.2973,677.3561,667.4493,504.78937,700.9061,689.6823,658.6449,585.79004,716.7541,760.1177,665.6884
0.6573817214140525,586.7687,62.043625,593.7951,42.72087,586.7687,42.72087,635.95386,46.2341,651.76337,46.2341,685.13904,158.6574,667.5729,139.33464,702.7052,302.69974,651.76337,267.56744,641.2237,401.07013,609.6046,322.0225,660.54645,395.8003,676.35596,388.77383,607.848,545.1125,692.16547,524.0331,576.22894,696.1813,744.8639,646.9961,613.11786,-8.220934,658.7898,100.68913,671.0861,378.23413,491.9115,683.88495,678.11255,668.07544,505.96442,699.6945,690.4089,659.29236,588.52527,713.74744,764.18665,668.07544
0.6543797518198307,592.3795,63.54939,599.41595,45.9582,594.1386,45.9582,641.6348,47.71732,648.6713,47.71732,689.13104,155.02357,669.7807,137.43239,710.2405,301.03046,659.226,267.60718,646.9122,399.5411,624.04364,362.5996,668.0216,397.78198,682.09454,390.7455,613.48895,545.548,697.92664,526.1977,578.3065,691.5549,747.18195,652.85425,617.00714,-6.8153687,664.50336,102.25001,678.5763,378.43167,493.86884,684.5184,680.33545,670.44543,507.9418,700.35046,694.4084,661.64984,590.62036,710.90515,764.77313,672.2045
0.6698815249479734,600.3159,67.15659,607.3526,49.56485,600.3159,47.805676,649.5728,49.56485,649.5728,49.56485,695.31134,156.8745,679.47876,139.28276,712.9031,302.886,667.16455,264.18414,654.85034,399.6406,617.90765,362.69794,670.6829,397.8814,691.79297,387.32635,619.6668,545.6521,702.348,528.06036,579.2058,693.4227,749.84576,656.4801,621.426,-1.4512134,670.6829,104.09926,684.7563,378.5305,494.76544,682.8677,682.99713,668.7943,508.83884,698.70026,695.31134,661.7576,591.52,711.01447,767.4375,675.831
0.6736823664261744,606.6177,63.525276,613.65454,47.69224,606.6177,45.933014,655.876,49.45147,625.9691,47.69224,706.8935,160.2827,680.5051,142.69043,724.4858,309.8169,675.2275,271.11392,668.19055,399.5374,633.00604,364.3529,676.9867,401.29663,692.8197,392.50052,625.9691,547.3124,706.8935,529.7201,581.98846,693.3281,750.87415,658.1436,629.4876,-5.0845337,676.9867,105.7467,687.54205,381.94516,495.7864,682.77277,682.26434,668.699,509.86023,698.60583,694.5789,661.66205,594.30304,710.9204,766.7072,677.4951
0.6721413215765586,617.55414,65.366844,624.5986,49.516926,617.55414,47.755825,668.6261,51.27803,700.3259,49.516926,723.2203,158.70526,686.2371,141.09424,735.548,304.87674,682.7149,267.8936,687.9982,401.73734,649.25397,368.2764,693.28156,399.97623,700.3259,392.93182,636.9263,546.1477,714.4148,528.5367,587.6154,692.3192,751.3979,658.8583,642.2096,-1.5550339,689.75934,105.87219,700.3259,382.36523,499.5603,681.75256,684.476,669.42487,513.6491,699.3636,695.04266,660.6193,598.182,711.6913,767.2478,678.23035
0.6941529019520833,625.11206,68.805214,632.1425,51.22895,625.11206,49.471325,677.8408,51.22895,702.4476,51.22895,732.3272,158.44414,695.41705,142.6255,742.873,300.81186,690.1442,272.68982,695.41705,400.99652,674.32556,372.8745,700.68994,400.99652,702.4476,393.96603,640.93066,545.1219,718.26624,527.5456,593.4748,691.0048,753.41876,657.6099,649.7188,0.25779486,695.41705,107.472984,704.2052,381.66266,505.59348,685.73193,688.3866,669.9133,521.4121,701.5506,698.9323,661.1252,604.0205,710.33875,769.23737,676.94385
0.6881520782525723,631.4644,65.4425,640.2653,49.600792,631.4644,47.840603,684.2701,53.12117,707.1525,53.12117,738.83594,156.97234,698.35156,142.89082,744.1165,303.06805,689.55066,271.38464,698.35156,406.91922,673.7089,373.47562,701.87195,401.63864,701.87195,394.5979,642.0255,545.9742,721.2341,526.61206,601.5412,692.0699,754.6777,653.3457,657.86725,0.31549144,701.87195,109.44723,703.63214,380.5164,513.5317,686.7893,689.55066,669.18744,527.6132,702.63104,701.87195,662.14667,612.1023,711.43195,770.51935,672.7078
0.6822248445107386,638.7907,66.87874,645.81836,49.309666,638.7907,49.309666,689.741,52.823483,719.60846,52.823483,742.44824,151.2103,710.8239,138.91194,745.9621,298.79053,695.0118,267.1662,702.03937,405.96188,679.1996,372.58063,707.3101,398.93427,710.8239,391.90662,645.81836,544.75757,723.12225,525.4316,610.6802,694.0947,756.50354,651.92896,658.1167,1.8731651,709.067,107.28761,710.8239,381.36517,522.83484,687.0671,695.0118,665.9842,536.8901,702.8793,705.5532,658.95654,621.2216,713.4207,772.3157,673.01184
0.6637111821999917,645.1147,65.01058,653.8694,49.252167,645.1147,47.501232,699.3937,49.252167,716.903,47.501232,750.1708,154.30826,720.4049,138.54985,750.1708,306.6396,706.3974,273.37183,706.3974,408.19382,690.639,374.92606,709.8993,402.941,715.1521,395.93726,646.8656,543.0158,729.15955,525.5065,624.10345,691.8453,757.1745,658.5775,669.62775,-3.2758787,716.903,105.28208,716.903,381.92978,534.8058,688.3434,695.8918,667.33215,550.5642,704.1018,704.6465,658.5775,636.36,711.1055,774.68384,676.08685
0.6619925739673468,651.89856,61.759003,660.67706,45.957787,651.89856,44.202095,706.325,49.469166,720.37054,47.713474,755.4844,153.05493,725.6376,137.25371,755.4844,307.55573,711.5921,275.95328,711.5921,416.40854,695.79083,379.53903,713.3478,404.1187,715.10345,397.09595,650.1429,546.32965,729.149,525.26135,636.09735,692.052,755.4844,651.67114,672.96686,-3.2015579,722.1262,105.651276,718.61487,384.80612,550.06854,692.052,699.30225,665.7166,565.86975,704.34186,708.0807,655.1825,650.1429,707.8532,773.04126,669.228
0.6348501627261822,662.6264,63.60508,671.39886,47.814713,660.87195,42.551254,715.261,46.060226,738.0693,44.30574,767.89557,147.82039,738.0693,133.7845,764.3866,307.47858,725.7879,274.14334,720.5244,410.9932,701.2251,377.658,725.7879,395.20285,720.5244,389.9394,652.0995,546.08856,732.80585,526.78925,666.1354,696.97437,753.8597,660.1301,683.68024,-6.5743384,734.5603,103.958244,724.0334,382.92145,581.9201,700.48334,704.7341,675.92053,595.956,712.7647,711.752,663.6391,681.9258,712.7647,769.65,677.675
0.6230449974536896,667.3432,59.496754,676.1001,43.734318,665.5918,38.48017,721.63605,43.734318,746.1554,41.982933,774.1775,150.5686,751.4095,133.05478,765.4206,306.4416,739.14984,276.6681,726.8902,411.52448,705.8736,379.9996,728.64154,395.76205,725.1388,390.5079,656.8349,546.38086,732.1443,527.11566,679.60284,695.24835,754.9123,667.2262,690.11115,-10.558518,739.14984,103.281296,728.64154,381.751,604.29346,698.7511,711.12775,679.4859,625.31006,709.2594,719.88464,670.729,695.3653,711.01074,772.4261,684.74005
0.6399518022170434,671.78894,57.879765,682.30664,43.85616,670.03595,38.59731,727.8833,45.60911,748.9187,43.85616,780.4718,154.29204,747.1658,135.00958,769.9541,312.0576,736.6481,273.49268,729.6363,410.2228,705.095,373.41083,731.3892,401.45804,724.37744,392.6933,663.0242,548.7059,736.6481,529.4234,692.82434,699.4596,755.93054,664.40063,698.0832,-10.485303,745.41284,105.20943,729.6363,382.1756,620.95337,708.22437,713.85974,671.4124,641.9888,722.248,726.1304,660.8947,710.3538,715.23615,771.7071,681.9301
0.6389280420083266,677.298,56.35829,686.0698,40.568913,675.5436,37.060165,731.6836,42.323288,754.4905,40.568913,782.5605,152.84892,749.22736,133.5508,773.7886,310.7427,742.20984,272.14645,735.1923,410.7421,705.368,370.39145,731.6836,398.46146,728.17487,389.68958,666.7717,551.0921,740.45544,528.2852,703.6136,701.9684,757.9992,659.86334,701.8592,-12.062343,749.22736,103.726425,729.9292,380.9177,636.9473,712.4946,719.40295,665.12646,657.9998,726.5296,731.6836,656.3546,721.15735,717.75775,770.27985,677.4071
0.6190997923795993,684.7673,53.42572,695.2768,35.909878,684.7673,34.158295,740.818,39.413048,761.837,37.66146,788.1108,155.01761,756.5823,133.9986,782.856,317.91495,749.5759,274.12534,740.818,419.50684,711.0411,377.4688,737.3148,400.2394,730.3085,389.72992,674.2578,549.1241,740.818,524.60187,723.3021,689.2508,756.5823,648.96436,709.2895,-13.134481,756.5823,104.221664,735.56323,384.47516,672.5062,692.75397,686.51886,659.4739,683.0157,696.25714,697.0284,654.2191,742.5696,701.5119,770.5949,662.97705
0.6145303490070196,688.6441,50.66113,699.1519,34.899414,688.6441,31.396812,748.18835,36.65072,765.70135,34.899414,791.9709,153.98792,758.69617,134.7236,786.717,316.85895,751.691,281.83292,742.93445,421.93704,709.6597,385.15973,739.4318,402.67273,730.67535,393.91623,681.6389,555.03595,742.93445,534.0203,737.68054,698.6427,755.19354,660.1141,716.6649,-15.888329,760.44745,103.20017,735.92926,385.15973,671.1311,689.88617,672.8824,665.368,685.1415,695.1401,679.8876,660.1141,755.19354,712.6531,769.204,672.37317
0.639690277668146,694.82855,50.665356,703.59174,34.891617,694.82855,31.386341,752.6656,36.644257,773.6972,36.644257,794.7289,161.08153,764.934,134.79196,782.4604,320.57156,756.17084,285.5188,745.655,427.48245,715.86017,390.67706,742.1497,408.20343,729.8813,399.44025,726.376,558.93024,686.06537,541.4039,745.655,700.8939,735.1392,658.8306,719.3655,-15.934874,764.934,104.99712,738.6445,390.67706,668.53894,685.1202,670.2916,660.58325,684.3127,697.3886,677.3021,653.5727,761.4288,720.1729,761.4288,672.8517
0.6494600337285262,698.47406,48.919735,707.22107,34.924458,698.47406,31.425636,754.45514,38.423275,775.44806,36.673866,796.441,157.38313,770.1998,136.39021,789.44336,318.32883,761.4528,285.09003,749.2069,425.04282,719.467,386.5558,743.9587,407.5487,733.4622,400.5511,728.214,561.49677,693.2258,540.50385,754.45514,711.946,733.4622,664.7119,728.214,-15.808424,768.45044,103.151436,742.2093,388.3052,672.2329,690.95306,670.4835,662.9625,687.9776,710.1966,677.48114,657.7143,768.45044,729.4401,749.2069,683.95544
0.6579582759967217,698.758,49.051476,709.24304,33.32391,700.5055,29.828896,758.1732,38.56643,775.6483,36.818924,801.8609,159.14442,772.15326,138.17433,793.12335,319.91507,765.16327,286.71243,749.43567,428.2605,721.4756,386.32034,747.6882,409.03793,735.4556,402.0479,726.7181,562.81854,698.758,541.84845,759.9207,711.3567,740.6982,664.17395,731.96063,-17.353796,770.40576,101.476685,745.9407,388.06784,674.2929,697.3766,672.5454,664.17395,695.263,721.8417,681.2829,658.93146,773.9008,727.0842,756.4257,683.39655
0.6641764021836795,702.0591,49.295437,712.55084,33.557728,703.8077,31.809095,761.51263,37.054996,778.99896,37.054996,806.9771,159.45938,773.75305,140.2244,792.98804,318.58508,765.0099,288.85828,751.0208,427.00037,724.7913,386.7818,749.27216,413.0113,738.7804,404.26813,728.2886,561.6452,707.30493,538.91296,765.0099,706.7818,742.27765,661.3173,735.2831,-18.90129,773.75305,101.754456,747.52356,390.27905,679.3268,698.03864,675.8295,659.56866,696.8132,715.52496,684.5727,654.3228,778.99896,724.2681,759.764,678.80365
0.6671709303672497,705.3637,49.665314,715.83673,33.955822,705.3637,30.464823,764.7107,37.44682,780.4202,35.70132,810.0937,161.37727,775.1837,140.43127,794.3842,323.7087,769.9472,288.7987,752.4922,433.67514,726.30975,388.29218,750.7467,410.98367,740.27374,402.25616,731.5462,561.0966,710.6002,540.15063,769.9472,707.7185,742.0192,658.84454,735.03723,-18.409157,776.9292,103.775795,750.7467,390.03766,680.92676,695.50006,677.4357,657.09906,698.3817,712.955,686.16327,650.11707,783.9112,725.1735,762.9652,674.5541
0.6617471220401617,710.4504,47.658356,720.9433,33.667778,710.4504,28.42131,769.91034,35.4166,787.39856,35.4166,817.12854,161.3318,780.40326,140.34593,797.8915,320.47464,775.1568,288.99585,754.1709,430.65045,729.6874,383.43225,757.6686,413.16223,745.4268,400.92047,736.6827,565.30975,720.9433,537.3286,778.6544,712.2108,741.92914,654.4997,740.18036,-18.796894,782.1521,103.62067,757.6686,392.17636,685.96686,698.2203,677.2227,657.9974,703.4551,715.7085,685.96686,651.0021,792.645,727.95026,755.91974,670.23914
0.6540363224653097,712.66394,46.12802,723.17365,30.363375,714.4155,26.860119,772.21924,35.618256,789.73553,35.618256,821.26483,163.48705,782.729,144.21915,798.49365,322.88513,775.7225,291.35583,756.4546,434.9893,731.9318,391.1986,761.7095,422.7279,749.44806,408.71487,742.4416,578.62274,726.67694,543.5902,784.48065,717.0013,747.6965,657.446,747.6965,-20.433819,784.48065,103.931725,761.7095,398.2051,688.1411,694.2301,679.383,657.446,703.90576,711.7464,689.89276,650.43945,798.49365,732.7659,759.9578,673.21063
0.6482825577259064,714.9871,45.864647,725.5055,31.840124,716.7402,26.580929,774.5913,35.346252,788.61584,33.59319,823.6771,161.56694,783.3566,142.28323,802.6404,322.84894,776.34436,287.78763,755.3076,435.0451,730.7647,387.71234,765.826,415.76138,750.0484,403.48993,744.7892,582.30255,729.01166,541.98206,786.8628,719.0416,748.29535,655.9313,743.03613,-18.998764,785.10974,103.71579,764.07294,396.47766,688.69116,699.75793,681.6789,659.43744,706.2218,720.79474,690.4442,650.6721,800.8873,736.5723,758.8137,673.462
0.6494308228676136,715.8379,44.035797,726.3495,30.020367,719.34174,24.764578,778.90735,35.276154,794.6747,33.524223,826.2094,163.16698,785.91504,143.89575,801.68243,326.09637,777.1554,289.30588,756.13226,441.7237,731.6052,390.91776,766.64386,422.45248,750.87646,408.43704,750.87646,583.62994,733.3572,538.0798,787.667,718.5285,749.1246,655.45905,749.1246,-20.785576,787.667,103.60139,764.8919,397.92548,691.3109,701.0092,680.7993,660.71484,708.8302,720.2804,691.3109,651.9552,801.68243,736.0478,761.38806,672.97833
0.6492438499744122,718.324,43.740707,730.57544,27.98882,721.8244,22.73819,786.58215,34.98966,802.33405,33.23945,828.5872,159.25455,790.0826,141.75246,805.8345,323.7743,781.33154,290.5203,756.8286,441.03833,732.3257,392.03247,772.5805,421.786,756.8286,409.53455,758.5788,577.5547,741.0767,533.79944,790.0826,717.5715,751.57794,656.31415,753.3282,-22.767265,791.83276,103.24784,769.0801,400.7835,688.57043,696.569,681.5696,659.8146,707.8227,712.32086,692.0708,652.8137,802.33405,735.0736,760.329,673.8162
0.6464208341561831,721.2402,43.72182,733.49426,27.966555,724.74133,22.714798,787.7624,36.719482,805.26825,33.21831,829.7764,159.26045,791.26355,141.7546,808.7694,325.56607,780.7601,290.55435,758.00244,442.8553,733.49426,388.58713,775.5083,420.09766,758.00244,409.59415,761.5036,579.40094,743.99774,535.6363,791.26355,715.9466,752.7507,659.92786,754.5013,-21.049835,793.01416,103.24172,770.25653,400.84122,686.22845,696.6901,682.7273,663.429,707.2355,712.44543,693.2308,656.4267,801.7671,735.203,761.5036,679.18427
0.6476329404574174,725.03284,43.645664,735.5395,27.885698,726.78394,22.632378,789.8238,34.89013,805.58374,33.13902,831.85034,159.21873,793.326,141.70766,807.33484,329.0761,779.31714,288.80066,758.3039,446.4003,732.0373,386.86264,775.81494,425.38702,760.055,413.12927,765.3083,582.98663,746.04614,533.9556,791.5749,716.0708,751.29944,658.28424,754.80164,-21.1453,795.07715,103.183304,772.31274,406.12482,688.2596,695.0575,681.2552,663.5376,707.5218,712.5686,693.51294,656.53314,803.83264,735.33295,761.8061,679.29755
0.6492914247971314,725.873,43.649143,738.1332,27.886099,729.3759,22.631752,790.67664,34.891895,806.4397,33.140446,832.7114,155.7419,794.1795,138.2274,809.94257,329.13538,781.9194,287.1006,760.902,449.98535,732.8788,383.4303,776.66504,423.71362,764.4049,413.20493,767.9078,577.8412,746.8904,528.8006,790.67664,712.70276,752.1448,660.15924,755.64764,-19.40303,795.93097,103.19842,774.9136,404.4477,689.0926,693.4368,683.83826,663.6622,706.60706,710.9513,694.3469,658.40784,802.93677,731.9687,762.65344,679.42523
0.646750773374851,729.0371,43.713253,739.5484,27.946346,730.789,22.690712,792.10474,34.95386,807.87164,33.20198,834.14984,155.83347,795.6085,136.5628,813.1273,329.26944,779.8416,285.47247,762.3228,453.6528,732.5409,378.32202,779.8416,423.87085,765.8266,411.60773,767.5784,581.5399,746.5559,528.9836,790.35284,712.9308,753.5634,658.62256,753.5634,-19.35437,799.11224,101.52524,776.3378,404.6002,688.7439,690.1564,685.2402,662.12634,706.2627,709.42706,695.75146,656.87067,802.616,730.4496,762.3228,677.89325
0.644688109938915,729.8014,43.75544,742.0671,26.233078,731.55365,22.728607,794.63416,34.99426,808.65204,31.489786,836.6878,155.89853,798.1386,134.8717,815.66095,332.87436,785.873,285.564,761.3417,457.2831,733.3059,373.17578,778.864,423.99063,766.5984,411.72498,770.10284,581.69183,747.3238,529.12476,791.12964,713.10956,754.3327,658.7902,756.08496,-21.07729,801.64307,101.57922,777.11176,404.71603,687.74774,690.3305,685.9955,664.04694,705.2701,709.6051,696.5089,658.7902,803.3953,732.38416,764.8461,678.0648
0.637126740354758,730.31714,42.044174,742.58234,26.274574,733.8215,21.01804,796.89984,35.035465,814.42163,31.531107,840.70435,157.68793,798.65204,138.41396,817.926,332.9057,781.13025,287.3491,763.60846,459.06253,733.8215,374.95798,782.88245,432.77985,767.11285,424.01898,772.3694,597.48456,749.59106,534.4062,793.3955,714.8805,754.8476,658.8108,763.60846,-24.538588,803.90857,101.618225,781.13025,410.00156,691.7692,690.35004,684.7605,664.0673,712.79535,709.62396,697.02576,658.8108,807.41296,734.1545,763.60846,681.5891
0.6350458848934907,729.6893,43.8166,743.7087,24.539972,733.19415,21.035131,798.0337,33.302074,817.31036,31.549656,841.84424,157.72394,799.78613,138.44731,819.06274,332.966,780.5095,287.40308,764.73773,460.89273,734.94653,373.2717,785.7668,429.34915,769.995,422.33948,773.4998,597.58154,750.7183,534.4944,794.5289,714.9937,757.728,660.6687,762.9853,-24.527805,805.0434,101.646484,784.01434,408.3201,692.8885,688.7074,687.6312,662.4211,712.1651,709.73645,699.89813,658.91626,806.79584,734.2703,768.24255,681.6977
0.6370781866403726,732.4952,43.835182,744.75946,24.562712,735.99927,21.058626,799.0728,33.322926,820.0973,31.570883,842.87384,155.96591,800.8248,138.4455,821.84937,334.6743,779.80035,289.12115,767.536,462.5734,734.2472,373.21924,785.05646,429.2846,771.0401,422.27643,774.5442,597.4807,748.26355,534.40717,795.5687,713.11554,758.7758,658.8022,765.784,-26.246529,807.833,101.652596,785.05646,410.01212,692.1982,688.5869,688.6941,662.3063,711.47064,707.8594,699.20636,657.0502,807.833,732.388,769.2881,679.8267
0.6344516231463506,732.3842,42.082005,744.64453,24.567215,734.1357,21.064255,798.9404,31.573132,819.9581,31.573132,844.4789,157.67963,802.44336,138.41336,821.70966,336.3305,781.4256,290.79205,765.6623,465.93997,734.1357,376.61453,786.68005,429.1589,770.91675,422.15298,772.6682,590.295,744.64453,532.49615,795.43744,709.39557,760.40784,660.3541,763.9108,-26.225681,807.6978,101.63229,784.9286,408.14114,693.8517,688.3778,686.84576,663.8571,711.36646,705.8926,699.1061,658.60266,807.6978,728.6618,770.91675,681.3719
0.6321280174530469,731.2214,42.063766,745.23694,24.544298,734.7253,21.040403,799.5473,31.552084,820.5707,31.552084,845.09796,159.4442,803.0512,136.6689,822.32263,341.64667,783.7798,294.34412,764.50836,469.5388,734.7253,378.43756,787.2837,432.7479,773.2681,425.7401,775.0201,583.41534,741.7331,534.36084,794.2915,709.5555,759.25256,658.749,762.7564,-26.26216,808.30707,101.62996,787.2837,409.9726,692.6786,685.02826,687.4227,662.2529,708.4461,704.2997,699.68634,656.9971,808.30707,728.8269,771.5162,679.7724
0.6301275193691254,732.473,40.336155,746.4959,22.80748,734.2259,21.054613,800.83484,29.81895,827.12787,29.81895,846.40936,156.0254,804.3406,134.991,825.375,338.3236,781.5533,290.99622,769.2832,469.7887,735.97876,382.1453,786.8119,432.97845,765.77747,425.967,778.04755,587.2308,734.2259,534.6448,795.57623,711.6844,757.0131,660.85126,762.2717,-28.025677,811.35205,99.93365,783.30615,413.69693,692.15704,690.64996,685.14557,664.357,707.93286,709.9315,697.41565,659.0984,807.8463,732.7188,767.53033,681.8856
0.6258149766005002,734.00323,38.48333,746.2779,20.948048,735.7567,17.440992,798.8837,27.96216,826.9402,27.96216,844.47546,152.46266,807.65137,133.17386,826.9402,340.09018,784.8555,294.49844,770.82733,473.35834,735.7567,383.9284,786.6091,431.27365,763.8132,424.25955,777.84143,580.32355,728.7426,532.9783,795.3767,710.08466,756.7991,662.7394,760.30615,-26.397215,811.15845,99.85682,781.34845,415.4919,690.165,692.5494,683.1509,667.99994,705.9468,711.8382,695.4256,662.7394,809.4049,732.8805,767.32025,682.0282
0.6225013790222315,733.3406,38.440586,745.61755,20.902061,735.0944,19.148209,796.47925,27.91747,821.0332,26.16362,843.83325,148.93329,807.0024,131.39476,829.8024,338.34933,785.9561,292.74918,771.9253,475.1498,735.0944,387.4572,789.4638,427.7958,763.15607,420.7804,778.94073,569.85785,724.5713,533.027,796.47925,713.67377,754.3868,666.31976,759.6483,-26.451952,810.5101,96.31771,780.6946,413.76498,687.7404,699.64294,682.4788,673.33514,703.5251,717.18146,694.7558,666.31976,810.5101,734.72,766.66376,687.36597
0.6250304212936988,732.7983,38.47676,745.08905,20.918455,734.5541,17.406794,796.0082,27.941778,815.3223,27.941778,843.4156,150.84993,806.54315,131.5358,827.6131,343.9913,785.4732,298.33972,773.1824,479.19028,734.5541,393.15457,785.4732,437.05035,760.89154,428.27118,778.4498,581.02844,724.0191,535.3769,796.0082,712.71576,748.6007,667.06415,760.89154,-26.488976,808.29895,98.17501,780.2057,421.24786,681.87915,700.425,676.6117,674.0875,699.4375,717.9833,688.90247,667.06415,808.29895,732.0299,759.13574,686.3783
0.6222412402813251,730.809,36.697433,744.86096,20.888956,732.5655,17.375961,794.0429,26.15845,815.1209,26.15845,843.22485,149.11328,804.5819,129.79181,830.9294,340.5715,785.26044,289.6331,776.47797,475.8218,734.322,391.50992,788.77344,430.15286,757.1565,423.1269,776.47797,586.48114,718.51355,533.78625,797.5559,719.975,743.1045,669.03656,755.39996,-24.779978,806.3384,96.41835,776.47797,417.8574,681.6271,709.436,669.3316,677.81903,699.192,727.001,683.38354,672.54956,811.6079,735.78345,753.6435,690.1145
0.623858508009177,725.94934,36.760765,741.7656,19.187122,727.7067,17.429758,792.7292,27.973944,813.81757,26.21658,843.69275,149.23209,801.51605,131.65845,827.87646,342.54218,783.9424,291.5786,776.9129,481.37396,734.7362,398.77783,785.69977,435.6825,757.5819,425.1383,778.6703,592.0879,715.40515,535.85223,798.0013,725.6476,731.22144,669.4119,759.3393,-28.261717,805.03076,96.511154,773.3982,412.83673,671.47107,711.5887,657.4122,678.1988,690.80206,729.16235,671.47107,671.1693,810.30286,737.94916,743.523,694.0151
0.6161390107411605,726.72284,38.752316,740.7861,21.173237,728.4808,17.657421,790.0075,28.204868,812.8603,24.689053,840.9868,147.7426,802.31287,130.16351,826.9236,344.62827,784.73376,290.13312,775.9443,479.98715,735.5124,399.1234,784.73376,427.24994,754.84937,416.70248,775.9443,581.9458,714.4175,534.4823,797.0391,726.09424,724.9649,669.8412,754.84937,-26.290272,804.0708,96.76327,772.42847,409.67084,658.1644,710.2731,649.3749,678.63074,682.77515,726.09424,663.4382,671.5991,809.3445,738.3996,737.27026,692.694
0.612509277004462,724.4174,40.422863,740.2339,22.848984,726.1748,19.334208,791.1982,29.878536,808.77203,26.36376,842.1624,147.62352,798.2277,131.80704,826.3459,344.45096,778.8964,289.97195,775.38165,483.2846,733.20435,409.4743,782.4112,432.32037,749.0209,416.50388,777.13904,599.2722,712.1157,536.0062,798.2277,725.80414,719.14526,669.56775,749.0209,-24.600489,801.7425,98.416664,768.3521,414.7465,662.9089,711.74506,645.33496,678.3547,683.9975,727.5615,659.39404,671.32513,810.5294,738.10583,731.44696,690.6564
0.6157029282588226,723.1396,40.333122,737.17505,22.78881,724.89404,19.27995,788.0536,29.806536,803.84344,26.297672,840.6865,150.86229,795.0713,131.56354,824.8966,347.35858,775.7725,291.21677,772.2637,478.94092,731.91174,414.02695,777.527,431.57126,747.70166,417.53583,774.0181,601.7511,709.1042,535.0827,796.82574,726.3157,712.61304,671.92834,747.70166,-22.826399,802.089,98.22935,765.246,412.27252,658.22565,708.77136,637.1725,677.19165,717.87634,726.3157,652.96234,670.1739,809.10675,740.35114,723.1396,692.9815
0.621085008749595,720.87714,40.241875,736.6565,22.709229,722.6304,19.2027,787.50116,29.722286,801.5273,27.96902,840.0991,152.45079,794.5142,131.41162,824.3197,343.5566,773.47504,290.95868,771.7218,475.05145,731.3967,403.1676,776.98157,431.21985,747.1761,418.947,773.47504,592.52014,706.851,534.6624,796.2675,724.015,708.60425,671.41705,752.4359,-24.62891,799.77405,98.0996,764.70874,410.18066,724.38367,711.7421,633.2139,678.4301,722.6304,727.52155,647.24,671.41705,808.54034,738.04114,719.12384,694.20953
0.6244434622617868,718.90314,40.18724,734.6699,20.916746,720.655,19.164883,785.47394,29.676062,799.48883,26.172337,839.7817,150.55461,792.4814,131.28412,822.26306,343.25955,769.70715,290.70364,766.2034,472.8974,727.6625,409.83032,776.7146,434.3564,743.4292,420.34152,773.2109,604.2871,704.88824,534.2126,795.9851,726.91754,704.88824,670.8579,750.43665,-26.383554,799.48883,97.99872,760.9479,411.58218,725.9106,711.15076,627.8063,676.1135,731.1662,728.6694,640.0693,670.8579,811.7519,739.1806,715.3994,693.63214
0.6271564341508425,716.1638,40.14132,731.9281,20.873863,717.9154,19.122276,784.4757,29.631798,796.7368,27.88021,837.0233,150.49129,787.9789,131.22383,821.25903,344.91742,765.20825,288.86664,761.7051,472.78326,724.92175,402.7198,775.7178,432.49677,737.18286,414.9809,770.463,600.6491,702.1511,534.0888,794.9852,726.76337,700.39954,667.2094,744.1892,-22.915806,794.9852,99.69527,758.2019,413.2293,724.92175,710.9991,621.5781,675.96735,737.18286,730.26654,633.83923,667.2094,810.7495,739.0245,710.90906,689.98004
0.6197347893164709,711.16724,40.106728,726.9629,22.556023,711.16724,20.800953,779.615,29.576305,788.3904,26.066164,834.0222,147.16603,783.1252,133.12547,819.9816,338.46872,758.5542,289.32675,753.28894,470.09903,719.9426,399.8962,770.83966,438.50775,733.98315,424.4672,769.0846,608.7496,698.8818,536.7917,793.6556,729.8495,691.8615,666.66693,737.49335,-24.830883,790.14545,99.77913,753.28894,415.69183,721.6977,714.05383,612.8833,671.9321,737.49335,738.6248,623.41376,663.1568,811.2063,742.13495,702.3919,687.7278
0.620990779537421,709.5058,43.660973,725.3011,26.110626,711.2608,24.35559,777.95215,31.37573,784.9723,27.86566,832.3582,145.453,777.95215,133.16776,818.31793,336.7518,749.8716,284.10077,753.38165,466.6244,713.01587,394.66797,769.17694,429.76865,727.05615,412.21832,765.6669,605.27216,695.4655,533.31573,793.74744,731.63464,688.4454,663.1883,732.3212,-21.275318,788.48236,101.577126,751.6266,412.21832,718.28094,721.10443,609.4688,671.9635,730.5662,749.185,619.999,661.4333,809.5428,743.9199,698.9756,686.0038
0.6200791975626578,707.9177,41.887344,721.9563,24.339113,707.9177,22.58429,772.8461,31.358406,779.8655,27.848759,829.0005,143.66708,776.35583,133.13815,816.71674,333.188,751.78827,282.29813,741.25934,459.53528,716.69183,392.852,765.82684,429.70328,727.22076,413.90985,762.3172,605.1856,693.8791,534.9927,793.90405,733.28766,683.35016,664.8496,730.7304,-23.041115,786.88477,99.79651,750.03345,412.15503,714.937,721.0039,604.3831,671.8689,730.7304,752.59076,616.6669,663.0948,816.71674,743.81665,693.8791,689.4171
0.6211667565199045,705.84424,43.642525,719.8749,26.104218,705.84424,24.350388,770.73596,31.36571,775.99744,27.85805,826.8585,148.87234,775.99744,133.08788,811.07404,334.77838,751.44385,285.6711,739.167,461.05417,714.6134,394.4086,763.72064,431.23904,725.13635,413.70074,761.9668,604.8683,691.8136,536.4689,793.53577,729.3902,679.5368,664.4985,728.64404,-24.756865,784.7666,99.7651,747.93616,411.9469,712.85956,710.0981,602.3682,668.00616,730.3978,750.43616,614.645,659.237,816.3356,741.66705,690.05975,689.0521
0.6177010696667892,701.8594,45.402084,714.131,26.118122,701.8594,26.118122,766.72363,31.377384,775.4891,29.624296,824.5755,150.58734,771.9829,134.80956,808.7977,334.66156,749.19275,283.822,738.6742,459.13077,712.3779,394.26654,763.21747,432.83444,724.64954,417.05667,759.71124,601.13086,689.58777,536.2666,793.01996,727.35315,677.31616,662.48895,728.1557,-24.72142,780.7483,99.7478,747.43964,410.0443,714.131,699.3038,600.1803,665.9951,731.66187,750.1433,610.6988,657.2297,814.057,739.6248,689.58777,687.03217
0.6198869049549103,698.7102,45.457,712.736,26.171482,700.46344,26.171482,763.57965,31.431168,772.3458,29.67794,823.18945,155.91042,770.5926,134.87167,803.90393,338.24622,746.04736,280.38968,739.0345,459.21902,709.22955,383.83017,761.8264,431.16736,723.2554,415.3883,758.31995,597.7241,688.1908,532.8546,793.3845,732.7227,675.9182,662.59357,728.5151,-24.672157,779.3587,99.8071,746.04736,408.3754,714.48926,667.8533,598.7761,664.3468,730.2683,806.35834,609.29553,655.5806,816.1765,743.2421,688.1908,685.38556
0.6275555330973405,694.7482,45.512024,708.7777,27.97518,696.5019,27.97518,761.38824,33.236233,770.1567,29.728863,815.75244,161.25519,763.1419,136.7036,796.4619,333.11624,742.0977,284.0131,735.08295,452.3668,703.51666,385.72678,754.3735,427.8152,715.7924,412.03204,754.3735,592.6615,684.22614,531.2826,794.70825,729.4489,675.4577,661.0552,724.56085,-22.881664,773.664,101.62992,738.59033,406.771,714.03876,666.3163,598.2956,662.8089,735.08295,755.75415,608.8177,654.04047,817.50616,739.971,685.9798,683.8531
0.6328157209433042,691.3766,45.51625,705.40936,27.975286,693.1307,24.467094,758.0322,33.237576,758.0322,29.729382,810.65515,159.5325,758.0322,136.72925,791.36005,333.18805,735.229,284.07333,729.9667,457.72888,698.39294,380.54865,751.01587,427.90924,712.4257,412.12238,752.76996,596.3025,682.6061,529.6468,793.1142,731.3679,675.5897,659.44995,721.1962,-24.647602,770.3109,103.40143,733.4749,406.86008,710.67163,726.1056,598.4095,662.9581,729.9667,762.94165,608.9341,654.1877,814.1633,740.13837,686.1143,682.2532
0.6266371722404773,690.8698,43.726017,703.1513,27.935492,692.6243,24.426485,754.0319,34.953503,754.0319,29.689995,801.4035,161.27773,755.78644,138.46918,787.36743,334.9735,736.4869,285.84744,724.2054,457.78873,696.1333,384.0996,745.2594,429.71667,711.9238,413.92615,752.2774,592.88544,683.8518,531.47784,792.631,731.4912,673.32477,657.80206,718.94183,-24.6996,764.5589,103.37912,732.97784,406.90814,708.41486,670.0836,597.88116,661.3111,727.71436,806.9348,610.16266,652.5386,815.4395,742.0182,685.60626,682.3651
0.6295203807262274,687.08624,43.76211,702.8825,26.21075,690.59656,24.455614,752.0263,34.98643,759.0468,29.721022,797.65985,161.35623,752.0263,136.78433,778.35333,335.11472,732.7198,284.21576,722.18896,450.9537,695.86194,382.5034,741.4955,429.89206,708.1479,415.85098,750.2712,596.63,680.06573,531.68994,792.3944,728.2652,674.8003,658.05975,718.6787,-22.933062,762.5571,103.43674,727.4544,408.8304,708.1479,689.6522,597.57434,663.3252,727.4544,759.85767,609.8603,654.5495,815.2112,738.796,685.3311,680.8765
0.6263504773378372,684.3203,45.57868,698.3659,28.021725,686.07605,26.26603,749.28107,35.044506,756.30383,29.77742,793.17346,161.45457,751.03674,135.11914,775.6165,338.7798,731.7241,277.33047,719.43427,452.9,694.8545,380.9165,736.9912,426.56458,705.3887,410.7633,747.5254,591.5999,679.0532,528.3949,791.4177,726.78845,672.03046,658.31635,712.41144,-22.89344,759.81525,103.516624,726.45703,405.49622,705.3887,674.1176,594.77985,661.82776,726.45703,751.3682,610.5811,653.04926,814.2418,737.32263,684.3203,681.1404
0.6218846852962787,677.8926,45.6529,690.1906,29.841076,679.6494,26.327337,739.383,35.111683,746.41046,31.597946,783.3047,159.84941,744.65356,133.49637,771.00665,335.53635,727.0849,272.28903,711.2731,446.21912,688.4338,379.45807,734.11237,414.59546,698.975,404.05423,742.8967,581.49805,674.37885,525.2782,788.5753,729.0751,672.62195,657.0434,706.00244,-19.351265,751.6811,103.629585,720.05743,398.78363,704.2456,669.3415,597.07654,662.314,723.57117,753.67126,612.88837,653.52966,813.1715,737.85944,684.92004,679.88275
0.6282862631174234,674.11804,45.701553,686.42114,28.125694,675.8757,26.368107,735.63354,35.156036,742.6639,31.640865,779.57324,158.18706,742.6639,130.06569,761.9974,333.94565,725.0881,270.67258,712.785,446.43115,684.6636,372.61255,730.3608,409.52185,696.9667,398.97635,739.14874,574.7349,672.3605,523.76495,786.6036,727.6449,672.3605,655.5839,703.997,-19.329128,747.93665,101.944305,718.0577,391.94598,705.7546,671.40216,596.7843,660.8566,723.33044,759.2815,612.60254,653.8263,809.45215,736.43286,684.6636,676.6749
0.6378591198187608,671.08765,45.634747,685.14264,29.822893,674.60144,26.309147,732.5782,35.09351,744.87634,29.822893,774.74316,151.0471,739.6057,128.20775,757.17444,326.73434,722.037,267.00067,713.2526,442.68793,683.3858,372.41302,727.3076,405.7936,697.44073,395.25238,737.8488,572.69653,671.08765,523.5041,785.28436,725.54443,672.84454,657.02637,697.44073,-15.855793,744.87634,100.09779,716.76636,389.98175,707.982,727.3013,597.299,662.297,727.3076,758.925,614.86774,653.51263,804.61,734.3288,685.14264,678.1089
0.6326093261058514,669.4581,45.554283,681.7514,29.748608,671.2143,24.480047,727.41223,35.017166,741.46173,29.748608,771.3169,147.41309,737.94934,128.09503,753.75507,323.0317,722.1437,265.07758,709.8504,442.45236,681.7514,373.96112,723.8999,400.3039,697.55707,391.52298,732.6808,563.6292,671.2143,521.4808,783.6102,723.4422,674.7267,656.7071,697.55707,-17.668423,741.46173,98.23987,715.11896,382.74203,709.8504,741.004,597.45447,661.97565,727.41223,760.3221,615.01636,653.1947,802.9282,732.2231,685.2638,679.53754
0.6480687180390725,667.259,43.76091,679.54144,27.969128,669.0136,24.459843,726.9168,34.987698,735.69,29.72377,770.78284,154.30339,733.93536,129.73839,749.7272,326.25836,714.6343,271.86444,705.8611,442.06476,681.2961,378.8976,721.6529,408.72656,697.0879,399.95334,732.1807,566.64435,672.5229,524.53296,781.3107,717.54364,674.2775,654.37646,697.0879,-19.40622,739.1993,98.15483,714.6343,389.42548,718.14355,738.59937,598.8279,661.3951,733.93536,756.14575,616.3743,652.6218,800.61176,728.0715,684.80536,677.1868
0.6424094621951764,665.09607,45.468414,679.13165,29.678368,668.605,24.415018,724.7474,34.941715,737.0285,29.678368,766.8542,154.2443,735.27405,129.68199,742.2919,326.18036,715.9751,270.03796,703.694,434.95624,679.13165,377.0594,719.484,408.6395,696.67615,399.86725,730.01074,566.5399,673.86835,524.43317,779.1353,715.66815,673.86835,654.26245,693.1673,-19.446222,737.0285,99.85635,712.46625,389.34055,719.484,740.23047,600.18146,659.52576,735.27405,754.26605,615.9715,652.508,798.43427,726.1949,684.395,677.07025
0.63198389342198,661.41895,45.457516,673.69916,29.668697,664.92755,24.405756,717.55695,33.177322,738.6087,27.914383,763.1691,152.47063,733.34576,129.66455,738.6087,319.13037,717.55695,266.50098,696.5052,422.63486,678.9621,370.00546,715.8027,403.3374,698.2595,396.32016,728.0828,559.4713,677.20776,524.385,777.2036,710.3422,675.4534,654.2042,691.24225,-19.452074,735.1001,96.332596,714.04834,384.03998,722.8199,738.41125,600.018,659.46716,738.6087,750.6914,617.5611,650.69556,796.50104,722.62244,685.9793,677.01025
0.6357790667277116,661.2333,45.444622,671.75867,27.9023,662.9875,22.639603,719.1229,33.164997,734.911,29.656532,762.97876,152.45279,731.4025,129.64777,738.4195,317.35062,717.3687,264.72363,694.56366,419.09607,677.02136,366.46912,717.3687,399.79953,699.82635,392.7826,727.8941,555.9262,677.02136,524.35,777.0126,708.5444,675.26715,654.1632,691.05524,-21.216202,733.1568,96.31735,715.61444,382.2572,724.3856,734.85785,601.58936,659.4259,738.4195,747.1375,617.37744,650.6547,796.30914,720.82404,685.79254,676.9682
0.6345467762305186,661.0505,43.743065,671.5812,27.94702,662.8056,22.681671,717.21423,33.212368,731.2551,29.702135,762.8472,150.80515,729.5,129.74374,738.2756,314.0309,715.4591,263.13257,692.6426,414.07254,678.6017,368.4395,718.9693,396.52136,697.90796,391.25604,727.7449,559.7472,676.84656,524.64484,778.64325,708.932,675.09143,654.52344,689.1323,-19.441113,731.2551,96.396545,715.4591,380.72534,722.47955,728.2383,599.62146,659.78876,738.2756,745.7894,615.4175,651.0132,797.9495,721.21783,683.867,675.58484
0.6414171228042016,660.9867,45.508068,671.51196,27.966038,662.7409,24.457634,717.1212,33.228645,731.15485,29.720242,762.73047,150.76024,729.40063,131.464,736.4174,313.9011,715.367,268.29184,687.29974,415.64487,678.52875,370.03558,720.62964,399.85706,697.82495,394.59442,731.15485,566.5063,676.77454,526.15967,780.2725,713.8594,675.0203,655.97064,689.05396,-19.397438,731.15485,98.134155,717.1212,385.82343,717.1212,727.89294,599.5896,661.2333,734.6632,752.4518,615.37744,652.4623,799.5687,726.1388,683.7914,677.0211
0.6495153193290417,661.5078,43.665493,672.0246,27.890306,663.26056,22.631912,719.35016,33.1487,733.3725,29.643105,764.9229,154.09178,729.86694,133.05821,735.1253,315.34924,717.59735,271.52927,680.7886,417.01154,677.28296,378.44998,721.1029,404.74194,698.3165,397.73074,731.61975,565.9994,677.28296,527.4378,784.2037,709.7289,673.7774,655.3921,691.30536,-19.435247,733.3725,98.00224,715.84454,388.96677,722.8557,734.268,600.15985,662.4033,738.6309,750.0432,615.93506,653.6393,803.48444,721.9984,684.2942,678.17847
0.6560269857828434,662.5178,43.679665,674.7808,26.161055,666.02155,22.657333,720.3292,31.416637,734.3441,29.664776,765.8776,150.54318,732.5922,131.2727,737.84784,308.21066,718.57733,269.6697,678.28455,416.82602,680.03644,373.0295,723.83295,401.05927,699.3069,392.3,729.0885,563.98236,676.5327,525.4414,790.4037,709.3868,673.029,656.831,692.29944,-21.139189,734.3441,96.23549,716.8255,385.29254,729.0885,735.6647,597.699,663.8384,743.1034,747.92773,613.4657,653.3273,807.92224,721.64984,683.54016,677.8533
0.6571824825727023,669.35596,45.624382,681.6188,29.857899,671.1078,26.354235,728.9182,35.11339,741.181,31.60973,772.714,148.98245,737.67737,131.46414,744.6847,304.89548,720.15906,268.10703,681.6188,408.25357,681.6188,369.71326,728.9182,395.99072,704.3926,388.9834,728.9182,558.9111,678.1151,522.1226,807.7507,707.8168,672.8596,657.0137,695.6334,-19.193392,742.93286,96.427505,721.9109,380.22424,742.93286,744.6053,599.28265,662.26917,758.69934,753.36444,615.04913,655.26184,828.77264,718.32776,683.3706,679.7875
0.6545191235267199,674.9328,46.26754,687.16516,32.28774,676.6803,27.045313,732.5995,35.78269,751.8217,34.035213,776.2864,145.87363,743.08435,130.14635,748.3268,301.39893,723.8621,262.95447,685.41766,401.005,685.41766,364.30804,732.5995,395.7626,708.1348,388.7727,725.6096,560.02527,676.6803,521.5808,814.73083,703.31824,671.43787,656.1364,702.89246,-20.13652,746.5793,95.196846,723.8621,378.28784,765.8015,745.2576,598.0439,664.8738,804.246,747.0051,612.02374,657.8839,833.95306,712.0556,681.9227,678.8536
0.6440265488166076,680.82965,47.699703,693.07086,31.960987,682.57837,28.463493,738.53827,37.207226,752.52826,35.45848,780.5082,149.127,750.7795,131.63953,754.277,301.26794,724.5483,257.5493,689.57336,395.70023,686.07587,358.97656,736.78955,388.70526,714.05585,383.459,724.5483,556.5849,675.5834,518.1125,818.9806,699.9821,672.08594,658.0122,708.8096,-20.501406,752.52826,96.664604,729.79456,371.21777,770.0157,736.7058,596.88983,668.5047,796.2469,738.4545,610.87976,659.7609,839.9656,706.9771,684.32715,682.4946
0.6543654707761911,687.2985,47.80326,699.55145,32.049488,689.04895,28.54865,745.0623,39.051167,752.064,35.550327,785.32196,152.82841,753.81445,131.82338,757.31525,303.36444,729.30853,259.60397,690.7993,396.13666,690.7993,357.62744,741.5615,390.8854,717.0556,383.88373,727.55817,557.17523,678.5464,516.9156,825.5816,700.7096,673.29517,658.6995,717.0556,-20.463085,757.31525,98.565414,734.5598,375.13165,764.31696,737.4684,596.27673,663.9508,787.0724,740.96924,608.52966,655.1987,846.5867,707.7113,683.79767,681.455
0.6367819355084345,692.22894,46.07068,706.24084,30.307274,695.73193,26.804295,753.53107,39.06472,751.77954,37.313232,790.3123,154.66302,757.03406,135.39664,762.2885,307.0426,736.0162,263.25537,699.23486,394.61707,699.23486,363.09027,746.5251,394.61707,722.0043,387.6111,734.26465,562.7601,678.21704,517.2213,830.59656,702.8792,672.9625,659.092,727.2587,-20.48592,762.2885,100.36685,739.51917,378.85367,772.7974,741.412,597.6485,664.34644,802.57275,746.66644,608.1575,655.589,851.61444,709.88513,683.4715,681.8613
0.640409278181883,705.07184,47.14664,717.3056,31.417576,706.8195,29.669903,766.2404,40.155945,745.2684,40.155945,806.43695,158.99777,767.9881,139.77336,776.7265,312.7931,738.27765,270.8489,701.57654,408.91516,699.82886,372.214,760.99744,400.1768,726.04395,393.1861,748.76373,574.9442,680.60443,517.27094,837.8951,709.5151,673.6137,660.5802,740.0253,-15.769622,774.9788,103.07221,747.01605,382.70004,780.22186,749.7116,598.46375,664.07556,820.41833,754.9546,607.2021,657.08484,857.1195,716.5058,684.0998,683.3
0.6476609007670329,712.16614,47.889713,724.3882,32.175705,715.65814,30.429707,773.2762,40.90571,747.0862,39.15971,816.9262,163.12575,771.53015,143.91975,785.49817,320.2658,743.5942,271.3778,705.1821,414.54984,708.67413,372.64584,771.53015,404.07385,734.86414,395.34384,757.5622,573.4359,684.23016,517.5639,839.6242,711.36993,673.75415,660.73596,741.84814,-16.71231,782.00616,105.50774,755.81616,386.61383,783.7522,751.52795,598.6761,664.22797,825.6562,755.01996,609.1521,655.4979,858.8302,718.35394,684.23016,683.43396
0.6544724851846695,721.81366,51.43907,734.0255,35.738132,723.5582,33.99358,782.87286,42.716328,749.72644,42.716328,828.23114,164.83476,779.3838,147.38928,788.1065,320.09964,746.23737,276.4859,711.3464,421.2835,714.83545,379.4143,779.3838,403.838,739.25916,395.11526,767.17194,573.05927,688.66724,517.2337,842.18756,712.6232,674.7108,662.03125,747.9819,-14.853795,791.59564,110.753746,761.9383,388.13705,779.3838,742.2805,597.9507,667.26495,829.9757,751.0033,606.6734,658.5422,861.37756,723.0905,685.1781,684.7104
0.6437069945610486,730.78125,51.93446,741.256,36.222366,732.52704,34.476578,788.3923,46.697094,753.4765,46.697094,832.037,170.64807,786.6465,146.20703,800.6128,320.78586,749.9849,261.42905,722.0523,418.55002,725.5439,367.92215,784.9007,404.5837,748.23914,394.10898,776.17175,570.4336,695.8655,519.8057,846.0033,715.33405,674.916,659.4688,755.2223,-12.659709,798.867,113.03705,769.1886,388.8716,776.17175,746.75824,599.8471,662.9604,835.52856,748.504,608.57605,655.97723,863.4612,725.8088,683.64496,682.16406
0.6306373007022418,738.3097,54.949802,748.7936,39.22395,738.3097,35.729317,795.9711,46.21322,759.27747,44.4659,839.65405,170.2727,794.2238,147.55759,809.9497,325.7839,762.77216,261.13318,729.5731,427.12827,731.32043,369.4668,794.2238,404.41315,755.78284,395.67657,785.48724,570.4082,703.36334,517.9887,846.6433,715.43555,677.1536,657.77405,762.77216,-16.690184,806.455,112.61125,780.2453,388.6873,776.7507,741.64526,600.27167,659.52136,836.1594,748.6345,607.2609,652.5321,865.86383,725.91943,685.8902,682.2365
0.650692167190405,744.45996,52.58621,754.94507,36.858555,746.20746,35.11104,802.128,47.34366,768.9252,47.34366,845.8159,171.41737,798.633,146.95213,812.6131,330.44144,768.9252,257.04572,737.46985,435.29245,737.46985,367.13928,802.128,403.83716,760.1876,393.35205,791.6429,569.85126,707.7621,515.6782,847.5635,714.8952,679.8018,655.4796,770.67267,-17.314476,816.10815,113.749306,784.65283,386.36197,781.1578,746.3505,601.1635,657.2271,828.34076,753.3406,609.9011,650.23706,866.78613,727.1278,688.53937,679.9448
0.6247480087555372,760.1509,57.6798,770.63055,41.960278,761.8975,40.21366,814.2959,47.20012,821.28235,50.693344,861.45447,165.96983,814.2959,141.51724,828.2688,312.68536,779.36365,253.3005,758.4043,405.2559,751.4178,365.08377,809.056,394.7762,774.1238,384.2965,805.5628,562.4511,725.2186,520.53235,852.7214,707.42004,686.7931,653.275,779.36365,-10.438128,830.01544,113.57143,800.323,380.80328,789.8433,726.63275,611.6887,653.275,809.056,728.3794,618.6752,646.2886,871.93414,717.8997,695.5262,679.4742
0.6008090583177713,764.8657,54.172997,775.3448,38.454426,766.61224,38.454426,820.754,45.440456,832.97955,47.186966,869.65625,164.20299,820.754,139.75188,845.20514,314.40268,787.5704,255.02141,768.35876,399.98157,757.8797,368.5444,813.76794,399.98157,787.5704,389.5025,813.76794,558.91376,731.68207,523.98364,853.9376,702.12744,689.7659,654.9717,785.82385,-15.687319,836.4726,110.06125,808.52844,384.263,619.9056,623.53455,618.15906,644.4927,623.3986,712.60645,623.3986,637.50665,873.14923,712.60645,698.4984,681.1693
0.5966028318955348,772.5549,54.085457,783.0289,38.374454,774.30054,36.628788,828.4162,43.611458,837.14453,47.10279,875.5492,164.06248,828.4162,139.62314,856.34686,319.42685,793.50287,251.34583,777.7919,404.9645,767.3179,370.05118,823.1792,403.21884,795.24854,390.99918,817.9422,558.5832,735.8959,525.4155,856.34686,699.98224,695.74554,652.84924,791.7572,-13.995554,842.38153,109.9468,817.9422,385.76218,625.9188,623.1729,624.17316,644.1209,629.41016,720.93024,631.1558,635.3926,877.2949,710.45624,702.7282,680.7799
0.6077021704270289,776.86395,50.77462,787.3508,35.044327,776.86395,33.296516,834.5417,38.539948,843.28076,40.287758,881.7326,160.88666,831.0461,138.16513,860.75885,330.42426,801.3333,260.51184,785.603,428.30164,773.36835,372.3717,829.2983,410.82352,796.0899,396.84103,822.307,564.63086,740.16,522.6834,855.51544,707.9513,705.20374,650.27356,797.8377,-20.885601,846.77637,106.704544,820.5592,393.34543,635.2913,723.6816,633.5435,641.5345,817.0636,734.1684,640.5348,632.7954,876.48914,720.1859,712.195,676.49066
0.6289103856453528,782.64325,50.79808,793.13086,33.31876,782.64325,31.570827,842.07294,40.310486,849.06464,40.310486,889.2671,162.66571,836.82916,138.19467,870.03986,332.21512,808.86224,262.29782,796.6267,445.8307,779.1474,379.40927,836.82916,417.86377,800.12256,400.38446,824.5936,569.93384,744.1887,517.49585,856.0564,706.2725,716.22186,648.59076,807.1143,-20.867126,852.56055,106.731895,822.8457,396.88858,800.12256,725.49976,642.8087,643.347,821.0978,737.7353,649.8004,636.3552,877.03156,720.256,724.9615,673.0618
0.6408245036235223,788.0418,49.204754,798.53754,33.461113,786.2925,33.461113,849.267,36.9597,854.51495,38.708992,896.498,159.41023,842.2699,133.17082,879.00507,329.09167,812.5319,260.86923,807.284,449.7929,788.0418,381.57047,842.2699,411.30844,800.28687,395.56482,824.777,565.2463,749.5574,514.5167,856.2642,708.6883,728.5658,650.9616,809.0333,-19.017681,858.01355,105.18214,824.777,393.81552,791.5404,724.43195,653.3462,649.21234,821.2784,736.677,660.3434,640.4659,877.25574,722.6826,739.0616,673.70245
0.6159511197071809,795.78235,52.757584,806.27185,35.275043,797.5306,35.275043,855.223,37.023296,835.9922,38.77155,905.92236,157.65285,860.4678,133.17728,888.4398,332.47827,830.74744,262.5481,823.7544,449.6113,799.2789,379.68115,846.48175,409.40146,809.7684,395.41544,830.74744,556.2548,760.81726,510.8002,856.97125,710.1012,755.5725,650.6606,820.25793,-18.920841,869.20905,103.45696,832.49567,391.9189,799.2789,722.339,680.3976,652.4088,820.25793,736.325,690.8871,645.4158,872.70557,724.0872,766.062,671.6396
0.6336126499451123,802.19714,49.174072,814.44574,33.425922,802.19714,31.676126,863.44,36.92551,849.4416,36.92551,908.93463,154.16174,861.6902,131.41441,894.9363,337.89017,838.9429,260.8992,833.6935,458.62598,802.19714,372.88605,851.1914,407.88193,810.94617,395.6334,833.6935,563.61365,765.4515,512.8696,858.1906,714.09595,768.95105,649.3536,821.4449,-12.068735,873.9387,103.4177,835.44324,393.88358,800.4474,722.845,690.2103,656.3528,819.6951,738.5931,698.9593,645.854,873.9387,729.8441,779.4498,666.8515
0.644074579844108,806.36346,47.192646,818.65173,31.39344,808.11896,29.637974,869.5603,36.659843,860.78296,34.904373,913.44696,157.78708,873.0712,133.21054,899.40326,338.6002,853.7611,261.35965,843.2283,456.2165,808.11896,373.70953,855.51654,412.3298,820.4072,398.28607,839.71735,558.03357,774.7651,512.3914,857.27203,712.5147,783.5424,647.56244,836.2064,-17.759642,880.0931,101.61213,841.47284,393.01968,802.85254,716.02563,706.3019,656.3398,816.8963,728.3139,716.83466,645.80695,873.0712,726.5585,794.0752,663.36163
0.6459024376594104,807.7649,45.534313,821.79193,29.75392,811.27167,28.000542,876.1466,35.01405,876.1466,35.01405,919.981,161.25722,876.1466,134.95656,904.2006,347.1152,860.3662,282.24026,855.1061,468.09824,807.7649,385.6895,858.61285,426.01718,823.5453,408.48343,842.83246,566.28735,784.971,520.6996,858.61285,710.06433,798.998,645.18933,841.07904,-21.094023,884.9135,103.39577,844.5858,403.2233,800.7514,704.8042,723.6028,653.95624,809.51825,724.0913,734.12305,645.18933,874.39325,724.0913,809.51825,660.9697
0.6353818820073054,813.9982,47.257874,828.0355,29.711199,819.2622,26.201862,880.6756,34.9752,882.43024,33.220535,922.7876,164.8206,884.1849,134.99126,906.9956,350.81537,864.88354,280.62866,857.86487,468.3781,812.2435,378.89005,859.61957,424.5114,828.0355,406.96475,842.0729,564.8848,794.69684,521.0181,856.1102,707.0129,815.75287,643.84485,843.8276,-21.174164,889.4489,103.40724,849.09155,403.4554,754.3395,689.46625,740.3022,654.37286,780.65955,714.03156,752.58484,645.59955,871.9022,724.5596,829.7902,656.12756
0.6398917505374322,819.0446,47.420593,831.319,31.639307,820.7981,28.132355,885.6767,35.14626,890.93713,33.392784,931.2671,159.64307,885.6767,135.0944,915.48584,343.7581,866.3885,285.89337,868.14197,470.00836,813.7842,384.08804,862.88153,424.418,833.07245,406.88324,838.3329,564.6961,805.0168,524.36615,857.6211,699.71375,827.812,638.3421,845.34674,-20.964981,894.4441,101.77836,854.11414,405.12976,762.93335,676.9186,755.9195,648.863,790.989,704.9742,764.6868,640.0956,876.90936,715.49506,840.0863,650.61646
0.6390343285523928,824.51587,47.730778,835.04364,30.184563,826.2705,26.67532,887.68225,35.448425,892.94617,33.693806,935.05707,160.02655,889.4369,133.70723,919.26544,344.2618,871.8907,288.11392,873.6453,470.59457,817.49744,382.8635,866.62683,421.46515,835.04364,405.67355,840.3075,560.08026,808.7243,526.74243,859.60834,700.44995,833.289,642.5475,850.8352,-20.699461,896.4554,102.12405,856.09906,403.91895,764.85876,674.1307,761.34955,649.566,785.91425,700.44995,770.1226,640.79285,877.15454,716.2416,843.8167,656.5844
0.614374747643104,831.2479,47.2662,843.52594,29.726166,833.0019,27.972162,896.14606,34.98818,903.16205,33.234173,945.2581,156.01443,890.88403,136.72038,925.9641,340.1848,873.344,287.5647,882.114,466.47308,820.7239,377.0189,869.836,424.37698,841.7719,405.08295,847.03394,561.1893,824.2319,522.6012,862.81995,699.75555,840.01794,640.11945,859.31195,-21.13994,904.9161,103.39432,862.81995,405.08295,778.6278,678.7075,771.61176,640.11945,794.4138,696.24756,780.3818,633.1034,880.36,713.7876,850.54193,650.64343
0.5984364369740853,833.50916,47.487007,847.54517,29.94202,835.2637,28.187523,900.1801,35.205517,907.1981,33.45102,947.5516,159.77493,896.67114,136.96645,928.2521,342.2428,877.37164,287.85333,884.38965,466.8122,826.49115,375.57828,872.10815,426.45874,845.79065,407.15924,849.2996,565.06415,828.24567,526.46515,863.33563,700.1605,840.52716,642.2621,863.33563,-22.69294,907.1981,101.87647,865.09015,405.40475,777.3652,682.61554,772.1017,638.75305,794.91016,700.1605,780.8742,629.9806,880.8806,717.7055,845.79065,654.5436
0.5927778402200112,836.9608,47.648933,850.98676,31.869774,838.71405,30.116535,905.33716,35.376255,915.85657,33.623016,950.9214,156.3498,896.571,135.31091,935.1422,335.18024,880.7918,282.58304,887.80475,461.41348,833.45435,368.4918,880.7918,424.59546,849.2335,401.80334,852.74,564.8546,831.7011,526.2833,863.2594,699.85406,842.2205,638.49066,865.01263,-22.480654,908.8436,101.99936,872.02563,400.0501,786.1169,692.8411,773.8442,629.7245,803.64923,705.1138,780.8571,615.69855,882.54504,715.63324,845.727,652.5166
0.5920504251351724,840.44464,50.865753,854.4597,33.346893,838.69275,31.595009,910.5201,35.09878,859.7154,35.09878,954.31726,161.23457,901.7607,136.70818,936.7984,336.4232,887.74554,285.61847,887.74554,462.55896,838.69275,374.96466,885.9937,417.00992,850.956,395.9873,852.7078,560.6646,833.43713,520.3712,864.97107,695.5598,850.956,600.95795,866.72296,-22.713457,914.02386,103.42233,873.73047,397.7392,803.655,697.3117,784.3843,581.6872,819.422,706.0711,793.14374,569.424,880.73804,711.3268,894.7531,593.95044
0.5822818393890674,849.6299,48.885254,861.90234,33.106396,847.8767,31.35319,916.2517,36.61281,861.90234,36.61281,960.0819,162.84366,907.4857,133.03915,942.5498,332.90466,893.46,262.77643,893.46,457.38232,847.8767,357.44955,895.21326,408.29254,863.6555,389.00726,854.8895,559.0683,842.61707,518.7445,867.1619,692.31195,884.69403,592.3792,875.928,-22.996204,919.7581,103.23465,882.9408,390.76047,809.30615,697.5716,797.0337,590.626,823.3318,706.3376,800.5401,571.3407,884.69403,708.0908,909.2389,594.1324
0.5853380492100348,849.0244,50.59072,863.05536,34.805912,847.2705,33.052044,915.6714,38.31365,864.8092,38.31365,963.02576,161.08438,910.4097,133.0225,943.7332,332.9634,894.62494,261.05484,894.62494,448.71866,849.0244,355.7637,896.37885,410.13358,870.0708,392.5949,857.7937,557.45844,854.286,518.87335,866.56305,694.26013,892.8711,594.2897,877.08624,-23.07172,920.933,103.20675,885.8556,390.84103,810.43933,696.01404,801.67,597.7974,822.7164,703.0295,805.1777,582.01263,882.3479,708.2911,910.4097,594.2897
0.5800162037977805,852.2168,50.592606,864.49176,34.81049,850.4632,33.056923,915.3452,38.317627,864.49176,38.317627,962.6916,157.56026,910.08453,133.0103,945.1559,329.4099,894.3024,261.02078,892.5488,446.899,848.70966,355.71344,899.5631,406.56693,869.75244,389.03125,857.4775,555.6202,857.4775,518.7953,866.2453,694.1521,892.5488,606.4737,876.7667,-19.550117,922.3595,103.199646,889.0417,390.78482,810.13116,695.90564,803.1169,604.7201,822.4061,702.9199,806.624,597.7058,882.02747,709.9342,910.08453,602.96655
0.5768985794140742,854.07544,50.259445,866.3016,36.28672,852.32886,34.54013,918.6993,39.779903,864.555,39.779903,964.11066,156.80148,909.9664,134.0958,946.6448,329.71396,892.5004,258.10373,894.247,448.48215,845.34247,252.86397,902.98,399.5776,869.79474,383.85828,859.3152,551.531,854.07544,514.8526,866.3016,694.7514,892.5004,607.4219,876.7811,-12.617821,923.9391,104.403755,892.5004,389.09805,805.1709,693.0048,803.4243,602.1821,822.6368,701.7378,806.9175,595.19574,880.2743,710.47076,908.2197,602.1821
0.5746693416283681,856.3292,50.05693,868.561,36.077847,854.58185,34.33046,919.2351,39.572617,865.06616,39.572617,964.6672,158.39485,910.4982,133.93144,948.9407,334.8808,893.02435,254.50107,896.5191,451.95566,847.59235,252.75368,905.25604,401.28146,870.30835,385.555,861.5714,551.55664,852.8345,516.60895,865.06616,694.8423,877.29785,609.2204,877.29785,-12.848955,924.4773,104.22589,893.02435,389.04977,809.14984,693.0949,796.91815,603.9782,823.1289,700.0844,800.4129,600.48346,879.0453,710.5687,907.0034,602.23083
0.5836575833650736,857.34326,51.57209,869.57263,37.595646,855.5962,34.101536,920.23724,39.3427,864.3315,39.3427,965.6607,152.9013,913.249,130.18959,951.6842,327.60687,895.77844,238.50703,897.5255,444.65958,852.10205,250.73642,908.0079,397.48907,878.3079,381.7656,862.5844,547.73584,857.34326,511.0477,864.3315,696.2356,883.5491,607.13574,876.56085,-11.321909,925.4784,103.98376,897.5255,385.2597,799.6904,690.9944,801.43744,600.1475,818.908,699.7297,803.1845,594.9064,878.3079,710.21204,906.2608,605.3887
0.6011606477774106,861.3378,51.806473,871.8125,39.58603,859.5921,36.094475,920.6943,43.077587,870.0668,43.077587,967.8303,154.80736,913.7112,132.11224,955.60986,322.402,897.9992,252.5709,901.4907,428.89447,854.35474,252.5709,913.7112,397.47046,884.03296,383.50424,863.0836,547.60736,859.5921,516.18335,864.8294,694.2527,877.04987,612.2011,880.5414,-7.549968,927.6774,104.17981,903.2365,385.25003,800.23566,683.778,801.9814,626.16736,815.94763,694.2527,805.47296,608.7096,878.79565,709.96466,904.9823,608.7096
0.5961919117432374,858.6031,54.922012,869.08417,40.947273,856.85626,37.45359,921.48944,44.44096,867.3373,42.69412,970.401,154.49203,914.5021,135.27676,954.67944,320.44205,897.0336,261.0494,898.78046,426.99945,855.10944,255.80888,914.5021,399.04996,890.04626,386.82208,867.3373,547.53156,863.8436,512.5947,863.8436,694.26636,881.3121,610.4179,877.81836,-11.457996,928.4768,105.580444,904.021,385.07523,799.21045,685.5321,802.70416,610.4179,816.6789,697.76,806.1978,603.43054,877.81836,709.9879,904.021,610.4179
0.6071664988994598,860.711,57.600082,871.2476,43.551277,858.9549,38.282978,922.17456,45.307377,871.2476,43.551277,971.34534,155.94171,915.15015,133.1124,957.2965,321.01514,897.5891,257.79553,901.1013,426.38116,855.44275,257.79553,916.90625,400.03967,888.80865,385.99084,869.4915,547.5521,860.711,514.1862,864.2232,695.0645,865.9793,614.28394,880.02814,-10.887835,930.955,105.01479,906.3696,385.99084,802.7597,682.77185,802.7597,628.3327,818.56464,693.3084,806.2719,614.28394,876.5159,710.86945,899.3452,617.79614
0.604637188407091,861.3701,57.85375,871.8526,43.877117,859.62305,38.63588,922.5179,45.624195,871.8526,43.877117,974.9303,155.69017,917.2767,134.72522,957.4595,321.66266,899.8059,260.5149,901.553,428.23447,856.1289,258.76782,915.5296,403.77536,889.3234,391.5458,871.8526,548.7829,861.3701,515.58844,866.6114,695.53754,866.6114,613.42487,880.588,-10.282329,933.00037,105.02488,906.7942,388.05167,803.71655,685.05505,800.2224,622.1602,819.44025,697.2846,805.4636,609.93066,878.84094,711.2612,898.0588,620.41315
0.6161800416616293,862.75836,58.602066,873.237,44.63055,861.0119,41.13767,922.13727,46.376987,871.49054,44.63055,976.2769,151.16338,915.15155,131.95255,962.3054,317.07516,897.68713,247.21756,908.1658,423.608,855.7726,257.6962,922.13727,395.66495,890.70135,383.43988,873.237,545.85876,862.75836,510.93,867.9977,694.30615,864.50476,613.9699,880.2227,-2.523326,932.6159,105.75594,909.91223,383.43988,798.1401,685.574,798.1401,620.9557,815.6045,697.799,805.12585,608.7306,878.4763,711.77057,871.49054,619.2092
0.6249912151923547,865.67584,59.58102,874.45886,45.528194,865.67584,40.258385,923.6438,45.528194,874.45886,45.528194,978.09845,150.9244,916.6174,133.35835,964.04565,314.28848,900.8079,251.05078,911.34753,419.6847,856.8928,261.5904,921.88715,396.84885,892.0249,382.79602,876.21545,542.6469,862.16266,514.54126,869.1891,691.9582,867.4325,623.4507,883.2419,-0.14348984,935.94,105.2527,909.59094,381.03943,798.9249,679.662,797.16833,626.96387,814.7344,693.7148,805.95135,616.42426,879.7287,711.2808,876.21545,633.9903
0.6356121485049908,866.6532,57.707287,875.42505,43.672325,864.89886,40.163586,928.05615,45.426697,875.42505,43.672325,982.44165,152.44328,919.2843,131.39084,968.4067,313.84537,905.2494,252.4424,915.7756,415.59885,863.1445,261.21423,924.5474,398.05515,892.96875,385.77454,877.17944,545.42224,863.1445,515.59796,875.42505,691.035,866.6532,626.1233,885.9513,-8.958785,936.828,103.320915,912.26685,380.5114,801.7415,673.4913,798.2328,631.3864,815.7765,689.2806,807.00464,624.3689,887.7057,710.33307,873.6707,636.6495
0.6379949014920455,866.7707,55.94588,877.2928,41.916378,865.01697,38.409,929.90344,43.670067,875.5391,43.670067,984.2678,157.65979,919.38135,133.10815,970.2383,315.49173,910.6129,259.3737,917.6276,422.4667,863.2633,362.8413,924.6424,401.42242,894.8297,387.39294,877.2928,545.22485,865.01697,518.91956,879.0465,692.53467,868.52435,627.6482,891.3223,-12.447953,938.6719,103.29546,910.6129,380.37817,803.63794,674.9978,800.13055,636.4166,815.91376,692.53467,807.14526,625.89453,893.076,710.07153,875.5391,639.924
0.6308357795843711,869.0648,55.67142,879.51715,41.735023,867.3228,38.250923,930.03656,43.477074,874.29095,43.477074,987.52423,154.96823,923.06836,130.57954,971.84576,313.49475,907.38995,250.78096,921.3263,421.5018,860.3546,262.9753,926.5525,395.37106,889.9694,379.69263,874.29095,545.1873,863.8387,515.57245,886.48535,688.0354,870.8069,625.3216,888.22736,-8.78441,940.4889,102.70676,910.874,379.69263,804.609,677.58307,801.1249,634.03186,818.5454,695.00354,808.0931,621.83746,902.16376,707.19794,874.29095,634.03186
0.6422398995894653,868.4566,54.317085,880.7394,40.2796,868.4566,36.770226,933.37994,43.78897,877.23004,42.034283,987.7752,156.08885,921.09717,131.52325,973.73773,312.25586,908.8144,254.35124,919.34247,415.78232,861.43787,263.12466,926.3612,398.23547,889.5128,384.198,875.47534,545.6291,864.9472,519.3088,891.2675,693.02264,871.96594,629.854,894.7769,-14.115656,940.39874,101.693596,910.56903,380.6886,808.7973,678.98517,801.77856,642.1368,821.0801,696.53204,810.552,629.854,907.0597,712.3242,878.98474,642.1368
0.6360061558393332,870.7905,53.467934,882.9702,39.548267,870.7905,36.068348,935.16895,43.028183,879.4903,43.028183,990.8476,154.38551,926.4692,130.0261,975.188,309.2418,912.5495,251.82318,922.98926,413.63928,863.8307,264.0029,926.4692,396.23972,891.67,382.32004,876.0104,545.8761,865.5706,516.2968,895.1499,690.29266,874.27045,629.3941,895.1499,-12.650482,942.1288,102.18677,910.8096,377.10016,811.6319,679.8529,802.9321,639.83386,823.81165,695.5125,811.6319,625.9142,910.8096,707.69226,879.4903,643.3138
0.6471959639054078,873.9071,53.937332,887.83813,40.006306,875.6485,38.264927,938.3381,45.230442,882.614,45.230442,994.0622,154.93729,924.40704,132.29936,976.64844,309.91995,908.7347,245.48897,924.40704,412.6613,863.4588,262.90274,929.6312,395.2475,891.32086,381.31647,884.35535,546.74744,870.4243,515.4026,903.51056,687.7991,877.38983,628.5922,901.76917,-10.493668,945.3036,102.69593,912.2174,374.35095,814.70026,684.31635,804.25195,640.78186,830.3726,699.9887,812.95886,628.5922,919.1829,705.2129,882.614,646.006
0.6587146704013531,875.18005,56.100483,889.2035,42.077038,875.18005,38.571175,941.7914,43.829967,954.0619,43.829967,996.13226,156.01753,927.76794,131.4765,975.0971,313.78128,911.9916,250.67578,922.50916,413.69833,864.6625,261.19336,927.76794,399.6749,890.9564,385.65143,889.2035,546.9211,871.6742,513.61536,906.7328,688.90845,878.6859,631.0617,904.97986,-12.263813,948.8031,101.67668,910.23865,376.88678,817.3333,685.4026,806.81573,645.0852,831.35675,701.17896,815.5804,631.0617,920.7562,704.6848,885.69763,646.83813
0.6619866421589484,877.7592,57.85457,890.0248,42.08456,877.7592,38.580112,942.59143,45.58901,884.76807,45.58901,996.9104,155.97906,930.32587,131.44795,975.8837,310.1747,914.5559,250.59912,923.317,410.05145,861.9892,261.11246,926.8215,399.53812,891.777,387.27255,893.5292,548.47705,874.25476,509.92816,905.79474,688.65497,879.5114,632.5838,905.79474,-12.234361,949.60034,101.66015,911.05145,376.75922,816.4314,683.39825,807.6703,644.84937,832.2014,700.92053,814.67914,632.5838,919.81256,704.4249,884.76807,648.3538
0.6530680897144171,878.9125,54.36892,891.1812,38.594845,878.9125,36.84217,943.7614,43.85287,887.67584,43.85287,998.09436,157.77675,931.49274,133.2393,975.3096,312.01215,912.2133,250.66853,920.9767,410.16196,861.38574,262.93726,927.98737,399.6459,894.6865,387.3772,899.9446,548.6233,877.1598,511.8171,906.95526,688.8373,880.66516,632.7517,908.70795,-12.232731,950.77216,101.69115,913.96594,378.6138,821.07416,683.5793,808.8055,643.26776,835.0956,702.8587,817.56885,630.999,920.9767,706.364,885.92316,648.52576
0.6543764770030975,881.2003,52.602806,893.4682,38.582394,881.2003,35.077293,946.04474,43.84005,889.9631,43.84005,1000.37384,159.50844,932.0243,133.22017,975.8381,311.9804,912.7463,254.14621,921.50903,413.6284,861.92224,264.66153,926.76666,401.3605,893.4682,389.09265,902.23096,550.3274,877.69525,511.77124,905.736,690.5315,881.2003,632.69727,910.9937,-12.241593,951.30237,101.67424,912.7463,380.3299,823.36615,687.02637,807.59314,644.96515,835.634,704.5519,816.3559,632.69727,919.7565,709.8096,886.458,648.4703
0.6519308388233185,884.7621,52.548286,897.02356,38.535122,886.51373,35.03183,947.8213,43.79006,954.8279,43.79006,1000.37067,157.64703,935.5598,133.124,977.5993,308.28857,916.2917,248.73262,925.0499,409.88403,863.7423,262.7458,928.5532,397.6225,895.2719,387.11264,905.7818,550.0157,879.50714,507.9762,907.53345,688.3957,883.01044,634.09467,916.2917,-12.262607,954.8279,101.59437,914.54004,376.60275,823.45447,683.14075,809.4413,646.3562,837.46765,702.4089,818.1995,634.09467,921.54663,707.6638,888.2654,649.8595
0.6482040824798437,884.8277,52.528767,898.8382,38.518284,886.57904,35.015663,947.8749,43.772217,954.8801,43.772217,1000.4142,155.85606,933.8644,133.08904,977.64716,309.97137,916.3513,250.42682,921.6052,411.54736,863.812,264.43732,928.6105,397.5369,895.3356,387.02902,907.5947,548.14954,879.5738,507.86942,909.34607,688.2544,881.3251,635.7151,918.1026,-12.269712,954.8801,101.56545,914.6,376.52115,827.0345,686.50305,809.52136,647.97424,837.54236,702.26483,818.2779,633.96375,921.6052,707.5188,888.3303,653.22815
0.6578921228647232,887.08325,50.79182,901.0981,35.02512,888.8351,33.273266,951.9019,42.032543,894.09064,42.032543,1002.7057,157.65501,932.6315,133.12903,978.17975,311.8183,911.6092,252.25522,920.36847,409.9222,862.55725,269.77377,927.3759,399.4111,890.587,388.89996,909.85736,550.0707,878.324,508.02612,908.1055,690.2191,883.5795,632.4079,922.12036,-15.778692,955.4056,101.595634,913.3611,376.63696,825.7683,688.4673,811.7535,644.6709,838.0313,704.23395,818.76086,630.656,920.36847,709.4895,888.8351,648.17456
0.6519390631180543,887.64355,50.747665,901.6565,36.73469,889.39514,33.23145,952.45355,41.98956,894.65,41.98956,1005.0022,157.5966,934.9373,133.0739,978.72784,311.73932,913.91785,253.9358,917.4211,413.33337,863.12085,264.44553,927.93085,399.3204,892.8984,388.81067,908.663,548.20825,878.88544,507.92096,908.663,690.08966,882.3887,634.0377,922.67596,-14.062341,955.9568,101.5447,915.6695,378.30096,826.3368,686.5864,810.57214,646.2991,836.8465,702.351,817.5787,632.28613,920.9244,707.60583,887.64355,649.8023
0.6558230989254438,889.53296,50.77193,903.5432,36.761642,891.28424,35.010357,952.5792,43.76679,896.5381,42.015503,1005.1178,157.60036,935.0664,133.08237,980.5998,309.96222,914.05096,252.1698,922.8074,408.03424,865.01495,269.68265,929.8125,397.52652,893.0355,387.0188,908.7971,546.3858,880.7765,509.6088,908.7971,686.48865,880.7765,635.70135,924.55865,-12.274358,957.83307,101.55922,915.80225,376.51108,824.73535,684.73737,808.9738,646.2091,838.74567,700.49896,817.7302,633.9501,922.8074,705.7528,887.7817,651.46295
0.6493328053217667,889.2367,50.771538,903.24854,35.00822,890.98816,33.25674,954.04144,42.01414,961.04736,42.01414,1006.5858,159.36328,934.77515,133.09108,980.3136,313.49347,913.7574,257.44614,920.7633,409.82486,864.71594,273.20944,929.5207,399.31598,890.98816,387.05563,908.5029,548.1918,880.47925,511.41068,908.5029,686.55865,882.2308,634.0143,926.01776,-14.033209,957.5444,101.564445,915.50885,378.29822,824.43195,686.55865,810.4201,646.2746,836.69226,702.32196,817.426,632.26276,922.5148,704.0734,887.48517,649.7776
0.6444873912976339,889.97504,49.012184,903.9828,35.004417,891.726,33.253445,954.7609,42.0083,961.76483,42.0083,1009.041,161.07431,935.50024,134.80975,981.0255,311.6578,912.7376,253.87576,921.4925,407.9612,863.71045,332.66946,930.2474,397.45538,893.4769,386.94955,909.2357,548.0389,881.22015,507.76654,909.2357,688.1165,881.22015,633.8364,928.4964,-14.022768,958.2629,101.541306,916.23956,376.44373,826.94006,684.6146,809.43036,647.84424,839.19684,700.37335,816.43427,633.8364,921.4925,707.3772,888.22406,653.0971
0.6449363850630246,893.3271,48.89837,905.5823,34.892414,895.0778,33.141666,956.3539,41.89539,900.3301,41.89539,1008.8762,159.19528,937.0957,134.68486,984.3658,311.51007,909.0838,258.98773,917.8375,407.80103,861.81366,332.519,933.5942,397.29657,889.82556,383.29062,909.0838,542.6084,877.5704,505.84274,909.0838,689.67096,882.82263,633.6471,931.84344,-14.128439,959.85535,101.42071,916.08673,376.28763,826.79877,687.92017,811.04205,645.9023,840.80475,703.6769,818.04504,633.6471,921.339,708.92914,888.0748,651.15454
0.6325657436480889,894.5422,48.94652,906.79944,34.93818,896.2932,33.187134,957.5797,41.94235,899.7953,41.94235,1010.11096,159.26222,938.31824,134.74762,985.5964,311.60294,903.29736,260.8227,920.8078,406.15927,856.0192,336.11755,933.0651,393.90195,892.79114,381.64465,908.5505,539.2385,875.2807,502.4666,910.3015,689.8282,882.28485,635.5459,931.314,-14.0910225,961.0818,103.22885,917.3057,374.6405,824.5004,682.82404,810.49207,646.0521,836.75775,700.3345,817.4963,633.7948,922.55884,709.08966,887.53796,653.0563
0.6301166392289675,895.02313,47.199936,909.0293,33.193813,898.52466,31.44305,959.80145,41.94764,963.303,40.196877,1010.57367,159.2489,938.7923,132.98743,987.8137,309.8147,903.777,257.29175,919.5339,402.60526,853.0048,329.07312,935.2908,390.34988,895.02313,378.09454,907.2785,537.4142,875.7648,504.14963,909.0293,691.4815,881.017,637.20776,933.54,-15.827608,963.303,101.473656,919.5339,369.3407,823.24176,686.2292,809.23566,647.71234,833.7464,701.9861,816.2387,635.45703,921.2846,710.7399,888.0201,654.7154
0.6266189080018264,897.26416,48.948044,909.52454,33.184704,899.0156,31.433222,960.3175,40.19063,904.2701,40.19063,1009.359,159.29141,939.29974,133.01918,988.34125,311.67035,907.7731,252.11995,914.779,402.7474,856.9801,306.4159,937.5483,388.73557,899.0156,376.4752,909.52454,539.363,877.99786,504.33337,909.52454,691.74194,883.2523,635.6945,934.0453,-14.10531,963.8205,101.4925,923.5364,369.46924,823.7019,688.23895,809.69006,649.70636,837.71375,702.25085,816.696,637.446,923.5364,709.2568,890.25824,654.9608
0.6259855731175497,901.002,47.10964,911.5098,33.09924,902.7533,31.347939,962.2975,41.85574,957.04364,41.85574,1011.3339,157.44154,939.53064,132.92334,990.3183,311.55594,901.002,250.26044,906.2559,399.12094,851.96564,295.79422,937.7793,385.11053,895.7481,371.10013,908.0072,533.971,874.73254,502.44763,908.0072,691.588,881.73773,637.2977,936.028,-12.434561,964.0488,103.15124,922.01764,367.59753,829.1987,686.3341,808.1831,649.5568,837.9552,702.0958,818.6909,637.2977,922.01764,709.101,888.7429,654.8107
0.6195530352684168,900.58636,47.065964,912.8379,33.064194,902.3366,31.313972,965.34454,41.8153,905.83704,43.56552,1007.34985,153.82947,940.84143,136.32724,998.59875,306.0987,907.5873,250.09163,895.3357,391.85956,848.0797,285.09607,940.84143,388.3591,902.3366,377.8578,907.5873,535.3777,883.08417,505.62393,909.33746,684.1465,886.5846,635.1403,937.341,-14.19178,965.34454,101.32282,925.0895,372.60712,825.32684,680.64606,813.0753,649.1421,834.07794,694.6478,823.57666,635.1403,925.0895,699.8985,893.58545,652.6425
0.6452449697714585,901.6027,47.199467,913.85846,33.192883,903.3535,31.442059,962.88153,41.947,962.88153,43.697823,1010.15375,152.24887,940.1208,134.74063,1004.90125,301.06885,908.606,248.54414,896.3502,381.60672,842.0747,281.80978,938.37,388.61002,894.5994,379.8559,912.10767,542.68243,875.34033,507.666,910.3568,689.7516,882.3436,635.4761,938.37,-14.079346,966.3832,101.47499,920.86176,372.8526,824.56647,688.0008,810.5599,647.7319,838.57306,703.7582,819.314,633.7253,924.3634,707.2598,889.3469,654.73517
0.6550332319277984,900.6181,47.2216,912.8717,33.21746,904.11914,31.466942,961.88617,41.970047,965.3872,41.970047,1009.15015,150.50212,940.88,134.74747,1009.15015,299.2961,905.8696,248.5311,897.11707,365.81577,841.1005,267.78677,939.12946,388.57248,891.8655,381.5704,914.62225,546.119,879.6119,512.8592,911.1212,691.412,883.1129,637.14594,939.12946,-14.046509,965.3872,101.48764,918.1233,374.56836,825.3458,693.16254,809.5912,649.3996,841.1005,705.41614,816.59326,633.6449,923.3748,708.9172,890.115,656.4017
0.6555217962998611,901.6337,47.2459,915.6417,33.23795,905.13574,31.486956,964.6695,41.992916,966.42053,41.992916,1011.94635,147.05254,941.9066,134.79558,1013.6973,294.136,899.88275,248.61017,889.3768,350.1678,829.843,262.6181,936.6536,385.18765,891.1278,378.1837,913.8907,542.7771,878.87085,513.0102,912.1397,689.86053,882.3728,639.0817,941.9066,-15.789872,966.42053,101.5267,919.1437,371.17972,824.59,691.6116,808.8311,649.5877,842.1,703.8685,814.08405,637.33075,924.39667,709.12146,891.1278,656.5917
0.6652576762896317,900.88226,47.270832,914.893,33.260086,904.38495,31.508745,965.68195,40.26546,965.68195,40.26546,1012.9682,145.34604,942.9145,134.83798,1014.71954,292.45886,900.88226,241.6699,885.1202,334.4911,837.8339,259.18335,939.4118,387.03137,893.8769,381.77734,914.893,542.9009,878.1148,513.12805,911.3903,690.01373,883.36884,637.47345,941.16315,-15.777517,967.4333,99.81112,920.14703,373.02063,827.32587,693.5164,809.81244,651.4842,843.08795,705.7758,815.06647,637.47345,923.6497,707.52716,890.3742,654.9869
0.6669939905405045,904.0015,45.56695,916.2603,31.556915,905.7528,29.80566,965.2955,40.313187,960.0417,40.313187,1014.33057,145.38844,944.2804,129.62715,1019.58435,287.24005,914.5091,227.6974,888.24023,310.00635,853.21515,253.96622,935.5241,387.06155,891.7428,380.05652,912.7578,541.17194,877.7327,509.64935,912.7578,688.2773,881.2352,637.4909,942.5292,-17.478205,968.798,99.855835,918.0116,369.549,823.44385,690.02856,807.68256,651.5009,842.70764,704.0386,812.93634,637.4909,925.0166,709.29236,889.9915,655.0035
0.6699993014335632,905.6214,45.52831,917.8833,31.514732,907.3731,29.763037,968.6825,38.521523,956.4206,40.273216,1017.73,147.12672,945.9104,131.36147,1019.4817,285.5108,910.87646,224.2014,889.85614,285.5108,846.0637,245.22176,933.64856,388.8609,891.60785,381.85413,912.6282,546.5136,874.0909,509.728,910.87646,693.6562,881.09766,635.85016,942.40704,-21.036175,970.4342,99.83092,917.8833,369.59225,823.2916,691.9045,807.52637,649.8638,837.30524,707.66974,812.78143,637.60187,923.13837,712.92487,889.85614,651.6155
0.667777609366637,906.91693,45.58076,919.1751,31.571459,908.66815,29.820295,968.20764,38.57611,962.95416,40.327274,1017.24023,143.64589,943.6914,129.63658,1018.9914,281.98776,906.91693,225.95055,906.91693,250.46683,854.3821,229.45288,936.6867,381.80405,891.1565,369.54593,910.4193,539.40875,873.64484,506.13663,910.4193,691.7599,882.4007,637.4739,945.44257,-19.212269,969.9588,98.115654,919.1751,364.29242,822.86115,693.51105,807.10065,653.2343,842.1239,707.5204,812.3541,640.9762,924.4286,712.77386,889.40533,654.9855
0.6605408696027902,907.6919,43.788525,919.9492,29.780144,909.44293,28.029097,968.9785,40.28643,912.945,40.28643,1016.25684,141.84718,946.2149,127.8388,1023.261,278.42886,919.9492,222.39536,914.69604,231.15059,853.4094,208.38698,937.45966,381.74066,891.93243,369.48334,909.44293,541.086,872.6709,506.06503,911.194,691.676,879.6751,637.39355,944.46387,-21.000229,970.72955,98.07099,918.1982,364.2302,821.89056,691.676,804.38007,651.402,841.15204,705.68445,811.3843,639.14465,923.4513,712.6886,888.43036,656.6551
0.661037524159138,909.1751,45.584984,921.43164,31.577496,910.926,29.82656,970.4579,40.332176,914.4279,42.08311,1015.9822,141.88646,944.19385,127.878975,1024.7369,276.70853,921.43164,225.9314,917.9298,218.92764,854.8961,201.41829,935.43915,381.7647,893.4167,369.50815,910.926,539.34894,875.90735,507.8321,910.926,691.68036,882.9111,637.40137,947.6957,-19.19965,970.4579,98.11307,917.9298,362.5044,823.3793,693.43134,805.8699,653.1598,840.8886,705.68787,811.1227,640.90326,924.93353,712.6916,889.9148,656.6617
0.663075694671044,909.864,43.834824,922.117,29.831415,911.61444,28.08099,971.1289,38.583546,913.36487,40.33397,1016.64,140.10825,943.12213,127.85526,1023.6417,273.1406,916.8657,220.62782,915.1153,208.37485,853.8504,187.36974,936.1204,381.667,892.35974,371.16446,909.864,539.2053,874.8555,509.4481,909.864,691.4924,881.85724,637.2292,948.3734,-22.681358,969.3785,96.347595,916.8657,364.16275,822.3427,694.9932,806.5889,651.2326,841.5974,707.2462,811.8402,640.73004,923.86743,712.4975,890.6093,656.4839
0.661438083419433,909.8372,43.829803,923.8408,29.826223,911.5877,28.075775,971.1029,38.57846,915.08856,40.32891,1016.61456,140.10443,941.3453,126.10085,1021.8659,273.13846,915.08856,220.62503,918.5895,199.61966,850.322,182.11517,936.09393,379.91577,890.58234,369.4131,909.8372,539.20654,874.8283,509.4489,909.8372,693.2459,881.8301,638.98206,948.3471,-20.936762,969.3525,96.34324,916.83905,362.4113,822.3149,693.2459,806.5608,652.9856,841.56976,707.2495,811.81213,640.7325,923.8408,712.50085,890.58234,658.23694
0.6567980738786551,909.55225,43.78556,923.55835,29.779451,911.30304,28.028688,970.829,40.28403,914.80457,40.28403,1016.3488,140.07755,939.31525,126.07144,1021.60114,271.3848,914.80457,227.61572,925.30914,201.35426,855.2786,185.5974,937.5645,379.93213,893.7954,369.42755,911.30304,537.50085,876.2878,507.73785,911.30304,688.06647,883.29083,637.2944,951.5706,-20.992687,969.07825,96.308464,918.3061,362.4245,823.7649,691.568,806.2572,653.0512,843.02325,707.3249,811.5095,640.7959,925.30914,709.0757,890.2939,656.55273
0.6643729152587744,909.7359,43.798306,923.74884,29.785316,911.4875,29.785316,971.0427,40.29506,914.9907,40.29506,1014.8333,140.13759,937.76184,126.1246,1021.8398,271.50934,913.23914,229.47038,923.74884,197.94116,857.1872,185.6798,937.76184,380.11,892.21967,369.60025,911.4875,539.50775,874.7034,507.97852,909.7359,690.14734,883.46155,637.59863,950.0232,-21.01176,969.2911,98.09863,918.494,362.59375,823.9063,695.4022,808.1417,653.3632,841.42255,709.4152,813.3966,639.3503,925.5005,709.4152,892.21967,655.11487
0.6635792370025928,910.0431,43.812157,924.0526,29.80267,911.7943,29.80267,971.3346,40.309784,913.5455,40.309784,1015.11426,140.12737,938.0621,126.11788,1020.3678,271.46628,910.0431,227.68665,920.55023,197.91649,855.75635,183.90701,938.0621,380.0398,890.78,369.53268,910.0431,537.6465,875.0194,507.87634,911.7943,689.99963,882.0241,637.4641,950.3204,-19.230528,969.58344,98.09891,917.04785,362.52795,824.235,693.502,806.72314,653.2248,843.49805,707.51154,811.9767,642.71765,925.8038,709.2627,890.78,656.7271
0.663270020714173,909.8078,43.814545,923.8199,29.802439,911.5593,29.802439,971.1108,40.311516,915.0623,42.06303,1016.6501,140.14775,937.83203,127.88717,1020.15314,271.51123,908.0563,229.47491,920.3169,197.9477,857.2624,187.43861,937.83203,381.85657,890.54114,371.34747,911.5593,539.49274,874.7775,509.717,909.8078,690.12286,883.5351,637.57745,950.0926,-19.239925,969.35925,98.11144,916.81384,364.34143,823.98364,695.3774,808.22003,653.34106,843.2503,709.38947,813.4746,639.329,925.5714,711.141,892.29266,655.0926
0.659330488397525,910.813,43.836563,924.8214,29.828121,912.564,29.828121,970.3489,40.334454,914.31506,40.334454,1015.8763,138.39355,940.58093,127.88723,1019.3784,269.72272,909.0619,225.94633,917.8172,199.6805,854.7792,182.16995,937.0788,380.0392,891.55133,369.5329,910.813,537.6342,874.04083,507.86627,910.813,688.225,882.7961,639.19543,949.3362,-17.450378,970.3489,98.119286,917.8172,362.52866,821.50916,691.7271,805.74963,653.20386,844.2729,705.73553,811.0028,640.9465,924.8214,709.2377,891.55133,658.45703
0.6558137960158862,910.3039,43.794582,924.31415,29.784351,912.0552,29.784351,969.8474,38.540745,913.80646,40.292023,1015.3807,138.36365,941.82697,127.85597,1017.13196,269.70956,913.80646,222.42503,913.80646,197.90712,852.5117,180.39433,936.5731,380.04013,892.79114,369.53244,910.3039,537.6552,873.52704,506.1322,910.3039,690.0165,884.0347,637.47815,948.83203,-19.251457,969.8474,96.33295,917.309,362.52734,820.9887,691.76776,806.97845,653.2396,842.004,705.778,812.2323,640.98065,926.0654,711.03186,892.79114,656.7422
0.6636679275677755,909.72,43.800343,923.7269,29.793392,911.4708,29.793392,971.00037,38.547737,913.22174,40.298607,1016.52295,140.09813,941.2356,127.84204,1013.02124,271.4133,907.9691,222.38896,906.21826,197.8768,851.9413,182.11897,935.98303,381.71802,890.46045,371.2128,909.72,539.2962,872.9517,507.78058,911.4708,688.12006,881.70605,639.0957,948.2391,-19.230934,971.00037,96.32641,916.72345,364.20932,820.42566,689.8709,806.4187,653.10266,843.18695,703.87787,811.6713,640.8466,925.4778,710.88135,890.46045,658.3553
0.663377236861449,909.74506,43.81456,923.7495,29.810085,911.4956,29.810085,971.01465,38.56288,914.9967,42.064003,1016.5292,140.09534,939.5045,127.84142,1013.0281,271.3873,907.9945,220.62108,900.99225,197.8638,850.226,183.85933,936.0034,381.67255,890.4889,372.91977,909.74506,539.2229,874.7338,509.4634,911.4956,689.77106,883.48663,639.0048,950.00793,-19.205584,971.01465,98.08191,916.74725,364.16696,820.4665,691.5216,806.46204,651.2587,843.22375,705.52606,813.46423,640.7554,925.50006,712.5283,890.4889,658.261
0.6610339627816126,909.55566,43.848705,923.5615,29.842863,911.3064,28.092133,970.83124,38.596516,914.80786,40.347244,1014.5995,140.13887,941.06885,127.88375,1012.84875,271.44363,907.80493,224.1739,902.55273,197.91296,851.78156,183.90712,935.81665,381.73962,890.29767,372.98596,909.55566,539.30536,872.79034,507.7922,913.0571,689.8681,883.29474,639.097,949.82245,-19.177582,970.83124,98.12134,916.5586,364.23233,822.01917,689.8681,806.2626,653.1028,843.02795,703.87396,811.5148,640.8477,925.31226,710.8769,890.29767,658.355
0.6658004098213636,909.2657,43.843307,923.27234,29.83667,911.01654,28.08584,970.54474,38.59082,914.5182,40.34165,1014.3155,141.88979,939.0298,127.88314,1012.56464,271.45117,907.5149,224.17879,904.0132,196.1655,851.48834,182.15886,935.52814,381.75345,890.0066,372.99933,909.2657,539.3281,874.2491,509.56403,912.76733,689.89954,881.25244,639.1254,949.5348,-19.186565,970.54474,98.11903,916.26904,364.24518,823.47504,691.6503,805.96674,651.3812,842.7342,703.9061,812.97003,640.8763,925.0232,712.6603,890.0066,658.3846
0.6626968693274718,909.1777,43.80238,923.1853,29.794731,910.9286,28.043776,968.71014,38.54951,912.67957,40.30047,1014.235,140.10495,940.6949,127.84826,1012.4841,271.42664,907.4267,222.39987,903.9248,196.13553,851.3961,183.87885,935.442,381.73685,889.9171,369.48016,909.1777,539.3229,872.4076,507.80566,910.9286,691.656,881.16235,639.1274,947.69867,-19.23203,968.71014,96.331055,916.18146,364.2273,823.3808,691.656,805.8713,651.38403,842.64136,705.6637,812.87506,640.8783,924.9363,712.6675,889.9171,658.3879
0.6650740091617291,909.10144,43.817764,923.1083,29.810959,910.8523,28.060108,968.6304,38.565212,912.60315,40.316063,1012.4017,140.11455,940.61676,127.8586,1014.1525,269.6775,910.8523,224.15538,907.35065,197.89262,853.0742,183.88582,935.36426,381.73193,891.59296,371.22684,909.10144,539.30853,874.0845,509.54404,910.8523,691.6325,882.8387,639.107,947.6202,-19.21286,968.6304,96.343285,916.10486,364.22345,823.3098,689.88165,805.8013,651.363,842.56915,703.8885,812.8047,640.85785,924.85913,712.6427,889.8421,658.36633
0.6556695149495051,908.7877,43.76656,921.0449,29.758316,910.53876,29.758316,966.5717,40.2645,914.04083,40.2645,1012.0985,140.07323,940.3063,129.56703,1013.84955,269.64944,914.04083,224.12267,907.0367,197.85722,852.75476,183.84897,936.8042,381.7154,891.2774,372.96024,908.7877,539.3081,873.7671,507.78955,910.53876,691.6477,882.5223,639.1168,945.5593,-17.519499,968.32275,96.29746,917.54285,364.20508,821.2362,689.8967,807.22797,651.374,840.49756,703.90497,814.23206,640.86786,924.547,712.6601,891.2774,660.1292
0.6583771797326895,908.98175,43.78351,921.2375,29.777002,910.7326,29.777002,968.5094,40.281883,914.2342,40.281883,1012.2797,140.07823,940.4964,129.57335,1014.0306,269.6384,914.2342,225.86807,908.98175,199.60588,854.70654,183.84856,935.24396,381.69043,891.47363,372.93637,908.98175,541.01447,873.9655,509.4998,910.7326,693.3352,882.7196,639.06,947.4997,-19.245766,968.5094,98.058716,915.98505,365.93314,823.19196,691.58435,807.43463,651.3157,842.45087,705.5909,814.43787,640.8108,924.7391,714.3449,891.47363,660.0697
0.6617102141563709,908.4242,43.769154,920.6834,29.75859,910.17554,28.00727,967.96906,38.515194,915.42944,40.266514,1013.5034,140.09177,939.94794,129.58383,1013.5034,267.93814,913.67816,224.15512,904.9216,197.88533,855.8846,183.87476,936.4453,381.77393,890.911,373.01733,910.17554,542.8954,873.39777,509.6203,910.17554,695.26025,883.9057,637.4667,946.95325,-21.029692,967.96906,96.308754,917.1808,366.01205,824.36084,693.5089,808.59894,651.47723,841.874,707.5195,813.8529,639.218,922.43475,714.5248,890.911,656.7312
0.6612559683047808,908.24084,43.767868,922.25024,29.758488,909.99207,29.758488,967.7807,40.265522,915.24554,40.265522,1011.56006,140.08234,939.76196,129.57532,1013.3112,271.42026,913.4944,227.64096,904.7385,197.87103,853.9545,185.61282,934.5084,383.4953,890.7291,374.73944,909.99207,541.1008,873.2174,509.5797,909.99207,695.204,883.7244,639.16644,946.76666,-19.274336,967.7807,98.05421,916.9967,365.98358,824.1846,691.7016,808.424,651.4247,839.9451,707.46216,813.67755,639.16644,924.0014,716.218,890.7291,658.4293
0.6616097814761676,906.53125,43.784985,920.54193,29.77432,910.03394,28.022987,969.5793,40.28232,913.5366,40.28232,1011.61127,140.10829,939.8066,129.6003,1013.3626,271.45825,913.5366,227.67494,904.77997,197.90228,853.9913,185.64294,934.5526,383.54355,890.7693,374.7869,910.03394,542.91486,873.256,509.63953,910.03394,697.03217,882.01263,637.4868,946.81195,-21.014332,967.82794,98.0763,915.28796,366.03024,824.2186,695.2808,806.7053,651.4975,839.98065,709.2915,813.71063,639.23816,922.2933,716.2968,890.7693,656.75146
0.6638768235078225,906.5542,43.78266,920.5643,29.77259,910.05676,29.77259,967.84827,40.280144,913.55927,40.280144,1009.8785,140.10191,939.8281,129.59435,1013.38104,271.44632,913.55927,227.66486,904.803,199.64471,854.0165,185.63464,934.57434,383.52692,890.7929,373.01935,910.05676,542.8915,873.2803,509.61755,910.05676,697.00226,882.0366,639.2107,946.8332,-19.262661,967.84827,98.07169,915.3105,366.0143,824.24506,695.251,806.7325,651.46954,840.0064,709.26105,813.7375,639.2107,922.31555,716.2661,889.0416,656.7233
0.662882706293693,906.3196,43.764328,920.3278,29.756094,908.0706,29.756094,967.6056,40.262268,913.3237,40.262268,1011.38135,141.82198,939.5892,129.56477,1011.38135,271.39813,911.5727,229.37344,901.0665,199.60594,852.03766,187.34874,934.33606,383.46402,890.5603,374.7089,909.82166,542.8077,873.05005,509.53815,909.82166,695.1473,881.8052,639.1143,946.59326,-19.272728,967.6056,98.04624,915.07477,365.95374,825.7722,695.1473,806.5109,651.3715,841.5315,709.1555,813.515,639.1143,922.07886,716.1596,890.5603,658.3756
0.6653153632695858,906.06024,45.552265,920.0655,31.54699,906.06024,31.54699,969.084,40.300285,907.8109,42.050945,1009.3491,141.83853,937.5721,131.33458,1011.0998,271.38733,911.3122,227.62083,899.0576,199.61029,850.0391,185.60501,934.0708,385.18018,890.3043,374.6762,909.5615,540.98883,872.7977,509.477,909.5615,695.0469,883.30164,639.02576,944.5747,-19.22213,967.3333,98.072044,914.81354,365.9229,825.5299,695.0469,806.27264,651.2804,841.2858,709.0522,813.27527,639.02576,921.81616,714.30414,890.3043,658.283
0.6653697593854024,905.6252,45.498432,921.3822,31.49219,907.376,31.49219,970.40405,40.24609,907.376,41.996872,1010.672,143.54213,937.1392,131.28667,1010.672,271.3491,910.8775,229.33035,893.3697,197.81631,851.351,187.31163,933.63763,385.14978,889.86816,374.6451,909.1268,542.72003,874.11115,509.4552,909.1268,693.2871,882.86505,637.26215,944.14233,-19.280437,966.90247,98.021835,916.1299,365.8912,826.8401,696.7887,807.5815,651.2684,842.5971,710.7949,812.8338,639.01294,923.133,714.29645,889.86816,656.52075
0.6615178906000577,906.78937,45.513004,922.55,31.503513,906.78937,31.503513,975.0856,38.50826,903.287,40.259445,1010.1093,141.82825,938.31067,129.56995,1010.1093,271.41602,910.2917,227.63637,891.0287,197.86621,850.7514,187.35909,933.0571,385.24313,891.0287,376.4872,908.5405,544.6011,875.268,511.32855,908.5405,693.4519,884.0239,637.41394,943.5643,-24.534447,968.0809,98.04859,915.5453,367.73126,826.2348,696.9543,806.97174,651.42346,840.24426,709.2126,813.97644,637.41394,922.55,712.71497,891.0287,656.677
0.6678422517501391,908.2944,45.501926,924.0595,29.73675,906.54266,29.73675,980.11346,36.743496,903.0393,38.495182,1009.89215,143.59637,938.073,129.58287,1009.89215,273.22116,910.046,229.429,896.03253,201.40202,850.4887,187.38853,932.81793,387.08078,890.77747,378.32236,908.2944,546.48425,875.0123,513.2022,908.2944,693.6259,883.77075,635.82025,943.32806,-26.317217,967.8517,98.05252,915.3011,367.81223,824.2134,700.6327,808.44824,651.58545,839.9786,716.3978,815.45496,635.82025,922.30786,714.6462,890.77747,651.58545
0.675808554658523,913.8182,45.477234,931.3357,29.711468,908.5629,31.463219,983.88824,36.718475,899.80414,40.221977,1008.4128,141.82358,934.8392,131.31306,1008.4128,271.45322,910.31464,229.41116,892.7971,199.6314,852.50684,189.12088,933.08746,387.06882,889.29364,376.55832,906.81116,546.4783,873.5279,513.19495,908.5629,695.37714,882.2866,635.81757,943.59796,-22.841085,966.3707,98.029785,913.8182,367.79956,827.98236,700.6324,806.9613,651.5834,841.99634,714.6464,815.7201,637.56934,922.5769,714.6464,889.29364,653.3351
0.6762796032887238,917.46454,43.731552,938.4775,27.971848,910.46027,27.971848,987.5077,36.72724,899.9538,40.229397,1006.76953,143.54301,933.22424,131.28548,1008.5206,269.62067,908.70917,229.34586,892.94946,197.82645,849.1725,189.07106,931.4732,388.694,889.4473,379.9386,905.20703,544.54,875.43866,514.7716,910.46027,689.87946,882.443,637.3471,945.4818,-22.809425,964.74365,98.014984,913.9624,367.68106,826.4085,696.8838,807.1466,651.3558,840.4171,709.14136,815.90204,637.3471,924.4689,710.8924,887.6962,656.609
0.6801430812248817,919.0636,43.716633,940.0761,27.957247,910.3084,27.957247,989.10535,36.712463,899.8021,38.463505,1006.6157,143.5261,933.07196,131.26878,1008.3668,269.6012,908.5573,229.3272,891.04694,197.80843,850.77295,190.80426,931.3209,388.67212,889.29584,378.16586,906.8063,544.51495,875.28754,512.99615,910.3084,689.8515,884.0427,635.5692,945.3292,-24.574047,964.5907,97.99897,913.8105,367.6596,828.00934,695.1047,806.9968,651.3286,845.5198,709.113,815.7521,637.32025,924.3167,710.8641,889.29584,656.5817
0.6810968758968207,920.7906,43.72329,943.55096,27.96612,912.0366,27.96612,989.07166,36.7201,899.781,38.470898,1006.57965,143.51869,933.04614,131.26312,1006.57965,269.57605,908.53503,231.05852,892.77783,197.79338,850.7587,190.79019,931.29535,386.87943,889.27625,378.12543,906.78424,544.4511,875.2699,512.93677,910.2858,689.7672,884.02386,635.49255,945.30176,-22.80698,964.5605,97.99798,913.7874,367.62067,826.24756,696.7704,806.98883,651.2497,840.25397,709.026,815.7428,637.24335,924.2922,710.7768,889.27625,656.5021
0.6795406192541122,922.27203,43.735046,943.27985,27.979187,911.7681,27.979187,990.5474,36.73244,899.5136,38.483093,1006.3033,143.52214,931.0253,129.51694,1008.05396,269.569,908.26685,231.05469,892.511,196.04167,850.49536,194.29102,929.27466,386.8626,889.0097,378.10938,906.5162,542.67053,875.00446,514.66016,910.0175,689.7252,883.75775,635.455,945.0305,-22.789688,962.53705,98.00522,913.5188,367.60547,832.98883,698.47845,808.47974,651.2109,846.9941,710.73303,817.233,637.2057,924.0227,710.73303,889.0097,654.7122
0.6826943537363639,923.5905,43.718895,946.3508,27.961765,913.08575,27.961765,990.1206,36.715725,899.0794,38.46652,1005.87775,143.51405,928.8429,129.5077,1007.62854,269.57108,902.581,231.05365,895.5778,196.03781,850.05725,196.03781,928.8429,386.87415,886.82385,378.1202,906.0826,544.44543,874.56836,514.682,909.58417,691.51196,883.32227,635.48663,944.60004,-22.811207,962.1079,97.993454,911.33496,365.86465,834.3001,698.51514,808.0382,649.493,848.30646,709.0199,816.7922,637.2374,923.5905,712.5215,888.57465,656.49615
0.6864326068988214,926.9489,43.716145,949.7106,27.958092,914.6927,26.207195,991.73206,36.712566,898.93463,38.46346,1005.7392,141.76627,928.6998,129.51,1007.4901,269.58157,900.6855,231.0619,897.1837,196.044,848.1587,194.2931,930.45074,386.89154,888.42926,378.1371,905.9382,542.7212,874.42206,514.70685,909.44,693.29816,883.1766,635.5186,944.4579,-22.817862,961.96686,97.99389,912.9418,365.8808,834.1515,698.55084,807.88806,649.52576,846.4078,710.8071,814.89166,635.5186,923.44714,712.558,888.42926,656.52936
0.6854156393271226,928.28845,43.70704,951.0519,27.94777,916.03125,26.19674,991.32556,36.70292,898.52094,38.45395,1005.3338,141.76472,930.0395,129.5075,1008.8359,271.34094,902.023,229.31622,895.0189,196.04666,847.7411,192.5446,928.28845,386.90894,888.0148,378.15378,905.5251,544.50165,874.00653,514.73413,910.77814,691.5882,882.76166,635.55524,944.0477,-24.583134,959.807,99.740005,912.5292,367.6476,830.2308,695.0902,807.4674,649.5635,845.99005,707.3475,816.22253,635.55524,923.0354,712.6005,888.0148,656.56757
0.6831888739879315,929.0932,43.684975,951.8568,27.925562,916.8359,26.174515,992.13086,36.68079,897.5744,38.431835,1004.3882,141.74353,929.0932,127.73517,1009.6413,271.32092,902.8275,229.29582,892.3212,197.777,845.043,192.52386,929.0932,386.88992,887.0681,378.1347,906.3296,542.733,874.8108,512.9652,909.83167,689.82086,881.81494,635.5384,944.8526,-24.60581,960.612,99.71844,911.58276,365.87738,829.28357,693.32294,806.52,649.5468,843.29193,707.3313,815.2752,635.5384,923.8401,710.8334,888.81915,654.7999
0.6873206622325457,928.7771,43.687996,951.5398,27.929167,916.5202,26.178186,991.8124,38.435055,897.2594,38.435055,1004.0693,141.74294,927.02606,127.73509,1009.3222,271.31555,900.76135,231.04297,890.2555,197.77434,844.73,194.27237,928.7771,386.88028,886.75354,378.1254,906.01434,542.7176,874.49664,512.9509,909.5163,689.80005,883.2516,635.5196,944.5359,-24.600266,958.54376,99.71939,911.2673,365.86853,827.22015,693.302,806.2084,649.52747,841.228,707.3098,816.7143,635.5196,923.5241,710.81177,888.5045,654.7804
0.6887414249090048,927.65717,43.667423,950.4188,27.909351,915.4009,26.158455,990.68945,38.414734,897.8919,38.414734,1002.94574,141.71764,925.90625,129.46136,1008.1984,269.53308,904.8955,229.26247,896.141,197.74634,845.365,194.24454,929.4081,385.0923,885.6356,376.3378,906.6464,540.92206,873.37933,512.9077,911.8991,686.2465,883.88477,635.4705,943.4152,-24.617548,959.1733,99.69611,910.1482,364.0815,833.1087,691.4992,808.5962,651.2286,845.365,705.50635,817.35065,637.2214,925.90625,707.25726,890.8883,654.73035
0.6861467602161261,924.4533,45.461445,947.2214,29.698929,912.1936,27.947538,989.25476,38.455883,896.4311,38.455883,1001.5145,141.78793,924.4533,129.5282,1008.5201,273.1422,906.9394,231.10884,894.6797,199.58382,845.64075,201.3352,926.2047,386.9826,885.9227,379.97705,905.18805,546.35913,871.9116,513.0827,908.6908,693.47595,882.4199,633.92865,941.9672,-22.842789,957.72974,99.754555,908.6908,367.71732,828.12683,696.97876,807.11017,649.6912,840.3866,709.23846,815.8671,635.68005,922.7019,712.7413,887.67413,654.9454
0.6892249034001277,925.54834,45.39995,948.3165,27.885939,913.2885,27.885939,988.59875,38.394344,895.7745,38.394344,1000.8586,141.72699,927.29974,129.4672,1007.86414,273.08206,906.2829,229.29703,892.2717,206.52882,841.4811,197.77182,925.54834,385.17172,885.2661,376.4147,904.5315,541.0464,873.0063,511.27258,909.7857,686.41266,881.7633,635.622,941.3109,-22.904684,957.07355,99.693375,909.7857,364.1549,830.97266,691.6669,808.20447,651.38464,844.9839,703.92664,818.7129,637.3734,925.54834,709.18085,888.7689,654.88745
0.6854226978925558,925.7316,45.374565,948.4974,27.862446,911.7219,27.862446,988.7752,38.369717,892.45856,38.369717,1001.0337,139.94,925.7316,129.43274,1008.0386,273.0321,904.71704,225.74939,888.9562,211.7397,839.92224,204.73485,925.7316,386.86087,883.7025,376.3536,904.71704,540.9675,871.44403,512.9481,909.9707,686.3181,880.2001,635.53296,941.4925,-24.67391,955.5022,99.66213,908.2195,364.09512,831.1662,691.5718,810.1516,651.2939,846.92706,703.83026,818.9077,637.2842,923.9804,709.08386,887.20496,656.5475
0.6916954414202616,923.9157,45.367268,946.6768,29.609543,909.9088,27.858685,986.9466,38.363834,890.64935,40.114693,1000.9534,141.66447,925.66656,131.15933,1006.20605,276.48056,909.9088,229.2074,892.4002,220.4531,839.8745,206.44623,925.66656,388.5355,883.64594,379.7812,904.65625,542.611,867.88824,511.09558,909.9088,689.6831,881.8951,633.65564,939.6734,-22.916206,953.6803,101.39473,906.4071,365.77435,829.3693,693.1848,811.8608,651.16425,845.1271,705.44086,820.61505,637.15735,923.9157,708.94257,890.64935,652.9151
0.6986037171803988,920.6325,47.125435,943.3941,29.616497,906.62537,29.616497,985.4156,38.370968,889.1164,41.872753,999.4227,143.42459,922.38336,131.16833,1006.4263,278.2434,904.87445,229.21838,882.11285,234.47107,838.3405,211.70944,924.1343,386.79883,882.11285,376.29346,901.3727,540.87744,866.3548,509.3614,908.3762,691.45435,880.36194,635.4257,934.63965,-22.910315,953.8995,101.40314,908.3762,365.7881,831.3369,693.2052,812.0771,651.1838,845.34406,705.4615,820.83154,637.17664,922.38336,710.7142,887.36554,654.68555
0.68776480280436,910.14166,50.593433,929.4177,33.06976,897.87506,34.82213,978.484,38.326862,887.3609,45.33633,996.0077,143.4689,920.6559,134.70706,996.0077,278.40118,892.618,227.58252,871.5896,267.88696,841.7993,236.34436,920.6559,390.55267,878.59906,381.79083,899.62744,539.5039,866.33246,511.46603,910.14166,683.198,880.35144,634.1317,929.4177,-23.005991,953.95087,103.16445,904.8846,367.7719,829.5328,688.45514,810.2567,649.903,843.5517,704.22644,819.01855,635.8841,924.1606,702.47406,889.1133,649.903
0.6760375706049112,903.304,52.33999,924.3343,34.81476,894.54144,36.56728,975.1575,40.072327,885.7788,45.329895,996.18774,146.97623,920.8293,136.46109,992.68274,280.168,894.54144,232.84987,871.7586,285.42557,841.9657,252.12762,919.0767,394.082,880.52124,387.0719,898.04645,541.29395,866.50104,513.25354,910.31415,685.0008,880.52124,632.4251,927.83936,-21.26598,952.3747,104.91568,903.304,371.2992,827.94556,690.25836,808.6678,648.1978,840.2132,706.03107,817.4304,634.1777,924.3343,704.27856,889.2839,648.1978
0.6747960723363436,896.6306,54.077225,915.9177,36.543526,889.6171,38.296894,966.76544,40.050266,882.6037,47.063747,996.57275,147.00584,921.1778,138.239,987.8059,283.7687,882.6037,238.18109,865.06995,292.53558,807.20874,260.9749,919.42444,390.7243,877.34357,381.95746,896.6306,541.51416,861.56323,506.44672,907.1509,692.30396,879.0969,632.6894,922.9312,-17.810951,950.9851,103.17159,901.89075,371.43723,822.9891,685.29047,808.96216,643.2096,835.2627,702.82416,819.48236,630.93604,921.1778,709.83765,884.35706,651.97644
0.6813869430468633,892.48926,55.814224,910.0324,38.271046,887.22626,40.025364,962.6619,43.534,880.209,48.796955,994.2397,147.03876,920.5583,138.26717,985.4681,285.62985,881.9633,236.50897,853.8942,306.68167,817.0536,268.0867,917.0497,389.1346,876.7004,382.11734,895.99786,540.006,860.9115,506.67392,908.2781,689.123,878.4547,631.23047,918.804,-14.35849,950.3817,103.18081,901.2608,371.59143,824.0708,687.36865,810.0363,643.51074,838.10535,704.91187,818.80786,629.4762,920.5583,706.66614,885.472,648.7737
0.6681673870636866,887.96716,57.656788,903.7412,40.130062,884.4618,40.130062,958.07404,45.38808,877.4511,48.893425,989.62213,148.79575,917.7626,140.03238,980.85876,289.00952,880.9564,238.18204,854.6664,322.3103,814.3549,280.2462,916.0099,390.66452,877.4511,381.90115,891.4725,537.889,861.67706,506.3409,907.2465,686.86615,875.6984,632.5333,917.7626,-12.450106,947.558,104.978935,901.9885,371.38513,826.6236,685.11346,809.09686,641.2967,837.13965,702.6402,817.8602,629.02795,921.2679,706.14557,882.7091,651.8127
0.671632516842622,884.3559,57.519077,900.1167,40.007057,880.8535,41.75826,952.6528,43.50946,873.8487,47.011864,985.9256,152.084,910.6239,143.32799,973.66724,295.6826,872.0975,250.15132,842.327,335.96024,807.303,283.42416,915.8775,388.4963,875.59985,377.98907,886.1071,537.3485,861.5903,504.07565,905.3703,687.9519,875.59985,633.6646,915.8775,-12.529011,943.8968,103.05034,900.1167,370.98428,828.31744,687.9519,805.55176,642.4206,835.3222,701.9615,814.3078,630.16223,919.37994,707.2151,884.3559,652.92786
0.6251304974922767,876.9223,57.891994,890.8597,40.47032,876.9223,42.21249,941.3825,45.696823,873.438,49.18116,974.4837,150.22685,916.9922,136.28952,969.2572,296.5689,885.6332,247.78822,861.2428,355.80258,829.8838,284.37375,913.5078,378.45078,878.6645,367.99777,875.1802,536.988,857.7585,509.1133,899.5705,685.0722,871.6958,632.8072,903.0548,-6.568193,937.8982,104.93051,903.0548,364.51343,815.9465,681.5879,802.00916,639.7759,828.14166,695.5252,812.46216,629.3229,915.25,704.236,876.9223,651.971
0.5957348851057199,871.3701,54.80941,887.0184,39.16121,873.1088,37.42252,935.70166,46.115963,873.1088,47.854652,970.4754,152.17601,913.0987,134.78911,963.5207,303.44196,880.0636,247.80391,855.7219,371.25085,836.5964,284.31638,911.36,372.98953,878.3249,364.29608,867.89276,534.6876,853.9833,508.6073,893.9731,680.7375,871.3701,633.7929,900.92786,-6.0447116,932.22424,105.2314,902.66656,362.5574,808.77734,673.7828,800.08386,639.009,822.6868,687.69226,808.77734,628.57684,909.6213,698.1244,871.3701,652.9185
0.6065653230135257,868.56354,57.274822,882.53296,39.81299,866.8173,39.81299,933.1723,45.051537,859.8326,48.543903,964.60364,153.31493,910.4719,134.1069,954.1265,308.72528,880.7868,249.35503,854.59406,385.55734,840.6246,315.71,905.2334,376.82642,875.5483,368.09552,865.07117,528.7444,847.6093,504.29782,889.5177,680.66235,866.8173,631.7692,894.7563,-12.572522,929.67993,104.42178,898.24866,364.60315,810.93945,677.17,798.7162,635.2616,821.41656,691.13947,809.1933,628.27686,903.4872,699.8704,903.4872,650.97723
0.5999331600390948,864.88904,57.14766,880.56104,41.475624,864.88904,39.734287,929.3185,46.699635,859.665,50.182312,960.66254,156.40388,911.9051,135.50783,941.5079,314.86557,882.30237,266.10812,861.4063,394.96707,843.993,346.20963,899.71576,384.51904,875.33704,374.071,854.441,527.3087,840.5103,506.41266,885.78503,680.5464,884.0437,633.5303,891.0091,-9.023154,927.57715,105.9051,894.49176,370.58835,809.1662,678.80505,796.97687,640.4956,817.8729,690.9944,807.42487,633.5303,901.4571,699.70105,910.16376,652.685
0.5901880550843018,861.8971,54.866707,877.4254,41.063763,863.6225,39.338394,922.28503,47.965237,865.34784,47.965237,958.51776,158.38881,911.9328,134.23366,936.08795,324.02417,886.05225,258.46017,865.34784,410.2926,844.64343,346.45398,896.4045,382.6867,875.7001,370.60913,844.64343,524.16693,834.2912,498.28638,880.87616,675.9993,889.503,624.2383,889.503,-3.7958164,924.0104,106.62776,891.2284,368.88376,806.6853,684.62616,789.43164,510.36395,825.66437,694.9784,798.0585,513.8147,898.1298,693.253,906.7567,636.31586
0.6084198733934989,856.99335,57.26009,872.1847,42.068737,858.6813,40.38081,919.44666,50.508377,860.3692,48.82045,956.5811,158.53578,911.007,138.28064,932.9501,317.20102,890.7519,268.25113,873.8726,420.16464,851.92957,367.83887,890.7519,393.1578,877.2485,383.03024,833.36237,529.88,880.6243,506.249,877.2485,673.3539,885.6881,627.77985,887.37604,-3.5053244,921.1346,107.897934,887.37604,377.96646,802.9796,675.0418,797.91583,637.9074,818.17096,686.8573,806.35547,636.2195,892.4398,691.9211,900.87946,644.6591
0.5935176496322339,852.3018,56.73172,864.35986,42.951157,852.3018,41.228584,909.14667,48.118866,900.5338,49.84144,945.3207,160.08597,905.70154,135.96999,924.64984,315.11737,883.3081,251.38223,879.863,415.02646,845.41156,256.54996,886.75323,385.74277,862.63727,375.40735,860.9147,523.54846,814.4053,506.32272,867.805,673.4121,878.1404,626.9027,876.41785,-0.113117695,914.3144,108.40885,878.1404,371.9622,790.2893,685.4701,778.2313,652.7413,805.7924,697.5281,804.0699,651.0187,885.0307,697.5281,897.0887,642.4058
0.5741409051876801,849.2351,58.08244,861.5566,44.000725,849.2351,42.24051,907.32214,49.28137,903.80176,51.04158,940.76624,156.65445,905.56195,133.77167,924.9243,309.7931,880.91895,246.42538,882.6792,399.56406,847.47485,258.7469,880.91895,381.96188,865.077,371.4006,812.27057,521.01886,870.35767,503.4167,859.7964,667.11664,882.6792,616.07043,875.6383,-1.7648513,912.60284,107.36845,879.15875,367.8802,782.3469,684.7188,785.8674,658.31555,799.9491,695.2801,806.9899,524.53925,882.6792,684.7188,900.2813,635.4328
0.6123263526421326,847.30585,57.994545,859.60657,43.936546,849.0631,42.1793,901.7806,49.208298,882.45087,50.965546,935.16833,152.88603,908.8096,131.79904,919.3531,305.76678,875.4218,242.50578,878.93634,400.65826,842.0341,261.8355,877.1791,377.81403,878.93634,369.02777,803.3746,520.15125,871.90735,502.57877,842.0341,664.2457,885.96533,623.829,866.6356,7.0343,908.8096,107.19754,880.6936,367.2705,768.2296,681.81824,827.9761,653.7022,780.53033,690.6045,827.9761,636.12976,863.1211,681.81824,901.7806,641.4015
0.6290550976991653,842.59235,59.360977,854.8113,45.396492,844.33795,41.905373,898.4503,48.887615,887.9769,50.633175,931.61597,151.87567,905.43256,132.67451,915.9059,305.485,875.758,242.64482,879.24915,392.763,840.8468,256.6093,874.01245,377.05298,882.74023,370.07074,797.2078,518.44336,872.2669,509.71558,830.3735,663.3249,882.74023,637.1415,861.7935,6.9941645,903.687,106.491104,875.758,366.57962,753.5688,675.5438,828.62787,661.57935,767.53326,686.01715,839.10126,651.10596,849.5746,682.52606,893.2136,656.34265
0.6196795346645209,840.0189,60.777557,852.1575,46.904892,841.753,45.17081,895.5095,50.37306,876.43463,52.10714,926.723,152.68394,902.44586,131.87495,914.5845,303.54916,869.4983,254.99484,876.43463,398.92374,836.5507,346.90125,872.9665,371.1784,876.43463,365.97617,789.73047,509.90503,866.03015,504.7028,817.4758,655.568,879.9028,638.2272,853.89154,13.957316,900.7118,109.33188,872.9665,364.24207,737.708,669.4407,831.34845,659.0362,751.5807,679.84515,841.753,648.63165,838.2848,676.377,890.3073,659.0362
0.5854815095663071,831.896,57.187202,843.663,43.73917,833.57697,40.377163,887.36914,52.14419,853.749,52.14419,917.6272,154.68544,885.6881,132.8324,904.17914,299.2518,852.06805,245.45967,870.5591,396.75003,830.21497,359.76794,870.5591,371.53497,855.43005,364.81097,781.4659,500.9723,865.51605,495.9293,793.2329,642.17664,880.6451,635.45264,857.111,3.39507,890.73114,105.936325,865.51605,358.08694,722.63074,648.9007,828.534,648.9007,734.39777,658.9867,830.21497,642.17664,811.72394,658.9867,895.7742,652.2627
0.5844946320240314,824.5061,56.562817,834.4401,43.317505,824.5061,40.00618,877.48737,49.940163,890.73267,49.940163,910.60065,157.55832,879.143,134.37901,895.69965,299.9454,857.6194,248.61983,846.0297,369.48328,827.81744,334.71436,864.24207,371.13895,847.6854,362.86063,774.8362,498.62506,865.8977,492.0024,768.21356,637.7008,882.45435,631.0782,846.0297,1.9259105,884.11,106.232735,857.6194,357.89365,697.02,639.3565,821.19476,644.3235,706.954,649.29047,826.1618,639.3565,783.1145,655.91315,895.69965,649.29047
0.6185154238572488,821.62256,59.944847,831.52814,46.737408,821.62256,43.435547,874.45233,51.690197,886.00885,54.992058,904.16907,157.34972,874.45233,135.88763,890.9616,297.67877,849.68835,248.15088,844.7356,368.66876,823.2735,338.95203,859.59393,373.62155,856.2921,365.3669,772.09467,497.4413,866.1977,494.13947,758.8872,632.81757,882.707,632.81757,846.38654,0.5113667,881.056,106.17089,856.2921,357.11224,689.54816,631.1666,823.2735,641.0722,697.8028,641.0722,833.1791,636.11945,772.09467,652.6287,897.56537,649.3269
0.6037896390144641,816.8669,62.94729,828.3819,48.142235,816.8669,46.497227,869.5071,54.722256,830.0269,56.367264,899.1172,156.71263,869.5071,135.32756,884.31213,299.82816,838.25195,243.89795,839.897,378.78845,815.22186,299.82816,861.28204,368.91843,848.122,360.6934,767.5167,495.5839,862.92706,492.29388,752.7117,630.47437,881.0221,635.4094,839.897,3.7270694,876.0871,109.007454,853.057,355.75836,680.33136,628.82935,816.8669,640.3444,690.2014,638.6994,823.4469,635.4094,764.2267,650.2145,897.47217,650.2145
0.6131528111604544,813.7142,61.362633,823.6059,48.173603,813.7142,44.876347,864.82166,54.768116,879.6593,58.065372,892.8483,160.28033,871.41614,137.19954,879.6593,300.41376,843.38947,247.65765,831.84906,386.14243,813.7142,341.6295,853.28125,371.30478,851.6326,363.06165,762.6067,494.9519,861.52435,493.30328,747.769,626.8422,881.3079,633.4367,838.4436,2.0120058,871.41614,109.17286,849.984,358.11575,678.5266,623.5449,820.30865,636.73395,686.7698,635.0853,826.9032,631.7881,757.66077,648.27435,897.7942,649.923
0.617629309113209,807.7194,59.959755,819.3187,46.703426,807.7194,43.389343,860.74475,54.988632,875.6581,56.64567,885.60034,161.03926,869.0299,136.18364,874.00104,300.2307,840.8602,245.54836,824.2898,384.7398,807.7194,315.14407,844.1743,369.82645,852.45953,361.54123,759.6652,494.10452,859.0877,495.76157,744.75183,626.6678,880.6292,634.953,834.23206,3.620357,867.37286,109.67098,845.83136,356.5701,675.1561,621.69666,819.3187,636.61005,683.44135,633.29596,825.94684,633.29596,756.35114,649.8664,897.19965,653.1805
0.651919947220729,800.1688,60.14482,811.7986,48.515076,800.1688,45.192295,853.3334,55.160645,820.1055,56.822037,873.2701,163.15112,858.31757,133.24606,856.6562,302.70804,825.0897,234.59097,803.49164,392.4232,796.84607,251.20488,825.0897,367.50232,845.0264,357.53397,750.3271,493.7681,853.3334,497.09088,743.6815,626.67944,878.2543,636.64777,821.76697,6.9802814,856.6562,109.98658,836.7195,354.21118,675.56445,620.0339,818.44415,636.64777,683.8714,631.66364,825.0897,633.325,756.97266,648.2775,894.86816,654.9231
0.64746604515956,795.3545,60.365074,808.70233,47.01726,795.3545,43.68031,848.7457,55.359642,817.0447,57.028122,868.76746,162.14215,853.75116,132.10957,852.0827,300.6257,822.0501,237.22359,798.69147,387.38647,795.3545,250.57141,822.0501,364.0278,840.4034,355.68542,748.63715,489.16354,850.41425,495.83746,743.6317,624.3102,878.7783,637.65796,820.38165,5.3053465,852.0827,108.75089,832.061,352.34848,675.2242,620.9732,817.0447,640.99493,685.23505,634.32104,822.0501,635.9895,756.97955,646.00037,895.4631,656.0112
0.6425286737772135,790.71497,60.441147,804.09235,47.063774,792.38715,43.71943,845.89667,57.096806,817.4697,58.76898,864.2905,167.46016,850.91315,134.01671,839.20795,301.23392,814.12537,225.98618,790.71497,384.8425,789.0428,271.13483,815.79755,369.79297,839.20795,361.4321,745.56635,491.8615,845.89667,496.87802,742.222,623.9631,875.9957,637.34045,819.1419,3.5873022,847.56885,110.60631,827.50275,356.4156,677.00726,620.6188,815.79755,637.34045,685.36816,632.324,820.8141,633.99615,757.27155,647.3735,892.71747,655.7344
0.6215462868030255,785.8576,58.575558,799.2138,46.88893,787.52716,43.549896,839.2822,56.90604,817.5785,56.90604,859.3164,163.75519,845.96027,135.37338,827.5956,300.65567,812.56995,247.2311,780.84906,384.13156,782.5186,290.63855,809.2309,367.43637,830.93463,360.7583,742.4502,489.3112,839.2822,492.65024,744.1197,624.5422,874.3421,636.22876,814.23944,3.481463,842.6212,110.33061,819.248,355.74976,675.66943,621.2031,812.56995,639.5678,684.017,632.8898,819.248,634.55927,757.4758,647.9154,891.0373,654.5935
0.6035098891991836,780.61865,58.337246,792.2755,45.015133,782.28394,40.01934,832.2419,55.006718,823.9155,55.006718,852.22504,163.2489,842.23346,133.27414,813.92395,298.1353,798.9366,243.1816,765.6313,388.0596,778.95337,266.4953,808.92816,366.41116,835.5724,359.7501,740.65234,492.97125,833.9071,491.30597,743.98285,626.1924,872.2082,632.85345,803.9324,6.714052,837.2377,108.29518,815.58923,356.41956,677.37225,624.52716,808.92816,637.84924,685.6986,634.51874,817.25446,634.51874,757.30493,647.8408,888.86084,651.1714
0.6226702091785578,776.17206,59.797443,786.1433,46.502384,777.8339,41.51674,829.3523,54.811794,819.381,54.811794,849.29486,161.17226,837.6617,131.25838,807.7478,294.12283,791.12897,232.6332,759.5532,383.8645,771.1864,260.8852,797.7765,360.59814,832.676,355.6125,739.61066,490.22495,826.0285,491.88684,742.9344,624.8374,869.2374,631.4849,797.7765,8.279092,832.676,107.99203,809.40967,353.9506,676.4591,621.5137,809.40967,639.7944,684.7685,633.14685,816.0572,636.4706,757.89136,648.10376,887.5181,649.7656
0.6136052299004334,768.956,54.83258,778.92316,41.54308,772.2784,36.55952,820.4528,51.510204,822.114,49.84902,833.7423,151.18144,843.7094,127.92482,790.55145,284.07642,775.60077,232.57962,744.0382,375.4417,757.3277,272.44812,787.22906,353.84628,825.4364,348.86273,737.39343,483.4189,808.8245,488.40247,744.0382,619.6362,863.6437,627.9422,790.55145,6.658148,825.4364,104.6682,800.51855,348.86273,677.5907,621.2974,807.1633,646.2153,684.2355,631.2646,813.80804,641.2317,755.6665,642.8929,883.57794,644.5541
0.6176665299213849,761.98364,55.770435,771.8287,41.00287,763.62445,37.721188,812.8497,49.20707,821.0539,49.20707,829.25806,155.86171,840.74396,129.60826,789.8779,285.48813,770.1878,241.18542,735.73016,372.45267,755.4202,270.72055,780.03284,359.32596,817.7722,354.40344,737.37103,485.6707,799.72296,487.31152,743.9344,618.5788,858.7932,620.2196,784.9554,4.9043736,819.413,104.99565,793.1596,351.12177,678.3007,621.8605,804.64545,636.62805,686.50494,633.3463,811.20886,631.7055,757.0611,641.55054,880.12415,636.62805
0.6042529356021148,755.699,56.482323,765.4655,41.832527,757.3267,36.94926,806.15936,49.971302,815.9259,48.343548,819.1814,154.14761,837.08673,129.7313,788.2541,285.99576,770.34875,248.5574,731.28265,369.01126,758.95447,307.1566,778.48755,355.98923,817.55365,349.4782,739.4214,489.46512,791.5096,484.58188,744.3047,618.0578,853.36426,613.1745,776.8598,7.6496735,812.6704,103.68721,789.88184,351.10596,679.19446,627.8243,799.6483,632.7076,685.7055,635.9631,807.7871,626.19653,757.3267,639.21857,872.89734,629.452
0.60280402807089,755.0155,61.43661,764.447,47.28935,755.0155,44.14551,802.1731,56.720856,813.1765,56.720856,810.03265,147.8921,838.3272,135.31676,775.45044,278.3613,762.8751,251.63869,728.2929,356.95718,750.2998,300.36816,772.30664,345.95377,813.1765,341.238,739.2963,485.85446,781.73816,481.13873,744.0121,617.89557,847.75867,603.74835,773.87854,11.135235,808.46075,105.45032,784.88196,342.80994,677.9916,622.6113,802.1731,632.04285,685.85114,633.61475,806.8888,625.7552,755.0155,638.3305,868.1936,619.4675
0.6110614652817066,749.38605,55.445,759.1003,42.492645,749.38605,39.25456,796.3383,52.206913,810.9097,52.206913,804.43353,149.34958,835.1954,133.15913,772.0527,278.87314,835.1954,248.11128,718.6242,361.4444,751.00507,303.1588,770.4336,351.73013,802.8145,345.25397,739.67175,482.87274,773.6717,476.39655,744.5289,615.6344,841.6716,597.8249,773.6717,0.39749122,802.8145,102.39729,778.5288,343.63492,679.7671,622.11053,797.95734,622.11053,687.86237,631.8248,802.8145,615.6344,759.1003,636.68195,861.1001,615.6344
0.6377272720520313,740.3097,57.202488,748.33887,44.355812,740.3097,41.144142,786.8789,52.384983,796.5139,52.384983,794.9081,151.9467,827.0248,135.88837,756.36804,275.59595,833.4481,246.69093,708.193,354.28183,745.1272,299.68347,762.7914,347.8585,794.9081,341.43515,733.88635,482.74857,764.3972,471.50772,743.52136,614.42694,825.41895,588.73364,759.5797,10.633293,793.30225,103.77168,770.82056,339.8293,684.1055,620.8503,775.63806,612.8211,692.13464,632.0911,780.45557,604.792,757.9739,633.69696,843.0831,604.792
0.611277434688348,733.3024,57.69627,742.72595,43.560997,734.87305,40.419827,780.42004,52.984512,792.98474,51.41393,789.84357,145.64908,818.1141,131.5138,753.7201,271.29593,821.25525,246.16656,701.89075,349.82523,736.4436,313.70175,761.573,345.11346,783.5612,338.83112,730.16125,477.04266,755.29065,466.04855,744.2966,610.5424,816.5435,583.84247,758.4318,4.2963557,786.7024,100.10208,767.85535,335.68994,683.0437,621.53656,769.4259,610.5424,692.4672,630.9601,774.1377,602.6895,760.00244,632.53064,833.81995,601.11896
0.6282868820887345,732.8057,54.178303,742.275,41.55257,732.8057,38.396137,776.99585,51.02187,791.19977,49.443653,783.3087,145.71487,818.0295,128.35449,743.8533,275.12866,818.0295,245.14253,694.9285,354.0395,734.384,308.2712,756.479,341.41376,788.04333,333.52267,728.0711,475.5622,748.5879,464.51468,742.275,614.44525,805.40375,582.8809,750.16614,8.410017,784.8869,101.52481,764.3701,331.94446,679.14636,617.6017,762.7919,608.1324,688.61566,630.2274,767.52655,600.24133,758.05725,634.9621,821.1859,601.8195
0.6639011124005685,728.7163,54.3983,738.0717,41.92441,728.7163,37.246704,773.93414,49.720592,786.408,48.161358,780.1711,149.51172,812.91504,130.80087,744.30865,277.36908,823.8297,239.94742,688.17615,353.77167,733.394,299.1984,752.1048,342.85703,787.9673,333.5016,725.59784,475.3921,745.86786,461.35898,742.7494,611.04565,791.08575,578.3017,745.86786,10.739685,780.1711,102.73463,761.46027,335.06082,678.82074,617.2826,753.66406,600.131,689.73535,631.31573,761.46027,592.33484,759.901,631.31573,809.7966,593.89404
0.6522203133656428,724.6941,56.875374,733.84845,44.669518,726.21985,40.092323,768.9403,52.29818,779.6204,50.772446,776.569,154.52222,810.1351,134.68771,738.42566,276.58078,817.76373,243.01468,685.025,351.34164,729.2713,310.14688,749.1058,345.23874,773.5175,336.08435,724.6941,477.97742,739.9514,461.19437,744.5286,610.7161,778.0947,575.62427,746.0543,5.0004845,776.569,102.64734,758.2602,334.5586,677.39636,618.3448,738.42566,600.036,689.60223,633.6021,744.5286,589.35583,761.31165,630.5506,797.9292,590.8816
0.6518717110157013,721.0824,54.6466,730.5132,42.072273,721.0824,37.356903,765.0926,51.503017,779.2387,48.359436,769.8079,153.66942,805.9591,130.09256,730.5132,274.6973,816.9617,238.54611,680.2159,348.57147,730.5132,301.41772,744.6593,343.85608,769.8079,332.85355,722.65424,475.8865,736.80035,458.5968,743.0875,609.4887,768.23615,571.76575,741.5157,4.3492966,772.95154,101.80032,754.09,332.85355,675.5005,615.7759,717.93884,593.7708,686.50305,628.3502,733.65674,578.0529,760.3772,629.922,783.95404,584.3401
0.6438887245379962,713.62256,55.72389,723.01196,43.204693,715.18744,41.639793,755.8748,52.59409,774.6536,49.46429,763.69934,155.87747,794.9973,130.83908,724.57684,279.50455,788.73773,241.94695,674.50006,351.48993,719.88214,320.19193,741.7908,343.66544,760.5695,335.84094,723.01196,475.117,726.1417,457.9031,743.35565,612.8282,746.4855,567.4461,737.09607,0.9524009,765.2642,102.67088,749.61523,331.14624,676.06494,617.5229,688.58417,562.7514,688.58417,631.607,699.53845,554.9269,757.43976,633.1719,763.69934,569.011
0.651649439564118,710.4611,58.138798,718.2842,44.057266,713.59033,40.928036,751.1411,51.88034,769.9165,48.75111,762.0934,156.70953,791.8211,131.67569,722.978,280.3141,794.9503,241.19873,672.91034,350.72177,716.7196,270.9264,738.6242,344.4633,752.7057,338.20483,721.41345,477.45557,718.2842,455.55096,743.31805,612.01245,733.93036,550.99243,732.3657,-1.3165636,762.0934,101.94801,746.44727,331.94638,677.6042,616.7063,680.73346,554.1217,686.9919,630.7878,691.6857,547.8632,757.39954,632.3524,754.2703,561.94476
0.6468062034020057,709.009,59.422043,716.869,46.845947,710.581,42.129913,751.45325,53.133995,768.7454,49.98997,759.31335,155.31476,789.1816,130.16257,721.585,279.5037,782.8935,241.7754,671.2807,351.81622,712.15295,323.52002,735.73315,345.52817,743.5932,339.2401,720.01306,476.00516,718.44104,455.569,743.5932,612.77014,737.3052,546.74567,731.0171,-0.31440234,760.8853,103.43837,745.1652,332.9521,675.9967,615.9142,677.5687,551.46173,687.0008,630.0623,690.14484,545.17365,756.1693,631.6343,757.74133,557.74976
0.6355493057232636,705.34204,59.94839,713.2717,47.260902,706.928,44.089027,748.16235,53.604645,767.1936,50.432774,759.2639,150.34674,786.2248,128.14365,718.02954,277.22162,740.23267,235.98729,670.4515,351.76062,714.85767,274.04974,735.47485,340.6591,752.92017,331.14346,718.02954,473.87772,718.02954,445.33084,741.8186,613.44006,724.3733,540.487,727.54517,-0.3171811,757.678,102.76866,743.40454,326.38565,673.62335,619.7838,668.86554,542.07294,684.7249,634.05725,679.9671,537.3151,756.09204,634.05725,727.54517,551.58856
0.6409636609829389,702.52673,59.947296,712.0372,47.266743,704.1118,44.096603,746.9087,53.60702,764.3445,52.02195,758.00415,155.05145,781.7802,131.27542,716.79236,277.10178,738.98334,240.6452,670.8254,353.18512,713.62225,259.66602,732.64307,343.6747,737.39825,337.3344,718.37744,476.82053,713.62225,445.11914,742.1535,613.1365,719.9625,538.63824,729.4729,-0.2853366,754.83405,102.74417,740.5684,329.4091,673.9955,622.6469,661.31494,538.63824,685.091,635.32745,673.9955,532.298,756.4191,633.7424,719.9625,551.3188
0.6439624864321488,699.33887,61.062435,708.7702,48.48728,702.48267,45.34349,743.35187,56.346752,760.6427,51.63107,757.49896,153.8042,774.7898,130.22578,721.34534,281.12762,726.06104,237.1146,671.04474,356.57855,708.7702,326.71255,732.34863,342.43152,729.20483,336.14392,718.2016,472.89874,707.1983,441.46085,741.77997,611.22546,711.914,535.77454,724.48914,2.9023466,752.78326,103.50358,738.6362,328.28445,672.61664,617.513,655.3258,535.77454,686.7637,630.0882,666.32904,531.05884,755.92706,630.0882,713.4859,549.9216
0.6360573184031707,695.823,61.69141,705.24646,50.697342,695.823,47.55618,739.79926,56.979664,755.50507,53.838505,755.50507,148.07336,757.0756,129.2264,722.5228,275.29044,720.9523,237.5965,675.4054,358.53122,700.5347,328.6902,731.94635,339.68427,722.5228,333.40195,714.6699,470.04248,698.9641,435.48972,741.3698,611.3948,706.817,534.43634,719.3817,5.15049,746.08154,104.0971,733.5169,328.6902,670.69366,619.2477,651.8467,537.57745,686.3995,630.24176,661.2702,531.29517,755.50507,630.24176,706.817,547.001
0.6207427336619451,693.7734,63.71984,701.67053,51.08444,693.7734,47.925587,736.4179,55.822716,752.21216,54.24329,755.371,145.84996,755.371,128.47629,722.20306,270.62457,719.0442,227.98009,679.55853,357.49298,700.09106,207.44756,731.6796,335.381,722.20306,330.64273,711.1471,466.47333,692.194,433.3054,741.1561,613.3599,709.5676,535.9681,717.4648,5.281101,744.315,103.20548,733.25903,324.32504,671.66144,621.257,652.7083,537.5475,685.8763,632.313,662.1849,531.2298,755.371,630.7336,707.9882,550.18286
0.652432008431508,692.1915,62.94452,700.09265,51.88295,693.7717,48.722504,738.018,56.623623,750.6598,55.0434,755.4005,149.85683,750.6598,129.31392,731.69714,269.95386,722.21576,233.6087,684.2904,352.1255,695.352,320.52103,728.5367,336.32324,720.63556,331.58258,711.15424,467.48184,689.03107,434.29715,741.17847,612.8624,711.15424,535.43146,715.8949,7.6366806,744.3389,102.45012,730.1169,323.68146,671.6486,620.76355,654.2662,540.1721,685.87067,631.82513,663.7475,530.6908,755.4005,631.82513,709.574,549.6535
0.642063713990725,689.1724,65.052956,698.69305,53.945488,690.75916,50.771927,735.189,58.70583,749.47003,55.53227,752.6436,144.39197,751.0568,128.52417,727.2551,263.4005,719.3212,223.73099,685.99884,355.43378,697.1063,203.10284,727.2551,333.21884,719.3212,330.0453,709.80054,463.33484,685.99884,431.59924,741.53613,612.4922,708.21375,533.1532,712.9741,7.928857,741.53613,103.13568,727.2551,320.5246,671.71783,620.4261,652.67645,541.0871,685.99884,631.53357,662.19714,531.5664,755.8172,629.9468,708.21375,545.8474
0.6332998482080606,686.21045,63.17228,694.11755,52.102337,686.21045,48.939495,728.9088,55.26518,743.1416,52.102337,749.4673,135.91762,746.30444,123.26625,730.49023,256.10556,713.0946,214.98863,695.699,347.82794,694.11755,306.711,722.5831,325.68805,716.25745,322.5252,706.7689,461.6902,687.7919,430.0618,741.5602,610.3437,708.35034,532.8541,705.1875,7.822568,738.39734,97.963524,724.16455,316.19952,673.5591,622.99506,654.58203,537.5984,687.7919,632.4836,664.07056,528.10986,755.79297,627.7393,708.35034,547.0869
0.6510961926900424,685.2978,63.403187,693.22345,52.30723,685.2978,49.13696,728.09644,55.477505,742.3627,52.30723,748.70325,139.48975,742.3627,123.638374,734.437,259.9601,712.2451,212.40602,696.39374,345.5575,690.05316,302.7588,720.1708,329.70612,715.41534,324.9507,704.3194,466.02786,688.468,434.32513,740.7775,610.27527,707.4897,534.1887,705.90454,7.9234076,737.6073,98.27619,723.34106,317.02502,672.6167,626.12665,653.59503,538.94415,688.468,635.63745,663.10583,527.8482,755.04376,629.29694,707.4897,550.0401
0.660495434816067,682.1684,62.44764,691.6799,51.350933,683.75366,48.180447,726.55524,54.52142,740.82245,51.350933,748.74866,138.53934,739.2372,124.27215,739.2372,257.43262,709.11755,209.87532,704.3618,341.45056,688.5094,203.53433,718.629,328.76862,713.8733,324.01288,701.19135,466.6848,688.5094,438.15042,739.2372,609.35675,709.11755,531.6798,704.3618,5.3788624,736.0667,97.323006,720.2143,314.5014,674.2422,626.79443,652.04877,538.0208,688.5094,636.3059,661.56024,526.9241,755.08966,626.79443,709.11755,545.947
0.6699244689482909,681.40875,62.286434,689.32385,49.622307,682.99176,48.03929,725.7332,52.788338,738.39734,51.205322,747.89545,141.43723,735.23126,125.60707,739.98035,261.74643,711.486,214.25597,703.571,351.97836,687.7408,203.17485,717.8181,332.98215,713.0691,329.81613,698.8219,469.12152,687.7408,443.79327,738.39734,610.00995,708.32,532.44214,701.988,5.297862,733.64825,98.6958,719.4011,318.73502,673.49365,627.4231,652.9145,538.77423,687.7408,636.9212,662.41254,526.1101,755.8105,629.0061,709.903,545.10626
0.6666788218113092,678.7159,61.944405,688.20874,50.86938,680.29803,47.70509,723.016,54.033672,737.25525,52.451527,745.166,141.0517,734.091,125.23024,738.8374,261.2948,713.5231,215.41255,704.0302,349.89496,688.20874,308.75916,716.6874,334.07352,710.35876,329.32706,694.53735,470.13806,686.6266,447.988,737.25525,609.3669,708.7767,530.2596,700.8659,6.569296,732.50885,98.33376,718.26953,318.25204,673.9694,626.7705,653.40155,538.17035,688.20874,636.26337,664.47656,525.5132,754.6589,626.7705,710.35876,541.3346
0.6643777661598645,676.6259,63.573433,686.12213,52.494556,678.2086,49.329163,722.5242,55.65995,735.1857,54.07725,744.6819,141.1256,732.0203,125.29862,741.51654,259.82788,719.35876,217.09505,709.86255,342.1281,689.28754,305.72607,716.19336,331.04922,709.86255,326.30115,689.28754,467.16116,681.374,449.7515,736.76843,608.02124,709.86255,528.88635,698.7837,6.596341,730.4376,99.975464,716.19336,315.22226,673.4605,628.59625,652.8855,539.9653,689.28754,636.50977,662.38165,528.88635,754.1781,623.8482,711.44525,539.9653
0.6668389554207141,674.4135,63.70193,683.92523,52.604874,675.9988,49.434284,720.387,55.77546,733.06934,52.604874,745.7517,144.55191,728.3135,127.113686,737.82526,258.69308,717.21643,223.81662,710.87524,337.95776,688.68115,312.59308,717.21643,330.0313,709.29,326.86072,683.92523,460.0254,672.8282,448.92834,733.06934,601.1166,709.29,532.9489,698.1929,5.046056,728.3135,100.16369,717.21643,314.17838,674.4135,629.65186,650.6341,545.6313,688.68115,635.99304,656.9753,531.36365,752.0929,613.7989,712.4606,542.4607
0.6622115258987133,673.1471,64.88577,681.03455,53.843395,673.1471,50.688427,717.31665,55.420876,729.9365,52.26591,742.5564,142.18245,725.20404,126.40762,737.8239,263.64865,714.1617,224.21158,707.85175,347.25528,682.612,202.12682,714.1617,326.748,704.6968,323.59302,681.03455,460.83405,668.4147,449.7917,731.514,599.6526,706.2743,533.39825,692.0769,8.096382,725.20404,101.16789,712.58417,315.7056,673.1471,626.4698,651.0624,546.0181,687.3445,632.7797,658.94977,528.66583,748.86633,613.8499,740.9789,539.7082
0.6589728582363862,671.9752,66.20257,679.8638,53.5809,671.9752,50.42548,714.57336,56.736317,727.195,52.00319,741.3944,140.35489,724.0396,124.5778,738.23895,263.41617,711.4179,222.39575,706.6848,351.76788,681.44147,198.73012,714.57336,323.3691,703.52936,318.636,678.286,455.89667,665.66437,444.8527,728.7727,594.73505,705.10706,536.3598,687.75226,10.982759,724.0396,100.91216,712.9956,313.90286,673.5529,626.2892,649.88727,545.82605,686.17456,631.02234,657.7758,530.04895,747.7052,607.3567,735.08356,544.24835
0.6488660218623968,670.30194,63.99952,678.14325,53.02169,670.30194,49.885166,714.21326,56.15821,725.19104,51.45343,742.44196,140.84431,722.05457,123.593445,740.87366,264.73697,714.21326,223.96217,707.9402,347.8548,681.2797,206.71129,714.21326,322.76263,701.6671,318.05783,678.14325,454.49658,664.0289,446.65527,726.75934,592.50354,711.0767,539.1827,685.9845,9.110374,722.05457,100.06953,709.5084,313.35306,670.30194,620.73224,656.18756,564.27484,684.41626,627.0053,664.0289,531.3414,744.0102,605.0497,734.60065,543.88745
0.6631811754061625,669.4817,67.31112,677.2638,54.859787,667.9253,53.303368,711.50494,56.416203,720.84344,51.746952,739.52045,138.9063,719.28705,123.342125,739.52045,261.86322,713.06134,222.9528,706.8357,347.46616,677.2638,198.05014,713.06134,319.45065,700.61005,316.33783,675.70734,451.7461,661.6996,440.85117,719.28705,587.15436,708.3921,538.90546,683.48944,11.280113,719.28705,99.99587,709.94855,310.11215,658.5868,610.5006,653.91754,559.13885,674.15094,618.2827,658.5868,540.46185,737.96405,601.1621,734.8512,543.5747
0.6561948989446347,669.61127,65.53975,675.78375,54.73793,668.0681,51.6517,709.7323,54.73793,718.99097,51.6517,739.0515,136.52312,715.9048,121.09194,737.50836,261.51556,711.2754,221.39452,708.18915,347.93008,675.78375,196.70465,711.2754,315.52463,698.9305,312.4384,675.78375,448.23267,661.8957,440.5171,712.81854,585.57,705.10297,539.27655,680.4131,16.160019,718.99097,99.48831,706.64606,307.80905,652.63696,604.0874,649.5507,573.2251,666.525,611.80304,654.1801,539.27655,729.7928,599.45807,731.33594,542.3628
0.6626846778851289,669.5167,64.853165,675.6175,54.176746,667.9915,51.12634,709.172,55.701946,719.8484,51.12634,738.1508,136.53772,715.2728,122.81088,736.6257,258.55396,710.6972,220.42389,709.172,343.96533,674.09235,197.54584,709.172,318.0369,698.49554,313.46127,675.6175,447.67914,666.4663,440.05313,707.6468,583.42224,703.07117,548.3425,681.7183,16.046667,718.3232,99.93284,706.1216,307.36047,646.6387,598.67426,645.11346,571.2206,658.8403,607.8255,649.6891,546.8173,724.424,600.19946,728.99963,555.96857
0.652338696213869,667.1554,64.19729,673.2338,53.56006,665.6358,50.520847,708.1847,55.079662,717.30237,52.04045,737.0572,134.09912,714.2631,121.94228,734.018,255.66753,709.70435,217.6774,708.1847,340.7654,671.7142,194.88333,708.1847,319.49094,699.0671,314.93213,676.273,445.61816,668.675,438.02014,703.6259,582.3826,700.5867,544.39246,680.83185,14.050325,715.7827,99.14821,706.6651,310.37332,641.3221,593.01984,639.8025,570.22577,653.47894,602.13745,645.8809,541.3533,718.82196,600.61786,726.42,556.5493
0.6481720415445474,666.19824,63.545277,672.2337,52.983242,664.6894,49.96552,705.42865,54.492104,712.97296,51.47438,735.6059,135.97064,711.4641,120.88203,732.5882,253.66187,709.95526,215.94032,705.42865,341.17584,673.74255,196.32512,706.9375,320.0518,699.3932,314.01633,678.26917,446.79617,678.26917,436.23413,699.3932,578.06714,697.88434,541.85443,679.778,12.243976,714.4818,98.2491,705.42865,309.48975,637.5299,590.13806,639.03876,569.014,649.60077,597.6824,646.58307,547.8899,712.97296,596.17346,722.0261,555.4342
0.6455785781145096,665.25543,61.944675,671.2369,52.972523,663.7601,48.486446,702.6394,54.46788,711.6116,51.477165,732.5466,132.22655,710.1162,117.272964,734.04193,253.35063,707.1255,212.97594,705.6301,335.5954,672.73224,195.03163,705.6301,313.165,698.1533,307.18356,680.20905,444.7566,681.70435,432.79373,695.1626,574.85284,695.1626,540.4596,674.2276,18.579264,713.10693,96.33794,704.13477,305.6882,633.8529,583.825,638.339,565.8807,644.3204,592.7971,644.3204,547.9364,708.62085,594.2925,720.58374,555.41315
0.6637144489930227,663.09186,64.755714,669.03296,54.35878,660.1213,51.38823,700.22375,55.844055,701.70905,52.873505,731.41455,130.10785,706.16486,118.22565,729.92926,248.92993,704.67957,214.76859,703.19434,335.07593,667.54767,193.97472,703.19434,312.7968,694.28265,308.34097,682.40045,442.0158,683.88574,431.61887,692.79736,571.2348,694.28265,540.044,673.4888,17.226881,710.62067,97.431786,700.22375,303.88513,631.90106,581.6318,637.84216,563.8085,643.78326,590.5434,645.26855,553.4115,707.65015,589.0581,718.04706,557.8673
0.6479041782709268,662.4194,62.93901,666.9162,52.44649,659.4215,49.44863,698.39374,55.444355,692.398,52.44649,728.3724,128.89198,705.88837,116.90053,728.3724,245.8086,705.88837,212.8321,702.8905,331.24768,672.9119,194.84494,704.38947,311.76157,696.89484,305.76584,683.4044,442.16858,686.4023,431.67606,693.897,571.07666,695.3959,539.59906,671.41296,17.971077,708.8862,95.91549,702.8905,302.76797,632.4408,586.0659,639.9354,569.5777,644.4322,593.5606,645.93115,557.58624,707.3873,590.56274,720.8777,553.0895
0.6583015139286335,659.2749,62.985973,665.27655,50.982735,657.77454,47.981926,698.28546,53.983543,687.7826,52.48314,726.79315,129.0038,704.28705,117.00056,728.2935,246.0354,705.7875,216.0273,701.28625,330.05807,672.77856,301.55038,704.28705,313.55362,696.78503,309.0524,683.2814,444.08887,684.7818,433.58603,693.78424,571.6233,696.78503,540.1148,669.7778,16.473417,707.2879,95.99489,702.7867,306.0516,632.26764,586.6273,639.76965,568.6225,644.2709,594.1294,645.77124,556.61926,708.78827,589.6282,720.7915,550.6176
0.662907097202081,658.5172,63.000618,664.5293,50.97647,657.0142,47.970436,696.0927,55.485527,699.0987,52.479492,726.1531,130.63644,705.1108,118.6123,726.1531,244.86584,702.10474,216.30849,702.10474,329.03488,672.0444,301.98053,703.6078,315.50772,699.0987,310.99866,681.0625,444.76727,688.5776,434.24615,694.58966,571.0208,699.0987,540.96045,672.0444,14.904031,706.61383,97.57004,703.6078,306.4896,632.96594,584.548,640.481,563.50574,644.99005,593.5661,646.4931,545.46954,708.1168,589.05707,721.644,554.4876
0.66627764243346,657.847,63.019066,663.8585,52.49885,656.3441,49.493076,693.91626,55.504627,704.4365,52.49885,725.4769,132.1519,707.44226,120.12879,723.97406,246.37135,701.4307,219.31938,696.92206,330.53305,669.87006,301.9782,701.4307,317.00708,698.4249,312.4984,681.8932,444.75253,686.40186,435.7352,693.91626,570.99506,696.92206,540.9373,669.87006,16.42955,705.9394,97.58548,702.9336,307.98975,632.2979,584.52106,639.8123,563.48065,644.321,593.5384,645.82385,545.446,708.9451,590.5326,719.4654,552.96045
0.6688853548123286,654.85114,63.167244,659.3577,52.651875,654.85114,49.647484,686.3972,55.656265,702.9214,52.651875,720.9477,132.26823,707.428,120.25066,720.9477,247.93727,701.4192,222.39995,692.406,330.558,672.87744,303.5185,698.4148,317.03827,695.4104,312.53168,683.3928,446.22705,686.3972,435.7117,693.9082,570.9093,698.4148,537.86096,665.3665,18.101381,704.4236,97.717735,699.917,309.52728,632.3182,584.429,639.82916,558.8917,644.33575,591.94,647.34015,527.3456,707.428,590.4378,719.44556,549.87854
0.6705395969060751,654.9995,64.72903,659.5067,54.21228,654.9995,51.207497,685.04736,55.714672,704.5784,52.70989,721.1048,133.83907,706.0809,120.31754,718.1,245.0161,698.5689,217.97304,691.05695,329.15005,668.52106,302.107,697.06647,317.13092,694.0617,312.62375,683.545,446.33667,688.0521,435.81992,692.5593,571.0352,698.5689,539.485,664.01385,19.657257,704.5784,97.781654,698.5689,309.61896,632.4636,584.55676,639.9756,557.5137,644.4828,593.5711,648.9899,530.47064,707.58325,592.0687,718.1,553.00653
0.6721953199459956,654.1716,63.117867,658.6783,52.602154,654.1716,49.597664,684.21643,54.104397,706.7501,51.09991,720.2703,135.2256,706.7501,120.20316,715.7636,246.39171,697.73663,217.84906,687.22095,329.01517,669.19403,301.97476,696.23444,320.00168,694.7322,313.9927,682.71423,446.19025,687.22095,435.67453,693.2299,570.8765,699.2389,540.83167,666.1895,13.543795,703.7456,97.669495,697.73663,309.486,633.14014,584.3967,640.65137,558.8586,643.6558,593.4102,648.1626,527.31146,706.7501,591.90796,718.76807,555.85406
0.6653683495063049,654.7188,63.0789,659.2238,52.567253,654.7188,49.563923,683.2504,54.068916,707.2771,51.065586,719.2904,135.15878,704.27374,120.142136,716.28705,247.7836,696.76544,219.25197,683.2504,331.87677,666.7321,301.8435,695.2638,319.86346,692.26044,313.8568,683.2504,447.5049,686.2538,435.4916,693.7621,572.14307,699.76874,540.6081,666.7321,12.022319,701.27045,97.61717,696.76544,309.35184,633.69556,585.658,641.20386,560.12976,644.20715,594.668,648.71216,527.09314,707.2771,591.6647,719.2904,554.1231
0.6723177020366375,653.05255,61.790905,657.5238,51.357983,654.54297,49.867565,678.38965,54.338818,706.7076,49.867565,717.1405,134.82137,705.21716,119.91719,714.15967,249.58353,696.27466,218.28476,682.8609,333.0469,664.9759,303.23856,694.78424,321.12357,691.8034,315.1619,682.8609,446.31863,682.8609,434.3953,693.2938,571.51373,696.27466,537.23413,666.4663,9.626288,699.2555,97.56093,696.27466,312.18106,632.1867,583.4371,641.1292,555.11914,644.11005,593.87,648.5813,529.78204,705.21716,592.3796,715.6501,549.1575
0.6657262261097248,655.6223,61.7484,658.60187,51.319958,655.6223,51.319958,674.98944,54.29951,707.7645,49.830177,716.7032,136.23729,703.2952,121.339516,716.7032,253.92973,695.8463,221.15463,679.45874,334.37775,664.561,306.07196,694.35657,322.4595,691.377,317.99017,682.4383,447.60086,680.94855,435.68262,694.35657,572.7422,695.8463,535.49774,669.03033,9.606177,698.82587,97.50307,695.8463,312.03107,631.7859,583.17065,642.2143,553.37506,643.7041,593.59906,649.6632,529.53864,706.2748,592.1093,715.21344,547.41595
0.6404746495760404,655.2018,57.037464,658.18744,43.60216,658.18744,45.094975,668.6371,51.06622,708.943,48.080597,713.42145,133.17085,708.943,119.73554,719.3927,249.61014,698.49335,219.7539,677.594,327.23633,665.6515,295.8873,695.5077,321.26508,697.00055,315.29385,680.5796,445.16843,686.55084,434.71875,694.0149,573.55023,698.49335,536.2299,670.12994,4.789064,697.00055,95.85056,698.49335,309.3226,632.80963,585.49274,643.25934,552.6509,643.25934,595.9424,649.2306,524.2875,707.4502,591.464,717.8999,546.6796
0.6209409259832822,654.9526,54.11394,657.9481,42.131863,657.9481,42.131863,669.9302,51.118423,710.3697,49.620663,707.37415,134.99297,716.3607,120.01537,714.863,251.81824,701.3831,218.86752,674.42346,331.19952,660.9436,293.75552,695.3921,323.71072,698.38763,317.71967,680.4145,448.02478,686.4055,436.0427,695.3921,573.8366,698.38763,536.3926,672.9257,3.1901083,695.3921,96.051216,699.8854,311.72864,632.4862,585.81866,641.4727,557.36127,644.46826,596.303,647.46375,522.9128,708.87195,591.8097,719.35626,548.3747
0.6074155660775992,654.2438,54.05751,655.7496,43.516727,655.7496,42.010902,666.29034,51.04586,709.95935,49.54003,705.44183,136.87796,718.99426,120.313866,711.46515,255.83823,703.93604,215.18092,670.80786,334.1412,658.7612,293.4839,694.90106,325.10623,699.4185,317.5771,678.337,450.0898,684.3603,438.0432,694.90106,573.56757,700.9244,531.4044,672.31366,2.859419,694.90106,96.22064,699.4185,311.5538,634.668,587.12,642.19714,557.0035,645.2088,597.66077,648.22046,525.3811,709.95935,591.63745,722.0059,546.4627
0.6156832942595849,652.9998,55.75751,654.4992,45.261665,654.4992,43.76226,664.99506,52.758698,711.4767,51.259293,705.479,139.72429,717.4743,121.73141,711.4767,259.67682,703.9796,222.19165,667.99384,339.1454,657.498,301.66022,693.48376,327.15012,693.48376,319.65308,678.4897,454.5997,679.98914,442.60443,694.98315,576.05164,697.982,534.06824,670.9927,3.2782779,693.48376,97.7409,696.4826,315.15488,633.5075,586.5475,639.5051,558.0588,644.00336,597.04333,645.50275,523.5724,709.97723,594.0445,720.4731,546.0635
0.6150854241389495,652.44775,56.919617,655.45483,46.39495,653.9513,44.89143,664.47595,55.416092,711.0852,52.409046,703.56757,145.6275,717.09924,123.07465,703.56757,264.40588,711.0852,222.3072,659.9654,339.58206,655.45483,295.97986,690.0358,332.06442,691.53937,323.0433,679.51117,458.3604,678.0077,444.8287,694.54645,575.63525,696.0499,529.026,671.9936,2.7927682,693.0429,99.01828,694.54645,317.0292,634.40546,586.1599,638.9161,532.0331,643.42664,596.6846,644.9301,521.5084,709.58167,592.174,720.1063,541.0542
0.6178514911578252,652.1152,58.35115,653.6176,47.83393,653.6176,44.829014,662.6324,55.34623,709.2086,52.34131,701.69635,143.99135,715.2185,122.95691,703.1988,265.69055,704.70123,223.6217,656.62256,342.316,656.62256,300.24713,691.17914,330.29633,692.6816,321.28156,677.657,456.50293,676.15454,441.47833,695.6865,575.1972,695.6865,528.621,671.64716,2.7601461,691.17914,98.91756,695.6865,316.7742,634.0857,585.7144,637.0906,527.1185,644.6029,596.2317,643.1004,522.61115,709.2086,591.7243,719.7258,540.6407
0.6270396938690772,650.026,57.07597,651.52734,46.566547,651.52734,45.0652,662.0368,54.07328,707.0772,52.571934,695.0664,141.15137,719.08795,124.63656,699.57043,264.26178,708.57855,225.22676,656.03143,337.82773,656.03143,297.29138,690.5624,325.81696,696.56775,316.8089,677.05023,451.93005,680.053,435.41525,695.0664,573.5391,693.56506,530.00006,668.0422,6.030195,689.06104,99.11367,696.56775,312.30484,633.5112,585.54987,638.01526,540.5095,644.0206,596.0593,644.0206,523.9947,708.57855,590.05396,717.5866,539.0082
0.6292151166842535,652.3681,55.686676,652.3681,46.68269,653.8688,43.681362,658.3707,54.186012,706.392,51.184685,689.8847,145.72655,719.898,126.21791,694.3867,265.7797,730.40265,225.26176,649.36676,337.81158,661.3721,294.29233,688.38403,324.30563,697.388,315.30164,676.3787,450.36142,682.38135,435.3548,694.3867,573.4159,694.3867,532.898,667.37476,6.16475,689.8847,99.20595,694.3867,312.3003,632.85944,585.42126,637.36145,540.4013,644.86475,595.9259,643.3641,523.894,707.8927,589.9232,716.89667,541.902
0.6334255509651624,652.7946,57.30697,649.7936,48.30395,652.7946,45.302944,655.7956,54.305965,706.81274,51.30496,682.8047,148.83768,723.31824,126.330124,687.30615,267.37744,732.3213,225.36334,640.7906,336.40057,655.7956,283.88297,682.8047,324.39655,705.3122,313.89304,675.3022,450.43884,685.80566,433.9333,693.30817,573.4801,690.3072,532.9665,666.29913,4.789355,688.8067,99.32106,691.8077,310.89203,631.78754,583.98364,637.78955,540.46906,642.2911,594.4872,643.79156,526.9645,705.3122,589.98566,714.31525,541.96954
0.6372119257083306,651.6724,54.307236,648.6732,45.30956,651.6724,42.310333,654.67163,52.807625,705.6585,49.8084,678.66547,145.78363,723.6538,126.28866,680.16504,265.75266,731.1519,229.76195,635.1767,339.2337,659.1705,274.75034,678.66547,325.73718,707.1581,315.2399,674.1666,450.20505,686.1635,433.70932,693.66156,573.17334,689.1627,531.18414,666.6685,3.320397,687.66315,97.79601,692.162,312.24066,633.67706,583.6706,639.67554,534.18335,642.67474,594.1679,647.1736,525.18567,705.6585,588.16943,713.15656,538.6822
0.651996985077858,652.7501,53.904575,648.2522,44.90874,652.7501,41.91013,652.7501,52.40527,706.72516,50.905964,673.7404,145.36221,724.7168,128.86984,670.7418,266.80594,735.2119,232.32193,630.26056,338.7726,676.739,272.80316,676.739,323.77957,709.72375,313.28442,673.7404,451.22052,684.23553,433.22885,691.73206,574.1636,684.23553,535.18164,667.74316,2.9281871,685.73486,97.38443,691.73206,311.78513,633.25916,581.6601,639.2564,536.68097,640.7557,592.1553,646.7529,527.6851,705.2258,589.1566,711.223,544.1775
0.6440879954741552,649.51276,53.83793,645.01654,44.84555,649.51276,43.34682,652.5102,52.3392,704.96576,50.84047,671.9937,145.26045,722.9505,130.27316,685.4823,265.15884,733.44165,232.1868,631.528,329.60425,697.4721,284.64233,674.99115,325.10806,706.4645,313.11823,671.9937,451.00137,679.48737,433.0166,691.4772,572.3985,679.48737,537.9277,667.4975,4.3798423,683.9835,97.3011,689.97845,310.12076,633.02673,581.39087,637.5229,540.9252,640.5204,591.88196,645.01654,530.4341,704.96576,588.8845,709.462,548.4188
0.6274569836946634,651.4168,55.432335,645.41736,44.933235,651.4168,43.433365,649.91693,52.432594,703.9123,52.432594,666.4155,148.42435,721.91077,131.92577,661.9159,268.41406,732.40985,233.917,622.91925,323.9093,714.4114,272.91367,672.41504,328.4089,703.9123,316.40994,669.4153,452.89822,675.41473,434.89975,690.41345,572.88794,673.91486,536.891,669.4153,4.4367123,682.9141,98.928604,687.4137,313.4102,631.91846,581.88715,634.9182,544.3904,639.41785,592.3862,642.4176,532.3914,703.9123,589.3865,706.91205,547.39014
0.6217840382686028,650.7152,53.91997,644.7203,44.92756,650.7152,43.428825,647.7177,53.91997,704.6697,53.91997,661.20636,149.839,722.6545,133.35292,652.2139,266.74033,734.64435,232.26942,617.74304,320.6948,716.65955,271.23654,670.1987,326.68973,704.6697,316.19858,667.2013,451.08472,673.1962,433.0999,688.1836,572.48224,673.1962,536.51263,670.1987,4.4617167,680.6899,98.88202,688.1836,311.7024,631.2316,581.4747,634.2291,544.0063,638.72534,591.9658,643.2215,530.5177,703.1709,588.9683,706.1684,547.0038
0.6277239815546916,653.1862,53.848663,644.21466,43.381905,651.6909,43.381905,647.2052,52.353413,704.0247,53.848663,657.67194,149.54477,721.9678,134.59224,642.7194,266.17438,735.42505,231.7836,611.31915,322.99393,718.97723,272.1554,666.64343,327.4797,705.52,318.50818,665.1482,450.09033,672.62445,433.64255,689.0722,572.7009,674.1197,530.8339,671.1292,3.0101113,680.1007,98.70621,686.0817,312.5272,632.2527,580.1772,636.7384,539.8054,639.72894,590.644,645.70996,524.8529,704.0247,587.65344,701.03424,541.30066
0.6378444811472526,648.1889,55.414665,642.20276,44.938927,646.6924,43.442394,646.6924,53.918133,703.56067,53.918133,657.1681,148.19978,723.0156,136.22751,640.70624,264.92944,734.98785,233.50223,604.7894,318.80466,718.526,272.4121,664.65076,330.77695,702.06415,321.79773,663.15424,451.99622,673.63,437.03085,690.09186,573.21545,675.1265,532.809,669.1404,4.5325074,681.1127,98.814156,682.6092,315.8116,633.2236,582.1947,634.7201,544.7813,640.70624,591.1739,645.19586,529.816,705.0572,586.68427,699.07104,544.7813
0.6408439576625824,644.1456,56.774734,639.6667,46.323875,642.65265,46.323875,648.6246,53.788776,703.86487,53.788776,656.0895,146.35352,724.76654,135.90266,636.6808,264.29892,733.7244,235.93231,602.3422,322.52515,715.80865,285.20065,663.5544,331.483,699.3859,324.01813,662.0614,452.41437,676.9912,437.4846,690.42804,570.3598,674.00525,536.02124,668.0333,4.5204434,679.9772,98.57817,681.47015,316.55322,635.1878,580.8106,633.6948,544.9791,642.65265,591.2615,642.65265,534.52826,705.35785,583.7966,696.39996,546.4721
0.6379425674676895,645.77673,56.592888,639.81665,47.65269,644.28674,46.16266,645.77673,53.612823,703.88806,53.612823,653.2269,147.48488,724.7485,137.05466,632.36646,262.2174,736.66876,236.88684,596.6057,320.32867,718.7884,290.528,660.67706,332.24893,700.90796,323.30875,657.697,452.9416,674.0874,438.04126,687.4977,567.6741,671.1073,537.8734,668.12726,4.441745,680.0475,98.313805,680.0475,317.3486,636.83655,581.0844,632.36646,548.30365,642.7967,590.0246,642.7967,537.8734,703.88806,581.0844,694.9478,548.30365
0.6207757878762025,645.5945,55.120693,641.11957,46.17087,645.5945,44.679234,645.5945,53.62906,702.27673,53.62906,650.0694,146.11057,724.65125,135.6691,626.20325,260.9666,733.6011,235.60878,590.40393,323.6154,717.19305,287.81607,659.0192,328.09027,700.7851,320.6321,650.0694,451.89618,673.9356,438.47144,682.88544,571.2271,676.9189,539.9028,667.96906,5.8966694,678.4105,98.378174,678.4105,316.1572,632.16974,583.1602,630.6781,556.3108,639.6279,593.6017,642.6112,541.3944,700.7851,586.1435,699.29346,554.81915
0.6159152468809714,645.4951,55.155235,641.0172,46.199333,646.9878,43.214035,644.0025,52.169937,702.2158,53.662586,646.9878,143.2216,724.6056,135.75836,624.598,256.66302,733.5615,235.76593,591.7597,319.35437,714.15704,288.0087,655.94366,326.8176,699.2305,320.84702,644.0025,449.21494,675.34814,437.27374,681.3187,571.61224,678.33344,544.74457,670.8702,4.4051228,678.33344,96.94945,676.8408,314.8764,633.55396,585.04614,630.5686,561.1637,639.52454,594.002,642.5098,547.72986,699.2305,586.53876,697.7379,562.6564
0.611519781442789,645.68463,55.63353,639.65796,46.593555,645.68463,43.58023,644.178,54.12687,701.4311,54.12687,644.178,146.03326,725.5377,135.48663,621.578,257.52628,733.07104,234.92635,589.9381,317.7928,716.49774,289.1662,654.7246,326.83276,701.4311,320.8061,638.1513,450.37906,675.8179,439.83243,678.8312,570.91205,678.8312,548.31213,669.7912,5.9136715,677.3245,97.820076,677.3245,316.28613,632.12463,588.992,629.1113,566.3921,639.65796,598.032,642.67126,557.3521,696.91113,585.9787,696.91113,567.89874
0.6104892790317535,644.4861,57.1265,638.4538,46.569923,644.4861,45.06184,642.978,55.618416,701.7932,55.618416,638.4538,146.10336,727.4306,137.05487,620.3568,259.20953,734.97107,236.5883,590.1951,319.53284,718.38214,289.3712,649.0104,328.58133,701.7932,321.04092,626.3891,446.21176,677.66394,438.67136,676.1558,568.36646,680.68005,556.30176,670.1235,5.851697,676.1558,97.84473,676.1558,316.51666,633.9295,589.47955,632.42145,574.39874,639.96185,597.02,645.9942,568.36646,695.7609,581.93915,692.74475,572.8907
0.6150222810415121,645.1189,57.21136,639.07825,48.15044,645.1189,46.64029,643.6087,55.70121,700.99457,55.70121,634.5478,143.2901,728.1773,138.75964,619.4463,259.57193,734.21796,238.42978,590.75336,318.4679,714.58594,286.75467,645.1189,327.5288,702.5047,321.48822,619.4463,442.30048,676.8321,440.79034,670.7915,564.6229,676.8321,558.5823,669.2813,5.8661466,676.8321,97.985504,673.81177,316.95776,630.01733,588.78534,631.52747,579.7244,636.058,594.826,646.629,573.68384,691.93365,579.7244,687.4032,575.194
0.6264847356539506,646.16626,56.16459,638.5995,48.59784,646.16626,47.084488,641.6262,57.677937,700.64685,57.677937,631.0328,142.42552,727.88715,137.88547,617.4126,255.92676,733.94055,236.2532,590.1723,316.46075,682.48663,274.08694,644.6529,325.54083,702.1602,322.51416,612.87256,439.04208,677.9466,442.0688,665.8398,564.6501,676.4332,563.1368,670.3798,7.7373943,674.9199,97.02503,674.9199,314.9474,631.0328,588.8637,632.5461,581.29694,634.05945,594.9171,650.7063,575.2435,687.0267,578.27026,685.51337,576.7569
0.6532450914382935,645.2919,56.573875,634.59186,47.40248,646.82043,45.873913,639.1776,56.573875,697.2631,58.102444,626.94904,142.17358,726.30585,139.11646,613.19196,253.75891,730.89154,236.94469,590.2635,313.373,680.44885,290.4445,642.23474,327.13007,700.32025,325.6015,607.0777,437.18683,677.3917,443.30112,659.04895,559.4721,671.27747,567.115,669.7489,6.131195,671.27747,96.3166,672.806,317.95868,623.8919,582.40063,623.8919,579.3435,625.4205,590.04346,636.1205,574.7578,678.9203,579.3435,680.44885,583.9292
0.672063009097026,647.1326,56.628426,633.3464,47.43757,648.6644,45.905758,637.9418,56.628426,696.1506,58.160236,622.62366,142.40977,726.78674,139.34616,611.901,254.23189,731.3822,240.4456,593.5193,315.50427,683.89606,290.99533,637.9418,329.29056,697.6824,327.75876,605.77374,436.51727,676.237,444.1763,650.1962,562.1257,671.6416,566.72107,668.578,7.610512,670.1098,96.45548,670.1098,318.5679,618.02826,583.571,625.6873,578.9756,619.56006,589.69824,642.53723,575.9119,665.51434,580.5074,677.76886,586.63464
0.6786048091374911,650.64246,53.033806,632.355,43.890045,650.64246,43.890045,636.9268,56.081726,694.83734,56.081726,618.63934,141.4235,725.3165,138.37558,607.9716,254.19653,731.41235,240.4809,592.732,315.15494,703.9811,290.77158,635.4029,325.82266,697.88525,324.2987,604.9237,437.07175,675.0259,443.1676,643.0227,566.60834,673.5019,558.9886,667.40607,5.7910423,668.93,95.70469,668.93,318.20288,607.9716,587.9438,627.7831,578.80005,609.49554,594.0397,641.4987,571.18024,655.21436,584.8959,678.0738,580.324
0.6811985064011353,647.17053,52.528862,632.07605,43.47216,648.68,41.96271,635.095,55.547764,693.9635,57.057213,616.98157,140.077,725.662,140.077,603.3965,253.28577,727.17145,241.21017,591.3209,318.19214,681.88794,288.00314,632.07605,325.73938,696.9824,324.22995,604.90594,441.96707,675.8501,443.47653,635.095,571.7798,674.3407,555.17584,666.7934,5.7358994,666.7934,96.302925,666.7934,316.68268,604.90594,586.8743,645.66113,567.25146,601.887,592.9121,666.7934,562.7231,645.66113,591.40265,677.35956,576.30817
0.6945860340045049,647.3086,51.753273,629.4827,42.840363,648.79407,41.35488,632.45374,54.724243,691.8731,56.20973,613.1424,137.91139,724.5538,139.39687,598.2876,249.32274,727.5247,241.89531,587.88916,313.19858,705.2425,289.43082,630.96826,322.11148,696.3296,319.14053,604.2295,440.95026,675.5328,440.95026,623.54083,571.6729,674.0473,549.3906,665.1344,4.217762,665.1344,94.83233,665.1344,313.19858,590.86017,580.5858,650.27954,562.76,589.37463,588.01324,668.10535,556.81805,633.9392,592.4697,675.5328,570.18744
0.6931838129575436,651.80664,48.410564,630.581,40.829983,653.32275,39.313866,630.581,52.958916,691.22565,54.475033,609.35535,137.86145,721.54803,139.37756,597.22644,248.53798,724.58026,239.44127,582.06525,321.31158,704.8707,295.5376,626.03265,322.8277,692.74176,319.79547,603.2909,445.63315,674.5484,442.60092,613.9037,574.50305,673.0323,551.76135,662.41943,2.927063,662.41943,92.37795,660.9033,313.731,585.0975,583.5998,650.2905,563.89026,580.54913,591.18036,671.5162,557.8258,623.0004,594.2126,674.5484,572.98694
0.6983458136136715,648.638,47.93421,627.53485,40.397385,645.6232,38.89002,626.0275,50.94894,686.3221,52.456306,601.90967,136.86876,716.4694,139.88348,586.836,245.39903,722.49884,243.89168,574.7771,322.27466,708.93256,296.64944,619.99805,325.2894,686.3221,322.27466,600.4023,448.89334,672.7558,442.86386,588.3434,574.00464,672.7558,546.8721,659.1895,1.2058921,657.6822,91.6478,653.1601,314.73782,570.255,581.54144,654.6674,554.4089,564.2255,589.0783,678.7853,551.39417,591.3581,595.1077,671.2485,564.96045
0.6939122183964803,647.9974,48.426052,625.8781,41.052956,677.4898,39.578335,622.92883,51.37529,683.38824,52.84991,596.38574,135.4286,712.8807,139.85246,581.6395,241.60121,718.7791,241.60121,571.3172,322.7053,711.406,299.11136,617.0304,316.8068,681.91364,315.33218,597.86035,448.04794,671.5913,440.67484,580.1649,573.3906,671.5913,546.8475,655.3705,1.2382283,653.8959,92.664635,650.94666,309.43372,568.3679,580.7637,659.7944,558.6444,559.5202,588.1368,686.3375,558.6444,581.6395,592.56067,668.6421,564.5429
0.6810748657354941,646.70264,47.55506,624.3775,40.11335,674.98114,40.11335,619.9125,50.53175,682.42285,52.020092,593.1223,133.87894,709.213,139.83232,578.2389,238.06294,716.6547,242.52797,564.8438,315.45676,713.67804,302.06168,613.9591,324.3868,679.44617,321.41013,594.61066,447.91925,672.00446,440.47754,575.2622,569.9634,672.00446,544.66156,652.656,-0.07190561,649.6793,90.717,646.70264,312.48007,566.33215,587.8235,666.0511,561.0333,558.89044,592.2885,688.3762,562.52167,575.2622,590.8002,670.5161,565.49835
0.6808635477836316,643.22784,47.99977,619.8506,39.23329,676.8327,39.23329,616.9284,50.92193,678.29376,52.383007,590.62897,132.74239,704.5932,140.04779,573.096,236.47905,713.3597,240.86229,559.9463,310.9941,711.8986,308.07196,611.0841,324.14383,676.8327,321.22168,592.0901,451.25778,669.5273,441.0302,571.63495,569.6052,670.9884,547.689,650.53326,1.2452188,647.6111,91.83216,643.22784,312.4552,561.4074,582.75494,668.0662,562.2998,554.102,587.1382,687.06024,562.2998,571.63495,590.06036,669.5273,565.222
0.6913078690950687,641.8992,47.85797,617.0947,40.562546,672.5399,40.562546,614.1765,50.77614,673.999,53.69431,584.9948,133.94397,701.7216,141.23938,567.48584,238.99806,710.47614,240.45714,555.8132,316.32953,711.9352,310.4932,606.8811,320.7068,673.999,319.2477,589.3721,450.56534,668.16266,438.89264,568.9449,568.75116,671.0808,549.7831,647.7355,1.1672616,641.8992,93.08959,640.44006,311.9523,563.1086,580.4239,668.16266,562.91486,554.35406,584.8011,687.1308,564.3739,568.9449,589.17834,668.16266,567.2921
0.7017924052018386,642.6851,48.131626,617.73883,40.794487,670.5662,40.794487,610.40173,51.066483,669.0988,54.001335,581.05316,134.70987,698.4474,139.11215,560.50916,240.36469,708.71936,240.36469,550.2372,322.54065,711.65424,313.73608,603.0646,319.6058,672.0337,318.13837,586.92285,448.73947,666.16394,438.46747,567.8463,570.536,670.5662,548.52454,644.1525,1.1739302,638.28284,92.154465,638.28284,310.80124,561.97656,582.2754,663.2291,560.264,553.172,586.6777,683.77313,561.7314,567.8463,591.07996,667.6314,566.1337
0.6953105181455612,628.77,47.96971,606.83264,39.19476,662.40735,40.657253,602.4452,49.4322,662.40735,53.819675,570.2704,132.79422,690.19464,138.64418,548.333,239.55609,700.4321,241.01859,539.55804,322.91812,707.74457,312.68066,592.2077,319.99313,662.40735,318.53064,583.4328,450.15488,660.9448,439.91742,568.80786,573.00415,669.7198,548.1418,636.08246,-0.2925105,630.2325,93.306946,627.30756,312.68066,564.4204,581.7791,665.33234,561.30426,552.72046,587.6291,684.3447,561.30426,568.80786,594.9415,668.25726,567.1542
0.6901757820294454,622.95886,46.63118,600.963,39.299232,609.76135,39.299232,596.56384,49.563957,658.1522,52.49674,564.3033,134.61453,686.0136,139.0137,543.77386,241.66095,696.2783,240.19456,536.4419,325.24515,705.07666,310.58127,589.23193,319.37958,659.6186,317.9132,581.89996,452.821,659.6186,439.6235,568.70245,573.06494,669.8833,546.6699,630.29083,-0.29327786,625.89166,92.08925,624.42523,310.58127,564.3033,581.8633,664.01776,556.93463,554.0386,586.26245,686.0136,556.93463,568.70245,593.59436,668.41693,564.2666
0.6836270506565387,618.68463,46.62341,592.294,37.826534,649.47363,39.292683,592.294,49.5557,653.8721,52.487988,561.50494,133.12598,680.2627,137.52441,539.51276,241.62073,693.458,240.15459,530.7159,320.79257,703.721,311.9957,584.96326,322.25873,655.33826,319.32642,580.5648,452.74564,658.2705,439.55035,567.3695,572.96954,669.9997,545.1128,626.0153,-3.2255318,621.6169,90.607765,620.15076,311.9957,564.43726,580.3003,665.60126,556.842,549.77576,586.16486,684.66113,556.842,567.3695,593.4956,668.53357,562.70654
0.6929073608838595,619.40576,46.67796,591.5164,37.8708,648.76294,39.33866,588.5807,48.14582,650.2308,51.08154,554.8199,131.81384,676.6523,136.21742,535.73773,241.90334,689.86304,238.96762,528.39844,321.1678,701.6059,315.29633,579.7735,324.1035,650.2308,322.63565,576.8378,454.74304,657.57007,441.5323,566.5628,575.10754,669.313,547.2182,622.34143,-3.2292798,617.93787,89.245895,615.00214,313.8285,563.6271,580.979,670.7808,558.9611,548.9485,586.85046,686.9273,558.9611,566.5628,594.18976,669.313,564.8325
0.6925928581219453,616.692,46.89358,591.6231,38.045734,644.7102,39.520374,584.2499,48.368225,646.1848,51.317505,550.3331,132.42278,672.72833,135.37206,534.11206,243.02087,687.4748,240.0716,525.2642,319.70224,699.2719,319.70224,576.87665,324.12616,647.6595,322.65152,575.40204,452.41995,656.5073,442.09744,565.0795,574.8152,668.30444,548.2716,618.1666,-1.7695818,613.74274,89.65818,612.26807,313.80365,563.6049,582.18835,669.77905,561.5434,550.3331,586.6123,688.9494,563.01807,566.5542,593.98553,668.30444,567.44196
0.7101120547606394,614.17883,45.249496,595.08,37.903797,637.68506,37.903797,581.8577,46.718636,643.5616,49.656914,546.5984,131.92873,670.0061,134.867,528.9687,240.64505,684.6975,240.64505,523.09216,321.44772,696.4506,319.97858,573.0429,321.44772,643.5616,319.97858,573.0429,452.2011,653.8456,440.448,564.2281,575.6088,668.537,552.1026,615.64795,-1.7629673,609.77136,89.32368,608.30225,311.16373,564.2281,582.9545,672.9444,565.3249,549.5367,587.36194,686.1666,565.3249,564.2281,596.1768,668.537,571.2014
0.714849455998494,614.90247,45.147568,611.9708,36.352585,635.4241,39.28425,578.2567,48.07923,639.8216,51.01089,543.0768,131.63158,666.20654,136.02907,525.4868,240.10303,682.3307,240.10303,519.6235,316.32623,694.0573,322.18954,569.46173,317.79205,641.2874,316.32623,570.92755,452.64847,653.01404,440.9218,563.5984,577.2441,669.1382,556.7224,613.43665,1.1726522,606.1075,90.58832,604.64166,310.4629,562.13257,583.10736,675.0015,568.4491,547.47424,587.5049,688.194,568.4491,563.5984,597.7657,669.1382,577.2441
0.7048313021659851,607.0096,46.653923,585.003,37.8513,633.4175,40.785507,573.2662,48.12103,634.8846,52.522343,536.58856,131.74599,659.8254,136.14731,518.98334,240.31172,675.9635,240.31172,514.582,313.66696,692.1016,326.87088,562.99646,321.00247,636.3517,319.53537,567.39777,453.0419,651.0227,441.30505,562.99646,576.2787,668.628,552.805,607.0096,-0.2934209,599.6741,90.66706,599.6741,310.73276,562.99646,583.6142,673.0293,566.0089,546.8583,588.0155,686.2332,566.0089,564.46356,595.351,670.0951,571.8774
0.7060937193723825,605.2023,45.344223,575.75793,36.51093,633.1744,39.45536,569.8691,46.816437,631.70215,51.233086,533.0637,133.67715,656.7298,135.14937,516.8693,239.67665,672.9242,241.14888,510.9805,314.75964,692.063,329.4818,561.0358,320.6485,634.6466,320.6485,566.9247,453.1479,650.84094,442.84238,563.9802,575.3418,668.5075,556.20294,603.73004,-1.7666707,596.36896,89.51068,596.36896,313.2874,562.508,584.17505,674.39636,567.9807,546.31366,588.59174,686.17413,569.4529,563.9802,594.4806,669.97974,573.86957
0.700507769217858,603.57056,45.47622,569.611,35.140717,631.6241,38.093716,568.1345,45.47622,630.1476,49.90572,531.22205,132.58975,655.2481,135.54276,514.9805,240.3743,671.48956,240.3743,509.07452,315.67584,690.6841,328.96436,557.799,324.53485,631.6241,324.53485,566.658,452.9904,650.8186,445.60788,562.2285,577.0164,668.53656,559.29846,602.09406,-3.2483015,594.71155,88.29474,593.23505,314.19934,565.1815,584.3989,674.44257,571.1105,547.4635,588.8284,686.2546,574.0634,563.705,594.73444,668.53656,578.4929
0.6976746160250443,598.59576,44.016808,567.5772,35.15436,628.1372,38.10851,566.1001,45.49388,629.6143,49.925102,529.1733,132.64125,653.2475,135.5954,512.9255,240.46765,670.97235,240.46765,504.06302,317.2755,691.6514,327.61502,557.2377,324.66086,629.6143,326.13794,566.1001,453.16632,650.29333,447.25803,561.6689,575.7634,666.54114,560.99274,600.0728,-4.726637,594.16455,88.329025,592.68744,315.79843,566.1001,583.1488,673.9265,572.8093,546.8982,587.5801,685.7431,574.2864,563.146,593.48834,666.54114,581.67175
0.7005462050437927,598.4759,45.587765,564.43304,33.746788,625.11804,38.187153,562.95294,45.587765,626.5982,50.02813,525.9499,132.91498,650.28015,135.87521,508.18842,243.92413,673.9621,240.9639,494.8673,319.41037,702.0844,328.2911,557.0325,323.85074,629.5584,323.85074,564.43304,454.1015,650.28015,449.66113,561.47284,576.95166,663.60126,569.551,596.9957,-6.216513,591.07526,87.03119,591.07526,313.4899,568.8734,585.8324,672.482,579.91187,549.63184,590.27277,684.32294,582.87213,562.95294,594.7131,663.60126,590.27277
0.6951184983436878,597.06226,44.025875,566.03735,33.684227,620.7003,36.638985,561.6052,45.503254,625.13245,49.935387,524.6707,132.66856,650.24786,135.62332,503.98746,241.99454,675.36334,241.99454,486.2589,311.4313,709.343,327.68246,555.6957,321.77295,628.0872,323.25034,564.55994,454.737,650.24786,451.78223,561.6052,577.3594,662.0669,572.92725,597.06226,-6.204982,589.67535,88.34722,589.67535,314.38608,570.4695,583.2689,672.40857,578.83673,548.3088,587.70105,684.2276,583.2689,561.6052,596.5653,660.58954,593.61053
0.6974133975230731,599.8039,44.340878,593.8521,33.925236,620.6352,36.90113,562.60516,45.828827,625.099,48.804726,523.9185,132.12987,648.9062,135.10576,500.11133,240.75014,678.66516,242.23808,485.23184,301.75604,720.32776,328.53912,553.6775,319.61142,628.07495,319.61142,562.60516,455.01477,648.9062,452.03888,561.11725,580.0025,660.8098,577.0266,596.828,-4.7614365,589.38824,87.491394,590.8762,312.1717,573.0208,588.9302,671.22546,584.4663,550.7016,590.4181,684.617,587.4422,561.11725,597.85785,659.32184,596.36993
0.6960832304679431,598.8397,44.00371,586.7584,33.43256,619.98206,37.963055,561.08563,47.02404,624.5126,50.04437,523.33154,134.61359,651.6955,134.61359,494.6384,238.81493,683.40894,240.3251,471.98593,296.20117,728.7139,320.3638,553.5348,323.38416,629.043,323.38416,564.10596,456.27863,650.18536,456.27863,561.08563,580.1121,657.73615,581.62225,595.8194,-4.3215523,589.77875,87.798485,591.28894,315.8333,573.16693,589.1731,669.8175,589.1731,549.00433,592.1934,681.8988,592.1934,561.08563,599.74426,656.226,601.2544
0.6971649619249197,597.26715,44.160614,592.7178,33.545395,623.047,38.094776,559.35565,47.193535,624.5635,50.226456,522.96063,135.14822,650.34326,135.14822,492.6314,236.75104,688.25476,236.75104,463.81866,289.82715,739.8144,312.57404,556.32275,323.18927,629.11285,321.67282,563.905,458.1542,648.8268,459.6707,560.87213,580.9875,657.9256,585.53687,594.23425,-4.366106,589.6849,88.137955,591.2013,315.60696,568.4544,591.6027,659.442,593.11914,547.224,593.11914,677.6395,596.1521,560.87213,600.7015,656.4091,605.25085
0.7042137074929017,594.9211,42.16038,587.3473,31.557047,619.1573,36.101334,560.08154,45.189907,625.2164,49.73419,522.2125,136.07564,652.48206,136.07564,484.34344,234.53517,696.41016,239.07947,449.50394,286.03708,760.0302,317.8471,555.5373,319.36185,631.2754,319.36185,564.62585,458.71997,647.9378,460.23474,561.5963,579.90094,657.02637,585.96,594.9211,-6.312007,588.86206,89.11801,591.8916,314.81757,572.19965,590.5043,660.0559,592.01904,550.993,592.01904,676.71826,595.0486,561.5963,599.59283,655.5116,605.6519
0.6913688664252942,593.24866,42.000137,556.98956,32.93536,618.9322,34.446156,558.50037,46.532524,624.9754,48.04332,522.2413,135.6695,655.1913,135.6695,476.91736,226.31726,712.60156,235.38203,434.61508,270.13034,783.60895,301.85706,560.01117,321.4974,631.01855,319.9866,566.0543,454.44745,644.6157,463.51224,561.522,578.33276,655.1913,588.9083,594.75946,-6.3453374,590.22705,87.32402,594.75946,312.43265,578.1407,582.8651,662.7453,588.9083,550.94635,584.3759,677.8533,594.9515,561.522,599.4839,652.16974,608.54865
0.7017041249917104,595.8777,40.576176,580.73737,31.491959,621.61633,34.52003,561.0549,45.118286,626.15845,48.146355,520.1759,137.47449,657.9532,135.96045,468.69867,226.80263,721.5427,232.85876,421.76355,270.7097,792.7024,294.93427,559.54083,316.13077,633.72864,314.61673,565.597,459.9642,644.32684,462.99228,562.5689,582.60114,654.9251,588.6573,595.8777,-7.872982,591.3356,87.5113,595.8777,311.58865,570.1391,590.1713,664.00934,591.68536,548.94257,591.68536,677.6357,594.71344,561.0549,602.28357,653.4111,608.3397
0.7139608000333493,598.13007,44.015884,568.39154,35.755173,624.5644,35.755173,561.78296,45.668026,626.2165,47.320168,523.7837,134.8837,660.9115,134.8837,465.9587,219.14296,722.0408,220.79509,403.1773,267.05508,796.38715,281.92435,561.78296,316.61935,636.1294,314.9672,568.39154,455.3993,644.3901,458.70358,563.4351,577.6578,655.9551,587.5707,596.47797,-3.896239,593.17365,86.97158,599.7822,310.01077,575.0001,592.5271,662.56366,599.1357,553.5223,597.4835,677.4329,602.43994,565.0873,599.1357,654.3029,609.0485
0.698651712674361,592.78345,40.104877,565.62085,30.518068,621.5439,32.11587,564.0231,44.89828,629.5329,44.89828,524.078,132.77736,661.48895,132.77736,466.55716,215.86302,730.1944,220.65643,401.0473,252.61246,810.0845,276.57947,562.42523,313.32892,637.5219,313.32892,568.81647,455.53323,647.1087,461.92444,562.42523,581.7595,655.0977,588.15076,597.57684,-9.426965,595.97906,84.843315,599.1747,310.1333,573.60986,596.1397,664.6845,597.73755,554.4362,597.73755,675.86914,600.93317,560.82745,602.53094,655.0977,608.9221
0.7141464513081771,606.72186,41.17694,581.53516,34.46048,628.55035,34.46048,564.74396,42.856056,630.2295,46.214287,526.1243,130.17004,665.4909,131.84917,455.6015,202.37201,746.08844,214.12582,378.36218,235.95432,840.1189,261.14105,563.0649,314.87274,638.62506,311.5145,569.7813,454.23932,647.0206,457.59753,563.0649,578.49384,655.4162,585.2103,600.0054,-4.159172,596.64716,84.83394,600.0054,308.15628,576.4978,591.92676,670.52826,596.9641,552.9902,596.9641,680.6029,602.00146,563.0649,598.6432,653.73706,607.0388
0.7050974884858499,608.23987,43.9028,575.88745,37.091763,632.0785,37.091763,567.37366,47.30832,632.0785,49.011078,526.50745,130.74353,667.8364,132.44629,454.99152,198.8539,747.86615,209.07047,371.5563,232.90909,848.329,251.63945,565.6709,316.3443,640.5923,314.64154,570.7792,455.97058,647.4033,457.67334,562.2654,576.8665,655.9171,585.3803,599.7261,1.3338155,598.0233,86.47179,603.1316,309.53326,574.1847,587.08307,669.5392,595.59686,555.45435,592.19135,679.7558,602.4079,562.2654,599.0024,654.21436,607.5162
0.7203840716527059,604.7047,43.042793,578.6648,36.09882,627.2726,36.09882,568.24884,48.25077,634.21655,48.25077,528.321,129.84244,667.20044,129.84244,457.1453,194.07416,745.32007,201.01814,366.8737,225.32204,837.3277,239.20998,568.24884,312.12167,641.1605,310.38568,571.7208,454.47308,648.1045,456.20908,563.04083,577.7286,656.7845,586.4085,602.9687,1.378965,599.4967,88.178604,604.7047,306.9137,571.7208,589.8805,661.99243,596.82446,554.3609,591.6165,674.1444,600.29645,564.77686,596.82446,655.04846,605.50446
0.7282755982417327,608.3762,42.97384,578.35126,35.909134,631.33655,37.675312,569.5203,48.27237,634.8689,48.27237,528.8983,129.5165,668.4263,129.5165,451.18652,191.33267,747.9042,198.39738,366.41006,217.82532,843.2777,233.72092,569.5203,314.96503,641.9336,311.43268,573.05273,456.25916,648.9983,458.02533,565.988,578.12537,656.063,585.19006,603.0777,0.58560216,599.54535,88.89443,606.61005,307.90033,573.05273,585.19006,659.59534,592.25476,553.62476,586.95624,675.49097,597.5533,565.988,595.7871,654.2968,604.618
0.7226086923709283,607.8059,41.178455,581.26434,35.870144,630.8086,35.870144,568.8783,48.256203,636.1169,46.486767,526.4118,131.41974,671.5057,129.6503,446.78714,191.5806,754.6692,195.11948,360.08475,211.0444,846.67993,225.1999,570.64777,318.98007,643.19464,315.4412,572.4172,458.76556,648.503,460.535,565.3394,579.0873,655.5807,584.3956,602.4976,-1.2880306,600.72815,87.183815,606.0365,310.13287,572.4172,586.16504,660.88904,591.4733,552.95337,589.7039,676.81396,596.7817,567.1089,596.7817,653.8113,603.85944
0.7249947396608499,606.45087,42.08327,578.36115,36.816444,629.2738,35.060837,569.58307,47.350098,634.5406,47.350098,529.2041,129.86372,671.4084,128.10811,444.93484,189.55443,753.922,191.31003,357.15442,208.86612,845.2137,219.39978,571.3387,317.71387,645.0743,312.44705,573.0943,458.1626,648.5855,459.91818,564.3163,581.05524,655.6079,584.5664,602.93964,-1.8069503,601.184,87.7291,608.2065,308.93582,571.3387,588.07764,660.87476,591.58887,553.7826,591.58887,676.67523,596.8557,566.07184,598.6113,653.8523,602.1225
0.7165419230094323,610.89185,42.305004,585.3207,34.998955,636.463,36.825466,574.3616,47.78454,640.116,47.78454,532.3518,128.15106,672.9932,128.15106,451.9853,184.77293,758.8393,188.42595,364.31274,203.03804,844.68536,213.99712,572.5351,316.28177,645.5956,314.45526,572.5351,455.09668,649.2486,456.9232,565.22906,575.6465,656.5546,579.2995,607.23883,-1.531282,605.4123,87.9678,609.0653,307.14923,572.5351,590.25854,662.0342,590.25854,554.26996,590.25854,674.81976,593.91156,563.4025,593.91156,654.72815,597.56464
0.7193762740263572,604.99207,42.449806,584.9752,35.17094,634.10754,36.990658,575.8766,47.90896,637.747,47.90896,535.84283,126.156784,674.1413,126.156784,459.41473,184.38773,757.8483,188.02716,370.2486,202.5849,848.83417,213.5032,574.0569,313.58762,646.8456,311.7679,574.0569,455.52554,650.485,457.34528,564.9583,575.6269,655.94415,581.086,608.63153,-1.2233982,606.81177,87.94273,610.45123,306.30878,577.69635,590.18463,661.4033,590.18463,554.04,590.18463,674.1413,592.00433,563.1386,593.82404,652.30475,597.4635
0.7219763913979897,607.93036,39.87989,588.0023,34.444977,631.4816,34.444977,575.32086,45.314804,640.5398,47.126442,535.46484,128.65013,676.7726,128.65013,459.37607,186.62253,760.1079,188.43417,368.7942,204.7389,850.68976,211.98546,573.5092,315.24878,647.7864,313.43716,573.5092,456.55652,651.4096,458.36816,564.45105,576.1246,656.84454,581.5595,607.93036,-1.7877723,606.1187,86.98247,611.5536,308.00226,573.5092,594.24097,662.2795,592.4293,553.58124,594.24097,674.96094,594.24097,564.45105,594.24097,653.22125,597.86426
0.7305938177383863,609.79895,40.2963,588.2019,34.89704,633.19574,36.696796,573.8039,47.49531,640.3947,47.49531,534.20935,128.48418,676.3898,128.48418,458.61972,187.87602,759.1784,189.67578,370.43182,205.87355,849.166,213.07256,573.8039,315.65848,647.59375,313.8587,573.8039,456.03918,651.19324,457.83893,564.8051,574.8229,658.3923,582.02185,607.9992,-1.098012,606.1994,88.889626,611.5987,308.45944,573.8039,592.8204,661.99176,591.0206,554.0066,591.0206,676.3898,594.6201,566.60486,594.6201,656.5925,600.0194
0.7275480375840113,609.6487,42.646828,588.1075,37.261528,636.57513,39.056625,575.54175,48.032127,640.16534,48.032127,534.25446,128.81161,677.8624,128.81161,458.86026,188.04991,760.4371,189.84502,370.90036,206.00092,851.9871,216.77151,573.74664,317.2971,647.34576,315.502,575.54175,455.5198,650.936,457.31488,564.7712,575.7915,658.11633,584.76697,607.8536,1.3595294,606.0585,87.52432,611.4437,308.3216,573.74664,590.1523,663.50165,593.7425,554.00055,590.1523,676.0674,599.1278,564.7712,593.7425,656.3212,600.92285
0.7282199607445643,610.1227,40.584194,588.5699,35.196003,635.2675,36.992065,575.99744,47.768448,640.65576,47.768448,532.8919,130.38739,676.577,128.59132,459.2533,189.65749,757.3999,189.65749,373.04224,207.61813,848.99915,216.59845,574.20135,317.178,647.83997,313.58588,574.20135,455.4749,651.4321,459.06705,565.22107,575.8112,658.6164,584.7915,610.1227,-0.7252724,606.5305,89.07792,611.9187,308.1977,575.99744,590.1797,662.2085,595.56793,554.4447,588.38367,676.577,599.16003,565.22107,593.77185,656.8203,602.75214
0.7309642537282064,614.21704,40.63897,594.5927,35.28688,637.4094,37.07091,574.9684,47.775085,640.9775,47.775085,535.7198,129.84044,676.6581,129.84044,460.79053,188.71341,758.72345,188.71341,373.3731,208.33772,849.7089,215.47385,573.1844,315.3795,648.1136,313.59546,574.9684,456.3178,651.6817,458.10184,564.2642,575.8478,657.03375,584.76794,608.865,-0.39370692,607.08093,87.023735,612.43304,308.24338,573.1844,590.12,662.38586,595.4721,553.56006,590.12,676.6581,600.8242,564.2642,593.68805,655.24976,602.6082
0.7274048695197473,613.49506,41.209354,595.67834,35.86435,636.65674,35.86435,576.08,48.33603,640.2201,46.554363,535.1016,128.51112,675.85345,128.51112,462.0532,187.3062,759.5919,190.86954,372.96976,206.90456,850.45703,219.37624,574.29834,315.58633,647.34674,313.8047,574.29834,456.3382,652.6918,459.90152,565.39,575.70996,658.03674,586.4,609.9317,0.23097336,606.36835,87.532745,611.7134,308.4597,572.51666,588.1817,663.3818,597.09,552.91833,588.1817,675.85345,602.435,565.39,595.30835,656.2551,605.99835
0.720129845234064,614.5877,41.3609,586.2524,36.04803,637.61017,36.04803,575.62665,46.673775,641.1521,46.673775,533.12366,129.90878,678.3422,129.90878,462.28537,190.12134,759.8063,191.8923,373.7375,206.05995,850.1251,220.22762,573.8557,317.63028,648.2359,315.8593,573.8557,457.53595,651.77783,461.07785,565.0009,576.1901,657.0907,586.81586,609.27484,-1.14208,605.7329,87.4058,611.04584,310.54645,573.8557,586.81586,662.40356,597.4416,552.6042,586.81586,676.5712,602.75446,565.0009,595.67065,655.31976,606.2964
0.7341745312397296,611.4896,40.377426,586.93335,35.11537,634.2919,35.11537,574.6552,45.63948,639.5539,47.393497,534.3128,129.83235,676.3883,129.83235,462.39807,185.96094,758.82715,191.22299,372.94315,205.25514,848.28204,219.28728,572.9012,314.00427,648.324,312.25024,574.6552,459.58777,650.078,461.3418,564.1311,580.61505,655.3401,585.8771,609.7356,-3.4730296,606.22754,87.735916,611.4896,308.74222,572.9012,591.13916,662.35614,598.1552,555.361,591.13916,674.6343,603.41724,565.88513,598.1552,655.3401,606.9253
0.731091748063381,610.21704,42.029964,587.38184,36.7603,633.05225,36.7603,575.08594,47.29963,640.0785,47.29963,534.6852,129.85771,675.2096,129.85771,460.90988,184.31091,757.76764,193.09369,373.08212,203.63303,847.352,221.19858,573.3294,314.296,647.1047,310.78287,573.3294,456.57693,648.86127,460.09006,564.54663,577.77924,655.88745,588.31854,610.21704,-1.8839093,604.9474,87.70039,610.21704,307.26978,571.5728,590.07513,661.15717,597.1013,552.25073,590.07513,673.453,602.371,564.54663,595.3448,654.1309,607.6407
0.73154560648478,611.76917,42.12233,588.98553,36.86457,634.5528,36.86457,573.2123,47.38009,639.81055,47.38009,532.9028,129.75165,674.86224,129.75165,459.29413,184.08182,755.4812,192.84476,369.91223,201.6077,846.6157,222.63873,571.45966,317.27838,645.0683,313.77322,573.2123,459.23788,646.82086,460.99048,566.2019,580.1663,655.5838,585.4241,608.264,-1.6923294,604.7588,87.689575,608.264,308.51544,574.96484,588.92926,659.089,592.43445,555.6864,592.43445,676.61487,597.6922,566.2019,599.4448,653.83124,602.94995
0.727072081886805,612.7804,42.109386,590.0142,36.855663,633.7953,36.855663,572.50183,47.36311,639.049,47.36311,532.22327,129.67143,674.0738,129.67143,458.67117,185.71114,756.38214,192.7161,369.35788,203.22354,845.69543,222.4872,570.7506,317.0542,644.30273,313.55173,572.50183,457.15347,647.8052,458.9047,565.4969,581.4916,654.8102,583.2428,607.5267,-1.671636,604.0242,87.64165,607.5267,308.298,572.50183,590.24774,661.8151,591.999,553.23816,591.999,677.5763,595.50146,567.2481,599.00397,653.0589,602.5065
0.7299929788479438,609.15717,40.76084,584.4246,35.46102,633.88965,35.46102,572.0584,47.82727,637.42285,47.82727,529.65985,130.85782,672.755,130.85782,453.6957,190.92245,755.7856,196.22229,365.36536,205.05533,847.6491,228.02121,568.5252,314.58496,642.7227,312.81836,572.0584,454.14694,648.0225,459.44678,564.99194,576.04285,655.0889,586.6425,605.62396,-1.6377316,602.0907,88.45924,605.62396,307.51855,572.0584,588.4091,662.1554,595.4755,552.62573,588.4091,676.2882,600.7753,564.99194,593.7089,653.3223,606.0752
0.725140209381397,609.8774,42.72979,583.2074,37.39579,632.9914,37.39579,570.76135,48.06379,636.54736,48.06379,528.08936,129.8518,672.10736,129.8518,453.41336,190.3038,750.3394,199.19382,368.06937,208.08382,844.5734,231.19781,568.9834,316.54184,641.8814,314.76382,570.76135,457.00385,647.2154,458.78183,563.64935,577.90784,656.1054,586.79785,604.5434,1.8357837,600.98737,87.179794,606.3214,309.4298,570.76135,586.79785,663.2174,592.13184,551.20337,586.79785,675.6634,597.4659,563.64935,595.68787,654.3274,604.5779
0.7278186575724528,607.40576,41.484703,577.7712,36.255066,631.8107,36.255066,569.0551,46.71434,635.2972,46.71434,527.218,130.38853,670.16144,130.38853,452.2599,194.88739,748.60596,200.11703,368.5857,212.31952,842.73944,234.98128,567.3119,316.91226,640.5268,315.16904,570.79834,454.62604,645.7565,458.11246,565.56866,576.6509,656.2157,583.6237,603.9194,-2.0956044,600.4329,88.55144,603.9194,309.9394,569.0551,585.36694,663.1886,590.5966,551.623,588.8534,678.8775,595.82623,565.56866,595.82623,654.47253,602.7991
0.7169241515489725,604.47345,38.977062,580.623,33.866245,631.73114,33.866245,568.69775,42.384274,635.13837,45.791485,527.8112,130.97177,669.2105,132.67538,456.25977,195.70879,749.27997,204.22682,374.4867,217.85567,842.9783,241.70615,566.99414,320.07202,640.2492,316.6648,570.40137,456.36047,645.36,459.7677,563.5869,579.0201,655.58167,585.83453,602.76984,-5.3166876,601.0663,84.97442,602.76984,311.554,570.40137,590.9453,667.5069,599.4634,553.3653,596.05615,677.7285,604.57416,563.5869,599.4634,655.58167,607.9814
0.7213165828814874,605.51245,38.37045,583.5904,31.625206,629.1208,33.311516,568.41364,41.74307,634.17975,45.11569,526.25586,129.43121,669.5922,132.80383,458.80344,198.56993,748.8488,210.37411,382.91946,225.5509,841.59595,252.53188,565.041,316.61166,639.23865,314.92535,570.0999,456.57544,645.9839,461.63437,563.3547,577.9898,656.10175,586.4213,603.8262,-7.159933,598.7672,85.58714,602.13983,311.55273,575.1589,593.16656,669.5922,594.8529,554.92316,596.5392,679.71014,601.59814,563.3547,598.2255,654.41547,608.3434
0.7187920212745667,594.3551,37.259537,576.1791,28.997692,624.0978,28.997692,566.26483,40.564274,632.3596,43.86901,526.60803,129.79218,665.407,134.74928,462.16562,204.14877,734.80646,215.71535,389.4614,235.54378,815.7725,266.93878,562.96014,318.1622,635.66437,316.50983,567.91724,456.96118,643.9262,460.2659,564.6125,577.5841,655.4928,587.4983,600.9646,-9.006786,597.65985,83.525856,600.9646,309.90036,572.8743,590.80304,667.0593,597.41254,554.6983,597.41254,678.6259,602.3696,564.6125,597.41254,655.4928,607.3267
0.7065373074549895,594.8746,42.25425,578.12384,33.117477,617.7165,33.117477,564.41864,43.777046,629.89886,46.822636,524.826,132.09917,661.87756,135.14476,463.91418,209.76172,725.83496,221.94408,393.8656,244.78601,805.0203,275.2419,561.37305,317.8802,634.4672,314.8346,567.46423,454.93176,642.08124,459.50012,562.8959,581.3237,654.2636,588.93774,600.96576,-7.997992,594.8746,83.36972,597.92017,308.7434,570.5098,598.0745,669.4915,596.5517,555.2819,598.0745,677.1055,599.5973,564.41864,599.5973,652.7408,607.21124
0.7034351734014658,595.2512,42.528114,578.54266,33.41436,622.59247,36.45228,563.3531,44.047077,628.66833,48.603954,523.86017,133.66566,659.0475,136.70358,467.65866,211.13258,722.8438,223.28426,399.30548,255.1824,792.71594,281.0047,560.3152,318.9787,633.2252,317.45972,564.872,454.16605,642.3389,461.76083,563.3531,580.2397,654.4906,587.8345,599.8081,-6.078577,593.73224,85.058975,596.7702,311.38388,573.9858,592.39136,668.16125,595.42926,555.7583,593.9103,677.275,598.46716,563.3531,596.9482,654.4906,606.06195
0.7044996321201324,583.7383,45.18721,568.58905,36.097675,611.00684,37.6126,562.52936,45.18721,626.15607,49.731976,523.14136,134.56761,660.99927,137.59746,467.08923,216.37341,720.08124,226.97786,400.43268,269.3957,782.19305,287.57474,559.4995,320.90305,632.21576,317.8732,565.5592,455.7311,641.3053,461.7908,562.52936,579.9547,653.4247,587.52936,598.88745,-4.8052216,592.82776,84.57519,595.8576,311.8135,570.10394,598.1338,667.05896,596.6189,551.92487,598.1338,676.1485,598.1338,565.5592,598.1338,651.9097,605.7084
0.7046872102297269,563.6236,48.165134,557.56525,37.56307,613.60474,39.077652,562.109,45.135975,624.20685,49.679718,521.21533,136.01082,659.0422,139.04,466.6904,222.34193,715.08167,228.40025,404.5926,278.38144,775.6649,293.52722,557.56525,322.30426,630.26514,319.27512,565.1382,455.58737,640.8672,460.13113,563.6236,579.783,654.4984,587.3559,596.94434,-4.845194,590.88605,86.029655,593.9152,313.2168,572.71106,596.4434,665.1005,597.958,553.02155,597.958,675.7026,600.9871,565.1382,596.4434,652.9839,605.5309
0.7135991901159286,551.5075,49.852562,551.5075,37.693398,560.6269,39.213295,560.6269,46.81277,622.94257,48.332664,522.62946,136.4866,657.9002,138.0065,473.99283,227.68034,706.53687,230.72014,425.35617,279.35678,762.77295,300.6353,557.5871,326.47354,630.54205,324.95364,562.1468,455.66467,641.18134,458.70447,562.1468,580.2961,653.3405,584.8558,591.0248,-3.3437824,591.0248,86.330055,594.0646,317.3542,571.2661,593.97516,657.9002,597.01495,553.0274,595.49506,671.5792,600.05475,563.6667,597.01495,651.8206,604.61444
0.7309553554424872,550.2487,51.012672,551.75793,38.938667,553.2672,38.938667,563.832,46.48492,622.69275,49.50342,524.59143,131.00298,655.89624,135.53072,482.3324,227.59503,702.68304,232.12277,432.52713,287.96506,755.50684,304.56683,557.7949,321.16858,630.239,318.1501,562.3227,453.98267,640.8038,457.00116,562.3227,576.232,652.87775,583.77826,589.4892,-3.320358,590.9985,87.234695,594.01697,313.6223,568.3597,598.8707,658.91473,603.3985,553.2672,600.38,667.9703,604.9078,563.832,595.85223,652.87775,603.3985
0.7296939859023461,552.67584,49.88752,552.67584,39.240788,554.1968,39.240788,563.3226,45.324635,621.1191,48.366558,525.2985,132.01942,657.62213,138.10327,484.23257,233.92383,701.73004,232.40288,441.64566,291.72037,747.3589,303.88806,557.2387,322.1396,631.7658,319.09766,563.3226,457.50513,639.3706,455.9842,563.3226,580.703,651.5383,585.26587,587.65796,-4.8670883,590.6999,87.91155,593.74176,314.5348,567.88544,598.9545,654.58026,603.51746,552.67584,601.99646,666.7479,606.5593,564.8435,598.9545,651.5383,608.0803
0.7305796444416046,550.3909,51.64407,551.9188,39.420624,551.9188,39.420624,562.6144,47.06028,620.6757,48.58821,525.94403,132.6244,655.8181,135.68027,486.21783,236.5237,698.6002,231.9399,448.01956,296.11298,742.91016,306.8085,559.5585,320.55988,632.8992,319.03195,564.1423,456.54572,637.483,455.0178,564.1423,580.3081,651.2343,581.83606,584.0054,-3.3614354,590.1171,88.31441,596.2288,312.92023,564.1423,601.69916,651.2343,604.755,550.3909,603.22705,664.9857,606.28296,565.6702,598.64325,651.2343,606.28296
0.7240617573261261,550.04474,53.856018,551.57947,41.5783,551.57947,41.5783,562.32245,47.71716,620.6416,47.71716,527.024,130.59177,657.4748,133.6612,490.19086,234.95236,695.84265,230.34822,457.96185,299.4104,734.2105,307.08395,560.7877,320.8964,634.45404,320.8964,565.3919,455.9513,635.9888,452.88187,563.8572,580.2632,649.8012,577.1938,583.8085,-2.9284296,589.9473,87.61974,597.6209,313.2228,568.4613,595.61035,646.73175,597.1451,550.04474,598.6798,662.0789,597.1451,565.3919,600.2145,649.8012,600.2145
0.7215687105288873,548.50165,53.5536,550.0405,41.242428,550.0405,41.242428,563.89056,47.398014,620.8298,47.398014,528.496,132.03732,657.7633,135.11511,496.17914,241.29898,691.619,232.0656,466.9401,307.47153,727.0136,307.47153,560.8128,324.39938,634.6798,321.3216,566.9684,458.2834,636.21875,453.66672,563.89056,582.934,650.0688,578.3173,582.35736,-3.3855724,591.5907,87.409325,597.74634,315.16602,566.9684,593.7063,643.9132,592.1674,548.50165,598.323,660.84106,595.2452,565.4295,601.40076,650.0688,599.8619
0.7076804087712214,549.5328,54.920784,552.60095,42.647987,551.06683,42.647987,564.8737,48.784386,621.63544,48.784386,532.65765,131.62578,659.9879,136.22807,501.97565,240.54686,690.6699,235.94456,477.43005,314.18365,721.3519,311.11545,561.80554,324.92236,635.4423,323.38824,566.40784,458.38904,635.4423,455.32083,563.33966,579.58295,649.24927,578.0488,583.28296,-1.8409076,592.48755,90.20508,598.62396,317.25186,566.40784,590.3216,640.0446,590.3216,547.99866,594.92395,658.45386,590.3216,566.40784,599.52625,649.24927,597.9921
0.7025870107687436,548.2434,56.5972,551.31934,45.83143,549.7814,44.29346,566.69904,53.521263,622.06586,53.521263,535.9397,139.64742,662.053,138.10945,512.8702,248.84306,688.1984,241.15323,495.95255,322.6655,703.5781,314.97565,566.69904,331.89328,638.98346,330.35532,568.237,462.62048,635.90753,459.54456,563.6231,585.65784,648.2113,581.04395,585.15466,-0.3075812,594.38245,93.50841,603.6102,322.6655,568.237,590.2717,637.4455,590.2717,548.2434,596.4236,657.4391,591.8097,566.69904,604.11346,649.74927,601.0375
0.7004278577291049,546.4103,59.742626,551.0296,47.42456,547.9501,45.8848,569.50665,53.583595,621.85846,52.043835,540.2513,139.81007,661.89215,138.27031,517.1549,250.67267,686.5283,239.89436,503.29706,324.5811,695.76685,316.8823,569.50665,335.35938,640.3356,332.27988,569.50665,461.61957,637.25604,458.54007,564.8874,583.2605,649.5741,583.2605,583.3645,1.2318068,595.68256,93.61731,604.92114,324.5811,567.9669,586.34,635.7163,590.9593,547.9501,595.57855,655.73315,592.499,567.9669,601.7376,651.1139,603.27734
0.6907055286260751,544.0747,59.71076,548.6915,45.860325,544.0747,45.860325,570.23663,53.55501,621.02155,52.016075,542.53577,141.27443,662.5729,136.65761,525.6075,256.6947,685.6569,239.7664,510.21808,327.4858,690.27374,316.71326,571.7756,335.1805,642.5667,332.10263,570.23663,462.9123,637.9499,458.29547,564.0809,584.4883,650.26135,582.94934,581.0092,1.2311497,594.8596,95.106316,607.17114,324.40793,565.6198,587.56616,634.872,589.1051,548.6915,596.7998,654.8782,590.64404,567.15875,604.4945,651.8003,602.95557
0.688629612326622,543.4946,59.98901,549.64276,47.692734,543.4946,46.155697,571.16125,53.840874,623.4204,52.303837,548.1057,142.98889,663.3833,135.30371,532.73535,259.80353,684.9018,239.82208,515.828,333.5812,683.36475,316.67383,575.77234,336.65527,643.40186,333.5812,571.16125,462.6921,638.7908,459.61804,563.4761,584.11786,651.08704,582.5808,581.9205,1.5816908,597.29083,93.80377,609.5871,324.35898,561.939,587.19196,632.64264,585.6549,545.0317,596.4141,652.6241,587.19196,568.08716,605.63635,652.6241,602.56226
0.6753977078657883,543.5121,61.591175,549.6663,49.2827,545.0506,47.74414,571.2061,53.898376,623.51715,52.359818,549.6663,144.67337,663.51965,135.44202,538.89636,264.681,681.9824,238.5255,523.5108,336.9933,672.75104,310.83777,578.8989,336.9933,645.05695,332.37762,571.2061,463.15515,638.9027,460.07803,561.9748,583.1628,651.2112,584.70135,578.8989,3.1259193,597.36163,95.439476,612.74725,324.6848,560.4362,583.1628,631.20996,584.70135,543.5121,590.8556,651.2112,586.2399,565.0519,606.24115,652.74976,606.24115
0.6695546163962438,542.6577,64.62921,548.8013,50.806202,544.1936,49.270313,577.9832,53.877983,620.9881,52.34209,554.9448,144.49548,660.92126,135.28015,547.2654,264.29492,673.2084,236.6489,533.4424,341.08942,620.9881,291.94092,579.5191,344.1612,644.0265,339.55353,570.3038,465.4965,639.4188,460.88882,559.5525,577.61646,650.17004,579.15234,574.91144,0.12183201,599.48566,95.34701,613.30865,330.33817,545.7295,571.4729,624.0599,574.5447,531.9065,580.68823,645.5624,576.08057,564.1602,602.19073,654.7777,600.6548
0.6701561556412623,540.50854,64.60347,548.1949,52.305347,542.04584,50.76808,577.40295,53.842613,617.3718,52.305347,557.41846,143.00403,658.87805,133.78043,551.2694,265.9853,668.1016,236.77724,535.8967,345.9231,612.7601,279.82068,582.0147,344.38583,645.0426,339.77405,569.7166,467.3671,638.89355,461.21805,558.95575,582.66205,651.1917,578.05023,571.25385,1.5755768,597.3874,93.81152,615.8346,329.01318,531.285,571.9012,623.52094,571.9012,523.59863,584.1993,643.5054,571.9012,565.1048,605.721,655.80347,599.57196
0.6798254297329829,540.98315,68.21488,547.15656,54.324783,542.52655,52.78144,578.02344,54.324783,615.0637,52.78144,561.04663,143.83876,658.27734,133.03535,550.2432,264.21964,664.45074,233.35274,534.8098,342.93018,610.43365,281.1964,581.1101,342.93018,644.38727,338.30014,567.22003,467.94107,639.7572,463.31104,557.95996,591.4086,652.104,580.6052,567.22003,3.3944201,598.0869,94.45174,615.0637,329.04007,524.0064,579.0619,621.23706,574.4318,519.37634,591.4086,638.21387,572.8885,565.6767,613.01544,656.734,600.6687
0.6852266261210809,540.8246,65.337265,545.47797,51.377052,540.8246,49.825916,573.39844,52.928185,613.7279,49.825916,562.54047,142.89401,654.05743,132.03606,548.58026,263.8825,661.8131,234.41096,531.51776,346.09268,605.9722,301.10977,582.7052,339.88812,644.7506,336.78586,565.64276,470.18344,638.5461,463.9789,557.8871,595.8254,652.5063,581.8652,565.64276,0.18960214,595.1143,94.80882,615.27905,329.03018,519.1087,584.9674,621.4836,578.7629,514.4553,597.3765,640.0972,575.66064,567.1939,617.54126,657.15967,603.58105
0.6783965734335092,539.8087,63.65746,546.0163,51.242214,539.8087,48.138405,573.9506,52.79412,615.85205,51.242214,564.63916,142.80464,653.0978,133.49321,547.56824,263.85327,659.3054,232.81517,530.49725,349.2081,601.8849,304.20282,581.71014,339.89667,642.23444,336.79285,563.0873,471.80865,637.57874,464.0491,559.98346,599.0649,651.5459,581.99396,564.63916,1.581234,595.6773,94.69557,615.85205,327.4814,514.9782,592.8573,618.9559,581.99396,511.8744,603.72064,636.02686,575.7863,569.2949,620.79156,656.2016,603.72064
0.6831339712326343,537.7486,64.064766,543.9988,50.001846,536.1861,48.439297,575.24976,51.564392,614.3134,50.001846,565.87445,145.31718,648.6894,131.25426,547.1239,265.63327,654.9396,235.94487,526.8108,350.01077,590.8752,306.25946,581.49994,342.19803,640.8767,337.5104,561.1868,473.45193,636.189,462.51413,559.62427,604.7059,651.8145,582.8302,561.1868,1.5629034,594.0003,95.31569,615.8759,329.69766,511.18533,601.58075,617.4385,585.95526,511.18533,612.51855,636.189,579.7051,572.12463,625.019,656.50214,601.58075
0.6873532556570493,534.5085,61.526363,540.8366,47.288067,532.92645,47.288067,572.4773,50.452133,608.864,47.288067,566.1492,145.37411,642.08673,127.97175,547.16473,268.77267,651.5789,237.13202,525.0163,354.20245,574.0593,300.41333,580.38745,341.5462,638.92267,336.80008,558.239,474.43695,635.7586,463.36273,564.56714,612.0738,649.9969,578.85114,558.239,-0.17291903,589.87964,94.749054,615.1922,330.47195,502.86783,616.81995,621.5203,588.3433,509.19598,627.89417,635.7586,578.85114,578.8054,631.0582,656.325,597.8355
0.6919905864275419,531.19904,62.099274,539.2015,46.094307,531.19904,46.094307,571.2114,49.2953,606.42236,46.094307,564.80945,145.3251,640.0328,129.32014,547.204,270.16385,652.8368,238.15392,523.19653,353.38968,587.21643,303.7743,577.6134,345.3872,636.8318,338.98523,556.80695,478.22842,633.6308,462.22348,566.41,615.87115,651.23627,577.4592,556.80695,-1.9205961,587.21643,92.50871,611.2239,332.58322,503.99057,625.4741,622.4273,590.2632,513.59357,638.27814,633.6308,579.05975,580.8144,635.07715,657.63824,595.0647
0.7001013870422657,529.3837,62.50974,535.8096,46.44515,529.3837,46.44515,567.9387,49.658066,603.2808,48.05161,564.7258,147.65205,635.41,131.58746,547.05475,272.95584,651.4746,239.22021,521.3514,354.88525,587.21625,308.29794,577.57745,348.4594,633.8035,342.0336,556.6935,480.18906,632.1971,464.12445,569.54517,618.34454,651.4746,579.7895,556.6935,-1.7486186,585.60974,94.638916,609.70667,335.60776,506.89328,629.5897,622.55835,592.6412,514.9256,640.83496,633.8035,583.00244,584.0033,636.01556,657.90045,597.4606
0.6973005957328356,527.1918,60.882816,535.22656,44.813244,527.1918,44.813244,567.3657,49.634117,599.5048,48.02716,565.7587,147.65851,631.644,131.58894,548.0822,273.0012,647.71356,239.25508,522.3709,354.956,575.40045,308.35425,577.00745,348.52817,628.43005,342.10034,557.72394,480.29868,630.03705,464.2291,568.97266,618.497,650.9275,578.32306,554.51,-1.7885172,581.8283,94.62892,605.9327,335.67252,506.30133,629.7457,620.39526,595.99963,515.94305,642.6014,630.03705,583.1439,583.43524,636.1735,660.5692,595.99963
0.7005666540219233,524.9086,61.2616,532.94434,46.79734,524.9086,45.1902,566.6943,50.011623,597.2299,48.404484,565.0871,148.04715,629.3727,133.58289,549.0157,275.01117,645.4441,241.26125,520.0872,358.58246,576.3371,315.18967,573.1228,353.76102,624.5513,347.33246,558.65857,483.93933,627.76556,467.86795,569.9085,620.5462,650.2655,580.36774,550.62286,-1.4168489,579.5514,96.618675,600.4442,339.29678,505.62296,630.189,619.72986,596.43915,515.2658,643.0462,629.3727,583.58203,582.7656,638.22473,659.9084,598.04626
0.69171230838849,522.9484,61.415543,529.3666,45.370056,521.3439,45.370056,563.06213,48.57915,593.5485,48.57915,564.6667,148.06116,624.035,132.01567,555.03937,274.8205,640.08044,241.12498,521.3439,359.86157,580.71216,310.12057,571.08484,353.4434,619.2213,347.02518,559.853,483.4118,624.035,468.9709,567.8758,619.79846,649.70776,581.2893,545.4121,-2.7664022,577.50305,95.11106,595.1531,339.00244,505.29837,629.4257,620.82587,598.93933,513.3211,642.26215,632.05774,586.1029,582.3167,639.05304,657.73047,598.93933
0.685674501153139,518.8475,58.84782,525.2408,42.86454,518.8475,44.462868,557.20734,46.061195,585.97723,46.061195,574.78894,146.75586,616.34546,130.77258,563.60065,274.6221,629.1321,239.4589,525.2408,359.3335,558.80566,319.3753,573.1906,359.3335,608.3538,351.34186,557.20734,484.0031,613.1488,469.61813,568.3956,619.86096,646.7137,581.5011,544.4207,-3.4869766,574.78894,95.60937,590.7722,341.7519,502.86417,631.04926,616.34546,603.8777,512.45416,643.83594,625.9354,591.09106,582.7806,639.04095,656.30365,600.681
0.6801373580327401,514.6568,58.505096,522.6632,42.492226,514.6568,44.09351,554.68896,44.09351,583.51215,44.09351,573.9044,144.9746,613.9366,130.56302,564.2967,274.67886,620.34174,239.45055,524.2645,357.9458,551.4864,321.11618,572.30316,353.14194,607.53143,346.7368,556.2903,482.8462,605.9302,466.8333,567.49927,620.5569,644.3611,582.126,538.6761,-7.147677,572.30316,93.73341,588.316,338.73035,503.44778,631.76587,615.5379,604.544,511.45422,644.5762,625.1456,591.7337,581.9108,639.77234,655.57007,599.7402
0.671383547095152,514.0385,59.01098,522.0503,42.98752,514.0385,44.589863,554.09717,44.589863,581.3371,46.192207,578.1324,142.333,608.57697,129.51422,571.723,273.7254,592.5535,241.67847,523.6526,360.2521,541.27844,323.39813,573.3254,350.63803,602.1676,345.831,554.09717,480.4281,598.9629,467.6093,568.5183,621.4346,642.22626,581.3759,541.27844,-3.4805298,571.723,92.660255,586.1441,336.21692,501.21976,634.25336,611.7817,603.8088,512.4362,645.4698,619.7934,592.59235,582.93945,639.06036,653.4427,597.39935
0.6551293363937964,512.54504,56.272205,520.57,41.827297,512.54504,41.827297,552.6698,41.827297,579.9546,43.432285,578.3496,141.33665,605.63446,128.49673,568.71967,272.9458,591.1895,240.84601,523.77997,361.22025,543.03986,325.91046,575.13965,349.98532,600.81946,343.56534,552.6698,479.98947,591.1895,465.54456,567.1147,621.2286,639.33923,577.89386,539.82983,-6.3223925,570.32465,91.58198,584.7696,335.5404,501.31012,634.0685,604.0294,603.57367,514.15,645.3034,608.8444,590.73376,583.16455,638.8834,652.17914,593.9437
0.6762874470307276,510.40323,56.354385,518.44714,40.266632,510.40323,40.266632,550.6226,40.266632,576.36304,41.875404,579.58057,138.40195,603.7122,127.14051,571.5367,270.32153,589.2332,242.97235,523.27344,360.41296,540.97,326.6287,574.7543,347.5428,598.8859,341.10767,550.6226,477.8536,587.62445,464.9834,566.7104,622.64343,635.88776,577.59766,536.1437,-6.387862,568.31915,91.74745,582.79816,333.06378,500.75058,633.90485,603.7122,600.12054,512.012,646.775,606.92975,588.85913,581.1894,638.73114,650.3667,592.07666
0.6808544970475711,509.31055,57.12438,515.7683,40.980003,507.6961,40.980003,549.6715,40.980003,565.81586,42.59444,581.96027,133.00294,598.1046,124.930756,578.7314,270.23013,578.7314,241.17026,527.0694,362.25308,536.756,325.121,573.88806,346.1087,596.4902,339.65094,552.9004,480.10703,581.96027,465.5771,565.81586,622.17755,627.1645,575.3588,528.68384,-0.99537563,565.81586,91.027565,581.96027,331.57877,498.0095,635.093,599.71906,601.1898,510.925,646.3941,602.94794,589.8888,580.3458,639.93634,641.69446,589.8888
0.6726787995833617,506.5365,54.031864,514.5627,39.584705,504.93124,39.584705,546.6675,37.979465,562.7199,39.584705,583.588,131.08339,590.009,121.45195,583.588,265.92355,575.5618,235.424,530.6151,360.63272,535.4308,322.10696,575.5618,342.9751,594.8247,336.55414,551.4832,477.81525,580.37756,461.76285,565.93036,622.28687,625.3243,575.7349,525.7994,-3.756779,564.32513,89.347145,581.9828,328.52792,496.90506,633.52356,598.03516,603.024,509.74698,644.76025,599.64044,590.18207,580.37756,639.9445,639.7714,588.57684
0.6770007335222684,505.48563,54.666054,513.4796,40.276855,503.88684,40.276855,545.4556,38.678055,559.84485,40.276855,585.4256,131.40845,585.4256,121.81564,579.0304,264.10883,569.4376,233.73163,529.46765,363.2344,534.26404,320.06683,575.8328,342.45,593.4196,334.45602,553.44965,476.7492,580.6292,462.36002,566.24005,620.6412,622.198,575.8748,523.07245,-1.2919407,564.64124,89.83965,582.228,326.46204,497.49164,631.83276,595.01843,603.0544,510.282,643.0244,596.61725,590.264,582.228,638.22797,636.5872,587.0664
0.6740064288561161,504.7903,55.883823,511.1767,39.917885,503.19373,39.917885,544.70514,38.321293,559.07446,39.917885,584.62,130.92372,583.0234,121.34416,579.8302,268.23077,573.44385,234.7023,531.9324,364.0264,535.1256,322.51495,575.0404,344.86728,591.00635,336.8843,554.2847,477.38455,583.0234,463.0152,567.05743,619.4814,621.3416,574.77673,523.94946,-1.5935478,563.86426,87.8157,581.4268,328.90134,498.40393,632.2541,591.00635,603.51544,511.1767,643.4303,594.1995,590.7427,581.4268,638.6405,635.711,587.5495
0.6746821426428281,504.2257,54.053646,510.60916,39.690887,502.62985,39.690887,544.12225,39.690887,556.88916,41.28675,584.0188,133.84674,582.4229,121.07985,584.0188,271.09085,572.8478,240.76949,532.95123,365.2467,534.54706,326.94604,576.0395,344.50052,593.594,336.5212,555.2933,476.95706,582.4229,460.99844,566.4643,618.9888,619.12775,572.70874,521.7802,-1.8015213,561.67676,89.162605,582.4229,330.13776,497.84225,630.1598,590.4022,603.03015,510.60916,641.3308,591.9981,588.66736,580.8271,636.5432,635.08636,585.47565
0.6763579570330106,503.80612,53.68612,510.1896,39.3233,502.21027,39.3233,543.7028,39.3233,558.0657,39.3233,585.19543,133.47954,582.00366,120.71259,583.59955,272.3201,572.42847,241.9986,535.7235,366.47635,534.1276,331.36722,575.62024,344.1342,593.17474,334.55896,556.4698,478.18713,582.00366,462.22845,566.045,618.62354,618.7087,573.9392,521.36066,-0.57341063,562.8533,90.39109,582.00366,329.77136,499.01852,631.3905,588.38715,604.26074,511.78546,640.9657,589.98303,591.4938,580.40784,637.774,633.0715,586.7062
0.679998020713146,505.7914,55.527954,512.24036,41.01781,504.17917,41.01781,544.4851,37.793335,560.6075,37.793335,586.4033,128.07867,581.5666,116.793015,591.24005,265.11893,567.05646,229.64969,542.87286,365.0777,536.42395,311.87384,576.7299,342.50638,592.8523,334.4452,557.38306,479.54663,583.17883,465.03647,567.05646,618.1991,615.4236,577.8932,518.68933,2.3240924,563.832,89.38496,583.17883,331.2207,502.56693,632.7093,586.4033,608.5257,513.8526,642.3827,589.6278,595.6278,581.5666,635.9337,631.546,589.17883
0.6802192502296888,507.3826,56.934113,512.17,42.57198,505.7868,42.57198,544.0858,39.380394,558.44794,40.97619,587.17224,131.93636,579.19324,119.17002,590.3638,269.17453,566.42694,234.06708,547.2774,368.11365,534.51105,304.28195,576.00165,342.58096,595.1512,334.60202,560.04376,481.41492,583.98065,465.457,566.42694,620.2489,614.30066,578.7583,518.55316,4.2729597,564.8311,90.445755,583.98065,331.41043,499.40363,629.8236,583.98065,607.48254,512.17,640.9942,587.17224,597.9078,580.78906,637.8026,630.2586,591.5246
0.677892172565827,507.82236,55.30631,512.6672,40.771793,506.2074,40.771793,544.9661,39.15685,561.1156,39.15685,590.18463,132.82373,582.10986,119.90415,596.6444,268.4792,569.1903,234.56532,553.04083,365.37598,538.50635,313.6977,575.6501,345.9966,591.79956,337.92188,559.5006,483.26703,585.3398,468.7325,567.5754,618.9225,614.4088,578.5488,520.74194,2.0130873,565.9604,90.83512,583.7248,334.692,501.36258,631.8421,582.10986,609.23285,512.6672,641.53174,585.3398,597.9282,583.7248,636.6869,628.9433,591.46844
0.6707078562333033,508.64355,55.14124,515.04865,40.729824,508.64355,40.729824,545.4727,39.128555,559.88416,40.729824,591.9095,132.00214,577.4981,119.191986,601.51715,268.11,569.49176,229.67952,561.4854,362.5848,537.4664,296.9328,575.89685,343.3696,595.11206,335.36325,558.2829,481.0787,588.707,466.6673,566.2892,620.3891,614.3273,578.7561,524.65625,3.9006438,567.8905,90.36915,583.90314,330.55945,500.6372,631.59796,583.90314,607.5789,513.4473,642.8068,587.1057,597.9713,582.3019,638.00305,627.1374,593.1675
0.6790825873613358,509.06738,53.872772,515.5313,39.328922,509.06738,39.328922,547.85095,37.71294,560.7788,39.328922,591.4825,136.2879,589.8665,120.12808,601.1784,273.64648,576.93866,231.63092,565.6268,365.7575,541.387,305.96613,575.3227,346.36572,599.56244,336.66983,555.9309,485.34027,594.7145,470.79642,567.24274,621.0828,617.33826,580.6833,525.2272,0.54532754,570.47473,92.656364,586.6346,331.82187,500.98746,634.01074,585.01855,609.771,512.2993,643.7066,589.8665,596.8431,581.7866,638.85864,630.2661,595.2271
0.6812743212168033,510.1096,55.417522,516.5649,40.893097,510.1096,40.893097,548.8414,37.665443,561.752,39.27927,590.80084,136.1088,592.4147,119.970535,594.0285,278.12543,577.89026,239.39362,560.1382,379.79642,542.3861,323.31253,576.2764,350.74756,600.48376,341.0646,555.2967,486.3089,595.64233,471.78445,566.59344,621.87024,616.6221,581.5246,526.2478,-1.0663633,571.43494,92.53551,589.187,336.2231,500.42664,634.7808,585.95935,607.34576,513.3372,644.46375,590.80084,592.82135,581.11786,638.0085,629.53265,594.4352
0.661269051524309,513.2717,55.56604,518.1184,41.025948,511.65616,39.41038,552.0453,37.794815,566.5854,39.41038,592.43445,134.72878,598.8967,120.18869,605.359,275.28305,581.1255,231.66275,564.96985,375.44815,545.58307,317.28775,581.1255,346.36795,606.97455,338.2901,550.42975,483.69107,598.8967,470.76654,566.5854,621.01416,618.2835,582.2406,527.8118,-0.97877336,573.04767,92.72406,594.05005,333.44342,501.96277,632.3232,587.58777,611.3208,514.88727,642.01654,592.43445,595.1651,582.7411,637.16986,629.59247,598.39624
0.6654363251649417,513.82166,55.67013,520.29987,41.094173,512.2021,39.47462,552.6909,39.47462,568.8864,39.47462,594.7992,136.64767,596.41876,122.07172,606.13605,277.5486,581.84283,241.91849,567.26685,373.1021,547.8322,324.5156,583.46234,347.1893,607.7556,339.09155,549.4518,484.85114,599.6579,471.8947,567.26685,622.51294,617.47296,586.8828,530.01715,-1.014152,573.74506,92.9198,594.7992,335.85245,504.10437,633.8498,588.32104,612.79565,515.4412,641.9476,593.1797,598.2197,581.84283,638.7085,630.4293,601.4588
0.6814813717053487,514.54333,55.653976,519.4058,41.06648,512.9225,39.445644,553.4433,39.445644,568.0308,39.445644,595.585,138.31647,590.7225,123.72897,605.31,279.32898,582.61835,242.0498,568.0308,376.57898,546.96,326.33313,582.61835,352.26648,606.93085,342.54147,546.96,486.79562,600.4475,472.20813,569.6517,622.9456,618.2767,585.66644,530.75165,-4.3168545,574.51416,92.93314,593.9642,337.67896,504.81833,631.0498,589.1017,606.7373,516.1642,640.7748,595.585,592.1498,582.61835,639.15393,629.6225,600.25397
0.6698207820837314,514.3492,55.679848,520.8419,41.071293,512.726,41.071293,554.9285,41.071293,567.91394,41.071293,598.7542,141.70802,590.63837,125.47629,606.87006,281.3009,589.0152,245.5911,569.5371,373.82175,550.059,336.48877,584.1456,352.72052,608.4932,344.60464,548.43585,487.44388,600.3774,471.21213,569.5371,627.03674,619.85547,586.4574,533.8273,-2.754379,576.0298,94.636,595.5079,336.48877,506.23334,630.2831,590.63837,604.3123,517.5956,641.6453,597.13104,589.70374,584.1456,644.89166,631.21765,602.68915
0.6547205127202548,517.0829,55.955616,522.00085,41.201813,515.4436,41.201813,556.4264,41.201813,572.8195,41.201813,600.6878,142.83913,594.13055,126.446014,607.24506,277.26266,592.4912,246.11575,572.8195,369.06412,551.5084,329.72064,587.5733,351.0317,608.88434,342.83514,548.2298,485.45523,600.6878,469.06213,572.8195,626.43604,620.3595,585.45325,536.75464,-3.0595982,577.7374,95.299095,597.4092,336.2779,507.24704,634.63257,592.4912,608.4036,518.7222,644.46844,597.4092,593.6498,585.93396,644.46844,631.8347,601.8464
0.6622621153409665,517.91144,58.36299,524.5649,43.392807,517.91144,43.392807,559.4953,41.729454,574.46545,43.392807,601.07916,138.20396,597.75244,124.89714,609.39594,274.59897,594.4257,242.99525,574.46545,364.42007,554.50525,326.16293,587.77234,349.4499,609.39594,344.45984,549.5152,487.50824,601.07916,470.8747,581.1189,630.55664,621.03937,588.97284,541.1984,-3.1810944,579.45557,91.630066,597.75244,334.4797,516.2481,648.8536,589.43567,622.23987,527.8916,657.1703,592.7624,605.6063,597.75244,648.8536,631.01953,607.2697
0.6541787626651617,520.85925,58.549313,525.87476,43.50278,519.18744,43.50278,560.98334,41.830944,574.35803,43.50278,602.77924,137.12563,599.43555,123.75094,614.4821,272.5444,592.7482,240.7795,576.02985,359.4799,552.62415,326.04318,591.07635,347.77704,609.4666,341.0897,550.95233,488.21133,602.77924,473.1648,587.7327,635.33295,621.16943,585.17786,537.57764,-1.636807,581.04535,93.65788,597.76373,334.40234,520.85925,655.39496,591.07635,621.95825,534.23395,665.426,596.0919,605.23987,604.45105,652.05133,632.8723,600.22437
0.6393421578865784,522.6084,58.626022,527.6348,43.54669,520.9329,41.871212,561.1445,41.871212,574.5483,41.871212,604.707,137.37363,601.356,123.96977,609.7334,276.43854,598.00507,241.25343,572.8728,365.239,554.44257,335.08035,592.9786,348.4842,606.38245,341.7823,552.767,490.9001,603.0315,475.82074,592.9786,640.0179,616.4353,596.4554,537.68774,-1.6912899,582.9257,92.135635,596.3295,336.75583,525.95935,660.12366,546.0651,628.2895,539.3632,668.50104,557.7935,611.53467,609.7334,655.0972,631.51465,608.1837
0.6415292276785924,522.73865,58.747528,529.4567,43.631832,522.73865,41.952312,563.0472,41.952312,574.80383,41.952312,606.7147,139.36458,593.27856,125.9284,611.7533,278.7649,594.95807,245.17445,573.1243,371.13858,556.3291,342.5867,593.27856,354.34335,599.99664,349.3048,559.6881,493.74368,603.3557,480.3075,599.99664,639.86206,613.43286,599.5535,539.5339,-3.394777,584.881,94.01749,594.95807,340.9072,532.8158,663.37537,546.25195,628.1054,547.93146,671.773,554.6496,612.98975,616.7919,654.9778,630.228,611.3102
0.6564488365099981,525.9011,58.757328,530.93896,43.643646,525.9011,43.643646,564.52496,41.964348,579.6387,43.643646,606.5074,137.68434,594.7523,127.60856,611.5453,277.0661,593.073,246.83873,571.2421,367.7482,556.1285,344.23804,593.073,355.99313,596.43164,350.95523,577.95935,500.41278,601.46954,483.61978,603.1488,639.79456,611.5453,599.4914,542.6941,-3.376707,584.6765,92.34329,594.7523,342.55875,535.97687,664.984,547.732,626.36017,549.41125,675.0598,557.80774,609.56714,618.2625,654.9082,626.659,611.24646
0.648397779235473,526.55164,57.12474,531.5954,41.993355,526.55164,41.993355,565.2207,40.312088,580.3521,41.993355,605.57104,137.82545,595.48346,126.056595,613.9774,275.68918,593.8022,242.06387,575.3083,368.15875,556.8144,339.57724,592.121,354.70862,598.846,347.98355,580.3521,499.2974,603.8898,480.8035,602.20856,640.5237,612.29614,595.1295,543.36426,-5.082062,585.3959,92.431305,595.48346,339.57724,534.95795,664.06134,550.0893,625.3923,548.4081,672.4677,560.1769,606.8984,617.3399,655.655,629.10876,608.5796
0.6437461559589093,527.5192,57.336403,532.5774,42.161964,525.8332,42.161964,566.29834,40.475914,579.78674,42.161964,606.7635,138.26672,598.33325,124.77834,613.5077,274.83667,593.27515,230.99939,573.04254,364.19724,551.1239,322.04602,593.27515,350.70883,603.3914,342.2786,579.78674,499.08112,601.7054,478.84854,603.3914,642.39526,613.5077,591.8138,541.0076,-5.047394,584.8449,92.74342,596.6472,337.22046,534.2634,664.31384,552.80994,615.41846,547.75183,674.4302,561.24023,605.3022,616.8798,657.56964,628.6821,605.3022
0.6480089689676578,527.2529,52.451958,533.99493,37.282482,527.2529,37.282482,566.0194,38.96798,584.5599,40.653477,604.7858,136.72682,601.4148,123.24284,609.8423,276.6231,592.98737,237.85666,566.0194,369.32544,554.2209,330.55902,594.67285,352.47046,599.7293,345.7285,587.93085,499.10873,596.35834,480.56827,604.7858,642.376,611.52783,588.44006,545.7934,-6.540447,586.24536,91.2184,596.35834,338.9865,535.6804,664.2875,550.8499,596.86755,549.1644,674.40045,559.2774,590.1256,618.2698,659.23096,628.3828,605.29504
0.6442571970132681,527.5227,52.057304,534.2485,36.924347,527.5227,36.924347,566.19586,40.287224,583.01025,41.968666,603.1875,134.44788,593.0989,124.35923,611.5947,270.64453,593.0989,235.33427,564.5144,366.4866,552.7443,327.81348,596.4618,346.30933,596.4618,339.58356,588.05457,497.63895,594.78033,477.46167,606.5504,642.2428,611.5947,588.4367,547.7,-5.111658,583.01025,90.73043,596.4618,334.53925,535.92993,665.78296,551.06287,590.11816,549.3815,675.8716,559.4701,591.79956,620.00195,659.0572,628.4091,605.2511
0.6488494105063952,528.15533,49.98848,534.8853,36.528477,526.47284,34.845974,568.53534,39.893475,580.31287,39.893475,602.18536,135.79599,598.8204,124.018486,608.91534,273.76102,593.7728,238.4285,561.80536,371.34604,553.3928,329.2835,595.4553,346.10852,598.8204,339.3785,588.72534,495.85104,593.7728,473.97855,607.23285,642.2286,610.59784,586.70605,546.66284,-2.1690297,583.67786,92.05099,598.8204,334.33102,536.5679,665.78357,551.7103,586.70605,550.02783,675.87854,561.80536,588.38855,620.6929,659.0536,627.42285,596.8011
0.6511174646707681,527.7525,47.820457,534.4815,34.36244,527.7525,32.680183,568.1266,37.72694,581.5846,39.409195,600.08936,136.97983,601.7716,123.52181,611.8651,276.60678,593.36035,239.59723,561.3976,372.49518,554.6686,335.48563,595.0426,348.94363,601.7716,340.53238,588.3136,495.2996,595.0426,471.74808,606.81836,639.9733,611.8651,582.77673,549.62177,-7.6938734,583.26685,91.55902,598.4071,335.48563,537.846,663.52484,552.9863,584.459,551.3041,675.3006,561.3976,584.459,620.27637,656.79584,628.6877,592.87024
0.6479311745900375,528.0083,49.772327,534.7332,34.64132,528.0083,34.64132,566.67645,38.003765,581.8075,39.68499,601.9821,137.19594,601.9821,123.74615,610.38824,276.73746,591.8948,239.75055,559.95154,372.56717,553.2267,332.2178,595.25726,347.34882,603.6634,338.94272,588.53235,496.9777,596.9385,471.75934,607.0258,639.88165,612.06946,584.4013,548.183,-5.7080364,583.4887,91.80291,598.6197,333.89905,538.09564,663.41876,553.2267,586.0825,549.8642,673.5061,561.6328,586.0825,620.4756,656.6939,630.5629,592.80743
0.6474069987352078,527.513,49.858,534.235,34.733498,527.513,33.052998,566.1645,38.094498,584.64996,38.094498,603.1355,138.92451,598.094,125.480515,608.177,280.08655,593.0525,241.43504,557.76196,372.51407,551.04,338.90405,594.733,350.66757,599.7745,343.94556,589.69147,500.23212,596.4135,476.7051,606.49646,639.7136,611.53796,584.25714,549.3595,-7.2790136,584.64996,91.87051,596.4135,337.22357,537.59595,663.24066,554.401,584.25714,551.04,673.32367,561.123,584.25714,619.9405,656.5186,628.343,592.6596
0.6389434245916513,526.0064,48.689648,532.6851,33.662598,526.0064,31.992928,566.07855,37.001945,582.77527,37.001945,604.481,140.5216,601.14166,125.49456,607.8204,280.77405,594.463,242.3716,557.7302,375.94537,551.0515,340.88226,592.79333,350.90027,602.81134,342.5519,587.7843,499.5011,597.8023,472.78635,606.1507,639.75354,614.499,581.315,542.7032,-8.079201,584.44495,92.10112,596.1327,339.2126,536.0245,661.4593,556.06055,581.315,549.38184,671.4773,562.7392,574.63635,619.50806,654.7806,631.1958,589.6634
0.6412267765173545,526.5977,48.535248,533.2919,33.47339,526.5977,31.799849,565.0891,36.82047,585.1716,36.82047,603.5805,140.57994,603.5805,125.518074,606.9276,281.1573,595.2128,242.66586,556.72144,376.54904,550.0273,343.07825,591.8658,353.11948,601.907,344.75177,588.5187,503.73807,596.88635,476.96143,605.2541,640.9683,613.62177,585.7415,546.6802,-10.038645,583.49805,92.04728,595.2128,338.05762,536.6389,662.72437,556.72144,585.7415,550.0273,672.76556,563.4156,585.7415,618.6424,657.70374,630.3572,599.1298
0.6400602620381576,526.39026,49.542484,533.0961,34.454243,526.39026,32.77777,568.302,37.807186,586.7432,37.807186,605.1844,141.74841,605.1844,126.66017,606.86084,282.57202,595.12555,242.3367,556.5667,378.1309,553.2138,337.89557,591.77264,354.66028,601.8314,344.60147,588.4197,502.1898,598.4785,478.71918,605.1844,643.01337,613.5668,587.6898,549.86084,-9.134017,585.0667,91.45427,596.80206,339.57205,536.44904,663.13104,556.5667,587.6898,549.86084,674.86633,564.9491,589.3663,618.5962,659.7781,630.3315,599.4251
0.6399612759168332,527.06824,48.637436,535.4496,33.55098,527.06824,33.55098,567.29877,38.5798,589.09033,38.5798,602.5005,142.50871,607.52936,127.422264,604.17676,278.28683,597.4717,243.08508,557.24115,375.51065,552.21234,338.63263,590.7666,355.3954,600.8242,348.69028,589.09033,502.90738,597.4717,479.43958,605.8531,642.038,610.8819,586.721,552.21234,-10.032114,585.7378,90.54426,595.7954,340.30893,537.12585,663.8296,555.5649,585.04474,550.5361,673.8872,562.26996,586.721,619.26324,658.8008,629.32086,603.48376
0.6450784905598714,528.0388,48.41281,534.7716,34.947342,528.0388,33.264156,568.43524,39.996895,583.5839,39.996895,603.7821,142.67111,607.1485,127.52245,597.0494,279.009,595.3662,243.66214,554.9698,378.31686,551.6034,337.92044,593.68304,354.7523,603.7821,348.01956,588.6335,501.18927,598.73254,479.3079,605.46533,640.89355,610.51483,588.71484,554.9698,-7.132256,585.2671,92.1756,597.0494,339.60364,536.4548,664.4581,554.9698,588.71484,549.9202,674.55725,561.7025,590.398,618.9308,659.40857,629.0299,605.5467
0.6423762853328998,528.1449,48.835587,534.8703,33.703396,529.82623,33.703396,568.4974,38.74746,583.6296,40.428814,603.8058,142.99142,607.1685,127.85923,602.12445,280.86246,597.0804,242.19131,556.7279,380.06235,551.68384,338.0285,593.7177,354.84204,600.4431,348.11664,590.355,502.8012,598.7618,480.9436,605.4872,642.3536,610.53125,588.5503,555.0466,-8.330457,585.3109,92.5508,595.39905,339.70987,536.55164,664.2112,553.3652,588.5503,550.0025,674.2993,561.772,590.2316,618.938,659.1672,629.0261,607.04517
0.6409412656839077,527.0447,47.8327,535.4468,32.708828,528.7251,31.028399,569.0554,37.75012,585.85974,37.75012,600.9836,146.97807,612.7466,128.49335,590.901,286.45377,604.3444,244.44301,552.2511,382.23828,553.9315,338.5471,592.5814,360.3927,600.9836,351.99054,589.2206,503.22925,597.62274,483.0641,606.0249,642.70496,611.06616,590.61163,555.61194,-10.982352,585.85974,91.52388,595.94226,341.90796,535.4468,664.55054,557.2924,587.25073,548.89026,674.6331,564.0141,588.93115,619.4683,659.5092,629.5509,607.4159
0.6398920944103828,529.1521,48.836792,535.86646,35.40817,529.1521,33.72959,569.438,38.765324,587.90234,40.4439,599.6524,144.51573,616.4382,127.72995,582.86664,288.87344,608.0453,243.55183,545.9379,387.90952,557.6879,330.8379,591.2595,356.01654,606.3667,347.62366,587.90234,500.37424,597.9738,478.55273,604.6881,643.05334,611.40247,591.01746,552.6522,-4.8777018,586.22375,92.47981,596.2952,340.90933,535.86646,663.1963,557.6879,591.01746,549.29504,674.94635,564.4023,592.69604,618.11676,659.8392,628.18823,607.8032
0.6468048829298753,529.4794,49.837368,536.1577,36.480595,527.80975,34.811,571.21924,39.81979,589.58484,41.489388,596.2632,145.00436,616.29834,129.978,577.89764,290.25925,631.3247,245.18015,541.1665,392.10464,556.1929,331.99918,589.58484,355.3735,607.9504,343.68634,586.2456,500.62842,597.9328,477.25406,604.6112,644.2137,612.95917,590.7866,551.1841,-3.589718,584.57605,93.24687,596.2632,342.01675,534.48816,662.5793,557.8625,589.117,547.8449,674.2664,567.88007,597.465,617.96796,660.90967,629.65515,604.1434
0.6541887132021097,528.807,48.355537,535.5307,34.908157,527.1261,33.227238,570.8301,38.270004,592.68207,39.950924,594.363,150.8918,614.53406,130.72073,574.19196,293.7702,607.81036,253.42807,532.1689,399.6683,552.33997,340.83603,587.6393,359.32617,604.44855,349.24063,587.6393,502.2046,601.0867,478.67166,606.12946,641.7211,612.85315,587.93164,552.33997,-8.795824,584.27747,93.74044,596.04395,344.19788,537.2117,663.5731,557.3827,584.56976,548.9781,675.3396,565.7873,589.61255,619.57684,658.53033,629.66235,601.379
0.6576775083175073,526.8728,49.428818,535.2762,34.302757,526.8728,32.622086,570.5703,37.664104,592.41907,37.664104,595.7804,150.26921,615.9485,130.10112,572.251,289.76508,602.5031,254.47093,526.8728,395.6475,553.76355,346.90796,585.69635,362.03403,605.86444,353.63065,589.05774,504.89124,600.82245,481.36182,605.86444,641.02576,614.2678,590.6056,553.76355,-9.394743,587.377,93.12632,594.09973,346.90796,538.6375,662.8745,555.4443,587.2442,550.4022,674.6392,562.16693,592.28625,619.3098,657.83246,629.39386,605.7316
0.649530379818036,529.0143,48.755432,535.7426,35.29884,529.0143,35.29884,572.7482,40.345062,594.6152,40.345062,592.9331,146.31573,614.80005,129.495,559.2916,285.9279,596.29724,253.96848,513.8756,390.21646,550.8813,338.07217,584.52277,354.8929,606.3897,346.48254,589.569,502.91544,603.0256,477.68433,606.3897,640.8455,613.118,588.70123,552.56335,-5.0709367,586.20483,94.17143,592.9331,343.1184,539.10675,662.71246,560.9737,587.01917,549.19916,674.487,571.06616,592.06537,619.8463,659.3483,631.6208,600.4757
0.6579115344927862,527.39453,50.211586,535.806,36.7531,529.07684,35.07079,574.4992,41.800034,593.00464,41.800034,591.3223,149.46791,614.87463,132.6448,554.31146,277.32352,591.3223,253.77116,508.8891,378.26215,549.2645,341.2513,584.5931,361.43906,601.4162,353.0275,593.00464,507.80005,601.4162,484.2477,608.1454,642.3849,613.1923,588.55096,557.6761,-6.986974,586.2754,93.95166,593.00464,347.98056,539.17065,667.61957,559.3584,586.86865,552.62915,677.71344,569.4523,588.55096,621.6039,659.208,631.69775,602.00946
0.6537640920052161,528.0572,49.276287,534.775,35.840588,528.0572,34.161125,570.04376,40.878975,591.8768,39.199512,590.19727,148.36456,613.7098,131.56995,553.24915,269.28586,606.99194,249.13232,506.22418,359.97684,546.53125,336.46436,586.8384,354.93845,601.95355,346.54114,591.8768,504.4106,600.27405,482.5776,606.99194,642.1265,612.0303,586.7043,551.56964,-7.8254356,586.8384,92.94231,595.23566,343.18222,538.134,667.3185,558.2875,585.0248,553.24915,677.39526,570.04376,583.34534,618.74817,660.6006,630.5044,593.4221
0.649323814190351,526.8455,49.461994,535.22595,36.053223,526.8455,32.701027,572.1001,41.081512,588.8611,39.405415,590.5372,144.9995,614.0025,129.91463,551.98694,265.67844,587.18494,245.56528,501.70404,346.13107,531.8738,329.3701,585.50885,354.51154,603.9459,342.77887,592.21326,503.68414,602.26984,481.89487,605.622,642.8001,612.3264,587.48895,550.31085,-7.5252857,585.50885,93.0405,593.88934,342.77887,540.2543,669.6177,560.36743,582.46063,553.663,677.99817,570.424,577.4324,619.0308,659.5611,630.7635,595.86945
0.6499667075964121,529.89966,50.01659,536.6348,36.54625,529.89966,34.862457,571.9945,41.59763,587.1486,39.913837,588.8324,144.30896,612.4055,129.15483,546.7376,258.80685,583.78107,240.28513,494.54004,336.2613,536.6348,319.42337,585.46484,353.0992,602.30273,342.99646,590.51624,501.27295,600.61896,479.38364,605.67035,642.7115,612.4055,580.4112,551.789,-7.23235,587.1486,92.1114,593.8838,339.62888,540.00244,669.65216,560.20795,578.7274,553.4728,678.07117,570.3107,556.8381,619.1407,659.54944,630.92725,588.83014
0.648784515949396,528.98944,50.015846,535.7224,36.54992,528.98944,34.86668,571.07043,41.599644,586.2196,41.599644,589.5861,144.27734,613.1515,129.12817,545.82184,252.00478,579.48663,235.17236,490.27487,319.3344,528.98944,307.55173,584.5364,351.31598,601.3688,341.21655,591.26935,501.12445,601.3688,477.55905,604.7353,642.51666,614.8347,585.2865,555.92126,-7.214346,587.90283,92.09687,594.6358,337.85007,540.7721,667.7653,560.971,585.2865,552.5548,677.86475,569.3872,560.0379,619.88446,659.3491,633.35034,590.33624
0.6374015853955195,529.8465,48.16992,538.2628,34.70374,529.8465,33.020466,571.9283,43.120102,597.17737,39.753555,590.4443,135.7001,610.64355,123.91719,544.9959,231.64665,570.245,223.23029,489.44794,283.8281,516.3803,270.3619,587.07776,342.74265,598.86066,334.3263,588.761,497.60373,598.86066,468.9881,605.59375,642.3652,612.32684,571.6677,556.7788,-9.061352,587.07776,90.25174,593.81085,329.27646,538.2628,667.61426,555.0956,568.3012,551.729,676.03064,565.1952,544.73535,622.42645,659.19794,634.20935,578.4008
0.6416404086809891,531.1587,48.336002,537.88654,34.880272,531.1587,33.198303,573.2078,43.2901,583.2996,41.608135,590.02747,134.11629,611.89307,124.02448,542.93243,223.2605,571.5259,219.89656,487.42755,275.40146,521.0669,265.30966,586.6636,344.36206,601.8013,335.95224,590.02747,497.421,598.4373,472.1915,605.16516,643.7521,613.575,576.47345,558.0701,-5.486921,586.6636,92.06712,595.07336,329.22437,539.5685,667.2996,554.7062,571.42755,551.3423,675.7094,566.48,551.2439,621.98486,662.2537,633.7586,579.83734
0.6391797157434317,530.7456,49.635063,539.14795,36.191357,530.7456,32.83043,572.7572,41.232746,582.83997,39.552284,591.2423,130.2973,613.0883,121.89499,545.8698,216.00093,566.03534,214.32047,490.4145,271.4562,518.98236,261.37344,584.52045,343.71616,603.00555,335.3138,587.88135,493.27737,599.6446,469.7509,604.686,639.47766,613.0883,577.30054,554.2721,-5.820226,586.2009,89.96619,594.6032,330.27243,540.82837,664.68463,557.63306,578.981,550.9112,673.087,567.7158,552.09357,619.8102,657.96277,633.2539,585.7029
0.638395526088201,531.5206,49.721786,538.2395,36.28405,531.5206,32.924614,573.51355,43.00292,590.3107,39.643486,591.9905,132.02792,612.14703,121.94962,544.9584,217.6935,568.4744,216.01378,489.5277,269.7647,519.76263,261.36615,586.9513,345.352,603.7485,336.9534,588.63104,496.52652,598.70935,471.33078,605.42816,640.9822,613.8268,577.15295,556.7164,-7.3885937,586.9513,91.714714,595.3499,330.23453,539.91925,664.4982,556.7164,577.15295,551.67725,674.57654,566.7947,550.27747,620.54565,657.77936,632.30365,583.8718
0.6322721552390319,532.0317,47.951977,538.75385,34.507603,532.0317,32.827057,570.68427,41.22979,585.8092,39.54924,589.1703,133.65987,616.059,121.896034,543.79553,219.36775,567.3232,216.00665,491.69858,273.14523,520.2679,263.06195,585.8092,345.40875,605.97577,337.006,589.1703,494.97742,599.25354,469.76923,604.29517,641.185,614.3785,575.6437,557.23987,-7.5060673,587.48975,91.646194,595.89246,330.28384,542.115,666.3932,558.9204,575.6437,552.19824,674.7959,569.0037,548.7549,621.10065,657.9905,634.54504,582.36584
0.6353755054565576,531.474,49.471664,538.19354,36.03254,531.474,34.35265,571.7914,41.072212,585.2305,39.39232,588.5903,136.82597,615.4685,123.386856,544.91315,220.82051,570.1115,217.46072,492.83652,274.577,521.39465,264.49768,585.2305,348.4922,605.38916,338.41284,590.2702,496.32257,600.34955,472.8041,605.38916,640.79315,613.78864,580.3171,554.9925,-9.324508,586.9104,91.46893,596.98975,331.6933,541.55334,665.9915,558.35223,583.6769,551.6327,676.07086,568.4316,558.4785,620.5082,659.272,633.9473,587.0367
0.6368710467448602,530.2505,49.45895,538.6547,36.012123,530.2505,34.33127,572.2718,42.735535,584.0378,39.37383,589.0803,135.18248,615.974,123.41651,545.3782,222.58687,572.2718,219.22516,493.2717,274.69333,521.8462,266.28906,587.3995,346.97003,605.88885,338.56577,590.76117,494.88516,600.8463,469.67236,604.208,641.11945,614.29315,578.92786,555.46326,-9.370926,587.3995,89.79944,597.4846,331.84235,540.3356,666.3322,558.82495,582.28955,552.10156,676.41736,570.59094,557.0767,619.3357,657.928,634.4634,587.3321
0.6377456474762696,530.56085,49.46852,538.95435,34.360233,530.56085,32.681534,570.8496,41.075027,585.9579,39.39633,590.99396,135.08215,614.4957,123.33125,545.6691,222.37447,570.8496,219.01707,493.62946,276.09283,522.16736,269.37802,585.9579,349.95557,602.7449,339.88336,590.99396,496.00232,599.38745,472.50055,604.4236,640.3704,614.4957,581.61597,555.74133,-9.285928,587.6366,89.757286,596.0301,333.16858,540.633,667.2296,559.0987,583.2947,552.3839,675.62305,569.1709,563.15027,621.2106,658.8361,634.64014,588.33075
0.6395315436216501,530.693,49.416477,539.0894,35.9822,530.693,34.302917,572.6751,41.020054,586.1094,39.34077,591.1472,135.05998,614.6572,123.304985,547.48584,222.38277,570.9958,219.0242,492.06946,276.11987,522.2966,267.72345,586.1094,350.00836,604.5815,339.93268,589.46796,496.1061,599.54364,470.91684,604.5815,640.52454,614.6572,581.74963,555.88226,-9.358475,587.78864,89.7193,596.18506,333.2155,540.7687,667.3931,559.24084,581.74963,552.5237,675.78955,569.3165,558.2396,619.69507,657.3174,634.8086,588.46674
0.6350642007130843,532.50684,48.045887,539.22064,34.618336,532.50684,31.261446,572.7895,41.33211,584.53864,39.653667,591.2524,135.325,614.7506,123.57588,544.2559,222.6041,567.75415,217.56876,490.54575,276.3143,519.0793,267.9221,586.21704,345.13052,606.3584,336.7383,589.5739,496.19052,599.6446,469.3354,604.67993,640.53674,613.07214,576.75586,557.68353,-7.3427725,587.8955,91.68544,596.2877,330.02454,540.89905,665.7134,557.68353,576.75586,552.6482,674.1056,569.4326,546.5438,619.78595,658.9996,633.2135,583.4696
0.6409859439501395,531.7793,48.300316,540.167,33.202442,531.7793,31.524899,573.71783,41.59015,585.46063,39.912605,590.4932,133.85493,613.9788,122.11214,545.1996,222.76463,568.6852,217.73201,488.1632,278.1235,516.6814,268.05826,587.1381,348.58023,605.5911,340.19254,590.4932,496.2039,600.5585,471.04077,603.9136,640.4725,613.9788,578.40344,558.61993,-8.736096,588.8157,90.23885,597.20337,333.48236,540.167,667.3131,556.9424,571.69324,551.9098,675.7008,568.6852,546.53015,620.68896,657.24786,634.1093,583.43604
0.6437820127377143,531.1876,48.171513,539.5674,34.763943,531.1876,33.087997,573.0863,41.467728,579.7901,39.79178,591.5217,133.64478,614.9849,121.91315,546.2712,222.46992,571.41034,219.11803,487.61304,277.77615,519.456,269.39642,586.49384,349.84183,604.92926,339.78616,589.84576,497.3251,599.9014,472.1859,604.92926,639.7805,613.309,577.7705,556.32684,-7.134714,588.1698,90.07017,596.54956,333.08237,541.2433,666.5957,556.32684,574.41864,552.9749,674.9754,566.3825,550.9554,621.6887,658.21594,633.42035,582.79834
0.64336208655284,530.4446,48.249554,538.8342,34.82618,530.4446,33.14826,574.07056,41.53787,584.1381,39.859947,590.8498,135.5015,612.6628,122.07812,543.868,227.7872,570.7147,221.07552,486.81863,279.80276,518.69916,271.41318,585.81604,350.27548,604.27313,340.20798,589.1719,497.93262,600.9173,472.7638,604.27313,640.55597,614.3407,576.7949,557.2913,-8.799789,587.49396,90.1976,595.88354,335.1742,540.51215,667.4027,557.2913,570.08325,552.25757,675.79236,567.3589,546.59235,621.05237,657.3352,634.47577,583.50665
0.6398195269016119,529.8502,48.70358,538.2389,33.60399,529.8502,31.926258,575.149,41.99265,588.57086,38.637184,588.57086,142.65657,612.05914,124.201515,546.62756,236.60956,571.7935,223.1877,486.22922,290.297,516.4284,275.1974,586.8931,352.37308,603.6705,342.30667,590.2486,500.0135,600.315,473.16977,605.3482,640.943,613.7368,573.8337,555.01624,-11.694775,586.8931,90.64688,595.2818,337.27347,541.59436,667.7867,556.694,568.8005,553.3385,676.17535,566.7604,545.31226,622.1255,657.7203,632.1919,580.5446
0.6476589361062417,529.43835,48.439816,537.83264,33.330055,531.1172,31.651194,571.4099,40.045506,583.1619,38.366642,591.5563,140.77725,611.7026,125.66748,549.5847,243.18785,569.731,228.07808,487.4668,303.6269,505.93427,290.19598,588.19855,353.99277,604.9871,343.9196,591.5563,501.73264,601.6294,478.22858,604.9871,642.7571,613.3815,580.63916,554.6213,-10.320365,588.19855,92.09024,596.59283,338.883,541.19037,667.94,556.3001,580.63916,552.9424,676.33435,568.0522,557.13513,620.0969,659.5457,633.5278,589.0335
0.6511404686249219,527.5518,48.51778,535.94196,35.093555,529.22986,33.415527,571.18054,41.805668,586.2828,40.12764,589.63885,144.16539,611.45325,127.38511,549.36615,253.23723,576.2146,236.45694,490.6352,320.35837,520.8397,308.61215,587.9608,353.9189,603.06305,343.85074,592.99493,499.90738,601.3851,478.09302,604.7411,640.86176,613.1312,582.13074,554.40027,-10.213205,586.2828,90.46849,596.35095,338.81665,542.65405,667.7102,557.7563,583.8088,554.40027,676.10034,567.82446,573.7406,619.8434,657.642,631.58954,590.5209
0.6553814250689286,528.03503,47.629154,534.76416,34.170856,528.03503,32.488567,571.7745,39.217716,588.59735,37.53543,586.9151,148.56639,613.83167,130.06123,548.2225,266.3265,581.8682,244.45677,491.0247,343.71173,539.81104,323.5243,586.9151,355.48773,607.10254,345.394,591.962,501.84674,603.738,476.61243,605.4202,639.7943,615.514,582.5965,551.58704,-14.615478,586.9151,93.05091,598.6911,342.02945,543.1756,670.07544,563.36304,584.2788,554.9516,678.4869,573.4568,572.5028,620.56085,654.9349,632.33685,592.69025
0.6468203125091699,527.47504,50.012985,534.20557,36.55184,527.47504,33.186554,569.5411,38.234486,591.41547,38.234486,589.7328,140.8757,613.2898,125.73192,556.07996,267.0739,616.6551,241.83427,505.60065,351.2061,545.9841,327.64908,589.7328,351.2061,609.9245,339.42758,593.0981,504.32657,604.8766,480.7696,606.55927,643.98596,611.6072,586.77606,545.9841,-8.879518,586.3675,90.396416,598.146,339.42758,539.25354,669.2256,557.7626,586.77606,554.3973,677.6388,569.5411,586.77606,620.0204,662.495,633.4815,590.14136
0.640680309671622,527.472,48.21288,535.8823,33.074295,527.472,33.074295,574.5698,38.120487,596.43665,38.120487,591.39044,145.77264,613.2573,125.58787,566.1595,275.29166,599.8008,243.33241,515.6976,369.4873,551.02094,327.43567,588.02637,354.34872,606.52905,345.9384,593.0725,505.73456,606.52905,482.18564,608.2111,641.9818,614.9394,586.4737,551.02094,-12.341462,586.3443,91.94657,596.43665,340.89218,539.24646,667.2128,559.4312,584.7916,552.703,678.98724,572.88776,586.4737,619.9856,660.48456,631.76,603.2943
0.6544662095033206,528.68555,49.966614,535.41187,36.513977,527.00397,34.832397,572.4066,38.195557,597.6303,39.877136,589.2224,149.17981,617.80927,127.319275,577.45135,290.4325,624.5356,251.75616,537.09344,389.6457,555.5908,344.24304,590.904,356.0141,614.4461,345.92462,590.904,502.31152,604.3566,478.7694,606.0382,641.8826,614.4461,589.75366,552.22766,-8.888672,587.54083,93.68768,600.99347,342.56146,538.775,662.0616,562.31714,584.7089,550.5461,673.83264,570.72504,589.75366,619.49084,658.6984,631.2619,606.56946
0.6526410373357626,527.7014,50.71049,534.3754,35.693947,527.7014,35.693947,567.74554,37.36245,594.4416,39.030956,592.7731,145.81528,616.13214,127.46172,592.7731,290.97522,631.1487,250.9311,552.72894,396.09103,557.7345,349.3729,591.1046,362.72095,611.12665,351.0414,587.7676,504.54388,602.7841,482.8533,604.45264,641.36127,614.4637,589.63763,549.39197,-4.350177,584.43054,92.42312,599.44714,349.3729,536.04395,661.38336,559.403,586.3006,549.39197,671.39435,572.75104,589.63763,619.4692,658.0463,631.1487,602.98566
0.6595146633111514,527.9613,50.191437,534.7061,35.015625,526.2751,33.329426,568.4301,38.38803,593.72314,38.38803,597.0956,147.9911,615.6438,129.44289,595.40936,294.69058,627.4472,255.90797,563.3715,402.60745,558.3129,353.70764,586.97833,370.56964,607.21277,357.08005,588.66455,508.83813,603.84033,488.60373,605.52655,643.73425,612.27136,594.8344,551.5681,-7.1394005,585.2922,92.346466,597.0956,353.70764,536.39233,663.9686,558.3129,594.8344,548.19574,675.77203,566.74396,598.2068,619.0162,660.59625,629.13336,608.324
0.6685817264593564,527.00995,48.27166,533.736,34.819515,527.00995,33.137997,567.3664,36.501034,587.5446,38.182552,600.99677,145.79971,607.72284,127.30301,600.99677,293.7733,612.7674,258.46143,574.09247,399.70892,555.59576,357.671,585.8631,372.80466,604.3598,361.03403,585.8631,509.0076,602.6783,490.51093,604.3598,645.2106,612.7674,603.1726,548.8697,-5.536918,585.8631,93.672646,595.9522,355.98947,535.41754,663.7073,552.2327,608.21716,547.1882,673.7964,562.32184,604.8541,617.81195,662.02576,627.90106,611.5802
0.6539804029923219,527.0289,48.05636,532.0854,32.886703,527.0289,32.886703,567.48126,36.257736,584.3364,37.943256,606.24817,142.44533,602.87714,127.27568,611.30475,290.77087,604.5627,252.00397,589.393,393.58743,557.36816,353.135,587.70746,371.67572,597.8206,363.2481,586.022,508.2026,599.5061,489.66193,606.24817,644.72955,611.30475,594.164,550.6261,-9.251233,586.022,91.879814,594.4496,354.82053,535.4564,663.2702,552.31165,604.2771,547.25507,675.06885,560.7392,594.164,619.7323,661.5847,628.1599,609.3337
0.6565932195920211,525.5659,48.0625,532.31976,32.86633,525.5659,32.86633,567.77747,36.243256,582.97363,37.93172,608.3006,145.99338,598.16986,127.42028,613.366,289.5128,593.10443,245.61273,594.7929,389.1321,557.6467,346.92053,588.03906,363.80518,589.72754,355.36285,586.3506,505.6361,593.10443,485.37454,608.3006,642.4016,608.3006,584.9939,549.2044,-9.345256,586.3506,91.962555,588.03906,345.23206,537.38513,666.0401,549.2044,590.05927,550.8928,676.1709,557.6467,586.6823,621.80835,659.28625,625.18524,601.87854
0.6475550967913407,525.92993,48.1816,532.673,33.00965,525.92993,33.00965,566.3884,36.381195,579.87463,36.381195,610.2185,140.89905,591.675,125.72711,620.3331,284.18967,595.0466,245.41692,603.4754,380.2787,557.9596,341.50592,588.30347,361.73517,583.24615,353.30634,586.6177,506.71158,588.30347,486.4823,606.847,644.9449,606.847,587.6286,549.5307,-10.820419,584.93195,90.3259,584.93195,343.19168,536.04456,666.8599,546.1592,597.7432,549.5307,675.28876,554.588,589.3144,618.64734,661.8026,625.39044,606.1721
0.6642714131336945,522.9476,47.729202,531.3815,30.86141,522.9476,30.86141,566.80383,35.92175,580.29803,37.60853,610.6601,147.24919,588.73193,128.69461,617.40717,295.68576,592.1055,260.2634,597.16583,390.14542,558.36993,353.0363,588.73193,376.65118,580.29803,368.2173,588.73193,516.6539,581.9848,498.0993,607.2865,646.5359,602.2262,592.55896,549.93604,-11.308075,583.67163,93.27225,583.67163,356.40982,536.4418,666.7772,541.50214,607.7399,549.93604,676.8979,553.3096,590.8722,620.78076,663.4037,619.094,609.42676
0.6628550657859216,520.5909,46.188828,530.7164,32.68815,522.27844,31.000563,566.1557,36.063316,574.5936,37.750904,611.72046,152.5067,586.4067,128.8805,618.4708,299.3266,584.7191,257.13696,601.595,392.14377,557.7178,348.26657,591.4695,373.58035,576.2812,365.14243,588.0943,515.33746,574.5936,493.3989,608.34534,645.28156,598.2198,586.21606,549.27985,-11.189065,583.03156,93.441216,583.03156,355.0169,539.1543,667.22015,542.5295,599.71674,552.65497,679.03326,550.9674,589.59125,620.1584,662.1574,615.09564,604.7795
0.6585998913416495,519.2316,46.08498,529.3815,32.55186,520.9233,30.860222,564.9059,35.935143,575.0557,37.62678,610.58014,149.275,586.8972,128.97533,622.42163,296.44766,588.58887,255.8483,598.7387,392.87112,556.4477,352.27176,591.9721,375.9547,576.7474,367.49652,586.8972,514.6692,573.3641,492.67786,608.88855,646.61707,600.4303,589.1013,547.9895,-11.43077,583.5139,93.45089,583.5139,359.03833,537.83966,668.6084,542.91455,600.9428,551.3728,678.75824,551.3728,590.79297,620.73,663.53345,615.6551,606.0177
0.6534895289402741,517.9518,47.752033,528.0599,32.58989,519.6364,32.58989,563.4382,35.95925,573.54626,37.643936,615.6633,145.46364,581.9697,128.6168,630.8255,295.40042,588.70844,256.6527,607.2399,393.11203,556.69946,354.36432,593.7625,377.94986,571.86163,369.52646,587.02374,516.0939,570.17694,495.8777,605.55524,647.49915,598.8165,595.274,546.5914,-9.527184,581.9697,94.92316,581.9697,359.41837,536.4833,666.03064,543.222,608.7514,549.96075,676.13873,551.6454,602.0127,619.0327,662.66125,619.0327,610.4361
0.653696555357713,519.10175,47.808277,527.558,32.58714,519.10175,30.8959,564.7652,35.969612,569.8389,35.969612,617.19354,147.59131,581.67755,128.98769,634.10596,296.42023,586.7513,255.83052,608.73737,396.20325,554.61774,352.23105,593.51624,377.59964,569.8389,369.14343,588.4425,514.5899,556.309,492.6038,607.04614,646.5064,596.8987,589.00433,547.8528,-13.076279,583.36884,95.16293,581.67755,358.996,536.01416,668.4925,542.7791,607.608,551.2353,678.63995,549.54407,595.7693,620.57605,661.72754,617.19354,600.843
0.6729485724981015,516.23804,47.661205,526.4103,30.707413,516.23804,29.012032,567.0994,34.09817,573.8809,35.79355,623.04694,145.99323,580.6625,129.03943,638.30536,291.79587,585.7486,254.49751,612.87463,395.214,548.45026,352.82953,594.22546,378.26022,565.40405,371.4787,587.444,512.1952,545.0595,491.85065,609.4839,642.7394,590.8347,586.7919,548.45026,-16.763214,584.0532,93.436455,578.9671,357.91565,539.9733,666.47473,538.27795,608.83185,555.23175,676.647,543.3641,596.9642,623.04694,659.6932,604.39777,596.9642
0.6771127512821784,514.91833,47.771782,525.1157,30.776085,516.61786,29.076515,567.605,34.175224,577.80237,34.175224,623.6908,146.34683,579.50195,129.35114,638.98694,292.50983,584.60065,255.11931,613.49335,396.1836,545.51056,353.69437,593.0985,379.1879,562.5063,372.38962,589.6994,513.4539,545.51056,489.65994,608.39465,637.5225,584.60065,584.8359,548.9097,-18.51144,584.60065,93.66017,577.80237,360.49265,540.41187,663.01605,533.6136,612.029,555.708,673.2135,537.0127,600.13196,621.9912,654.5182,594.7981,598.43243
0.6904653505637095,517.90735,48.734745,528.0955,33.452568,517.90735,31.754549,570.54596,35.15059,577.3381,36.84861,624.8826,143.82385,573.942,131.93771,638.4668,289.85355,584.1301,255.89316,614.6945,395.13077,543.3777,356.07632,594.31824,376.45255,562.0559,369.6605,590.92224,512.2941,546.7737,490.21988,609.60046,637.9476,580.73413,585.30896,550.16974,-15.790004,584.1301,94.581276,579.0361,357.77435,538.2836,661.71985,528.0955,615.87335,553.5658,673.606,531.4915,603.9872,621.4866,654.9278,592.62024,598.8931
0.7023495584726334,515.6992,48.211224,527.5258,31.31602,519.07825,29.626497,569.76385,33.00554,569.76385,34.69506,625.518,146.20341,574.8324,130.99773,640.7237,293.19168,581.5905,252.6432,613.6914,394.56293,541.042,345.56683,595.1067,375.9782,559.6267,369.22012,591.7276,512.82935,547.8001,487.48654,608.6228,637.8539,576.5219,583.7892,549.4896,-19.369596,584.96954,92.138756,578.2114,355.70395,539.3525,661.50714,522.4573,612.51105,554.55817,673.3338,527.5258,600.68445,622.139,656.4386,584.96954,597.30536
0.6979886396573141,515.23047,46.174957,527.0979,29.221516,516.92584,29.221516,572.8722,32.612206,569.4815,34.30755,627.12317,142.80959,569.4815,130.94217,644.07666,288.6092,576.2629,249.61626,615.2558,392.02518,533.8793,337.77417,593.2163,376.7671,557.6141,368.29034,593.2163,512.3946,549.1374,486.96445,608.4744,637.8501,571.1768,581.90375,549.1374,-19.943466,584.73956,91.94925,576.2629,356.42294,538.9653,661.5849,522.01184,612.4199,552.5281,673.45233,523.7072,600.5525,620.3418,656.4989,581.3489,597.1618
0.7105455180773368,514.9297,44.166367,526.77716,27.241425,516.6222,27.241425,574.167,32.31891,574.167,34.011402,630.01935,142.33104,564.012,132.17607,646.9443,282.80807,558.9346,248.95819,616.4794,392.82022,530.1622,330.1979,591.0919,377.58777,553.85706,369.1253,594.4769,512.9873,552.16455,487.59988,609.7094,641.6169,569.08954,580.6871,550.4721,-21.840914,584.32196,91.55621,572.4745,357.27783,538.62463,663.6193,520.0072,612.8445,553.85706,675.4668,521.6997,599.3045,621.5568,660.2343,577.552,595.91956
0.7143691652096235,517.38043,42.617947,529.2254,25.696556,517.38043,27.388697,578.2974,30.772974,532.6097,34.157253,632.44586,139.06987,554.6075,130.60918,649.36725,279.51743,546.1468,247.36678,620.6009,386.12216,525.8411,335.358,593.5267,375.96933,551.2232,367.50864,595.2188,511.34045,551.2232,485.95837,608.7559,639.94305,566.45245,579.026,549.53107,-21.683336,583.37384,89.99784,573.221,357.3558,541.0704,667.0173,524.149,614.5609,557.99176,677.1701,522.45685,601.0238,620.6009,658.5566,576.6053,594.25525
0.7401610223146585,521.488,42.735497,538.4924,27.431553,519.78754,27.431553,586.1046,32.532867,523.1884,35.933743,638.8182,139.66048,543.5936,131.15828,657.523,277.39597,531.6906,243.38719,630.316,382.82312,511.28534,318.20648,598.0077,365.81876,545.29407,357.31656,594.6068,510.356,548.69495,486.54987,608.2103,637.88885,565.69934,581.7744,553.79626,-18.480278,581.0033,92.0482,570.80066,347.11392,546.9945,670.19714,526.5893,619.184,565.69934,678.69934,523.1884,603.88007,620.1134,654.89325,574.20154,597.0783
0.7644946070817801,523.4202,42.69289,542.10443,27.405848,521.7217,27.405848,587.9655,34.20009,521.7217,35.89865,638.92236,137.81227,538.7073,132.7166,661.0036,275.3957,526.8174,244.8216,632.1281,382.405,506.43463,321.2568,599.85547,363.72083,545.5015,356.92657,593.0612,508.09845,548.8986,484.3186,608.34827,638.88763,565.8843,581.13654,555.6929,-16.756725,579.4727,93.649704,574.3771,346.73523,548.8986,669.46173,523.4202,618.5049,567.5828,677.9545,521.7217,603.21783,620.23816,655.8732,574.3771,596.4236
0.7827769609598013,527.6478,41.112217,546.3104,25.842823,522.55804,27.539421,590.42206,36.02242,522.55804,37.71902,639.6234,136.1218,532.7377,132.72859,663.37585,275.24295,519.16486,243.00757,636.2302,380.43213,498.80566,326.14096,602.2982,360.07294,544.61383,356.67975,593.81525,507.67712,549.7037,485.6213,607.38806,636.61865,566.6696,580.6309,556.49005,-16.572168,578.54584,93.70681,573.45605,344.80356,549.7037,670.55066,524.25464,623.0459,570.06287,679.0337,520.86145,607.7765,619.2642,653.58466,575.15265,594.2037
0.7959868449431199,535.9304,41.3576,552.8245,26.152895,527.48334,27.842306,593.3704,36.289368,522.4151,39.66819,638.9845,135.96468,529.1727,132.58585,664.3257,269.42822,512.2786,240.70822,640.67395,374.17175,492.00568,323.4894,603.5069,358.96707,544.37744,355.58823,595.0598,502.56708,552.8245,483.98355,608.57513,634.3412,568.02924,580.28,556.2033,-14.392993,574.78687,93.72938,573.0975,343.76236,547.7563,671.5083,527.48334,622.5153,569.7186,678.2659,524.1045,609.00006,620.401,651.23535,578.1657,595.48474
0.8095380755571219,541.4337,42.78383,558.5597,27.370445,531.15814,29.083042,592.81165,37.646034,522.59515,41.071228,637.33923,135.26413,524.30774,135.26413,664.7408,263.70898,507.18176,243.1578,651.04,364.75226,488.34317,325.36252,603.0873,354.47668,544.8589,352.76407,596.2369,500.04752,553.4219,482.92154,606.51245,635.3428,568.83527,583.96484,555.1345,-13.731909,572.2605,97.58697,573.9731,342.4885,543.1463,676.4451,526.0203,626.7798,565.4101,683.29553,522.59515,611.3664,620.21326,652.46875,577.39825,597.6656
0.8178679507512313,546.89026,43.094997,562.44824,27.536997,534.7896,29.265663,595.2929,36.18033,520.96027,39.637665,640.2382,136.443,520.96027,134.71432,662.71094,266.093,501.94492,243.62032,654.06757,366.35565,481.20093,326.5963,605.6649,352.5263,543.4329,352.5263,600.47894,502.9203,552.07623,485.63364,605.6649,634.29895,567.6343,587.62494,553.80493,-17.408333,569.3629,98.41232,572.82025,340.42563,541.7042,686.15894,526.14624,630.8416,565.9056,691.345,522.6889,617.01227,616.0369,648.1283,578.0062,599.72565
0.8310656020274529,555.2559,43.834442,570.9959,28.09441,541.2648,29.843304,597.2293,36.838875,525.5247,40.33666,639.20276,131.27907,515.0314,136.52574,656.69165,255.45044,494.04468,244.95709,661.93835,358.6351,469.56018,328.90393,607.72266,349.89062,543.0137,349.89062,604.2249,498.5465,551.7581,484.55536,604.2249,631.46234,564.00037,589.4889,557.0048,-17.376797,567.49817,98.05011,572.7448,337.64838,558.75366,692.6736,529.0225,633.21124,583.23816,697.9202,522.027,620.969,611.22046,643.7046,572.7448,599.9823
0.831043575818722,556.7627,42.027676,572.4687,26.3217,542.8019,28.066807,598.6453,36.79235,527.0959,38.53746,638.78284,131.02821,513.135,136.26353,654.48883,253.18582,492.1937,244.46028,659.7241,354.40213,466.01706,329.97058,607.37085,350.9119,542.8019,350.9119,603.8807,497.50104,549.7823,483.54016,607.37085,628.38416,563.74316,586.5016,560.2529,-19.051125,567.2334,97.871155,572.4687,336.95102,570.7236,694.6983,530.5861,633.6195,596.9002,696.4434,523.60565,623.14886,614.3513,638.8548,574.2138,596.9722
0.8244416484465966,560.7771,43.785866,576.4857,28.077242,546.8139,28.077242,600.9214,38.54966,529.35986,40.295063,637.5748,129.31061,513.65125,134.54681,653.28345,249.7434,492.70642,242.7618,655.0289,354.46756,464.77997,328.28653,611.3938,345.74054,545.0685,347.48596,607.903,494.0998,552.0501,483.62738,613.1392,625.005,564.26794,586.60614,562.5225,-17.30323,567.7587,97.89336,574.74036,333.52274,585.21277,687.8395,534.59607,637.22284,613.1392,687.8395,527.61444,625.005,616.63,635.4774,574.74036,598.824
0.8275823340966151,562.8184,43.454987,578.42596,27.847385,548.94495,27.847385,602.70447,38.252453,529.869,39.98663,639.1222,131.89806,512.5272,137.10059,652.99567,255.02467,491.7171,246.35379,649.5273,355.607,465.70444,333.06268,613.10956,346.9361,545.4766,348.6703,611.37537,492.60706,554.1475,482.20197,620.04626,620.9362,566.28674,587.9868,564.55255,-17.241238,569.7551,98.94868,576.69183,333.06268,594.03357,685.10077,533.33734,638.27795,621.78046,685.10077,526.40063,626.13873,625.2488,631.34125,576.69183,600.1261
0.8414268745825841,565.5273,43.35209,581.03705,27.842352,551.74084,26.119047,606.8866,38.182175,531.0612,39.90548,639.6294,129.51729,513.8282,136.4105,651.6925,250.14857,491.4252,244.97865,649.9692,350.10022,465.57565,336.31378,613.7798,346.6536,546.5709,348.3769,615.5031,489.68784,555.18744,484.5179,629.28955,617.21234,565.5273,587.91614,567.2506,-20.410162,572.42053,98.49782,577.5904,332.86716,608.60986,679.2513,534.5078,639.6153,634.4595,677.52795,525.8913,627.5522,632.73615,625.82886,577.5904,599.9793
0.849496488387768,569.979,42.901474,585.3326,27.547909,554.6254,27.547909,609.2159,37.78362,534.15405,39.48957,641.62897,129.90501,515.38855,135.02286,653.5707,249.32162,493.21118,245.90973,653.5707,349.97278,467.62192,338.03113,616.03973,343.149,546.0957,344.85492,616.03973,486.4489,554.6254,481.33105,634.8052,609.27747,564.86115,585.3941,569.979,-18.512787,573.3909,97.49193,578.5088,332.91327,619.4516,670.6917,535.86,641.6905,645.0409,667.2798,525.62427,629.74884,636.5111,614.39526,576.8028,599.04175
0.8585366996435019,574.1937,43.216713,587.44946,28.304035,559.28107,28.304035,612.3039,39.902786,539.39746,41.55975,647.10016,134.34975,516.2,136.00671,655.385,250.33725,496.3164,245.36636,660.3559,344.7842,478.0898,334.84244,618.93176,341.47028,547.6823,341.47028,622.2457,480.6553,555.9671,475.6844,643.78625,598.29974,565.90894,585.04407,574.1937,-16.434002,577.5077,99.5535,580.8216,329.87155,635.5014,659.6074,537.74054,638.0669,658.6989,654.63654,526.1418,626.46814,645.4432,604.9276,579.1646,594.98584
0.862857250066904,575.84155,44.26316,590.53827,29.566452,562.7778,29.566452,615.0328,39.364258,543.1822,40.997227,650.95807,134.0764,517.0547,137.34233,657.4899,251.65009,500.725,246.75119,665.6548,344.72928,482.76236,334.93146,621.56464,341.46332,548.08105,341.46332,624.83057,480.2656,554.613,476.99966,647.69214,589.67444,566.0437,586.4085,577.4745,-16.15665,580.7404,99.78407,584.00635,330.03256,641.1603,653.3602,536.6503,640.29645,665.6548,648.4613,525.21954,628.86566,647.69214,599.4723,579.1075,596.2063
0.8626318734425765,577.8915,45.398552,592.4232,29.25219,564.9744,30.866827,618.2574,40.554646,545.59875,42.16928,653.7794,132.58891,518.14996,135.81819,661.8526,248.84273,502.0036,247.22809,669.9258,340.87698,487.47186,339.26236,623.1013,339.26236,548.82806,340.87698,627.94525,478.1211,556.90125,474.8918,648.9355,587.9163,564.9744,583.07245,579.50616,-14.34299,582.7354,100.29619,585.96466,327.9599,642.4769,647.6579,537.5256,637.9701,668.31116,642.81396,524.6085,626.6676,650.5501,595.9895,579.50616,594.3749
0.8723622537576236,578.5724,44.710243,594.6552,30.235704,565.7061,30.235704,621.996,39.885395,551.23157,43.10196,658.98645,133.16574,522.28253,136.38231,667.0279,247.35376,511.02454,248.96204,673.461,339.02582,498.1583,340.6341,626.8208,340.6341,552.83984,340.6341,634.86224,474.1215,560.8813,475.72977,652.55334,581.8764,564.09784,585.09296,583.3972,-14.796186,589.8303,99.39182,589.8303,329.37613,646.1202,639.77454,538.36536,639.77454,670.24445,633.3414,522.28253,626.90826,652.55334,591.52606,580.18066,594.7426
0.8657070581729596,578.4926,44.74797,592.9794,30.26122,567.22516,31.87086,623.5625,41.528694,552.7384,44.74797,662.19385,133.27812,526.9842,136.49739,670.24207,247.56248,514.10706,249.17213,676.6806,340.92157,501.22995,340.92157,630.0011,337.70227,554.348,339.31192,638.04926,472.91196,560.7866,474.5216,655.7553,580.75775,565.61554,583.97705,583.32153,-13.199034,592.9794,99.4757,592.9794,328.04443,646.0975,637.09515,538.25165,638.7048,671.8517,630.65656,523.7649,627.4373,655.7553,590.4156,580.1023,595.2445
0.8750211023367368,574.99664,43.403286,591.095,28.914814,565.3377,30.524643,624.9014,40.183624,554.06885,43.403286,666.757,135.16362,531.53125,135.16362,676.416,251.07141,518.6526,246.24191,679.6356,344.44156,507.3838,339.6121,632.95056,338.00226,558.8984,339.6121,640.9997,476.44766,562.11804,474.83783,655.4882,582.6965,565.3377,584.3063,587.8753,-14.550607,595.92444,99.74735,595.92444,326.73343,649.0489,642.2602,539.5804,640.6503,673.19635,634.21106,523.4821,627.7717,655.4882,592.35547,578.2163,595.57513
0.87546634215575,574.5044,45.02406,590.6022,30.536076,564.84576,32.14585,626.0173,40.194733,556.7969,43.414284,669.4812,136.7813,534.26,136.7813,680.74963,249.46564,522.9916,247.85585,680.74963,341.22287,510.11337,338.00333,635.6759,338.00333,561.6262,338.00333,642.115,474.8343,563.23596,473.22452,654.9932,584.2991,564.84576,585.9088,592.212,-11.318104,598.65106,99.75645,598.65106,326.7349,650.1639,640.64124,537.47955,640.64124,672.70074,634.20215,522.9916,627.763,653.3834,593.9577,579.33374,595.5675
0.8646678534837869,571.81964,46.559845,589.52374,30.465223,565.3818,32.074684,628.1508,40.121998,560.5534,43.340923,674.82526,136.68974,539.63043,136.68974,682.87256,250.96156,526.7547,247.74265,684.482,344.3104,515.48846,337.87253,639.41705,339.482,563.77234,339.482,644.2455,473.06738,563.77234,473.06738,655.5117,584.1203,563.77234,585.72974,595.9616,-11.380798,604.0089,99.672104,600.79,328.21576,649.07385,640.4515,536.4115,642.0609,673.21576,634.0136,521.92633,629.18524,653.9022,593.77704,578.2575,595.38654
0.8584833878737229,571.626,48.18569,587.7092,32.10241,566.80096,33.71074,627.9175,43.360706,565.1927,44.969032,677.77563,135.0354,545.8927,139.86038,684.2089,250.835,531.4178,252.44333,687.4256,345.72635,516.9428,342.5097,642.3924,342.5097,568.4093,340.90137,645.6091,474.39258,565.1927,472.78424,655.25903,582.1505,565.1927,585.3672,600.57587,-9.714113,610.2258,99.65218,605.4009,331.2514,650.434,638.442,536.24274,641.6587,672.9506,632.0087,521.7678,628.79205,653.6507,591.80054,578.05927,596.6255
0.8332251768845779,569.50336,48.366257,585.5762,32.293427,567.89606,35.507996,630.5801,43.544407,571.1106,46.758972,685.22766,135.15952,556.6451,139.98137,691.6568,250.88387,538.96497,249.27658,693.2641,345.71353,524.49945,339.28442,648.2602,340.8917,574.3252,339.28442,649.8675,474.29614,567.89606,472.68887,654.68933,580.37683,564.6815,583.5914,603.2563,-7.8886375,617.7218,98.19202,611.29266,329.64072,646.6529,638.239,537.35767,643.06085,670.76215,631.8099,522.89215,630.2026,653.08203,590.0205,577.53973,594.84235
0.8205001377142392,571.90045,49.838657,586.3596,33.772903,570.2939,36.986057,632.9503,43.412357,576.72015,46.625507,689.1804,136.59372,559.04785,139.80687,695.60675,252.26714,541.3755,250.66057,698.8199,347.05508,528.5229,342.23535,652.2292,342.23535,576.72015,339.02222,652.2292,475.5811,568.68726,473.97452,655.4424,580.0085,565.4741,583.2216,607.2451,-7.998051,623.31085,98.03592,615.27795,329.38275,647.4095,637.8452,539.7689,642.6649,671.5081,631.4189,523.7032,629.8123,652.2292,589.64795,578.3267,594.46765
0.8051419281042539,574.93756,53.13966,589.3976,38.679607,573.3309,40.28628,632.7778,45.106297,579.75757,49.926315,692.2247,136.68663,563.69086,138.2933,698.65137,247.54704,544.41077,249.1537,703.4714,340.73404,534.77075,342.34073,655.2712,337.5207,581.36426,335.91403,653.6645,472.4812,570.11755,470.8745,656.87787,580.12823,565.29755,583.3416,607.071,-3.0938776,626.3511,99.73316,618.3177,326.274,645.63116,634.7551,541.19745,641.1818,671.3379,629.9351,523.52405,629.9351,653.6645,591.37494,576.54425,594.5883
0.8009076026769785,575.93823,54.801502,588.7951,38.730354,574.3311,41.944584,633.7944,45.158813,580.7596,49.98016,694.86475,135.15726,566.29553,136.76437,702.9003,246.0482,547.01013,244.44109,707.7217,337.65378,537.36743,339.2609,657.90106,336.04666,583.9738,332.83243,653.0797,471.04434,571.1169,469.43723,656.29395,580.3282,564.6884,580.3282,606.4734,-1.4475262,628.973,98.19361,620.93744,324.79684,645.0442,636.5772,542.1888,638.1843,669.1509,631.75586,526.1176,626.9345,653.0797,591.57794,575.93823,591.57794
0.8014095081732824,576.4993,51.665302,589.3159,37.246605,574.8972,38.848682,634.1741,43.654915,582.9076,48.461147,696.65515,134.97333,570.091,134.97333,706.2676,243.9146,550.8661,240.71045,714.27795,338.43716,541.2536,335.23303,659.8074,335.23303,584.5097,332.02887,655.0011,469.80753,573.29517,465.00128,656.6032,581.95294,566.88684,577.1467,610.14294,-4.4074097,630.97,98.12555,622.95953,324.01846,645.3887,638.02563,546.0598,634.82153,671.0219,633.2194,528.437,623.60693,653.39905,593.1675,576.4993,588.36127
0.808943869975897,578.05743,51.84155,592.45496,37.444035,578.05743,40.643482,637.2472,43.84293,586.056,50.241825,699.6364,136.62692,571.6585,136.62692,709.2348,247.00789,552.46185,242.20871,718.8331,341.3916,541.26373,334.9927,661.24304,334.9927,586.056,331.79327,654.8442,472.56897,576.4577,467.7698,656.4439,584.5497,570.0588,574.9513,613.25134,-2.5490682,632.44806,99.833275,622.8497,323.79465,648.44525,638.9403,549.2624,632.5414,670.84143,634.1411,531.6654,621.3433,651.6447,595.74774,579.6571,587.7491
0.8178806763428909,581.43884,54.060314,594.2325,39.66746,581.43884,41.266666,639.01025,44.46508,587.8357,49.262695,702.9785,134.02061,575.04205,137.21902,715.77216,244.36583,560.6492,245.96503,726.9666,338.71896,546.25635,338.71896,661.3992,335.52057,587.8357,332.32214,655.0023,473.05228,581.43884,466.65546,656.6015,580.1991,576.64124,570.6038,615.02216,-3.5110998,634.21265,100.43729,624.61743,324.3261,648.6055,632.9729,557.45074,624.97687,670.9944,628.17523,539.8595,613.7824,650.2047,589.7943,587.8357,581.7983
0.8147202890652877,583.13416,54.01803,594.32135,39.63453,581.536,41.232697,640.66815,44.429028,587.92865,49.22353,702.99664,135.52454,578.33966,138.72087,717.3802,245.79803,563.9562,247.3962,728.5673,338.4917,547.9745,340.08987,661.44434,336.89352,589.5268,333.6972,655.05164,472.7377,583.13416,466.34503,655.05164,579.8149,579.9378,568.6277,615.0975,-3.5159729,635.87366,100.36486,626.28467,325.70636,647.06085,634.1525,562.358,624.56354,671.0333,629.35803,544.77814,613.3764,650.25714,591.002,589.5268,578.21674
0.8080214445407574,584.56573,54.177868,595.74774,39.800953,582.96826,41.398388,638.87854,44.593258,589.35803,50.982998,704.37335,137.2445,578.17596,137.2445,718.7503,245.8701,563.7991,244.27266,731.5298,338.52133,549.4221,336.92392,661.2426,336.92392,589.35803,333.72903,656.4503,471.10846,584.56573,466.31616,656.4503,579.7341,584.56573,566.9546,618.1119,-3.3297994,637.28107,100.503494,626.09906,325.74185,648.46313,630.852,566.99396,624.4622,672.4247,626.0597,549.4221,614.8776,650.06055,589.31866,594.1503,576.5392
0.8005347274816953,584.6295,55.60707,597.4097,41.229313,584.6295,42.82684,640.543,46.021896,589.4221,50.814484,706.04175,138.67859,579.8369,137.08105,720.4195,245.71303,565.45917,244.1155,733.1997,336.7722,549.4839,336.7722,662.90845,336.7722,591.01965,333.57712,656.5183,470.96463,587.8246,464.57452,656.5183,579.5966,584.6295,566.81635,619.77515,-1.9039733,638.9455,100.33788,627.7628,325.58948,646.93317,632.31506,567.0567,624.3274,670.89606,625.9249,551.0814,613.1447,650.1282,589.18176,595.8122,577.9991
0.7978300750255585,585.4441,55.6836,598.2206,41.310062,585.4441,42.90712,642.93823,46.101242,590.2353,50.89242,705.22363,140.32779,579.05585,137.13367,721.1942,247.33083,564.6823,244.1367,733.9707,338.36325,551.9058,336.7662,662.10297,338.36325,591.83234,335.16913,655.7147,470.91925,588.6382,464.531,655.7147,579.51935,585.4441,566.74286,620.5794,-1.810564,638.1471,101.99835,626.96765,327.18384,646.1324,632.22235,567.8764,624.23706,670.08826,627.43115,550.3088,613.0576,650.9236,590.6988,595.0264,577.9223
0.7968512108692756,586.7958,55.61857,597.98346,41.23446,585.1976,42.83269,642.734,46.02916,589.99225,50.823864,705.0652,140.32501,578.8046,137.12854,719.4493,249.00497,564.4205,242.61205,732.23517,338.50613,550.0364,335.30966,663.51105,338.50613,593.1887,335.30966,655.5199,469.56137,588.39404,464.76666,657.1181,581.4378,583.5993,567.0537,620.3587,-0.31964695,637.93933,101.96738,628.3499,327.31848,645.9305,632.5813,567.61694,622.99194,669.904,627.7866,550.0364,613.4025,650.72516,591.0272,593.1887,578.24133
0.7991556594004998,586.1779,55.63644,597.3549,41.26597,584.5812,42.862686,642.06305,46.056126,590.9681,50.846283,704.3351,140.26254,579.791,137.0691,718.70557,248.83945,563.82385,242.45256,729.8826,338.2557,549.45337,333.46555,662.82043,338.2557,592.56476,333.46555,654.8368,470.7834,587.7746,464.3965,656.43353,580.957,582.98444,568.1832,619.709,-0.24872613,637.2729,101.94129,627.69257,327.07867,646.8532,632.052,567.0173,624.0684,670.804,627.26184,549.45337,612.89136,651.6434,592.13403,592.56476,577.76355
0.7978120560829456,585.2841,55.548958,598.054,41.18285,585.2841,41.18285,642.74854,45.971554,590.0728,50.760258,705.00165,140.14937,578.8992,136.9569,716.1753,248.69328,564.5331,242.30835,727.34894,339.67862,550.167,334.88992,661.9033,336.48615,591.66907,331.69745,653.9222,468.97357,586.8804,464.18488,657.1146,579.1137,583.68787,567.9401,618.80505,-0.3192346,637.95984,101.839745,626.7862,325.31253,645.941,631.7895,566.12933,623.8083,669.8845,627.00073,550.167,612.63464,650.72974,590.28735,593.26526,577.5175
0.8122222171379969,585.2126,53.919815,597.9747,39.56247,585.2126,41.15773,642.64197,45.943512,589.9984,49.134033,703.2619,140.06389,578.83154,136.87337,716.024,251.73213,562.87897,243.75583,724.00024,341.0667,548.5216,337.87622,661.7851,337.87622,591.5936,334.68567,653.80884,470.28284,586.80786,465.49707,656.9993,580.35583,583.6173,567.59375,620.30835,-1.9143066,637.8562,100.18237,626.6894,326.70938,645.8325,634.59467,566.06946,625.02313,669.7614,628.2136,548.5216,613.8563,652.21356,589.92737,593.1889,578.76056
0.8156925646158365,584.9247,52.292343,597.6789,37.943836,584.9247,39.538116,643.913,44.32095,591.3018,47.50951,702.9013,139.97768,578.54755,136.78912,712.467,249.98291,556.22766,248.38864,718.8441,340.8568,546.662,340.8568,663.0444,339.26254,591.3018,336.07397,656.66724,471.58768,584.9247,465.21057,659.8558,581.5929,583.3304,570.433,619.99884,-5.101692,637.5359,100.12071,626.3759,326.5083,647.10156,635.7984,564.19904,624.6384,671.01575,632.60986,546.662,611.8842,656.66724,592.75287,592.89606,579.99866
0.8102447619804969,585.5475,52.23752,598.2884,37.904053,583.9549,39.49666,642.88135,44.274483,590.3253,47.459694,703.40045,141.42351,577.5845,136.64569,708.1782,252.906,555.28796,244.94296,709.7709,343.6846,544.1397,337.31418,663.58527,338.90677,591.9179,335.72156,657.21484,471.09317,583.9549,467.90796,661.9926,582.5757,580.7697,568.2422,620.58484,-5.0963364,638.1035,100.015724,626.95526,326.16592,644.47394,636.7243,564.8436,623.98346,671.5483,633.53906,547.32495,612.8352,663.58527,593.7239,591.9179,577.79785
0.8069472863123968,584.3957,52.692123,598.7388,38.349087,584.3957,39.942757,641.7679,44.72377,590.7704,47.91111,700.73364,140.34401,576.42737,135.56299,705.51465,250.30728,555.70966,242.33893,705.51465,339.55283,542.96027,334.77182,660.8919,337.95917,590.7704,334.77182,657.7046,471.82748,584.3957,467.04648,664.0792,583.38446,582.80206,570.6351,619.4565,-4.6800194,636.9868,100.50224,624.2375,325.2098,644.9552,635.9756,563.678,623.2262,670.4539,634.3819,546.14764,612.0705,665.6729,592.9465,592.3641,580.1971
0.7999957203865051,586.3327,52.719887,599.0678,38.392883,586.3327,39.984776,642.0488,44.76044,592.70026,47.94422,699.3569,138.68192,576.7814,133.90623,704.1325,248.52226,556.0868,240.56282,702.54065,339.25995,540.1679,334.48428,661.1515,336.07617,591.1084,332.8924,657.9677,466.61108,584.74084,465.0192,665.9272,581.2271,583.1489,571.6758,621.35425,-4.588125,637.2732,98.884674,626.12994,323.34106,643.64075,636.94324,564.04626,624.2081,670.7028,635.3514,548.1274,613.0649,669.11096,592.37036,594.2922,581.2271
0.7977618047824273,586.191,52.753254,598.9414,38.409023,587.7848,41.59663,641.9741,46.37804,592.5662,49.565647,699.3511,142.00626,576.6282,135.63104,700.9449,253.57251,554.31494,244.00969,700.9449,341.23172,536.7831,336.45032,661.0998,334.8565,589.3786,333.2627,657.9122,465.5484,586.191,465.5484,665.88116,581.89606,584.5972,570.73944,622.8485,-1.436069,635.59894,100.56737,626.0361,323.69986,645.16174,634.4916,568.6592,621.74115,672.2564,632.89777,552.7211,608.9907,669.0688,591.45886,595.75385,580.30225
0.8093683238212879,586.7715,52.854572,599.51196,38.521534,588.364,41.706654,642.5111,48.076893,594.73425,49.669453,698.2507,142.03793,575.62354,137.26025,701.4358,253.51714,553.3277,245.55434,701.4358,342.7005,535.8096,336.33026,660.02924,336.33026,589.9566,334.7377,658.4367,466.9202,585.1789,465.32764,664.80695,581.58453,585.1789,570.4366,623.4004,0.3000915,636.14087,100.63138,624.9929,325.18234,644.10364,634.139,567.66077,621.3985,671.1772,632.54645,551.73517,608.658,667.99207,591.1399,594.73425,579.99194
0.8144153448251578,586.13904,56.08418,600.47723,41.746025,587.7322,43.339153,643.4917,49.711666,592.5116,51.304794,699.2512,145.29938,574.9872,137.33372,702.43744,252.03899,551.0902,245.66646,707.21686,341.25418,531.9727,334.88165,661.0161,338.0679,589.3253,336.4748,657.82983,468.70444,584.54596,467.11133,664.2024,580.22345,582.9528,570.6647,622.781,0.32468486,637.1192,103.87804,624.37415,326.91602,645.08484,632.7967,568.6146,623.2379,672.168,631.20355,551.0902,610.49286,667.3886,588.1891,594.10474,580.22345
0.8086544114809769,587.98364,54.117344,602.3122,39.78877,587.98364,41.380833,643.7059,47.74909,592.7598,50.933216,699.42804,143.2729,575.24713,138.49672,708.98047,249.94118,548.182,245.16498,721.717,340.6888,522.709,331.1364,659.62646,335.9126,586.39154,332.7285,658.0344,468.0539,583.2074,466.46182,665.99475,581.0904,583.2074,569.946,623.00903,-0.012821913,635.74554,101.87925,623.00903,324.76816,646.88995,633.62854,567.2868,620.892,673.9551,632.03644,549.7741,609.74756,667.5868,590.6428,594.35187,581.0904
0.80725847528531,589.9064,55.60399,602.66223,41.25358,588.3118,42.84807,645.7135,49.22603,593.09534,50.82052,699.92615,141.70645,575.5559,136.92297,711.0876,250.13177,546.8551,240.56483,733.41046,344.2067,516.5598,323.47833,660.0639,333.04526,586.71735,329.85626,658.4694,468.5769,583.5284,466.98242,666.4419,581.7857,581.9339,572.21875,623.3906,-0.20316315,636.14655,101.8442,624.9851,321.88382,653.6859,635.99835,562.8,623.24243,679.19775,631.2149,548.4496,612.081,666.4419,594.5416,593.09534,583.3802
0.7953513241731204,588.8954,55.701885,603.2519,39.75019,588.8954,42.94053,646.3215,47.72604,592.0857,50.916378,700.5572,141.84102,574.5388,137.05551,716.5089,248.71736,544.23065,240.74152,742.0316,342.83234,507.54175,322.09512,660.678,331.66617,587.3002,328.47583,657.4877,467.25552,584.10986,464.0652,667.05865,582.1077,582.5147,572.5367,622.3939,-1.7242067,636.7504,101.96179,623.9891,320.49997,657.4877,636.34344,563.3727,623.5821,683.0104,629.96277,547.42096,612.41595,665.4635,593.2739,592.0857,583.7029
0.7903565512253687,589.03534,55.751526,601.79803,41.39347,587.44,42.988808,646.4676,49.37017,592.226,54.15619,702.30444,143.49521,574.67725,137.11386,726.23456,250.38298,539.5798,239.2156,766.11804,344.50803,498.10095,317.38724,659.2303,330.14996,585.84467,328.55463,659.2303,468.94452,584.2493,464.1585,667.207,582.2136,582.654,571.04626,622.5375,-0.08536434,638.49084,103.611725,622.5375,320.57794,657.63495,634.85986,565.1052,623.6925,683.1604,630.07385,545.9612,614.1204,665.61163,594.9764,592.226,582.2136
0.805523727948849,590.6687,55.730377,603.433,41.37054,587.4776,42.96608,648.10803,49.34823,590.6687,52.539303,703.95184,143.48494,576.30884,135.50725,734.267,247.19487,538.0159,234.43057,783.7287,336.54495,486.95874,309.42084,659.2768,330.1628,585.8821,326.97174,657.6813,468.97458,585.8821,462.5924,665.65894,583.8533,582.691,569.4934,622.5794,-0.113431215,638.5348,102.00096,622.5794,317.39853,656.0857,638.10156,563.54456,623.7417,681.6143,633.31494,545.99365,612.57294,664.0634,595.02203,593.85974,580.6622
0.7998092541327844,591.3831,54.045837,604.16583,39.665302,588.18744,42.860977,647.30743,47.654488,591.3831,50.850163,701.63385,141.92688,575.4047,133.9377,743.1776,239.39496,532.2631,234.60144,797.5041,328.87384,473.14316,303.30844,660.0901,324.08032,586.5896,320.88464,658.49225,469.48352,584.99176,463.09216,666.48145,584.5278,581.7961,570.1473,620.14417,-0.280627,637.7204,100.38312,623.33984,314.49332,656.8944,640.4521,562.6221,624.4737,680.862,635.65857,546.6437,613.2889,664.8836,597.3105,592.98096,581.3321
0.798148512840271,589.9102,55.69924,601.086,41.330334,588.31366,42.92688,645.7893,47.716515,591.5068,50.909607,701.66833,141.91267,577.1378,130.73686,752.7578,228.12611,527.64496,226.52957,821.40924,303.16373,457.39697,279.21555,658.56165,327.1119,586.7171,322.32227,658.56165,466.01132,588.31366,461.2217,666.5444,582.55914,583.52405,569.78674,621.8411,-0.17983758,639.4031,100.402504,623.4376,315.9361,658.56165,638.43823,565.96204,625.66583,682.5098,632.052,548.4,614.49005,663.35126,593.7349,593.1033,579.366
0.8039929133195144,589.4394,55.801144,600.6235,41.421604,586.2439,43.019333,645.3598,46.214783,591.0371,49.410236,704.4757,140.48065,578.2553,130.89429,760.3961,221.96469,525.53033,223.56242,832.2938,287.47147,458.4258,265.1033,659.7393,327.41464,587.8417,324.21918,658.1416,466.41684,587.8417,461.62366,667.72797,583.0509,583.04846,570.26904,621.3939,-0.11928284,640.56665,100.53748,624.58936,316.23056,659.7393,638.9713,567.0712,626.1895,682.1075,632.5804,547.8985,615.00543,664.53253,592.6372,592.6348,579.8554
0.8080553870934707,590.23193,57.228424,599.8882,42.744083,587.0132,42.744083,643.3412,45.962826,593.4507,47.572197,706.1067,139.30635,578.9664,129.65013,768.87213,216.55617,521.029,218.16554,846.12195,276.1029,455.04477,255.18108,659.43494,324.38403,587.0132,319.55594,659.43494,464.39932,587.0132,461.1806,669.0911,583.4928,583.7945,572.2272,622.4194,-2.3183098,641.7318,99.072075,624.02875,314.7278,661.0443,639.8208,566.0914,628.5552,685.1849,633.3833,548.3883,618.899,664.263,594.7584,593.4507,583.4928
0.7988932018096631,591.8028,54.538788,603.38074,41.306824,590.1488,42.96082,646.38464,46.26881,593.4568,51.230797,705.92847,137.23856,578.5708,128.96858,777.05023,213.32234,519.027,211.66835,863.05804,267.9042,447.90518,248.05624,661.27057,324.14005,590.1488,317.52405,659.6166,463.07565,586.8408,459.76767,669.5406,583.8173,583.5328,570.5853,621.5747,1.6109358,641.42267,100.85066,626.5367,312.56207,662.92456,636.7452,566.99286,626.82117,686.0805,631.7832,548.7989,616.8972,666.23254,593.7413,593.4568,582.1633
0.8020309163973882,592.8283,57.211582,604.66797,43.680542,591.13696,45.37192,646.95245,48.754684,594.5197,52.137444,704.4594,138.39781,577.6059,133.32368,778.8801,207.7444,513.33344,209.43578,863.4491,255.10303,445.67825,241.57199,660.4835,324.44962,587.75415,317.68408,658.7921,463.14276,586.0628,459.76,668.9404,581.53937,582.68005,571.39105,621.5818,3.0874252,640.18695,101.18746,624.96454,312.60995,663.8663,635.6635,567.45764,625.51526,685.8542,630.58936,550.5438,615.36694,665.5577,593.379,592.8283,581.53937
0.7996013783491575,594.5938,58.135357,605.03595,44.212536,591.1131,44.212536,650.2851,49.433594,592.85345,51.173946,705.9764,139.93193,578.93066,134.71088,784.29224,206.06534,512.79724,206.06534,873.05023,246.09344,443.18314,232.17062,660.72723,326.14966,589.37274,317.4479,658.9869,461.89716,585.8921,458.41647,669.42896,580.24115,582.4114,571.53937,624.1798,-1.0366325,643.32367,103.38452,627.6605,312.22684,664.20795,634.1921,568.4885,623.74994,686.8325,628.971,551.085,613.30786,665.9483,590.6833,592.85345,581.9815
0.7874313111488636,591.7458,54.248096,606.1074,39.88645,590.1501,41.48219,649.1924,47.865143,594.93726,49.46088,709.83044,137.22649,578.9799,132.43927,776.85144,209.0347,505.57593,207.43896,870.99994,240.94946,433.76773,224.99208,665.1498,330.3108,588.5543,327.11932,660.36255,464.3528,585.36285,459.56558,666.7455,579.246,583.7671,569.6715,623.6606,-0.0070016384,641.2137,102.12024,628.44775,319.14062,660.36255,633.50104,566.214,623.92664,684.2986,630.3096,550.2566,617.5437,665.1498,590.41614,591.7458,582.43744
0.8102837136158576,592.0565,60.086544,604.44116,45.932655,590.28723,45.932655,650.4413,51.240364,595.595,53.009598,710.59534,137.93294,581.44104,132.62523,790.21094,194.5485,507.13315,196.31773,880.442,219.3178,429.28674,217.54857,662.8259,329.01044,592.0565,321.9335,661.0567,463.4724,588.518,458.1647,669.9029,582.0112,583.2103,569.6266,623.9027,1.7017488,645.13354,102.54821,627.4412,314.85657,662.8259,635.0883,569.0564,622.7037,685.826,631.54987,551.3641,612.08826,664.59515,594.3959,593.82574,580.242
0.8122898500699264,594.16974,60.542576,606.78705,46.122833,592.3673,46.122833,650.04626,49.727768,595.9722,53.332703,711.3302,136.24623,579.75,132.6413,788.8363,192.12274,505.84885,193.9252,886.16956,211.94989,430.14517,211.94989,662.6636,330.91278,592.3673,321.90042,660.8611,462.49292,586.9599,460.69046,669.8734,579.6533,583.355,570.641,624.8117,1.0611333,644.63885,101.99934,628.4166,314.69055,668.0709,633.72736,567.13275,621.1101,689.70056,628.32,550.9105,610.2953,666.2685,592.2706,594.16974,581.4558
0.8056988761975215,592.01105,58.37084,604.71893,43.847523,590.1956,45.662937,648.2889,49.293766,595.64185,52.924595,710.01294,134.61824,582.93396,132.80283,793.52203,189.08067,504.87112,187.26526,887.9235,209.05023,432.25458,205.4194,662.8122,327.05215,593.8264,319.7905,660.99677,461.39282,588.3802,457.762,671.8892,579.3947,584.7494,570.3177,622.87305,-1.5378355,644.658,100.12537,630.1347,312.52884,666.443,635.6726,570.2261,622.96466,688.22797,630.2263,552.0719,612.0722,666.443,592.10266,593.8264,581.21014
0.8104171638305371,592.1822,58.4662,605.0076,43.80858,588.51776,45.64078,648.98047,47.472984,592.1822,52.969593,709.4432,133.58653,583.0212,131.75432,793.72455,184.88821,502.40424,181.2238,888.9991,205.04245,427.2839,199.54584,663.6381,329.63226,594.0144,324.13565,661.8059,463.3831,590.35,459.71866,670.9669,580.64404,584.8534,571.48303,619.6652,-1.9964967,645.3161,100.60687,630.65845,314.97464,667.30255,633.77795,568.3636,622.7847,687.4567,628.2814,551.8737,611.7915,667.30255,593.4695,594.0144,580.64404
0.8027891745934119,590.6716,59.43392,603.4468,43.00867,588.84656,44.8337,647.24744,48.483757,592.49664,52.133812,709.2984,134.26007,583.37146,130.61,796.8997,181.71078,499.4202,178.06073,889.97614,203.61111,424.59406,190.83592,663.6727,329.53806,594.32166,324.06296,661.84766,462.76508,590.6716,459.11502,670.97284,581.3919,583.37146,570.4417,619.872,-2.6170235,645.4224,99.58453,628.9972,313.1128,667.32275,634.3177,570.5963,621.5425,689.2231,627.0176,552.346,610.59235,667.32275,592.34204,592.49664,579.56683
0.8064560844348028,595.82043,56.303978,609.0178,43.106598,592.0498,44.991936,650.4953,50.647957,595.82043,52.5333,707.05554,131.71759,578.8524,131.71759,801.3225,176.96576,497.78278,173.19507,901.24554,197.7045,418.59848,178.85109,663.6927,327.79297,593.9351,320.25162,659.922,461.65213,588.2791,459.76678,667.4634,584.1992,584.5084,569.1165,624.1006,1.6291118,642.954,99.6668,629.7566,312.71024,669.3487,636.9888,569.4257,620.0207,690.08746,631.33276,552.45764,608.7087,663.6927,595.5113,593.9351,580.4285
0.7983419918096982,596.314,55.78398,609.53656,42.561478,592.5362,42.561478,651.09296,48.228268,594.4251,50.117195,707.76086,131.34116,579.31366,129.45222,804.09625,176.67546,499.97864,172.8976,900.43164,195.56474,422.53253,174.78653,664.3155,327.7898,592.5362,320.23407,660.5376,461.90378,590.6472,458.12592,668.0933,582.7952,583.09155,569.57275,626.5369,-0.8838942,641.6483,99.229355,628.42584,312.67838,669.9823,637.5742,569.869,620.57385,690.7605,631.9074,552.86865,609.24023,664.3155,594.12885,592.5362,580.9063
0.7980388036141028,594.0976,59.016083,609.0301,45.95017,592.231,49.683285,650.09436,49.683285,594.0976,55.282963,707.9577,131.81189,581.0317,129.94533,801.28564,174.74275,498.90308,171.00963,896.48016,195.2749,418.64105,169.14307,663.1603,324.06747,594.0976,318.4678,663.1603,464.05942,590.3645,456.59317,670.6265,583.5192,582.89825,570.4533,622.096,4.8858657,642.6281,101.94694,629.56226,311.00156,666.89343,635.78284,567.96576,624.5835,689.2921,630.18317,551.16675,613.38416,666.89343,594.71857,594.0976,581.65265
0.799531496488131,594.0719,58.34449,607.17523,45.241127,592.19995,47.113037,650.2291,48.984943,595.9438,56.47258,710.13025,133.22084,582.84045,129.47702,805.5976,176.27473,502.34836,168.78711,901.06494,193.12192,419.98434,168.78711,663.3325,324.15555,594.0719,318.5398,661.4606,460.80487,590.32806,457.06107,670.8201,582.47894,584.71234,567.50366,622.1505,4.0591335,644.6134,99.52648,629.6381,311.0522,668.94824,634.8924,569.73706,621.78906,689.53925,631.14856,552.8899,610.55756,665.2044,593.7104,594.0719,578.7351
0.8070072050278003,592.5035,58.592476,605.5056,43.732918,588.7886,47.447807,650.0843,49.305252,592.5035,56.73503,711.37994,132.89026,581.3588,129.17538,802.3947,177.46893,497.7738,168.18172,898.9819,194.18594,412.33133,168.18172,663.08636,324.2071,594.3609,318.63474,663.08636,461.658,590.64606,456.08566,670.5162,582.3919,583.21625,569.3898,620.3652,2.869133,644.51196,101.313705,629.65234,311.20496,666.8013,634.4003,568.3567,623.2557,689.0906,628.828,551.6397,612.111,666.8013,593.53656,592.5035,580.5344
0.8011531142088083,596.00574,56.162846,609.30444,42.864143,592.2061,42.864143,651.10034,48.563587,594.1059,50.4634,709.9946,132.15543,578.9074,128.3558,804.98535,177.75098,499.1152,170.15172,901.8759,194.8493,413.62354,168.2519,662.49927,325.93652,592.2061,320.23706,660.5994,460.82336,590.3063,457.02374,668.19867,582.4115,584.6069,567.21295,626.4028,-0.83159256,643.5011,99.85858,628.3026,310.738,670.0985,639.40594,571.30817,620.4078,690.99646,633.7065,554.20984,609.0089,664.39905,593.81036,594.1059,578.6119
0.8082220623126397,597.5169,58.128498,610.9077,44.737686,593.691,46.650658,651.0802,48.563633,595.60394,52.38958,708.46936,132.73445,578.3872,128.9085,804.11804,176.73282,498.04233,170.99391,903.5926,195.86255,413.87152,167.16795,664.471,325.94473,593.691,318.29282,660.645,461.7658,589.86505,457.93985,668.29694,584.1961,584.1261,568.8923,624.2985,0.7393056,643.4283,100.213905,630.0375,310.64093,670.2099,639.6723,570.7353,622.45557,691.2526,633.9334,553.51855,609.06476,662.558,593.7609,593.691,578.45715
0.8121959521220281,599.9994,57.83821,613.51434,44.32328,594.2073,46.253983,654.05914,50.115395,594.2073,53.976803,708.11884,133.1357,580.6923,129.27429,804.6541,179.47261,499.60275,169.81909,903.12006,198.77966,418.51315,169.81909,663.71265,326.20618,592.27655,318.48334,659.85126,463.2862,590.3459,457.49408,667.57404,584.9206,584.5538,567.54425,623.16785,3.7784796,644.4056,102.24442,628.95996,310.76053,669.50476,638.98035,571.0388,621.604,690.7425,633.18823,553.6625,608.08905,663.71265,592.64343,594.2073,577.19775
0.7947886746663314,594.4386,58.51983,607.43665,43.664917,592.5817,45.521782,650.14453,49.23551,596.2955,52.949238,711.421,132.79439,581.44055,129.08066,800.5505,181.07285,497.88165,171.78853,898.9643,201.49835,414.32278,171.78853,663.1426,324.0514,592.5817,318.48077,659.42883,463.31616,588.868,455.88873,668.71313,582.15546,583.2974,571.0143,624.14844,2.8139105,644.5739,101.2277,627.8621,311.05334,663.1426,632.2908,568.4425,624.86334,685.4249,628.5771,551.7307,613.72217,663.1426,595.1535,592.5817,584.0123
0.7953060865402222,601.3673,65.05977,612.618,51.934032,597.6171,53.80914,651.9952,53.80914,597.6171,59.434452,710.1234,134.43863,580.7412,130.68843,802.00354,181.31625,500.1117,171.94072,899.509,203.8175,417.6071,175.69093,663.2458,323.8242,593.86694,318.19888,661.37067,462.58194,590.1167,456.9566,670.7462,582.5886,584.4914,569.4629,620.1184,10.681733,644.49475,104.43696,629.4939,310.69846,665.1209,633.21643,569.49054,621.9658,685.7471,627.5911,552.6146,612.5903,666.996,593.83923,593.86694,580.7135
0.8027204137582046,599.4983,63.314034,610.73785,50.201195,595.7518,52.074455,651.94965,52.074455,597.625,57.694244,710.02075,132.62474,580.7656,132.62474,799.9374,183.20282,498.3421,175.70978,897.347,205.68198,415.91855,183.20282,663.1892,323.6975,593.8785,316.20447,661.3159,462.3189,590.13196,456.69913,670.68225,584.081,584.51215,569.0949,621.9774,7.1161594,644.45654,104.5258,629.47046,310.58466,665.06244,634.65906,569.52606,623.4195,687.5416,629.0393,550.79346,612.17993,665.06244,595.32056,593.8785,582.2077
0.8073349319971524,595.5208,54.796032,608.6608,40.013474,593.8783,41.65598,651.366,46.5835,597.16327,49.86851,710.4963,135.27887,582.38074,130.35135,800.8341,191.12408,500.2554,177.98404,897.742,215.76169,414.84503,186.19656,666.14856,325.80963,592.2358,320.8821,661.22107,463.7802,588.95074,458.8527,667.7911,582.0407,584.02325,570.54315,630.0134,-2.691702,646.4385,100.786224,630.0134,315.9546,661.22107,637.8859,567.59814,626.38837,685.85864,632.9584,549.5306,618.17584,666.14856,593.5382,593.8783,582.0407
0.7756489446529975,594.40356,56.058163,607.70306,41.0962,594.40356,41.0962,652.589,46.08352,602.71576,49.4084,712.4368,134.19286,577.7792,132.53043,785.5842,194.04071,497.98203,192.37828,873.69354,233.93929,423.1722,213.99,664.2261,323.71106,592.74115,318.72375,660.9012,461.69363,586.0914,458.36874,667.55096,581.38934,582.7665,568.0898,627.6524,-5.452134,644.2768,100.94405,629.3148,313.73642,657.5763,636.2499,566.1421,621.2879,680.85046,632.925,547.8552,611.31323,665.8885,594.68884,591.0787,581.38934
0.8018675377735724,595.43396,60.564297,607.58234,46.680447,593.6985,46.680447,652.70483,50.15141,598.9049,51.88689,713.4467,136.92548,579.81464,133.45451,788.0724,199.4028,503.45346,197.66733,871.3755,246.2608,432.2987,227.17052,664.8532,326.09296,595.43396,319.15103,661.38226,461.4605,590.22754,456.25406,668.32416,582.9442,583.2856,569.06036,626.6726,-1.9130323,647.4984,102.21585,630.1436,313.94458,663.11774,635.0086,567.66626,622.8603,685.679,629.8022,550.31146,612.4474,663.11774,595.0926,593.6985,581.20874
0.7902753215569717,595.9905,56.793163,607.6784,41.765797,594.32074,43.435505,652.7605,48.44463,597.66016,50.114334,709.5306,135.26941,580.96313,130.26028,781.328,205.39713,510.8354,200.388,861.47394,258.82776,445.7168,238.79128,664.4485,323.94635,594.32074,318.93723,661.1091,464.20178,589.31165,457.52295,669.4576,584.4207,582.6328,571.06305,629.38464,-3.316302,646.0817,100.20556,631.0543,312.2584,662.77875,636.18164,569.27515,624.4937,686.15466,631.17255,549.23865,614.47546,664.4485,596.10864,592.65106,582.751
0.7855727466253134,596.8776,57.12664,608.0685,42.738388,595.27893,44.337082,649.6345,47.534473,598.4763,47.534473,710.3849,137.06136,584.0881,127.46919,780.7275,213.79869,516.9429,205.80522,852.6687,269.753,449.7977,252.16736,664.02277,324.1086,592.08154,317.71384,660.8254,463.19504,588.88416,458.39896,668.81885,586.2945,584.0881,570.30756,628.8515,-3.6237502,646.43713,98.692696,630.4502,314.51645,660.8254,639.0514,571.29846,626.26184,683.2071,632.6566,552.11414,616.6697,665.62146,597.48535,592.08154,581.4984
0.7882732817759881,598.1443,57.420597,609.3244,43.04617,596.5471,44.643326,652.4477,47.837646,599.74146,49.434803,713.1397,138.8757,585.367,132.48706,769.0403,223.52513,531.0636,220.33081,823.3437,298.59158,478.35736,289.00864,666.82214,328.93762,596.5471,324.14615,662.03064,467.89044,590.1585,461.5018,668.41925,584.48303,583.76984,571.70575,631.68463,-1.6742811,647.6562,100.54389,631.68463,317.7575,662.03064,637.1893,567.7983,627.6063,682.7937,630.80066,550.2295,616.4262,663.6278,595.66315,593.3528,581.2887
0.78693759899873,600.1715,57.390743,611.3383,44.628654,598.57623,44.628654,651.21985,49.414436,603.362,51.009697,713.43506,138.74905,589.00464,130.77275,764.4834,231.2742,541.14685,220.10738,809.1507,312.6325,499.67004,296.6799,667.1725,328.58514,595.3857,322.20407,662.38666,467.37283,590.5999,460.9918,668.7677,583.8269,585.81415,569.46954,632.0767,-0.03865671,649.6246,100.46279,633.672,317.4183,660.79144,638.0658,569.8615,623.70844,684.72034,633.28,550.7184,615.7321,665.5772,594.9937,593.79047,579.04114
0.8016308454366831,600.25494,57.330738,611.43274,44.556133,598.6581,44.556133,652.9502,49.34661,603.4486,50.943436,713.6296,140.36568,589.07715,130.78473,758.3407,237.77206,550.7533,228.1911,795.0677,320.807,518.81683,311.22604,667.3216,331.98477,595.4645,325.59747,662.5311,467.71497,590.67395,461.32767,667.3216,584.28326,584.2867,568.315,633.78827,-0.15499139,649.75653,100.44504,632.19147,320.807,659.33746,638.5753,569.9152,624.2039,683.28986,633.78485,552.35016,614.623,665.7248,595.46106,593.8676,577.89594
0.7934255920923673,599.5303,57.40495,610.68884,43.05823,599.5303,44.652313,655.32306,49.43455,604.3125,51.02863,717.4922,140.29709,589.9658,133.92076,750.96783,242.31818,561.27234,237.53593,779.66125,333.1807,537.3612,328.39847,669.6698,336.36887,597.9362,329.99255,664.8875,468.67746,591.5599,462.30115,668.0757,583.4512,585.18353,567.5104,634.60004,-1.5759935,652.1349,102.03918,634.60004,323.6162,660.1053,637.6499,572.4309,623.30316,684.0165,631.27356,553.302,615.33276,663.29346,594.60974,593.15393,578.66895
0.7904142485215113,601.6007,58.459637,612.7684,44.10122,601.6007,45.696598,657.439,50.482735,609.57764,52.078117,719.6589,139.824,592.02844,136.63324,743.58954,245.11908,571.2885,240.33293,762.73413,339.2465,553.7393,329.6742,671.7974,336.05573,601.6007,331.2696,665.41595,470.06763,592.02844,463.68613,668.6067,581.7442,584.0516,570.57654,636.6991,2.6213417,654.2483,103.13027,638.2945,323.2927,662.22516,635.9871,571.2885,624.81946,684.5605,628.01025,552.144,616.8426,662.22516,594.50726,592.02844,581.7442
0.8100891663477972,601.2321,57.44459,612.4051,43.079285,601.2321,44.67543,658.6933,49.463863,607.6167,51.06001,719.34686,138.84799,594.84753,137.25185,733.71216,245.7897,578.88605,237.80898,744.88513,336.76996,562.9246,324.00082,674.6548,335.17383,602.82825,330.38538,665.0779,470.84616,593.2514,464.46158,666.6741,582.5763,583.6745,571.4033,636.3473,-0.016631365,655.50104,102.13665,639.5396,322.40466,661.8856,636.8452,567.7131,627.2684,684.2316,630.46063,550.15546,616.09534,660.2895,593.7493,593.2514,582.5763
0.7860333621501923,604.8106,58.091248,617.55945,43.74881,606.40424,45.342415,660.58673,51.71683,612.7786,53.310436,721.1437,137.77145,598.4362,134.58424,722.7373,247.73013,587.28094,236.5749,717.9565,335.37836,569.75134,327.41034,676.52277,332.19116,606.40424,327.41034,666.9612,472.4283,595.24896,462.8667,666.9612,582.38696,584.09375,569.6382,638.2763,0.72150135,657.39954,101.11856,641.4635,319.44232,658.99316,634.97595,566.5641,623.8207,682.8972,630.1951,549.0345,612.66547,662.18036,595.1358,592.06177,580.7934
0.7997224055803739,604.6645,57.829163,617.4102,43.490242,606.2577,45.083458,662.0202,51.45631,614.22375,51.45631,722.5623,137.48982,599.8849,135.89662,720.96906,244.23512,588.73236,236.26906,713.003,331.86185,569.61383,325.489,677.95233,335.04828,606.2577,330.26865,668.39307,473.65784,596.6984,464.09857,668.39307,581.99634,583.95276,567.6574,641.3084,-1.1197295,658.83374,100.845924,642.9016,322.30258,660.427,636.1656,566.42737,623.4199,684.3252,631.386,548.90204,612.2674,663.6134,593.14886,591.9188,580.40314
0.8131788716866419,606.55084,57.69269,619.303,43.346508,608.14484,44.94053,663.93555,49.72259,614.52094,51.31661,722.9143,137.39369,601.76874,135.79968,722.9143,244.19304,587.42255,239.41098,716.5382,331.86417,565.1063,330.27014,679.87573,333.45816,608.14484,330.27014,668.7176,472.1379,596.9867,462.5738,668.7176,582.1253,584.23456,567.7791,641.61926,-1.2860541,659.1535,100.73123,644.8073,322.30002,660.7475,636.322,566.7003,623.5698,684.65784,629.9459,549.1661,612.4117,663.93555,593.28345,592.20465,580.5313
0.8193611021225269,608.02405,60.01847,620.748,44.11348,609.6145,45.70398,665.282,50.47548,615.9765,52.065975,725.72095,136.36243,603.2525,136.36243,727.31146,242.92584,587.34753,238.15436,722.5399,331.99377,563.49005,325.6318,682.77747,336.7653,611.205,331.99377,670.05347,471.9577,596.8905,462.4147,668.46295,583.2926,584.16656,568.97815,641.4245,1.1700106,662.101,101.371445,647.7865,324.0413,662.101,637.36957,565.08057,624.64557,684.368,631.00757,547.5851,613.5121,663.69147,594.4261,592.119,581.70215
0.8166766487635099,608.37573,59.584015,621.068,45.305252,609.9623,46.89178,665.4908,50.06484,616.3084,51.651367,728.95197,138.91048,603.61615,137.32394,732.12506,245.20793,587.75085,238.86182,727.3655,332.46704,559.19336,322.94788,684.5292,337.22662,613.1353,332.46704,671.8369,472.08163,597.2701,462.56244,668.6639,583.1387,584.5778,568.8599,641.6929,0.882432,662.31775,102.4203,649.6255,324.5344,660.7312,637.0807,565.5395,625.975,684.5292,630.73456,548.08765,613.2827,663.9043,594.2444,592.51044,581.5521
0.8102042629168584,611.4804,60.064377,624.1854,45.771214,613.06854,45.771214,668.6531,52.12373,621.00916,52.12373,733.76636,144.23523,605.12787,137.88272,741.70703,250.63991,587.65845,237.93488,740.1189,331.6345,559.07214,314.16507,686.1225,339.57516,614.6567,333.22263,671.82935,472.97803,597.18726,461.8611,667.06494,580.9708,589.2466,569.85394,648.0074,1.3035899,665.4768,104.532,651.18365,325.28198,662.30054,636.55536,563.83655,623.85034,684.53436,630.2028,547.9552,612.7334,660.7124,592.0877,598.7754,582.55896
0.8108978409033555,610.886,59.020603,623.58215,44.737415,612.47296,44.737415,669.6058,51.0855,620.4081,52.67252,734.67365,141.5457,606.1249,138.37166,747.3698,247.87611,585.49365,239.94101,747.3698,331.98825,553.7532,320.8791,687.063,339.92334,615.64703,333.57526,672.7798,473.23312,598.1898,462.12396,666.4317,579.56354,591.84174,568.4544,648.9745,0.3008237,666.4317,103.4572,652.1485,325.64014,661.67065,636.6963,563.2753,624.0001,683.8889,630.3482,548.9921,611.30396,660.0836,590.67267,602.95087,582.73755
0.7944652094290807,611.0308,59.281063,623.6728,45.058846,612.611,45.058846,669.49994,51.37983,620.51227,51.37983,735.87024,141.45387,606.29004,138.29338,751.6727,247.33038,585.7468,239.42915,753.253,332.6637,554.1419,318.44147,688.4629,340.56494,615.77155,334.24396,671.08014,474.88586,596.8086,460.66367,667.9197,580.7624,596.8086,569.7007,648.9567,-0.76830244,667.9197,103.52796,653.69745,326.3427,663.17896,637.65125,562.04315,621.8488,685.30237,631.33026,550.98145,609.20685,661.5987,593.40436,607.8703,582.34265
0.7960247787145468,611.10785,58.56387,623.7687,44.320385,612.6904,44.320385,669.66437,50.65082,620.60345,52.233433,736.134,139.27696,607.9426,139.27696,753.54266,246.89442,587.36865,237.39876,759.8731,332.35535,555.7165,310.1988,688.6557,341.851,617.43823,333.93796,672.8296,476.37283,598.44696,460.54672,666.49915,582.40765,603.19476,568.1642,650.67303,0.0073137283,668.0818,102.87694,653.83826,326.0249,663.3339,639.3816,563.6295,620.3903,685.4905,633.05115,555.7165,607.72943,660.1687,595.06854,615.85565,580.8251
0.7854706484537858,610.9408,56.63519,623.6297,42.36015,614.11304,43.946266,669.6271,50.290726,625.2158,51.876842,736.2439,139.1132,607.76855,137.52708,756.8634,245.38295,587.14905,237.45236,763.2079,332.6193,555.42676,310.4137,687.07434,340.5499,615.69916,334.2054,671.2132,473.7836,599.838,462.6808,666.45483,580.05334,609.3547,568.9505,652.1798,1.1211436,668.04095,102.632545,653.7659,326.27484,660.11035,635.5674,568.11566,621.29236,682.316,630.809,560.1851,607.0173,663.2826,594.32837,622.0436,583.2256
0.7858931811956259,611.2384,56.87275,623.95026,42.57189,612.8274,44.160877,668.44183,48.92783,622.36127,50.51681,735.17914,139.49992,609.6494,136.32195,757.4249,245.96185,587.4036,236.42795,766.95886,333.35596,555.62396,312.6992,685.92065,339.7119,614.4164,333.35596,670.0308,474.77554,600.11554,463.65265,665.26385,579.6485,614.4164,570.11456,649.374,1.2583079,668.44183,101.3643,652.552,325.41104,655.73,635.26294,569.9248,619.3731,677.9757,627.318,563.5689,606.6612,662.0859,592.36035,627.12823,584.41547
0.764709337399556,611.1428,56.454178,622.292,42.119583,612.7356,43.71232,668.4812,48.490513,619.1065,50.083244,733.78326,139.27626,609.5501,134.49806,762.45245,244.3966,585.6591,234.84021,768.82336,333.58963,556.9899,317.6623,686.0013,339.96054,614.3283,333.58963,666.8885,476.93555,603.1792,467.37915,666.8885,583.6486,623.8847,570.90674,647.7757,-2.476924,668.4812,101.05068,650.9612,325.62595,655.7394,637.8015,577.6955,618.6887,679.6304,633.0233,572.9173,604.3541,665.2958,596.39044,636.6266,582.0559
0.7698083611635061,609.1302,56.636185,620.28876,43.883553,610.7243,43.883553,664.923,48.66579,621.8829,50.25987,735.06244,141.12238,609.1302,136.34015,768.53815,241.54936,585.21906,230.39081,768.53815,330.8178,561.30786,310.09476,685.646,341.97635,615.50653,335.60004,669.7052,474.2849,604.34796,467.9086,668.11115,582.6823,626.6651,569.9297,647.3881,-3.9388218,668.11115,102.86448,650.5763,327.62964,658.5467,640.06915,577.24866,616.15796,680.8638,635.2869,574.0605,603.40533,666.5171,595.43494,637.8236,581.0882
0.7499219396939645,608.3933,58.392193,619.5342,44.068207,609.98486,45.65976,660.9146,48.84287,622.7173,52.025978,732.53455,142.74457,611.5764,134.7868,772.3234,238.23782,584.52,230.28006,764.36566,327.36487,565.4213,306.67465,684.7879,343.28043,616.3511,336.91418,667.2808,475.37943,606.80176,470.60477,668.8724,583.6051,629.0835,570.8727,646.59064,1.0962399,665.6893,101.36416,651.3653,328.95642,656.13995,640.90106,574.97064,617.0278,680.01324,637.71796,574.97064,605.88684,670.4639,596.3375,640.22437,585.19666
0.7483515556042011,607.61334,56.862,618.7597,44.12333,607.61334,44.12333,661.7527,47.308,671.3067,50.49267,731.8154,142.84802,610.79803,133.29402,779.5854,238.38806,583.72833,227.24171,758.8851,329.1511,567.805,294.11975,684.0454,345.07443,615.575,338.70508,668.1221,475.64578,607.61334,467.6841,669.71436,583.9245,628.3137,571.1858,645.82935,-0.46201515,666.5297,101.44735,650.6064,332.33575,658.56805,642.8408,577.359,617.3635,682.45306,639.6562,577.359,606.21716,671.3067,596.66315,639.46,583.9245
0.7520889273056617,603.3568,56.08448,614.52576,41.72443,604.9524,44.91555,659.2015,44.91555,619.31244,49.702236,729.4062,142.24478,609.7391,134.26698,783.6553,228.40509,584.2101,225.21397,756.5307,311.37427,569.85004,263.50745,681.5393,344.88107,616.12134,336.90326,665.58374,474.12152,608.1435,467.7393,670.3704,584.2153,628.8858,573.0463,641.65027,-4.5468483,662.3926,100.76019,649.6281,330.52103,657.6059,641.65546,576.2323,616.12646,683.1349,638.46436,576.2323,606.5531,673.5615,596.97974,640.05475,585.8108
0.7540906702096646,602.4594,56.92737,613.59045,42.61602,602.4594,44.20617,658.1147,45.796318,662.88513,48.97662,729.67145,142.79547,610.41016,133.25456,786.9168,228.66357,583.3776,225.48328,745.57294,309.76123,570.65643,263.64688,678.7866,344.7445,613.59045,338.3839,664.4753,475.1368,610.41016,470.36636,670.8359,584.8572,627.9018,573.72614,642.2132,-5.08848,662.88513,99.86142,646.98364,330.43317,656.52454,642.10254,573.83673,615.07,680.3768,638.92224,575.4269,603.93896,675.6063,597.57837,639.0329,588.0375
0.7517038022096341,599.28143,57.863876,612.06494,43.48242,599.28143,45.08036,655.2093,46.6783,610.467,49.87418,723.9207,140.95671,608.8691,136.16289,786.2403,227.24542,580.10614,222.4516,723.9207,297.55475,572.11646,254.41039,674.3846,347.09085,612.06494,340.6991,660.0031,479.71982,613.6629,471.7301,672.7866,589.9776,628.0443,575.5961,634.4361,-4.4557514,658.40515,101.00823,644.02374,332.7094,658.40515,644.30756,572.11646,617.1426,682.37427,641.11163,572.11646,605.957,677.58044,604.3591,637.63196,589.9776
0.7426531716034963,597.53,54.592102,608.74695,43.375183,599.13245,43.375183,652.0122,46.580017,613.5542,48.182434,720.91614,141.12262,610.34937,133.11053,786.61523,226.05072,583.1083,216.43622,716.1089,283.73773,573.4938,248.48456,669.6388,346.232,610.34937,339.82233,656.81946,480.83502,613.5542,471.22052,674.44604,594.6066,627.97595,576.98004,632.7832,-4.6973267,658.4219,101.062195,642.3977,330.20782,658.4219,647.4864,570.28894,618.6429,682.4581,644.28156,571.89136,605.82355,680.8557,607.42596,637.59045,591.4018
0.7463220059871674,596.28174,54.515873,607.49927,41.695904,597.8843,41.695904,649.1641,48.10589,653.9716,48.10589,718.0715,139.44818,610.7042,134.64069,786.9788,221.17549,585.0643,219.573,710.059,269.2504,573.8468,261.2379,668.3941,347.7727,610.7042,342.9652,652.36914,482.38242,613.90924,472.76743,674.8041,596.15967,628.33167,576.9297,633.13916,-6.378989,657.17664,100.988266,641.1517,333.35025,655.57416,650.64453,570.64185,616.9921,681.21405,649.04205,572.2443,605.77466,684.41907,608.9796,637.94666,591.3522
0.7458131588422335,595.3534,56.50599,608.23364,42.01575,596.96344,43.625774,648.48425,46.84583,653.31433,48.455856,716.1054,138.61734,613.0637,135.3973,783.7265,217.50865,592.13336,222.33873,704.8352,267.41946,576.0331,251.31921,671.02466,346.3108,613.0637,339.87067,653.31433,484.77307,614.6737,471.89285,679.07477,594.2549,629.16394,576.54456,632.38403,-6.2850485,654.9244,101.58673,643.6542,328.6005,653.31433,650.6058,572.81305,616.7952,679.07477,650.6058,572.81305,603.91504,690.345,607.1351,638.8241,589.4248
0.7458204787511092,593.0434,56.78819,605.9767,42.23827,594.6601,42.23827,648.00977,47.08824,652.85974,47.08824,714.2927,136.00443,614.05994,137.62108,785.4257,216.83731,599.5101,224.92061,706.2095,262.10373,578.49347,247.55382,670.643,347.7866,614.05994,342.93665,646.3931,486.81918,615.67664,475.50256,681.9596,596.7519,628.60986,575.73535,628.60986,-7.8781233,654.47644,102.05461,643.1598,331.62003,651.2431,653.33496,570.4102,614.53516,677.1096,653.33496,572.02686,603.21857,694.8929,606.45184,639.9265,590.2853
0.735580977339011,589.90247,53.78209,603.30164,38.708004,591.5774,38.708004,645.17413,43.7327,650.1988,47.082497,710.4951,132.5023,618.37573,134.1772,784.1907,212.89743,620.05066,221.27191,688.7215,254.76988,579.8531,259.7946,671.9725,343.5395,620.05066,338.5148,645.17413,489.25565,616.70087,474.18155,690.39636,609.8483,630.10004,574.6755,625.0753,-11.538942,653.5486,100.67924,646.849,326.7905,643.4992,666.79486,571.4786,606.49854,668.6227,670.14465,573.1535,594.77423,707.1453,619.8977,638.47455,589.7495
0.7237237325081458,589.2502,52.914757,602.90063,37.558018,590.9565,37.558018,643.8519,42.67693,650.6771,44.383236,706.98517,133.11105,623.3763,127.99215,785.47516,215.01367,633.6141,215.01367,688.2158,259.37756,582.425,257.67126,669.4465,344.69278,618.2573,339.57388,642.1456,489.72867,616.551,474.37192,689.9221,619.4078,628.4952,573.3376,623.3763,-13.631112,654.0897,97.27867,643.8519,327.62976,635.3204,675.7158,572.18713,600.6384,662.6213,680.8347,573.89343,588.69434,708.69147,629.6456,637.0267,588.69434
0.7055172496117078,587.5066,51.909313,601.3279,38.088005,590.9619,38.088005,642.7918,41.54333,651.4301,43.270996,703.26,129.65417,630.6982,127.926506,779.2772,212.58202,646.24713,214.30968,679.07275,259.22894,589.23425,267.86725,666.9791,345.61212,622.0599,340.4291,644.5195,494.19116,616.87683,475.18686,689.4387,632.40424,630.6982,573.6637,620.3322,-13.741901,653.1578,96.82856,644.5195,328.33548,628.9705,682.5065,570.2299,599.5787,653.1578,689.4172,575.41296,587.485,708.44305,646.2256,637.6088,589.21265
0.703133299946785,585.08124,52.227367,598.96515,36.607964,588.5522,36.607964,640.6169,41.81443,649.2944,43.54992,699.62354,130.3244,637.14594,126.853424,775.9851,211.89241,659.7073,215.36339,673.5912,257.01514,593.75867,260.4861,664.91376,350.73157,624.9975,345.52512,645.82336,503.45465,616.32007,477.42233,687.4751,644.0293,631.93945,574.60974,621.5265,-13.721237,652.7653,95.61461,645.82336,331.6412,619.791,685.6811,569.46185,602.37756,645.82336,694.3585,574.6683,588.49365,708.30096,657.91327,638.8814,591.96466
0.7094991998030589,586.27576,54.413055,598.46606,38.739822,589.7587,38.739822,640.26135,43.964233,647.22723,45.705704,695.9884,129.29628,640.26135,127.55481,772.6131,212.88686,657.676,214.62833,671.6078,254.68214,596.7246,251.1992,664.64197,350.463,628.07104,345.2386,647.22723,505.45386,617.62225,475.84888,685.53955,656.9618,633.2955,575.1127,621.10516,-11.762817,652.45166,96.20834,645.4858,331.30682,612.3978,688.3082,568.8611,602.9762,636.77844,698.7571,574.08545,589.04443,704.69574,672.635,640.26135,592.5274
0.7017665597108694,586.5131,52.975674,597.0374,38.943333,588.2672,38.943333,637.3804,42.451416,644.39655,44.20546,691.75574,130.15356,642.6425,128.39952,770.6876,214.34763,670.7072,214.34763,665.44507,256.44467,600.5455,249.42848,663.69104,354.67108,630.3642,349.40894,647.90466,510.78088,616.33185,477.45407,681.23145,665.13666,632.1183,577.4345,619.83997,-11.923916,651.4127,96.82675,647.90466,335.3766,607.56165,691.4473,568.9727,605.4992,626.85614,701.97156,574.23486,591.46686,700.52594,684.43115,640.8885,594.975
0.6995272097679285,586.9324,54.79731,599.24054,40.730846,590.449,40.730846,637.92334,44.24746,646.71484,44.24746,685.39764,130.40456,646.71484,128.64624,764.5215,216.56165,678.3644,216.56165,662.5396,265.79425,609.7904,244.69456,664.2979,355.46796,636.165,351.95135,648.47314,518.9906,618.5819,476.7912,678.3644,673.7217,632.6484,578.7731,622.0985,-8.501777,651.98975,96.9967,651.98975,336.1266,602.75714,693.0631,571.1076,603.3894,618.5819,705.3712,576.3825,589.32294,695.94745,693.0631,639.68164,592.83954
0.7095967359267749,586.674,54.5367,598.9724,40.481377,588.4309,38.724464,639.3815,45.752125,644.6522,45.752125,688.57513,133.5979,648.1661,130.08406,764.1225,219.68675,676.27673,217.92984,662.2214,267.12347,606.0001,249.55432,665.7352,360.24,635.8677,354.96924,648.1661,520.1193,618.2985,476.1964,679.7905,671.21405,634.1107,578.09753,623.5693,-8.712255,651.6799,98.45959,651.6799,339.157,602.48627,695.81085,570.86176,604.45123,621.8123,706.35236,577.88947,592.15283,697.3597,690.5401,641.1384,593.9097
0.695855336693617,587.6489,53.154198,599.95886,40.844273,591.1661,39.085712,635.13007,44.361397,642.1643,44.361397,686.12836,134.04799,650.9571,127.01375,759.98785,220.21747,675.57697,213.18321,661.5085,267.6986,605.23456,244.83731,666.7842,357.3852,640.40576,350.35095,647.44,517.4142,619.30304,473.4502,679.0941,670.409,635.13007,577.20526,622.8201,-11.912546,652.7157,97.11822,654.47424,336.28247,599.95886,693.27026,571.8219,603.5837,619.30304,703.82166,578.85614,591.27374,696.6797,689.7532,640.40576,593.03235
0.6987165567966608,587.93756,52.84685,598.4768,38.79451,591.4506,38.79451,635.3642,44.06414,645.90344,44.06414,686.30396,133.64781,651.1731,128.37819,758.3222,217.96187,675.7647,216.20532,665.22546,272.41467,605.503,249.57964,668.7385,360.24182,644.1469,354.9722,649.41656,520.0872,619.55536,476.17365,679.2778,671.1499,635.3642,578.0531,624.82495,-10.388685,652.9296,96.76042,656.44275,337.40677,600.23334,695.74146,572.12866,604.40125,621.3119,708.0373,579.15485,592.10547,696.8432,688.71533,640.63385,593.862
0.6886307597160339,588.58704,52.85265,599.1279,38.798054,592.10065,37.04123,636.0213,45.82535,644.8054,44.068527,685.21234,131.90976,653.58954,126.63928,757.2422,216.23734,678.18506,217.99416,667.6441,272.45572,609.6689,254.88747,671.1578,358.5401,646.5622,353.26965,651.8327,520.16797,620.20984,474.49054,679.9419,671.2549,636.0213,578.1432,627.2372,-10.393032,653.58954,96.77326,660.6168,337.45822,600.88477,695.8504,572.7756,602.7387,621.9667,706.39136,579.8029,590.4409,697.51013,688.8231,641.29175,593.9546
0.6788399402911847,589.9898,52.74418,600.5315,38.688564,593.50366,38.688564,635.67053,43.95942,646.2122,43.95942,684.8652,130.05005,654.997,126.53615,755.14325,216.14069,686.62213,217.89764,670.8096,272.36313,614.5871,254.79362,676.08044,354.93988,651.4831,349.669,651.4831,518.33636,621.6149,472.65564,679.5943,671.19116,637.4275,578.07275,625.12885,-8.749131,653.24005,94.91102,665.5387,335.6134,602.28845,695.7885,572.4203,600.9131,621.6149,706.3302,581.205,590.3714,697.1638,688.7607,642.69836,593.8853
0.6684743750553864,590.9191,52.807755,601.4612,38.75171,592.67615,36.994705,636.60126,44.022728,648.9003,44.022728,684.0404,130.11601,659.4423,128.35901,752.56366,217.9663,694.58246,219.7233,668.22736,281.2185,620.7882,261.89142,675.2554,356.76974,657.68536,353.25574,652.4143,518.41425,622.5452,476.24612,678.7694,673.03076,640.1153,581.66644,624.30225,-10.444448,654.1713,96.732895,668.22736,337.4427,601.4612,694.1148,575.1061,600.9935,619.0312,706.4139,583.8911,586.9375,696.3395,688.8438,643.6293,595.72253
0.669193413395148,591.63293,54.673115,602.1715,38.86532,593.3894,38.86532,637.2999,44.134583,653.1077,45.891006,684.72327,131.95566,661.88983,130.19923,744.44165,223.28958,698.77466,223.28958,670.67194,286.52075,621.4921,270.71295,677.69763,360.29047,661.88983,355.0212,654.86414,518.3684,625.00494,481.48355,679.45404,672.93353,651.35126,583.356,626.7614,-6.801641,656.62054,96.82723,672.42834,339.2134,602.1715,694.01056,586.3637,602.67664,617.97925,706.30554,595.1458,590.3817,695.26184,692.25415,654.86414,595.65094
0.655815981901609,591.4766,53.46643,602.007,37.6708,594.98676,37.6708,637.10846,42.93601,656.4142,44.69108,684.49536,132.4446,665.1896,128.93446,742.41266,227.2184,723.1069,225.46333,672.20984,293.91107,623.0679,274.60532,677.47504,357.09363,661.67944,351.8284,652.90405,516.80505,624.82294,479.94855,679.2301,673.0063,658.1693,590.518,626.578,-9.7161045,658.1693,95.58812,672.20984,337.78784,602.007,695.8222,589.72156,602.80347,617.8027,706.35266,602.007,592.2731,696.7808,688.80194,658.1693,601.0484
0.6579302881772702,593.4694,53.4682,604.00037,37.671867,596.97974,35.91672,639.1033,41.182163,658.4099,42.937313,682.982,137.7153,670.696,128.93956,739.1467,234.24844,728.61584,228.983,668.9408,299.18893,633.8378,281.63745,675.9614,358.86395,663.67535,355.35367,653.1445,513.317,626.81726,483.47946,679.4717,671.28033,658.4099,592.29865,626.81726,-11.472277,660.1651,95.59175,674.20624,341.31247,604.00037,695.8524,593.4694,602.8295,619.7967,708.1384,604.00037,594.0538,697.0232,687.07666,660.1651,604.5847
0.6628739661895312,596.5789,53.1735,605.36304,39.11894,600.0925,37.362118,638.7426,40.87576,661.58124,42.63258,684.4199,132.23041,668.6085,128.71677,730.0972,235.8828,694.9608,230.61234,666.85175,302.64197,621.1744,281.56012,677.39264,357.1034,663.3381,353.58975,656.3108,513.4604,626.4448,483.59445,679.1495,673.33105,663.3381,594.2741,626.4448,-6.5583873,659.82446,93.58037,675.6358,341.29202,601.84937,694.4129,598.33575,606.57184,617.66077,706.71063,607.1198,597.7878,694.9608,690.89923,666.85175,604.81506
0.6590526700019836,596.88403,53.322254,605.6622,37.52161,598.63965,35.765984,640.7747,39.277237,658.331,39.277237,682.9098,139.34799,670.62036,127.05859,725.0448,249.9525,686.421,234.15186,656.5754,313.15506,621.4628,288.5763,672.37604,360.557,663.5979,355.29013,654.81976,515.0522,637.2635,492.22903,679.3985,673.05865,667.10913,599.3223,624.97406,-9.880323,658.331,93.701675,674.13165,346.512,602.15094,695.8818,602.15094,611.6117,617.9516,708.1712,612.6847,602.83356,696.9548,690.6149,672.37604,611.6117
0.6652489419166858,598.0412,52.491882,605.0511,36.719612,599.7937,34.96714,640.1006,38.472088,657.6253,38.472088,682.16,138.36311,669.89264,126.095795,718.9619,259.28384,682.16,236.50166,643.6055,318.86795,619.0709,289.0759,671.64514,364.43228,662.88275,357.4224,655.87286,520.40247,640.1006,501.12527,678.655,672.86774,668.1402,608.0262,627.83325,-8.844716,659.3778,92.79879,673.3976,348.66,601.54614,693.89746,605.0511,618.541,617.3184,706.16473,613.8135,609.7787,694.4273,692.14496,690.92236,618.541
0.6673249441843766,597.1269,52.05758,605.8939,36.276855,598.8803,34.52344,640.9622,38.03027,660.24976,38.03027,683.0441,143.23509,667.2634,127.45437,712.8522,271.23428,676.03046,243.17967,633.94855,323.8367,612.9076,290.52185,670.77026,371.17886,663.7566,364.16522,654.9895,525.47925,646.2225,509.69855,677.7839,671.01263,669.01685,611.39655,626.9349,-11.065313,660.24976,94.13951,672.5237,353.64474,600.63367,692.0536,605.8939,618.4102,616.4144,704.32745,614.661,609.6431,693.56464,690.3002,691.8112,618.4102
0.6578888572179354,598.10065,52.129265,605.11774,36.34077,599.8549,34.586494,640.2033,39.849327,659.50037,38.095047,684.06024,141.59741,668.2717,125.808914,713.88293,267.9054,678.7974,238.08267,647.2204,331.05936,613.88916,288.9567,670.026,367.8992,661.25464,359.1278,655.9918,527.53845,648.9747,511.74994,677.04315,673.14343,670.026,613.49805,624.4148,-9.27044,659.50037,95.9862,670.026,352.1107,599.8549,694.19476,606.872,622.2694,615.64343,706.47473,615.64343,611.7437,694.5859,692.4405,692.8316,622.2694
0.6623900211774386,597.40594,52.14967,604.4206,36.366695,599.1596,34.613033,639.4939,39.874023,658.7842,38.12036,681.5818,143.34018,667.5525,127.55721,716.6551,269.60397,679.8281,238.03802,643.0012,332.73587,614.94257,288.8943,667.5525,367.80914,660.53784,360.7945,655.27686,529.14624,650.01587,515.1169,678.07446,672.94666,669.30615,613.3221,621.9572,-7.474899,658.7842,95.991264,669.30615,352.02618,599.1596,693.9906,606.17426,620.33673,614.94257,704.5126,614.94257,613.3221,693.8574,693.9906,693.8574,625.5977
0.6612903510148709,596.61176,51.98735,603.62744,37.9559,598.36566,36.20197,636.95215,39.70983,659.7533,37.9559,680.8005,144.94572,666.769,127.40641,714.1251,271.22882,680.8005,239.65804,640.46,332.61642,614.15106,288.76813,666.769,369.44897,663.2611,360.67932,654.49146,527.30286,650.98364,513.27136,677.2926,672.87915,672.03076,614.9994,621.16675,-9.400255,657.9993,95.83564,670.27686,351.90967,600.11957,692.1724,607.1353,616.75336,614.15106,704.44995,615.90497,611.4915,693.078,692.1724,693.078,627.2769
0.66477548961456,594.586,52.220253,603.3514,38.195633,596.33905,36.442554,638.41296,39.948708,657.6968,39.948708,678.7337,145.13335,666.46216,127.60258,713.7953,271.35492,676.98065,238.04645,634.9068,325.70032,613.8699,287.13263,666.46216,371.28033,662.956,362.51495,655.9437,527.3042,652.43756,513.2796,676.98065,671.0566,669.9683,613.205,622.63525,-7.3843803,655.9437,94.294106,669.9683,353.74957,599.8452,693.84656,608.6106,618.46423,615.6229,704.36505,617.37604,611.45197,692.75836,692.0935,692.75836,630.7358
0.6672811106993601,590.7989,51.61135,599.57074,35.82208,594.3076,34.067715,632.9036,41.08517,653.956,41.08517,675.00836,144.59262,664.4822,127.04898,706.5869,267.39807,675.00836,237.57388,622.37744,327.04642,608.3425,281.43298,664.4822,369.15115,660.97345,362.1337,655.7104,527.0439,650.44727,511.2546,678.5171,672.65607,667.9909,611.2533,620.6231,-8.037009,653.956,95.470436,669.74524,355.11624,601.3251,693.70844,606.5882,616.5164,615.36,704.23456,615.36,607.74457,694.30634,691.95404,689.0433,630.55133
0.6625366084850751,588.2136,51.593376,596.9897,37.551617,591.72406,35.7964,632.0941,42.817276,654.9119,42.817276,674.21936,148.13048,663.68805,130.57828,704.0581,270.99588,674.21936,241.15714,625.07324,323.65247,609.27625,285.03763,665.4433,372.7986,663.68805,365.77774,656.6672,527.258,651.4015,509.70578,677.7298,672.9412,668.95374,607.9981,619.80756,-8.084102,651.4015,97.229095,670.7089,357.00165,600.5001,694.00385,609.27625,611.50854,616.2971,706.2904,618.0523,602.7324,693.5268,692.24866,690.01636,625.5503
0.6589064735632676,585.35724,53.17041,594.13684,39.123047,588.8691,37.367126,629.25525,42.634888,648.5704,42.634888,671.39734,146.23419,659.1059,130.43091,704.7598,263.88086,669.6414,235.78613,629.25525,335.8736,609.9401,284.9519,667.8855,370.992,662.61774,362.2124,653.83813,527.2689,648.5704,511.46564,678.421,671.2544,669.6414,611.5531,615.2079,-4.7749634,648.5704,97.06842,669.6414,353.4328,601.1605,694.08136,609.9401,615.06494,616.9638,704.6169,618.7197,609.7972,694.2243,692.32544,694.2243,630.8682
0.6523471795595609,586.2976,52.90524,593.32306,38.854332,588.054,37.09797,626.694,42.367058,649.5267,42.367058,668.8467,144.23611,660.0649,128.42885,703.97394,260.15607,668.8467,233.81062,621.42487,335.6797,610.8867,288.25787,667.09033,367.29422,663.57764,358.5124,653.0394,527.1232,647.7703,511.31598,677.62854,672.90137,672.35944,613.18506,610.8867,-5.054743,647.7703,96.814316,670.6031,351.48694,600.3485,693.9777,610.8867,613.18506,616.1558,704.5159,619.6685,607.91595,693.4358,692.2214,696.9485,632.50507
0.6567469846743804,586.2099,52.781696,593.23413,38.733284,587.96594,36.977234,626.5991,42.245388,651.18384,40.489334,668.7443,144.09639,659.9641,128.29193,702.1093,263.5079,668.7443,233.65503,621.33093,335.50604,607.28253,288.09265,668.7443,367.11496,666.9883,358.33472,651.18384,525.1596,647.67175,511.1112,677.5246,674.424,670.5004,614.71826,609.0386,-6.9240627,647.67175,96.68299,672.2565,351.3105,600.2583,695.49664,610.7946,612.9622,614.30676,706.03296,617.81885,605.938,693.32904,695.49664,695.08514,632.2788
0.6553781766157883,583.48224,54.47452,590.501,38.682343,585.2369,36.927658,623.83997,42.19172,651.915,42.19172,664.19775,143.96353,655.4244,129.92604,699.2915,266.79156,667.70715,240.47128,665.95245,338.7337,604.53845,291.35718,669.46185,368.5634,664.19775,361.54465,643.14154,526.48517,639.6322,514.20233,676.4806,672.12415,669.46185,621.2382,606.29315,-6.939501,644.89624,96.58699,671.21655,352.7712,599.2744,694.93506,608.0478,628.25696,613.3119,705.46313,615.0666,615.9742,692.27277,691.42566,690.51807,633.521
0.652983172581746,580.45905,56.234833,587.4754,40.44808,582.21313,38.693993,622.55707,43.956245,652.3765,42.20216,662.901,145.69313,654.1306,129.90637,697.9827,266.72495,664.6551,242.16777,666.4092,342.15057,606.7703,289.52805,668.16327,370.2159,664.6551,363.1996,640.0979,526.3294,636.5898,514.05084,675.1796,673.6725,668.16327,621.0499,606.7703,-6.9121976,643.6061,100.08694,671.67145,352.67508,597.9999,694.7215,606.7703,629.8204,613.7867,705.246,615.5408,617.5418,692.72046,691.2133,690.9664,633.32855
0.6502751971666629,576.47174,56.262444,585.2411,42.231407,579.9795,40.477528,620.3187,45.739166,651.88855,45.739166,660.6579,147.46417,651.88855,133.43314,699.2433,268.48184,665.91956,245.68141,632.5958,342.14478,606.28766,307.06717,669.4273,371.96072,664.16565,364.9452,637.8575,528.05597,632.5958,515.7788,674.68896,675.38184,665.91956,622.76544,606.28766,-8.631092,641.36523,100.10943,671.1812,354.42194,597.51825,696.4284,606.28766,629.781,613.30316,705.1978,615.05707,617.50385,692.2277,692.92065,688.72,635.0426
0.6429701000452042,574.3562,61.542282,583.1256,44.003433,577.86395,45.75732,619.9572,49.26509,651.5271,49.26509,658.54266,149.23653,649.77325,135.20544,698.882,266.7468,663.8043,249.20796,665.55817,347.4255,609.4339,317.60947,672.5737,375.48767,663.8043,368.4721,633.9883,529.8295,628.7266,517.5523,676.0815,675.402,667.3121,624.5393,605.9261,-8.613109,639.24994,103.63552,672.5737,356.19492,598.9106,696.4486,605.9261,629.80096,612.94165,705.218,614.69556,617.52374,691.86646,692.9408,688.3587,635.0626
0.638342220049638,573.78156,65.03304,580.7962,49.25021,575.5352,49.25021,617.6228,52.757504,649.1885,52.757504,656.20306,156.22276,645.68115,140.43993,700.04425,277.22452,663.21765,254.42708,654.4494,345.61682,607.1009,333.34128,675.49316,378.93613,664.9713,371.92154,629.8983,529.7499,622.8837,519.228,675.49316,675.30273,666.725,629.7079,603.5936,-5.112896,636.9129,107.120605,673.73956,361.39966,598.33264,694.59283,605.3472,634.9688,614.1155,705.11475,614.1155,624.4469,691.276,692.83923,689.5224,638.47614
0.638920382811473,570.1384,70.24311,577.1538,54.458458,571.8923,54.458458,615.7385,57.96616,647.3078,57.96616,654.3232,161.44331,643.8001,145.65866,696.4156,284.2128,661.3386,261.41275,638.5386,347.3514,615.7385,336.8283,675.3694,382.4284,663.09247,375.413,626.2616,531.5057,619.2462,520.98254,675.3694,675.32135,668.354,629.72125,596.44617,0.089110374,633.277,114.089355,673.61554,364.8899,598.2,694.6137,603.46155,641.9982,612.23083,703.38293,612.23083,627.9674,691.15405,691.106,691.15405,638.4905
0.6290270353739078,560.2479,80.716835,569.01447,63.183826,562.0012,63.183826,607.5871,70.19703,640.8998,66.69043,649.66626,171.88847,640.8998,154.35545,697.0054,296.3728,661.9394,271.8266,647.91296,352.47842,607.5871,340.20532,677.7191,385.79114,663.6927,380.53125,618.1069,533.0684,609.3404,522.5486,674.21246,673.33246,665.446,627.74664,586.5475,7.078204,626.87335,122.79605,674.21246,370.01144,598.82056,694.3721,600.57385,645.27966,614.6003,703.13855,611.0937,629.49994,693.4988,690.8655,688.2389,634.7598
0.6139026960501304,557.50287,87.74918,564.51074,71.98138,557.50287,71.98138,604.8063,78.98929,638.0939,75.48534,645.10175,177.10008,634.5899,159.58029,699.4131,303.24252,660.86957,273.4589,662.6215,364.56174,615.3181,347.04196,680.1413,389.08945,660.86957,382.08154,613.56616,534.50366,606.5582,522.2398,674.8854,672.9099,667.8775,627.3585,583.78253,12.414118,622.32605,129.79666,674.8854,371.56967,599.55035,693.93365,597.79834,644.8783,613.56616,702.69354,610.0622,622.10254,692.40515,688.67773,688.90125,629.1105
0.6109498704855258,557.0137,91.2447,564.0181,75.48474,557.0137,75.48474,604.2936,82.48917,637.5646,78.98695,641.0668,182.3022,635.8135,163.04004,698.8533,304.8796,663.8312,275.1108,660.3289,369.6705,630.5601,350.40836,683.0933,392.43488,663.8312,387.18158,609.5469,534.2745,602.5425,523.7678,672.5867,674.3629,670.8356,634.08746,583.2803,14.196039,620.0535,135.02234,676.08887,376.67493,597.2891,693.62506,597.2891,653.3497,611.298,702.3806,609.5469,630.58527,691.8489,690.12286,691.8489,634.08746
0.6027329449470227,554.33563,97.25842,561.3302,81.5206,554.33563,79.77195,599.8005,90.26383,629.52747,85.01789,640.01935,186.43944,633.0247,170.70161,699.4733,312.34207,659.25446,282.61505,655.75714,371.79608,608.5437,354.3096,685.4842,394.5285,664.5004,389.28256,605.0464,534.4203,599.8005,523.9284,671.495,674.3121,667.9977,637.5905,580.5653,23.815231,617.2869,140.97461,678.48956,380.5393,594.5545,693.5472,596.30316,658.5743,610.29236,702.29047,608.5437,634.0932,690.7301,688.3013,690.7301,641.08777
0.5950363622261927,551.625,104.1346,558.5404,88.574936,551.625,88.574936,596.57513,95.49034,625.96564,92.03264,638.06757,192.30602,631.15216,175.0175,696.8485,320.241,653.6272,283.93512,619.05023,375.56424,587.9309,266.6466,683.0177,398.0393,662.2715,391.1239,600.03284,538.07623,594.8463,525.9743,670.9157,674.6555,670.9157,640.0785,577.5578,33.2517,615.5925,147.35588,677.8311,382.47964,594.8463,693.67285,600.03284,660.8247,610.40594,702.31714,610.40594,629.7054,689.9331,690.21515,693.3908,640.0785
0.5869813114404678,545.4354,121.08339,553.88654,105.87138,547.1257,105.87138,591.0715,110.94205,621.4955,107.56161,636.70746,205.59454,629.9466,188.6923,695.8653,332.36127,648.53906,298.5568,638.3977,383.06796,582.62036,366.1657,684.03375,406.73108,663.75104,399.97018,592.76166,540.25867,592.76166,528.4271,672.20215,675.4765,675.58264,639.9819,572.479,50.094025,611.3541,159.95851,678.9631,391.51907,597.83234,695.7592,602.903,663.64496,613.0444,705.9005,616.4248,634.9112,690.7946,688.9983,697.55554,641.67206
0.5833019740306414,545.1783,127.42481,553.564,112.330505,545.1783,112.330505,590.46124,119.039085,620.64984,115.68479,635.7442,209.60497,630.71277,191.15636,696.12146,333.71378,645.80707,300.17084,644.1299,389.05957,580.3984,278.36795,684.3814,407.50818,664.2557,399.12247,587.10693,543.357,588.7841,528.2627,670.96423,675.85156,675.99567,638.95435,568.6583,56.984684,610.587,164.32202,681.0271,394.09103,597.1698,695.9773,603.8784,664.1115,612.26416,706.04016,620.64984,633.9229,691.08997,689.26874,697.7986,635.60004
0.5807528300927236,543.62946,133.06482,550.314,118.02446,543.62946,118.02446,587.07935,124.70906,617.1601,119.69561,633.8716,214.9512,627.18695,196.56854,697.3753,338.61636,643.8985,300.1799,645.56964,392.0932,580.3948,285.13953,684.0061,412.147,665.6234,403.79126,585.4082,545.83905,588.7505,529.12756,668.96576,676.18884,675.6503,639.4235,568.6967,64.54763,608.8043,169.83014,682.33496,397.10666,597.10626,696.2426,605.46204,661.1485,610.47546,704.5984,623.84467,636.08124,689.01953,687.8869,697.3753,639.4235
0.5762558166797345,542.6907,137.93358,551.0447,122.89639,544.36145,122.89639,584.46063,129.57959,617.8766,126.23799,634.5846,221.47348,621.2182,204.7655,698.0749,345.11255,642.93854,308.35498,644.6094,396.9073,572.765,378.5285,686.37933,413.61526,661.3173,406.9321,582.78986,548.94995,582.78986,533.9127,671.3421,674.25977,674.6837,640.8438,567.7526,67.760056,607.8518,176.36194,681.36694,400.2489,599.4978,694.3094,602.8394,662.5642,614.535,702.6634,619.54736,637.50226,691.3917,685.9554,698.0749,639.17303
0.56775884444897,539.4926,142.09401,547.8384,127.07171,541.1618,127.07171,581.22125,133.74829,616.27325,130.41,629.6264,223.88206,617.9424,207.19063,691.38477,344.06042,641.3104,309.00842,651.3253,397.47305,567.8681,385.78903,684.7082,417.50278,661.34015,410.8262,582.8904,552.7034,582.8904,536.012,669.68585,674.55096,674.6933,637.8298,567.8681,73.6591,604.58923,180.48431,679.70074,404.14963,599.58185,694.5807,604.58923,662.86694,612.935,702.9264,621.2807,637.8298,689.7156,684.5658,698.06134,634.4915
0.5760039721543972,540.19366,145.57034,548.42456,130.75471,540.19366,130.75471,582.9943,137.33945,615.91797,134.04709,627.4412,229.52557,620.8565,209.77141,693.28845,349.69678,640.61066,311.83463,688.3499,402.37457,573.11725,389.2051,685.05756,420.48254,665.3034,413.89783,578.0558,557.11554,584.6405,534.06903,668.59576,675.64056,676.82666,636.13226,564.88635,78.076935,604.3947,183.43251,680.119,407.3131,599.4561,697.04095,614.2718,660.82495,612.6256,705.27185,630.7336,634.4861,688.3499,685.5177,698.227,634.4861
0.5794590619894174,538.7793,156.49289,548.49615,141.91757,538.7793,141.91757,584.1247,146.77602,614.89484,143.53706,629.4701,242.32526,616.5143,218.03308,692.62976,365.40564,644.0454,320.06024,691.0103,422.0874,569.5494,295.76807,682.9129,430.18478,663.4792,420.46793,572.7884,562.98206,580.88574,532.212,668.3376,676.3455,676.435,631.0001,563.0715,86.8553,605.1779,192.12141,679.67395,413.99,600.3195,699.01825,613.2753,658.5313,613.2753,707.11566,627.85065,629.3807,689.3908,684.44293,697.4882,627.76117
0.5748706179169508,539.4702,159.40489,547.57,146.44524,541.0902,144.82529,583.20905,151.30511,615.6082,146.44524,623.70795,243.64264,618.8481,219.34329,688.5062,358.65955,641.52747,316.54068,694.9861,413.7381,571.8694,402.39838,685.2663,429.93765,667.4468,420.21793,571.8694,564.39404,584.82904,525.5151,665.82684,677.791,677.16656,622.71246,562.1496,91.36672,604.2685,196.6639,680.40643,415.35803,601.02856,698.85046,626.9479,648.6318,613.9882,706.95026,638.2876,627.5724,688.5062,684.2708,696.606,624.33246
0.5767620463783925,537.72736,164.68654,547.327,150.28702,539.32733,150.28702,582.5259,155.08685,612.92487,151.88696,627.3244,249.48373,614.52484,225.48453,688.1224,371.0797,643.32385,321.48135,694.52216,423.87796,566.5264,404.67862,681.7226,435.0776,665.72314,425.4779,571.32623,567.8732,582.5259,527.8745,665.72314,676.6696,676.9227,625.4713,563.32654,95.88882,604.9251,199.88538,678.5227,420.67807,600.1253,700.6688,625.7244,651.07043,612.92487,708.6686,636.9241,630.2711,689.72235,684.6694,697.72205,627.0712
0.5862989855500368,539.809,167.38667,547.7934,154.61171,539.809,154.61171,581.32764,159.40233,610.0713,156.20859,626.04004,248.82706,608.4744,224.87401,686.72107,357.41425,638.81494,319.08936,701.0929,410.11096,570.14954,406.9172,683.52734,434.06403,659.5743,424.4828,570.14954,569.798,579.7308,529.8762,665.9618,678.3852,675.54297,622.4947,560.5683,101.91499,603.68384,202.51782,677.13983,421.28906,600.4901,700.74133,632.4275,648.0446,614.86194,708.7257,638.81494,625.6885,689.9148,684.77264,696.3023,624.09155
0.5953625119649447,540.30927,174.7734,549.81934,162.09325,541.8943,160.50822,584.6898,166.84831,613.22015,162.09325,625.9003,257.19446,614.8052,233.41916,684.5461,371.31595,643.3356,326.93536,697.22626,418.86655,567.2546,312.6702,681.37604,444.22687,667.11084,433.13174,567.2546,574.19855,579.93475,525.0629,662.35583,680.3949,671.8659,620.1641,564.08453,109.78757,605.29504,209.64386,676.621,428.37668,600.54004,704.1702,625.9003,639.1844,613.22015,712.09534,638.5805,621.74915,687.7161,686.735,692.4712,624.9192
0.6012090249703481,539.92114,176.89256,549.3674,162.72325,541.49554,162.72325,584.0035,165.872,615.4908,162.72325,624.937,258.75967,618.6395,235.14415,689.4861,378.41156,646.97815,332.7549,700.50665,428.79132,563.5367,413.04767,680.03986,446.10938,665.87054,435.0888,565.111,575.20746,582.4291,524.82776,662.7218,680.69006,672.168,620.86414,566.6854,109.19477,604.4702,209.95427,675.3168,430.3657,602.8959,705.87994,628.08575,635.03345,615.4908,713.75183,639.1063,620.86414,689.4861,686.98755,692.63477,625.5872
0.6014080420136452,540.464,179.37483,549.837,165.31541,542.0262,165.31541,585.7666,170.00188,615.44763,165.31541,626.3827,260.60706,615.44763,235.61252,687.3069,371.52026,645.1286,334.02847,702.92847,413.69855,560.7721,412.13638,677.93396,446.50388,660.7502,435.56876,565.45856,576.16296,584.20447,524.61176,662.3124,679.26544,671.6853,619.90344,568.5829,112.202034,606.07465,212.18015,673.24744,429.32013,601.3882,704.25995,626.3827,643.3358,615.44763,713.6329,637.3178,624.5899,688.869,687.07623,691.99335,626.15204
0.6008078536162009,542.7054,178.56223,552.03674,164.56522,544.2606,164.56522,587.8068,169.2309,615.80084,164.56522,628.2427,262.54428,615.80084,237.66072,688.89636,380.74124,645.3501,335.63977,699.7829,418.06662,562.9233,321.64276,676.4546,447.61584,657.7919,436.72928,564.4785,576.6994,583.1412,526.93225,660.90234,679.3441,671.7889,621.80084,570.6994,110.13241,606.46954,212.77715,673.3441,430.5084,600.24866,702.6725,623.57697,648.2396,614.24567,712.0038,636.0188,631.1322,687.3411,685.565,693.562,626.4665
0.6028631627559662,542.84106,177.71355,552.18506,165.25493,544.39844,163.6976,588.00354,168.36958,617.5928,163.6976,630.0514,261.80917,617.5928,236.89194,689.22974,380.16595,644.0673,335.0035,698.5737,419.09912,564.6437,319.43024,676.7712,447.131,661.1979,436.2297,563.0863,576.3891,581.77423,526.5546,661.1979,679.1726,670.5419,621.5516,570.873,110.74851,606.69147,211.97473,673.6565,430.0004,600.46216,702.53253,620.7074,649.58344,612.9208,711.87646,634.7233,629.3382,687.6724,685.4019,692.3444,626.2235
0.6032138231855172,546.042,176.69878,553.8867,164.14717,546.042,164.14717,588.4036,168.85402,618.2137,165.71613,630.7653,261.42212,616.6447,236.31891,690.38544,379.0934,644.88586,330.45593,698.23016,427.7309,568.00726,316.3354,677.8338,446.5583,665.2822,435.57562,563.3004,575.2122,583.6968,523.4369,660.5754,678.763,669.9891,620.7118,571.14514,112.371796,608.8,211.2157,674.6959,430.86877,599.3863,702.29724,622.92053,645.815,613.50684,711.71094,637.0411,625.41864,687.2475,686.6077,691.95435,625.41864
0.6074922371369141,549.9906,170.07768,557.94916,157.34398,549.9906,155.75226,592.96686,162.11911,618.4343,155.75226,634.35144,260.80542,615.25085,230.56284,693.2449,378.5923,642.31,327.6574,699.61176,440.66913,570.68286,313.33197,677.32776,445.44427,661.4106,432.71057,564.316,574.37317,581.8249,525.02997,663.0023,679.4263,672.5526,618.94116,573.8663,101.63397,613.6592,206.68712,672.5526,427.93542,602.51715,703.302,620.026,642.81683,615.25085,712.8523,639.1266,622.1246,688.4697,685.79315,691.65314,625.308
0.599070745591934,548.7088,165.73369,558.30914,151.33316,548.7088,149.73311,591.9104,156.13335,620.7114,149.73311,636.71204,255.33694,617.5113,224.93584,695.9142,381.74152,643.11224,324.13943,641.5122,452.14407,571.1096,308.13885,676.71344,439.34363,655.9127,428.14322,566.30945,572.14844,579.1099,527.3468,663.913,679.35236,675.1134,621.75024,572.7097,95.33113,614.3112,202.53502,671.91327,423.34305,601.51074,701.7532,619.1114,648.95123,614.3112,711.3535,639.9121,624.9504,689.5139,685.75256,694.3141,624.9504
0.608169593490087,550.6937,157.16447,560.4184,142.57742,552.31445,142.57742,597.6965,147.43977,626.87054,142.57742,641.45764,249.5492,618.76666,223.61665,694.9435,375.9704,641.45764,328.96765,643.0784,448.9057,571.7639,406.7653,678.73566,439.181,659.28625,427.8355,568.52234,570.46454,581.4886,528.32416,667.3902,675.81555,672.2525,620.70886,581.4886,87.47075,615.5251,194.44252,670.6318,422.97314,600.938,701.7481,613.9043,654.7453,613.9043,709.852,633.3537,630.43353,688.4604,683.91943,691.70197,625.5712
0.6087495787785604,554.0163,147.56844,563.79486,132.9006,555.64606,132.9006,601.27936,139.41963,625.7257,134.53036,643.6531,240.4647,622.4662,219.27783,695.80536,369.21567,642.0233,326.84195,651.8019,444.1846,580.09247,401.81085,677.878,434.40604,658.3209,424.6275,570.3139,568.0463,581.7222,530.5618,666.4697,675.6104,672.9887,623.4581,586.6115,79.118546,617.5769,188.31241,671.35895,416.4787,599.6496,700.0568,611.05786,659.3128,614.3174,708.20557,628.9852,636.4962,687.65656,685.389,692.54584,625.0879
0.6016297730115744,561.2174,130.41785,569.5866,117.02714,561.2174,117.02714,606.4111,123.722496,633.1925,120.37482,646.58325,222.47903,629.84485,200.71912,695.1246,348.017,641.5617,309.51868,680.06006,403.2537,579.62964,378.14612,675.0385,419.9921,654.95245,411.6229,576.282,558.9208,586.325,527.11786,668.34314,674.4157,675.0385,625.8744,591.34656,63.46427,623.1495,172.26384,670.017,403.2537,598.0419,696.17566,604.73724,656.0035,611.4326,704.5448,629.84485,634.2436,690.1031,684.45874,693.45074,625.8744
0.5922068712803034,562.50214,118.918976,570.9875,105.342415,564.1992,105.342415,608.32306,115.52483,635.4762,110.433624,652.4469,215.652,632.08203,193.59007,698.26776,346.32642,645.65857,305.5967,649.05273,388.75317,587.9582,368.3883,676.2059,412.51215,652.4469,404.0268,579.47284,553.36896,586.2611,529.61,671.1146,673.86096,677.90295,634.82837,596.44354,51.03616,625.29376,164.73987,669.4176,397.23853,598.1406,694.2258,603.2318,660.2844,611.71716,702.7112,618.5055,636.52545,691.4795,685.7405,696.5707,633.1313
0.597393199801445,566.81085,110.02237,577.206,96.16218,568.5434,96.16218,611.8565,103.09227,637.84436,97.8947,651.7045,201.84613,636.1118,181.05583,698.48267,326.58783,649.972,293.6699,682.88995,385.49362,587.60114,362.97083,677.6924,406.2839,655.16956,399.35382,589.3337,546.61835,587.60114,529.2931,670.76227,674.8251,675.95984,638.4421,597.9963,38.988895,629.1817,153.33546,669.0298,388.95868,597.9963,693.8829,597.9963,662.69745,613.589,702.5455,608.3914,638.4421,691.55255,685.2202,696.7501,636.7096
0.603186893921632,567.8618,98.857414,576.6134,83.104546,567.8618,83.104546,615.1204,91.85613,639.62494,88.3555,653.62744,193.37462,636.12427,172.3708,699.13574,319.39758,651.87714,287.89185,655.3778,373.65747,595.86694,359.6549,676.3816,401.66257,653.62744,394.6613,595.86694,541.68805,592.36633,527.6855,672.881,674.7123,678.1319,636.20526,601.1179,25.344023,629.123,144.36569,669.3803,384.15936,599.36755,693.9658,597.61725,660.7097,613.3701,704.4677,608.1192,636.20526,692.13446,686.96454,695.63513,636.20526
0.5995447073991482,569.49023,91.39827,576.4986,73.87726,569.49023,73.87726,618.5491,80.88566,646.58264,77.38146,655.3432,187.76385,639.5743,164.98653,697.3936,312.16306,651.839,282.37732,655.3432,368.2303,597.5238,350.7093,672.8642,398.01602,655.3432,389.25552,599.27594,538.18414,601.028,524.1673,672.8642,674.848,672.8642,636.3018,599.27594,14.305807,632.56586,135.2008,669.36,378.7429,597.5238,694.12115,599.27594,657.327,611.54065,702.88165,611.54065,629.2934,690.3852,688.86487,693.8894,641.5581
0.607238857791974,570.92377,86.07515,579.6789,68.56483,570.92377,68.56483,619.95264,75.568954,646.21814,70.31586,654.9733,177.12885,642.71606,157.8675,696.9981,296.19907,654.9733,273.43564,658.47534,362.7383,604.19336,341.72592,674.2347,387.25275,654.9733,378.4976,607.69543,534.3395,605.9444,520.33124,672.48364,672.6711,668.98157,637.6504,598.94025,12.531784,633.96094,128.09993,668.98157,371.49347,597.1892,691.93243,600.6913,656.9118,611.1975,700.6876,611.1975,632.39734,689.99396,688.43036,691.745,639.4014
0.6234065328653042,580.038,68.51165,587.05005,52.73455,580.038,52.73455,625.6163,57.993584,655.4175,56.240574,662.4295,163.17424,651.91144,147.39714,699.24274,282.379,658.9235,261.34286,657.1705,356.00546,597.5681,278.87296,671.1946,382.30063,658.9235,373.53555,622.1103,533.0596,618.60425,519.03546,672.9476,675.05347,665.93555,631.22815,609.8392,-3.3618,643.1464,115.84295,669.4416,363.0175,595.8151,692.58356,602.82715,636.4872,611.5922,701.34863,613.3452,627.72217,690.4777,692.58356,688.7247,634.7342
0.6378418046694535,581.29944,61.472557,590.0708,45.684048,583.0537,43.929768,628.665,50.946884,654.9791,50.946884,663.75055,156.20363,653.22485,140.41512,697.08185,277.2489,660.242,250.93471,665.5048,356.19147,598.8422,263.21466,670.76764,375.48853,658.4877,368.4714,628.665,529.8651,623.4021,517.58514,674.2762,675.4703,665.5048,628.10474,612.87646,-5.190048,644.4535,107.08382,670.76764,357.94574,597.08795,693.01306,604.10504,635.1218,611.12213,703.5387,614.63074,624.5962,690.0647,693.01306,688.3104,635.1218
0.6416008415130469,585.91705,56.204964,592.9357,40.41298,587.67175,40.41298,629.7837,45.676975,654.349,47.43164,666.63165,149.20222,656.1037,135.1649,698.21564,268.51947,666.63165,249.21814,659.61304,350.98874,599.9544,280.80212,670.141,372.0447,661.3677,366.7807,633.293,528.2099,636.80237,514.1726,675.405,675.6018,668.38635,629.9805,615.7464,-8.717649,647.3304,103.580925,671.8957,354.49805,596.44507,693.14844,606.9731,633.4898,612.23706,703.67645,615.7464,624.7165,691.197,694.90314,692.95166,638.75385
0.6532576278998301,586.6449,52.858578,593.66864,37.05509,588.4008,35.299152,628.7875,42.32292,653.37067,42.32292,669.1742,144.16759,655.12665,130.12006,697.2692,265.32764,660.3945,240.74443,690.2455,351.3688,604.2043,318.00592,670.9301,365.41635,660.3945,358.39258,641.0791,526.9631,639.3231,512.9155,677.95386,674.4623,670.9301,625.29584,611.2281,-6.8434706,648.10284,98.513084,670.9301,349.61288,598.93646,695.53357,607.7162,630.56366,614.7399,704.3133,616.4959,621.784,693.7574,693.77765,693.7574,637.58746
0.6573230280325963,588.246,49.888645,595.2661,35.848392,590.001,35.848392,630.3667,42.86852,647.91705,42.86852,670.7324,142.90532,656.6922,130.6201,697.0579,258.7374,661.9573,237.67703,683.01764,351.7541,605.79626,306.12326,670.7324,367.54938,663.71234,360.52924,647.91705,525.5022,644.407,511.46194,677.75256,674.6799,670.7324,620.2739,616.3265,-4.517334,647.91705,95.51947,670.7324,349.99905,600.5312,693.9852,609.30634,620.2739,614.5714,704.51544,618.0815,615.0088,693.54785,693.9852,693.54785,636.0692
0.6577091480676944,588.0239,49.86755,596.7994,34.071663,591.5341,34.071663,631.90137,41.092056,652.9625,41.092056,672.2686,142.88779,659.983,127.091896,695.0849,260.4794,663.49316,235.908,659.983,341.21393,607.33,288.56097,670.51355,367.5404,665.2482,362.27512,652.9625,523.7442,651.20746,513.2136,677.53394,672.9276,674.02374,620.2746,621.3708,-8.050708,651.20746,93.74502,672.2686,349.98944,600.3096,693.9888,612.5953,620.2746,616.10547,704.51935,621.3708,615.00934,693.32983,693.9888,698.5951,637.8256
0.6546950592444494,592.857,48.267235,599.8761,32.474136,594.61176,32.474136,633.2171,39.49329,656.02936,39.49329,673.5773,143.0258,661.2937,127.23271,696.38947,260.59662,664.8033,236.02959,684.10596,341.3169,606.89526,292.18283,671.82245,365.88394,666.5581,360.61957,657.7841,523.8149,654.2746,509.77658,678.8416,671.2171,671.82245,611.5543,620.9336,-9.640784,652.5198,93.89173,673.5773,350.09085,601.6309,692.2746,612.15967,609.7995,615.66925,702.8033,620.9336,602.7804,692.87994,694.02936,698.1443,632.61176
0.6563110523498975,591.463,46.51032,600.2402,32.466873,593.21844,30.711443,633.5933,39.488594,658.1694,37.733166,672.2128,143.059,661.68024,127.260124,695.0334,264.18372,666.94653,236.09682,682.7454,344.9335,607.2619,288.75974,670.4574,365.9987,666.94653,358.97696,658.1694,523.9874,652.9031,509.944,679.23456,673.19904,670.4574,604.73724,619.5499,-11.418892,652.9031,93.906944,675.7237,350.1998,601.9956,692.5088,610.77277,606.4927,616.03906,703.0414,621.30536,597.7155,693.27795,694.2642,695.0334,615.26984
0.6569699060458404,592.6694,46.607315,599.6921,32.561954,594.42505,30.806286,633.04974,39.584637,659.3848,37.828964,671.6745,143.16914,664.65186,127.36812,696.2539,262.5547,668.16315,236.21965,689.2312,350.33817,604.95905,287.13406,673.4302,367.89487,669.9188,360.8722,657.62915,525.90515,654.1178,511.8598,678.6972,671.62573,669.9188,608.42163,622.51575,-11.329786,652.3621,94.0104,676.9415,350.33817,601.4477,690.9381,610.2261,610.1773,615.4931,703.2278,620.7601,599.64325,692.74255,692.6938,694.4982,624.22266
0.654304448228616,591.3702,46.5147,600.1476,32.47079,593.1257,30.715302,633.5019,39.492744,659.8342,37.73726,672.1226,144.8221,663.3452,127.267204,698.45496,265.95084,670.3672,237.86302,686.16656,357.23627,605.41406,288.7722,673.8781,367.7692,670.3672,360.74725,658.07874,527.51874,652.81226,511.71933,679.1446,673.2243,666.8562,603.00476,621.21344,-13.171927,652.81226,93.91291,677.3891,350.21432,601.9031,692.53467,608.92505,608.27124,615.947,703.0676,619.45795,597.7383,693.18854,694.29016,691.43304,613.53766
0.6527750881818625,590.16144,48.19506,598.93677,32.39941,593.6716,32.39941,634.03827,39.419697,662.1194,39.419697,670.8948,144.72404,672.64984,128.92839,697.2208,265.82404,672.64984,237.74289,688.4455,364.1081,607.71216,286.88492,674.4049,367.61826,674.4049,358.8429,658.60925,527.32983,651.589,508.02405,679.6701,673.00085,665.6295,602.798,621.75275,-11.477404,651.589,95.582016,679.6701,350.06754,600.69183,692.30664,607.71216,608.0632,614.7324,702.8371,618.2426,599.28784,693.7107,694.0617,686.6904,613.32837
0.6486630611694776,592.2958,48.197723,601.07,34.15892,594.0506,32.404068,634.4122,41.17832,664.2446,39.42347,669.5092,146.46936,673.0189,128.92085,695.832,274.57346,673.0189,239.47646,681.79315,365.8257,609.8443,290.36713,676.5286,369.33542,674.77374,360.56116,660.7349,527.272,650.2059,506.21378,680.0383,672.92456,665.9995,595.7112,622.12823,-11.467201,653.7156,95.5787,680.0383,350.03204,601.07,692.22797,609.8443,600.9757,615.1088,702.7571,622.12823,592.2015,694.0771,692.22797,687.05774,607.9951
0.6481657738869007,591.8953,48.015858,600.679,33.96198,593.65204,32.205246,634.05695,40.98892,662.16473,40.98892,670.94836,146.393,672.70514,128.82565,695.54266,272.87793,672.70514,237.74323,674.46185,364.22812,609.46265,288.68854,676.21857,367.7416,674.46185,358.95792,660.40796,525.8477,648.11084,503.0102,679.73206,673.41345,665.67816,594.3604,623.51654,-9.956392,653.38104,95.4477,681.4888,350.17426,600.679,690.98083,609.46265,599.6306,614.73285,703.27795,620.00305,590.8469,693.78595,694.49426,674.46185,606.65753
0.6466725033063155,593.6626,48.09611,602.4449,34.04448,595.41907,32.288025,632.3046,41.070293,663.9208,41.070293,670.9466,146.45755,674.45953,128.893,695.537,269.40933,672.70306,237.79317,672.70306,364.25787,611.2272,288.73035,674.45953,367.77078,674.45953,357.23206,660.4079,524.0952,649.86914,501.2613,679.7289,671.6374,663.9208,589.084,623.52234,-8.110424,655.13855,95.52038,679.7289,348.4498,600.6884,690.9584,607.71423,596.1098,616.4965,703.25354,620.00946,583.81464,693.7805,692.71484,663.9208,601.3792
0.6441697615843552,593.47144,48.08776,602.2525,34.038017,596.9838,34.038017,633.86444,41.06289,663.72015,41.06289,670.745,146.43597,674.25745,130.63,695.33203,269.37125,672.5012,237.75931,674.25745,367.71945,609.27734,288.68964,674.25745,367.71945,674.25745,358.93835,660.2077,524.0229,649.6704,497.6796,679.5261,673.3014,663.72015,583.73425,625.0833,-9.867434,654.939,95.50565,679.5261,348.40106,602.2525,692.6198,609.27734,585.4905,616.30225,704.9133,621.5709,574.9532,693.57587,694.37604,660.2077,597.784
0.6454971845333393,594.7656,49.638206,601.7917,35.586185,596.52216,33.82968,633.4087,40.855694,661.51276,42.612198,670.2953,144.48936,673.8083,128.68083,694.8863,265.68805,672.05176,235.82751,673.8083,362.29572,608.8177,286.76608,672.05176,365.80872,675.56476,357.0262,659.7563,522.13745,650.97375,497.54645,679.07776,673.1967,663.2693,581.8586,624.6262,-10.08289,654.48676,95.30728,677.3213,348.24368,601.7917,694.2748,608.8177,581.8586,615.8437,704.8138,621.1132,571.3196,693.1298,692.51825,659.7563,595.9106
0.640677463549834,593.9511,49.734234,602.7276,35.691814,597.4617,33.936512,634.32306,40.95772,664.16315,40.95772,671.1844,144.52054,674.695,128.72282,694.0033,265.63638,672.9397,235.79625,672.9397,355.1568,613.2594,290.2106,669.4291,362.178,674.695,353.4015,658.8973,521.91046,653.63135,495.58096,678.20557,672.86646,660.6526,578.08014,627.3018,-8.190736,655.38666,95.372086,676.4503,344.62497,602.7276,693.9301,607.9935,572.8143,616.77,706.2172,620.28064,567.54834,692.248,693.9301,657.14197,592.12256
0.6498691657414803,595.31885,52.786793,604.0952,38.74463,597.0741,36.98936,637.4454,44.01044,665.52966,44.01044,670.7955,144.06085,670.7955,130.01869,690.10345,266.92978,669.0402,240.60072,637.4454,349.4275,612.8716,289.7483,665.52966,363.46964,665.52966,356.44858,654.99805,521.444,649.73224,502.13602,677.8166,672.3972,663.7744,581.12317,626.9137,-8.64767,654.99805,96.66855,670.7955,345.91693,602.33997,696.971,607.6058,575.85736,618.1374,707.5026,619.89264,567.081,693.614,691.7052,688.3482,596.9206
0.6463472373210467,594.15155,54.425163,602.93146,40.377346,595.90753,38.62137,636.29504,45.64528,660.8787,45.64528,671.41455,143.98001,666.14667,131.68817,690.73035,263.38647,664.3907,237.0468,643.3189,345.9174,609.9554,303.77393,664.3907,359.9652,662.6347,352.9413,652.0988,521.51514,646.8309,502.19937,678.4385,670.7732,664.3907,581.2183,624.0032,-5.278063,653.8548,98.32459,667.9026,344.1614,602.93146,695.3569,608.1994,574.19446,616.97925,705.89276,618.7352,567.17053,692.4863,690.0889,695.9982,597.02216
0.6490321147900361,595.2616,54.42524,604.0439,40.373596,597.01807,38.61714,637.4165,47.399418,660.2504,47.399418,670.7892,144.00446,667.27625,129.95282,688.3537,261.68695,667.27625,235.34013,637.4165,344.24036,611.0697,298.57254,663.76337,360.04846,662.0069,353.02264,649.7117,519.88586,646.1988,500.56488,677.815,670.94104,665.5198,583.1183,625.12134,-5.294241,653.2246,98.336624,667.27625,342.48392,602.2874,695.53143,607.55676,576.09247,616.33905,706.0701,618.0955,569.06665,693.6231,690.2621,691.86664,598.9264
0.650096269754263,597.6626,56.16436,604.6903,42.108944,597.6626,38.59509,638.0719,47.379723,662.6689,47.379723,669.6966,144.01071,666.18274,131.71222,687.26587,259.9679,664.4258,235.37091,629.2873,344.30038,611.718,291.5926,662.6689,356.59888,660.9119,351.3281,648.61346,518.23615,645.0996,498.90997,676.7243,669.3319,666.18274,586.7563,625.77344,-5.328087,653.8842,100.08753,666.18274,340.78653,601.17645,695.6858,606.4472,579.72864,616.9888,706.22736,616.9888,569.1871,692.5366,690.41504,690.7797,600.8117
0.6442180333229212,595.63293,54.377872,604.4172,40.32309,597.3898,36.809395,637.79724,47.35048,662.3931,47.35048,667.6637,147.49078,665.90686,131.67915,685.2322,261.68588,660.6363,235.33316,632.52673,353.04193,607.93085,289.79544,660.6363,354.7988,660.6363,349.52826,648.3384,516.4288,644.82465,497.10345,676.44794,669.2745,665.90686,583.18896,625.4993,-5.354944,653.6089,101.81275,665.90686,340.74402,602.66034,695.6272,607.93085,576.16156,616.7151,706.1683,618.4719,567.3773,692.2595,688.5998,695.77325,595.4869
0.6474345578597143,594.92883,56.1112,603.7193,42.046448,598.44507,38.53026,637.1231,49.078823,663.4945,49.078823,668.7688,149.29019,667.01074,133.46735,684.5917,265.3244,658.2202,238.95299,616.026,358.5034,605.4774,286.4215,658.2202,353.2291,659.97833,347.9548,647.6717,513.21564,642.3974,495.6347,675.8012,667.9279,668.7688,588.8137,626.5745,-5.4220924,652.946,101.82165,665.2526,339.16434,601.96124,696.05743,608.9936,580.02325,616.026,704.8479,617.78406,567.71655,691.624,689.0251,693.38214,595.84607
0.6531600722899804,594.75195,57.866703,603.53845,43.808327,598.26654,42.05103,636.9271,50.837517,661.52924,50.837517,670.31573,149.24617,665.0438,133.4305,686.1314,265.22778,658.01465,237.11104,621.1114,351.33536,605.2957,275.77158,659.772,353.09268,659.772,347.82077,647.4709,511.24942,642.199,493.67645,675.58765,667.6489,666.80115,579.78406,626.3833,-5.396002,654.50006,103.556435,665.0438,337.27698,601.7811,695.7657,608.81036,576.2694,617.5968,706.30945,617.5968,563.9684,691.4033,686.9792,691.4033,595.59973
0.6524299268539135,596.4572,59.560417,605.2365,45.51356,598.2131,42.001846,636.8419,52.536987,657.91223,50.78113,670.20325,150.86496,664.93567,133.3064,686.0059,266.75153,657.91223,236.90195,619.2834,351.03262,606.9924,272.01907,661.42395,349.2768,659.6681,344.00922,645.6212,503.79218,642.1095,486.2336,673.7149,661.8193,664.93567,579.294,626.3068,-3.6504276,654.4005,101.70098,664.93567,333.47406,603.48065,693.4247,608.7482,575.7823,617.5275,703.95984,617.5275,563.49133,691.2735,679.37787,689.51764,593.3409
0.6549339512219796,596.43146,59.506916,605.20636,45.46712,598.18646,41.957172,636.7959,52.48702,657.8556,50.732044,670.14044,149.01062,663.12054,133.21585,685.9352,266.59393,657.8556,236.75935,621.0011,343.8128,605.20636,282.3887,661.36554,345.56778,661.36554,342.05783,645.57074,496.4956,642.0608,478.94586,673.6504,656.1983,664.8755,577.2244,626.26605,-3.6721685,654.34564,101.626305,664.8755,331.52798,603.45135,693.05273,606.9613,571.9595,619.24615,701.82764,613.9812,561.4296,691.20013,673.74805,689.4451,594.7742
0.6545380594638678,597.23285,58.143066,604.0805,46.159687,598.94476,42.735863,636.6068,53.00733,655.43787,51.29542,669.1332,147.16248,663.99744,130.04335,687.9642,261.86053,657.1498,231.04613,629.75916,342.32037,605.7924,280.69156,660.5736,344.0323,660.5736,338.89658,643.45447,489.54477,636.6068,475.8495,670.8451,643.6168,662.2855,566.5808,626.3354,-0.06192577,653.72595,100.94086,663.99744,328.6251,604.0805,676.1431,605.7924,564.8689,619.48773,684.7027,614.352,552.8855,687.9642,662.4479,682.8284,576.8523
0.6549479147562614,595.9464,58.87387,604.35547,45.419403,599.31006,43.737595,636.3098,53.828445,659.8551,52.146637,666.5824,148.00972,666.5824,131.19164,686.76404,259.0091,658.17334,233.78195,632.94617,341.4177,607.71906,274.14536,659.8551,339.7359,663.21875,336.37225,641.3552,484.3714,641.3552,470.91693,668.26416,637.416,661.5369,561.7346,627.90076,0.010574341,653.1279,100.91908,664.9006,326.28143,602.67365,664.32495,609.4009,563.4164,616.1281,672.73395,617.80994,546.5983,683.40045,655.9159,681.7186,571.82544
0.6560928718401835,596.4826,58.13355,604.77625,44.86372,599.8001,43.20499,636.2921,53.157364,659.51434,51.498634,666.14923,147.7049,667.808,129.45888,687.7127,257.181,657.8556,235.61752,632.9747,335.14124,609.75244,273.76828,657.8556,340.11743,662.8318,335.14124,641.2683,482.7681,642.92706,471.157,666.14923,632.0537,661.17303,562.3871,627.9985,0.078044295,652.8794,99.60177,664.49054,325.18887,601.4588,655.2759,606.435,565.7045,614.72864,663.5695,614.72864,544.14105,681.0778,650.2997,681.0778,570.6807
0.6512974626742877,598.3402,59.238396,606.5582,46.0895,599.9838,44.44589,637.78687,54.30756,662.4411,51.020336,664.08466,146.34984,670.6591,128.27011,685.45166,251.54102,657.51025,231.81767,619.70715,320.57272,608.20184,266.33353,657.51025,337.00885,667.3719,330.4344,639.4305,478.3595,652.5794,465.2106,664.08466,626.2846,664.08466,562.1837,624.638,3.3555844,652.5794,100.328705,665.7283,322.21634,598.3402,642.7207,609.84546,562.1837,611.4891,652.5824,618.06354,544.104,678.8772,644.3643,683.80804,567.11456
0.6616632502812606,597.4016,60.290222,605.53937,45.64222,599.0292,44.014664,638.0905,52.152443,664.1314,50.524887,664.1314,144.92313,669.01404,128.64757,685.2896,249.0867,660.8763,232.81114,629.95276,323.95428,613.6772,271.8725,657.62115,338.60226,665.759,332.09204,639.7181,476.94452,654.3661,465.55164,664.1314,620.16943,664.1314,568.08765,626.69763,1.6982117,652.7385,99.35156,664.1314,322.32672,597.4016,636.445,610.42206,564.8325,610.42206,647.8379,618.5598,563.20496,678.7794,639.7001,683.66205,584.3632
0.6716012370127898,597.32806,60.160404,605.43195,45.573395,598.94885,43.952618,637.84753,52.05651,660.53845,50.43573,665.40076,142.82013,663.78,128.23312,684.85016,248.17076,658.91766,231.96297,632.9852,322.7266,611.9151,275.724,657.2969,337.3136,660.53845,332.45126,642.7099,475.0798,649.193,462.1136,663.78,614.4668,662.15924,560.9811,624.8813,1.8123641,650.8138,99.0591,662.15924,322.7266,600.56964,638.7785,610.2943,562.60187,613.5358,648.5032,616.7774,554.498,678.367,632.29535,681.6086,567.46423
0.6762753770901606,597.2724,58.479008,605.374,45.516396,598.89276,43.89607,637.7806,51.9977,660.46515,50.377373,665.3261,142.736,663.7058,128.15305,684.7701,251.29788,658.84485,231.85396,642.64154,317.73126,611.85535,277.2231,657.2245,338.7955,660.46515,333.93454,642.64154,474.90295,649.12286,461.94034,663.7058,614.25104,662.08545,555.9193,626.4383,1.7675748,652.3635,98.987175,662.08545,322.59225,600.51306,640.1763,610.23505,560.7803,615.096,648.2779,618.3367,552.67865,678.28876,632.07465,679.90906,564.02094
0.6760074920379199,597.2662,58.407627,605.3634,45.45214,598.8856,43.832706,637.7521,51.929886,660.4242,50.310448,665.2825,142.61829,665.2825,128.04337,683.0963,249.50104,658.80475,231.68724,631.27435,319.13678,610.2217,273.79257,655.56586,336.95056,660.4242,332.09225,642.6104,474.6026,647.4687,461.6471,665.2825,615.49347,660.4242,555.5744,626.416,1.7273784,652.327,98.89352,660.4242,322.37564,600.50507,638.1656,610.2217,560.4327,615.07996,647.8822,618.31885,552.3355,678.238,633.3073,679.8574,563.6716
0.676452154150376,597.05945,58.43198,605.1532,45.481964,598.67816,43.863213,637.52826,51.95697,658.572,50.33822,663.4283,142.60709,665.047,128.03831,682.8533,247.82596,660.19073,231.63844,627.81573,323.90732,610.00946,278.58224,655.33453,338.47607,660.19073,333.6198,642.38446,474.45123,647.2407,461.50122,665.047,616.9014,660.19073,553.7701,626.19696,1.7756596,650.4783,98.90078,660.19073,322.28854,601.9157,639.56396,610.00946,560.2451,614.8657,649.2765,618.1032,550.5326,679.6158,634.7077,679.6158,563.4826
0.6764009881478089,597.344,58.418587,603.81854,43.850887,598.96265,42.232254,637.8098,51.944054,660.4707,48.706787,663.70795,139.35027,663.70795,126.4012,683.1316,242.94281,657.2334,228.3751,621.6235,317.39996,608.67444,267.22232,655.6148,336.82355,660.4707,331.96765,642.6657,477.64465,645.903,461.45834,665.3266,618.46576,660.4707,553.72046,626.4794,1.7664156,650.7589,97.26579,660.4707,320.6372,602.1999,639.508,610.293,560.19495,615.1489,649.21985,618.3862,550.48315,679.8943,634.6521,679.8943,563.43225
0.6715994947231733,596.95465,56.86575,603.4368,43.90144,598.5752,42.2809,635.8476,50.383595,658.5351,48.763054,663.3967,139.51323,663.3967,124.928375,682.8432,243.2277,656.9146,227.02231,629.3654,312.91086,609.91895,267.53577,655.29407,335.59842,661.7762,329.11624,643.95026,478.2058,647.19135,462.00043,665.0173,619.1927,661.7762,554.37115,622.8833,1.7674332,650.43243,97.37922,660.15564,321.01355,601.8163,638.63916,609.91895,557.6122,614.7806,648.36237,618.02167,549.5095,679.6021,637.0186,679.6021,560.8533
0.6704345345497131,596.222,56.85267,602.71014,43.876392,596.222,42.25436,633.52875,50.364532,654.61523,48.742496,661.10333,137.95438,657.85925,124.9781,683.8118,240.14253,656.23724,220.67812,627.04065,309.89,605.95416,264.47305,654.61523,330.97644,659.4813,326.11035,644.883,478.58154,643.261,459.11716,665.9694,619.69855,659.4813,549.95105,620.5525,3.325539,648.1271,97.40352,659.4813,319.6222,602.71014,639.16296,609.19824,553.1951,615.6864,648.89514,617.3084,543.46295,678.94574,637.5409,677.32367,559.6833
0.6750101768053495,594.3735,58.505608,602.49036,45.51868,595.9969,43.895313,634.95764,50.38878,654.43805,48.76541,660.9315,138.05054,656.0614,125.063614,683.6586,241.94597,656.0614,222.46558,626.8408,311.7507,608.98376,266.29645,656.0614,331.2311,659.30817,326.361,644.6979,477.33405,644.6979,459.47702,665.80164,620.19025,659.30817,550.3855,620.34735,3.311164,646.3212,97.46639,660.9315,318.24417,600.86694,639.67065,608.98376,553.63226,613.8539,649.4108,617.10065,543.892,680.4119,639.67065,678.7885,560.1257
0.6724306081350033,594.41095,58.502167,600.9039,45.516277,594.41095,43.893044,633.3686,50.385986,651.2242,48.762753,659.3404,138.04073,656.0939,125.05484,682.0657,241.92783,656.0939,222.44899,623.6292,311.72696,609.0201,266.27637,656.0939,332.82904,660.9636,326.3361,644.73126,477.29703,644.73126,459.44144,665.8333,618.51855,659.3404,551.9659,618.75946,3.3121445,646.3545,97.45983,660.9636,319.84314,600.9039,639.6206,609.0201,553.5891,613.8898,649.36005,617.1362,545.47296,680.44244,637.9974,678.8192,561.7053
0.6715455192785996,592.5852,58.514183,600.69745,43.912136,594.20764,43.912136,631.524,50.40193,650.99335,48.779484,659.10565,136.39177,654.2383,125.03462,681.81995,241.851,655.8607,224.00406,625.0342,311.61633,607.18726,264.5653,655.8607,334.33063,660.7281,327.84085,642.8811,478.72867,642.8811,460.8817,667.2179,619.8818,659.10565,551.7389,618.5444,3.3508906,644.5036,97.45298,660.7281,319.7286,602.3199,640.97363,608.8097,554.9838,615.2995,650.7083,616.92194,546.8716,680.19745,637.72876,678.575,561.47363
0.6697010225974597,590.8682,58.43306,597.346,45.47751,592.4877,43.858067,631.3543,50.335842,649.1682,48.7164,655.646,136.16637,650.78766,124.83026,681.55707,243.04967,654.02655,228.47467,624.8765,314.3052,603.8238,265.7219,655.646,336.97742,658.8849,332.11908,641.071,479.48846,644.3099,464.91348,666.9821,618.7606,660.50433,553.9829,616.77936,3.3719692,642.6904,97.29971,660.50433,322.4024,602.20435,638.194,608.6821,557.2218,615.1599,647.91064,616.77936,549.1246,681.55707,638.194,681.55707,563.6996
0.6641501211203061,589.71954,60.15143,596.19635,47.197815,589.71954,45.578613,628.5804,52.05542,648.0108,48.817017,656.1068,137.87311,648.0108,126.5387,680.39484,241.50201,652.8684,230.1676,630.1996,320.8429,604.29236,267.40924,657.726,338.6541,660.9644,335.4157,639.9148,479.52466,641.534,466.57104,667.4412,618.776,657.726,552.38873,612.38837,5.098572,641.534,99.01227,660.9644,325.7005,602.67316,639.8256,607.53076,554.00793,615.6268,649.54083,617.246,547.5311,682.01404,634.968,678.77563,565.34235
0.6630683403748733,587.7234,65.13602,594.2101,48.919228,587.7234,48.919228,625.022,52.162586,647.7255,50.54091,652.5905,138.11156,649.34717,126.7598,680.15906,241.89899,654.2122,232.16891,652.5905,324.60458,605.5618,266.22415,657.45557,340.82138,660.6989,337.578,637.9954,480.28574,639.6171,467.31232,665.56396,618.1284,657.45557,558.1263,607.18353,6.7555857,639.6171,99.19127,660.6989,327.84796,600.69684,640.8319,607.18353,556.50464,613.6702,650.562,615.29193,548.39624,680.15906,634.3452,680.15906,569.478
0.6606372778232281,579.16644,70.047745,587.2625,53.855556,579.16644,53.855556,621.2661,55.474777,645.5544,53.855556,648.79285,144.5318,645.5544,131.57805,682.79645,251.40024,660.1274,238.44649,626.1238,324.26508,601.8355,253.01945,661.7466,345.3149,663.3658,340.45728,630.98145,482.94852,635.8391,471.61398,664.98505,617.3437,660.1274,565.5287,598.59705,8.517434,634.21985,102.43212,664.98505,330.74194,601.8355,641.63196,608.3124,565.5287,614.78925,648.1088,616.40845,552.5749,681.1772,635.1551,681.1772,581.7209
0.6585357349652511,575.18976,74.91869,583.28143,58.735367,575.18976,58.735367,618.8847,61.972034,643.1597,60.3537,644.7781,149.362,646.39636,134.797,680.38135,261.02695,659.343,241.60695,620.50305,330.61523,601.08307,248.08029,660.96136,348.4169,664.19806,343.56192,628.5947,485.9752,630.2131,471.4102,665.81635,618.67847,659.343,565.2735,594.60974,11.803722,631.83136,108.90368,665.81635,335.47025,601.08307,641.3351,607.5564,565.2735,614.0297,647.8085,615.6481,553.9451,681.9997,634.86176,678.763,581.4568
0.6410214832195869,572.4182,79.659195,578.88824,63.484035,570.80066,63.484035,612.8561,65.101555,641.9714,63.484035,641.9714,149.21239,645.2064,136.27226,682.4093,260.82098,658.14655,244.64583,638.7363,331.9917,599.91595,252.73341,662.9991,351.4019,662.9991,346.54935,622.56116,487.27325,629.03125,474.3331,664.6166,619.90955,659.76404,569.76654,588.5933,14.958555,627.41376,110.392,666.23413,338.46176,598.29846,639.31976,606.38605,564.914,612.8561,647.40735,616.0911,551.9739,680.79175,636.0847,680.79175,581.0892
0.6290171490265772,567.8303,81.279205,574.3092,65.082,567.8303,65.082,608.32336,68.32144,639.098,66.70172,639.098,152.5469,639.098,141.20886,679.59106,262.6879,656.915,246.49069,632.61914,333.9556,598.60504,251.34985,665.01355,353.39224,663.39386,348.53308,619.6614,487.82904,626.14026,474.87128,666.6333,619.02637,665.01355,578.5334,587.26697,14.8706665,624.52057,115.293335,665.01355,340.43448,598.60504,641.7025,606.7036,585.01227,611.5628,648.1814,616.422,560.71643,682.8305,635.22363,686.06995,589.87146
0.6190566947826972,560.69196,93.407005,567.1422,78.89394,560.69196,78.89394,602.6186,83.73163,628.4196,78.89394,633.2573,164.35977,631.6448,151.45927,678.40906,274.01404,652.6081,254.6633,647.7704,336.904,599.3935,269.17636,668.7337,361.09244,660.6709,354.6422,610.68146,493.3226,617.13165,482.03467,665.50854,620.7151,670.34625,585.2387,583.2679,27.29193,617.13165,127.27083,667.12115,346.57938,597.78094,643.29095,605.84375,602.97687,612.294,649.7412,625.1945,569.11304,681.6342,635.22815,691.3096,590.07635
0.6077343764213415,558.25964,100.17821,564.6124,85.88446,558.25964,85.88446,599.5527,90.64904,624.9638,87.47266,631.3166,171.64696,629.7284,158.9414,678.9624,276.4678,651.96313,258.99765,677.3742,341.58377,597.9645,303.4671,667.8451,366.99487,658.3159,360.6421,607.49365,497.22684,617.0228,484.52127,664.6687,621.106,671.0215,589.3421,582.0826,36.65043,613.84644,135.11848,666.2569,352.70114,596.37634,643.3407,607.49365,606.81226,609.08185,649.6935,624.9638,571.87195,680.5506,635.3998,691.66797,590.9303
0.6053653852297709,554.993,107.69104,561.27954,93.54624,553.4213,93.54624,595.8557,96.68953,621.002,95.11788,625.717,178.41502,630.4319,164.27023,674.4379,285.28683,660.29315,261.7122,652.43494,345.00934,598.999,305.71823,669.723,370.15564,661.8648,362.29742,600.5707,497.45883,613.1438,481.74237,663.43646,621.6187,672.86633,588.6142,575.4244,44.825264,610.00055,140.69557,669.723,356.01083,595.8557,642.0501,613.1438,598.04407,608.4289,649.9083,635.14685,574.4694,680.72455,635.76355,691.726,587.04254
0.6019527831902871,551.59845,114.84729,557.80634,100.879524,550.04645,100.879524,591.94977,105.535446,618.3333,103.983475,622.98926,187.79007,630.7491,173.82231,675.75635,291.77234,674.2044,265.38876,674.2044,344.53946,596.6057,322.81183,672.6524,374.02695,663.3406,366.2671,596.6057,498.18488,626.0932,482.66513,661.7886,622.34283,671.10046,589.75134,571.7741,51.216354,607.4695,150.5427,671.10046,360.0592,595.0537,644.07043,615.2294,609.927,609.0215,650.2783,633.8531,581.99146,678.8603,636.31055,691.2761,594.4073
0.6097132741258695,548.52966,122.71553,554.71106,108.80743,548.52966,108.80743,588.7086,113.44346,616.52484,111.89812,618.0702,192.25604,627.3422,178.34793,670.6119,286.52206,672.1572,264.88724,676.7933,343.69983,590.25397,325.15567,670.6119,377.69742,664.4305,368.42532,591.7993,501.32498,628.8876,484.3262,662.8852,621.8619,673.7026,589.4096,570.1645,60.901737,604.16205,155.16777,672.1572,363.7893,594.89,645.04205,614.9795,612.5898,608.7981,651.2234,631.9783,589.4096,679.884,635.76996,690.70135,595.591
0.6132304255778973,544.03467,130.15866,551.65356,116.44468,545.5584,117.96845,585.17664,122.53978,609.557,119.49223,615.65216,200.25237,626.31854,185.0146,670.50806,294.72647,655.2703,271.86984,675.0794,351.1062,582.129,332.82086,670.50806,381.58173,665.93677,372.43906,588.2242,503.4838,629.3661,483.6747,661.3654,623.8621,675.0794,587.2915,568.4151,69.20762,601.9382,162.15796,673.5556,367.86774,594.3193,645.19495,623.271,614.7194,608.03326,652.81384,635.46124,593.3866,679.65076,636.0523,693.3647,594.91034
0.6173699727425208,537.4954,147.8263,544.8667,133.08371,537.4954,134.55797,578.77466,137.50648,603.83704,134.55797,612.6826,209.74518,627.4252,193.52832,668.7044,298.2007,671.65295,280.5096,681.9728,364.54236,571.4033,324.73737,667.23016,389.60477,670.1787,380.75922,583.19745,506.07123,628.8995,483.95734,658.38464,622.53766,673.1272,579.7842,561.08356,87.38168,596.46576,174.36296,673.1272,374.86218,596.46576,646.1258,627.4252,603.3723,608.2598,652.0228,633.3222,582.73267,679.02423,634.3317,692.2926,582.73267
0.6175039760195292,536.71735,149.87932,544.0391,136.70012,536.71735,136.70012,577.71924,144.0219,601.1489,139.62883,611.3994,218.704,624.5786,199.66737,668.5093,306.56528,636.29346,286.0643,672.90234,373.9256,568.9331,319.74448,665.58057,394.42657,671.438,384.1761,579.1836,508.64624,627.5073,482.28784,658.2588,622.8659,672.90234,576.00653,561.6113,89.840775,593.82715,180.63077,672.90234,379.78302,595.2915,646.2956,627.5073,586.257,608.4707,653.6174,631.9004,578.93524,678.75977,633.1164,691.93896,578.93524
0.6090292139695241,535.6434,158.5995,542.9421,145.46182,535.6434,145.46182,575.0564,149.84105,602.79156,145.46182,613.0097,227.2074,617.389,206.77101,668.48,317.71143,637.8254,294.35556,631.9864,380.48038,569.21747,325.01016,665.5605,400.91678,664.1007,390.69858,576.5162,511.8572,630.5267,487.04156,655.3423,622.7976,671.3994,579.0054,558.99927,97.29031,592.57336,186.33461,671.3994,384.8596,595.4928,647.6133,624.6877,587.7638,607.1708,653.4522,629.0669,581.92487,677.2384,634.4756,690.3761,581.92487
0.6073681093179263,534.0087,165.86754,542.66766,152.87907,535.45184,152.87907,571.5309,157.20857,598.951,152.87907,611.9394,233.69612,614.82574,216.37817,671.109,321.72897,637.9163,298.63837,676.88165,383.7849,568.6446,369.35327,663.89325,405.4323,663.89325,395.3302,572.97406,513.66943,629.2574,487.6925,653.7911,621.90656,671.109,578.6117,558.5425,105.25475,590.292,194.73076,669.6659,389.55756,594.62146,646.44025,623.48474,595.9296,607.6099,653.65607,627.8142,580.0549,675.43854,632.00867,689.8701,581.498
0.5970778843531241,529.9102,171.95079,539.95514,157.6009,532.7802,157.6009,568.6549,163.34087,597.3547,159.0359,608.8346,240.83023,617.4445,223.61037,671.97406,329.7995,679.14905,305.4047,673.40906,387.19904,674.84406,375.71912,664.79913,408.72385,663.36414,398.67896,570.0899,516.34796,624.61945,486.21323,653.3192,622.5371,669.1041,573.7475,560.045,108.81131,587.30975,200.65056,670.5391,392.939,594.48474,646.9319,623.1845,588.0974,607.3996,654.1069,627.48944,578.0525,674.84406,632.58203,689.194,580.9224
0.5918737311775868,526.3017,176.8057,536.2171,164.05728,529.13464,161.2243,565.9634,169.72325,597.12616,165.47377,605.6251,247.63019,619.79004,226.38284,669.3672,343.9515,673.61664,308.53925,621.20654,396.36163,621.20654,377.94727,663.70123,411.943,669.3672,402.0276,568.7964,516.76324,624.0395,481.351,652.36926,623.0,667.9507,570.58984,557.4645,114.48014,585.79425,206.55199,672.20013,396.36163,594.2932,648.4968,622.623,579.0888,605.6251,655.5793,626.8725,570.58984,675.03314,632.9154,689.19806,577.6723
0.5988743941371257,526.45386,181.67937,534.8654,169.06206,527.85583,166.25821,565.7077,174.66975,596.55,170.46397,604.96155,253.17741,618.9808,230.74666,670.8519,352.71393,672.25385,314.86203,617.57886,400.3793,620.3827,382.1543,663.8423,415.80045,669.45,405.987,565.7077,518.1408,623.1865,481.69083,651.225,623.28503,666.6462,570.01196,555.8943,119.99477,585.33466,212.52167,672.25385,400.3793,595.1481,649.9216,621.7846,579.82544,606.36346,656.93115,627.39233,570.01196,673.65576,631.69653,687.675,577.02155
0.5977575956628873,524.5609,192.40947,532.848,178.5976,527.32324,175.83522,563.23413,184.12234,597.7638,178.5976,601.90735,262.85,617.1004,237.98865,666.8232,367.82025,637.81824,323.62225,610.1945,413.3994,611.5757,387.15686,665.44196,423.06775,669.5855,412.01825,563.23413,518.3696,622.6252,481.0776,650.2489,621.9587,665.44196,569.4736,552.18463,130.25604,583.9519,220.03322,672.3479,406.4935,595.0014,649.58246,621.24396,577.7607,606.0509,656.48834,628.1499,566.7112,673.7291,630.2458,686.1598,574.99835
0.600389129267289,522.48517,193.94855,532.0702,181.62502,525.22375,178.88644,562.19434,187.10214,595.05707,181.62502,600.53424,263.78186,615.5963,239.13481,662.15186,369.21652,649.82837,324.03024,610.1192,414.4028,616.9656,387.01718,662.15186,423.98776,667.62897,413.0335,560.8251,519.8374,622.44275,478.759,649.82837,621.16425,664.89044,569.13153,551.2401,132.33089,582.7336,222.70345,670.36755,407.5564,595.05707,648.54987,619.70416,580.0858,606.01135,655.39624,625.1813,570.50085,673.10614,629.37994,685.4296,575.97797
0.5960890197983155,522.84235,198.01985,532.37,184.40889,525.5645,181.6867,563.67523,189.85327,596.3415,184.40889,601.7859,267.43576,615.39685,241.57494,661.67413,370.87906,638.5355,325.9629,608.5914,415.79523,609.95245,388.5733,661.67413,425.3229,667.1185,415.79523,558.23083,520.5997,624.92456,481.12784,648.0632,621.32074,665.75745,568.238,551.42535,135.40944,584.0917,225.24178,669.8407,408.98975,593.6193,649.90375,619.48016,577.7657,604.5081,656.7092,626.28564,558.7103,672.5629,629.4873,686.1738,575.04346
0.5953432837357888,522.06384,198.78743,531.56934,186.56609,526.13763,182.49231,564.15955,191.9978,598.1077,185.20816,602.1815,272.11548,614.40283,242.24109,660.5723,372.60205,655.1406,327.79047,606.2553,420.1295,607.6132,390.2551,663.2882,426.91913,667.362,417.41364,557.36993,521.974,623.9083,481.23618,648.351,622.4606,666.0041,568.1435,553.29614,137.68073,583.17053,227.3039,670.0778,410.624,594.03394,649.6191,618.4766,577.649,606.2553,657.76666,627.9821,559.9959,674.1516,629.2502,686.373,574.9331
0.5946814200052848,523.6982,197.60568,533.19305,185.39801,526.411,181.3288,564.39044,192.18005,596.9442,185.39801,602.3699,269.4953,613.2211,242.36716,662.0518,365.8003,656.62616,325.10803,609.1519,414.63098,609.1519,391.57202,660.69543,426.83865,666.12103,417.34378,557.6084,521.7872,624.0724,482.45135,649.8441,620.805,664.76465,566.54865,554.89557,137.92374,583.3801,226.09026,667.4775,410.56174,594.23145,649.28955,618.6468,577.3999,606.4391,656.0716,625.4288,562.47943,674.25946,627.58704,685.1108,573.3307
0.5965816132151164,523.93787,192.76836,533.4573,179.16922,526.6577,177.80931,566.09515,188.68861,596.01324,181.88905,602.8128,266.20367,615.05206,240.36533,659.9292,365.47736,636.81067,321.9601,609.6124,404.91483,551.1361,388.5959,657.20935,423.9536,665.36884,415.79413,556.5758,520.50745,623.21155,482.4299,650.4098,619.7811,665.36884,568.10443,557.93567,132.93216,583.77405,222.68645,666.72876,407.63467,593.29346,649.6992,617.77185,578.98376,605.53265,656.4988,625.93134,566.7445,674.88824,627.9406,685.7675,573.54407
0.5986623036173674,523.3836,189.50827,534.3201,177.20473,527.4848,175.83766,565.7625,185.40709,595.8379,179.93884,601.30615,264.69666,616.3438,238.72249,658.7227,364.49213,662.8239,322.11322,609.5085,406.87103,616.3438,383.63098,655.9886,423.27576,665.558,415.0734,556.1931,520.3371,624.54614,483.42648,649.15326,620.1326,665.558,569.55133,556.1931,129.35757,584.90137,220.95068,666.92505,406.87103,593.10376,648.8409,617.7109,577.7537,605.4073,655.6762,624.54614,569.55133,673.7604,626.9679,686.0639,576.38666
0.5994192195626405,524.28436,187.53862,535.27246,173.8035,528.4049,172.42998,564.1162,182.04457,598.454,177.92403,601.201,261.70825,617.68317,235.61154,660.262,363.34814,661.63556,322.1428,608.0686,414.1681,608.0686,383.95084,657.515,421.03568,667.1296,411.42108,557.24866,519.9285,620.4302,478.72318,649.2739,621.5684,664.38257,568.00146,557.24866,128.4776,584.7189,217.75587,667.1296,404.55353,594.33344,649.03864,619.05664,577.616,605.32153,657.2797,625.92426,565.2544,673.99713,629.8095,684.9852,574.869
0.6110312783947358,526.0234,183.95992,535.77997,170.02197,528.811,168.62817,566.4434,178.38475,601.2883,172.80957,602.68207,259.22485,616.62006,234.13654,661.2215,356.79047,634.7394,321.94562,606.86346,409.75467,558.0807,384.66638,658.4339,419.51123,665.40283,409.75467,558.0807,518.47064,622.19525,480.8382,648.6773,621.6115,664.00903,567.2535,559.4745,124.02675,585.95654,214.62341,665.40283,402.7857,594.31934,649.48737,618.01385,575.6163,605.46967,657.85016,627.7704,565.8597,673.7656,629.97424,684.91595,574.2225
0.5969219362506499,525.7408,176.19675,536.91565,162.2282,528.5345,162.2282,567.6464,172.00618,598.37726,167.81561,602.5678,253.0238,616.5364,230.67412,665.42633,349.40683,658.442,314.48544,620.7269,399.6936,669.6169,374.5502,657.04517,416.45587,664.0295,408.07474,559.2653,518.42633,620.7269,482.10806,650.0609,621.79364,665.42633,567.3162,560.6622,117.528824,585.80554,208.32443,662.6326,401.09045,594.1867,651.12756,620.7269,577.09424,606.7584,658.1119,629.1081,568.71313,675.2043,631.5716,684.9823,574.30054
0.6035047609072465,526.49304,172.94621,536.3537,158.8596,529.31036,158.8596,568.7529,167.31157,598.33484,163.08559,602.5608,250.42264,618.0561,223.65807,661.7246,347.62033,658.9073,308.1778,622.2821,396.92352,670.1766,361.70694,654.68134,412.4188,661.7246,403.96683,560.30096,516.6598,619.4648,478.62592,649.04663,620.9008,664.54193,565.96295,558.8923,112.37375,585.65686,203.93678,661.7246,396.92352,595.5175,650.4827,620.8734,575.8236,606.7868,657.526,627.91675,564.5543,674.4026,630.7614,684.26324,574.4149
0.6051755948708608,529.6108,167.02042,539.62604,154.14366,532.4723,154.14366,569.6718,162.72816,601.1483,159.86665,604.0098,242.85023,618.3173,222.81972,664.1014,334.4183,661.23987,305.80328,625.4711,393.0791,674.11664,370.18707,652.6554,410.2481,656.94763,401.6636,561.0873,514.69293,615.4559,478.92416,651.2246,619.1378,665.53217,566.2,563.9488,108.35962,586.8408,199.92769,661.23987,394.50986,595.42535,650.6143,619.7481,576.2153,609.73285,657.76807,625.4711,567.63074,675.5474,629.1531,685.5626,573.35376
0.6263465629174159,531.922,154.03511,540.6492,139.48979,533.3765,140.94432,574.1034,148.21698,601.7395,143.85338,607.5576,226.76167,616.2848,207.85277,664.2843,319.85168,642.4664,292.21558,632.2846,379.4875,571.19434,322.76074,652.6481,402.75998,658.4662,395.48734,565.37616,511.84982,619.19385,478.3956,651.19354,620.9397,664.2843,559.84937,562.4671,94.399315,590.1032,186.03479,659.9207,386.76013,595.9213,651.48486,622.1029,570.03107,610.4667,658.7575,629.37555,545.3041,675.9206,629.6669,683.19324,568.57654
0.6301856912099398,533.3087,147.37558,542.0696,134.23433,534.76886,134.23433,577.1129,141.53503,604.8556,138.61475,606.31573,221.84271,620.9171,201.40076,663.26117,315.29166,642.8192,290.46927,631.13806,375.15738,569.8122,324.0525,650.1199,398.51962,655.96045,391.21893,566.8919,512.4105,620.9171,477.36716,653.04016,620.4609,666.18146,562.0553,562.51154,88.96999,590.25415,179.49866,658.88074,382.4581,596.0947,652.5839,622.37726,569.35596,610.6961,659.88464,629.6779,556.2147,674.94226,632.14197,685.16327,569.35596
0.6380344720987173,535.3928,140.82286,544.2663,126.03368,536.8717,127.5126,579.7603,133.42827,600.46515,130.47044,609.3387,214.76874,628.5646,191.10605,664.0586,310.89838,644.8327,287.2357,634.4803,364.1394,612.2965,344.91348,650.74835,395.19666,658.14294,386.32315,567.929,509.0733,616.7333,476.53714,652.2273,619.9921,665.53754,559.3565,564.9711,83.14508,593.07056,171.88013,659.6219,378.9286,596.02844,651.0494,624.12787,568.23004,610.8176,658.444,628.5646,553.44086,675.88995,630.34454,684.7635,568.23004
0.6466327057434962,537.7355,130.61505,546.8128,115.48622,539.24835,116.99911,581.6091,123.05064,599.7637,121.53776,614.8925,204.74629,619.43115,188.10458,664.8176,307.62228,634.56,283.41617,626.99554,362.08606,614.8925,345.44437,649.6888,389.31796,651.20166,381.75354,569.50604,507.32278,623.9698,481.6038,655.7403,619.27606,669.35626,572.3767,569.50604,71.61263,595.22504,163.89847,657.25323,374.18912,596.7379,649.53375,619.43115,575.40247,610.3538,655.58527,628.5084,575.40247,676.92065,629.8663,689.02374,576.9154
0.6570123766477292,540.0191,120.6328,549.2895,105.182076,541.56415,106.72715,584.8262,112.90744,609.5473,109.81729,614.18256,194.79626,620.36285,179.34555,662.0798,302.95132,632.7234,275.14005,623.453,357.02887,574.0107,338.488,649.7192,380.20496,652.8093,374.02466,572.4656,502.26566,621.9079,475.99942,655.8995,619.69116,669.8051,570.24884,572.4656,58.829906,597.18677,153.07932,657.4446,366.2993,595.64166,649.04755,623.453,571.79395,609.5473,655.22784,631.17834,571.79395,677.5305,630.50665,689.89105,576.42914
0.655010998249054,540.67236,112.82562,549.93335,98.93409,542.2159,98.93409,583.89044,106.65161,608.5865,105.10811,616.304,190.0008,620.9345,176.10927,662.60913,302.67654,641.00006,274.8935,620.9345,348.98163,596.23846,332.0031,650.2611,376.7647,650.2611,369.04718,576.1729,500.24496,624.02155,478.63593,657.97864,619.0947,673.41364,572.7896,571.5424,52.62899,597.782,148.3262,656.4351,362.87317,596.23846,648.4213,625.56506,572.7896,611.6735,654.59534,633.2826,574.3331,679.58765,629.8993,691.93567,577.42017
0.6457352798718673,546.1782,92.04064,554.1205,77.744606,547.76666,79.33305,592.2432,85.686844,616.06995,84.0984,620.8353,174.63995,625.60065,158.75548,662.13495,290.59668,643.0736,260.41617,624.0122,341.42703,585.88947,292.18515,649.42737,365.25375,647.8389,358.89996,584.30096,493.9181,630.36597,473.26825,658.95807,617.8171,673.2541,571.7521,576.35876,28.502705,603.36237,131.75185,652.60425,350.95773,595.4201,646.4091,627.1891,570.16364,609.7162,654.3514,636.7198,568.57513,679.6079,632.1131,690.72705,576.5174
0.6162188660639983,548.5796,82.39303,556.66595,67.8375,550.19684,67.8375,595.4807,77.54118,619.7399,74.306625,619.7399,164.87433,627.82635,148.70152,661.78925,286.17038,647.2337,252.20747,624.59174,337.92334,590.62885,268.38028,650.46826,358.948,647.2337,350.86157,592.24615,488.3304,626.20905,470.54034,661.78925,616.0956,673.11017,570.8117,577.6906,17.701807,606.8017,122.825035,653.7028,342.77518,597.098,643.58936,622.9745,564.3426,611.6535,651.6758,640.7646,564.3426,681.1966,630.6511,692.5175,567.57715
0.6204749242617533,550.9073,73.771965,559.02057,57.545414,552.52997,59.168068,596.3417,65.65869,623.92676,64.03603,625.54944,159.77269,623.92676,141.92348,661.24786,274.9812,640.1533,244.15076,617.43616,335.01944,586.6057,263.62262,648.2666,352.86865,648.2666,348.00067,597.9643,484.3037,627.1721,469.69983,662.8705,615.7388,669.36115,573.54974,580.1151,10.488414,609.3229,112.71569,653.1346,339.88742,597.9643,644.9466,615.8135,552.45526,614.19086,651.4372,633.6627,536.2287,680.7197,630.3427,688.833,570.30444
0.6312838196754456,551.6002,69.69212,561.32874,53.47789,553.2216,53.47789,600.2429,61.585007,626.18567,61.585007,624.5643,152.38472,629.4285,137.7919,658.61414,265.88434,645.64276,241.563,614.8357,329.11987,597.00006,270.74863,645.64276,350.19836,648.8856,343.71268,603.4857,483.1551,627.80707,466.94086,663.4784,616.1118,668.34265,572.3334,580.7858,8.078034,611.59283,108.606285,652.1284,335.60556,598.62146,645.2974,609.97144,552.8763,613.2143,651.7831,622.9428,564.22626,681.3141,632.32605,686.17834,575.57623
0.6292970157586611,556.51776,64.61211,566.2501,50.013603,558.13983,50.013603,598.6912,56.501827,627.88824,56.501827,629.5103,147.33696,629.5103,132.73845,660.32935,260.88086,647.3529,234.92798,621.4,330.62927,597.0692,268.99115,647.3529,341.98367,650.59705,335.49545,606.8015,479.8584,624.6441,463.63785,661.9514,617.73315,665.19556,565.8274,582.4707,7.840149,613.28973,105.163506,652.21906,327.38516,598.6912,643.68604,608.4236,551.2289,613.28973,651.7963,621.4,551.2289,679.794,632.33167,683.03815,567.4494
0.6336023681438886,562.5213,59.845963,570.5727,46.963768,565.7419,46.963768,604.3884,53.404865,631.7631,53.404865,630.15283,141.96994,631.7631,129.08775,660.74805,251.4686,646.25555,232.1453,623.71173,319.1001,601.1679,282.0638,644.6453,340.03366,647.86584,335.20285,615.66034,476.90698,628.54254,462.41452,662.35834,617.00085,662.35834,562.2515,593.1165,5.09664,617.2706,100.10282,651.0864,325.5412,599.5576,644.3755,607.609,559.03094,614.0501,650.8166,617.2706,562.2515,680.07135,633.1036,680.07135,568.6926
0.6485856301509417,567.2662,56.926052,576.97614,42.36111,568.8845,40.742783,610.961,48.83442,633.61755,48.83442,635.2359,137.84239,636.85425,124.89578,659.5108,241.41531,646.5642,223.61372,615.816,315.85837,601.25104,268.92688,641.7092,338.51492,646.5642,332.04163,630.3809,476.07272,625.52594,461.50778,665.98413,616.8672,654.6558,552.1341,594.7777,-1.3337159,622.2893,95.7659,648.1825,322.33167,602.8694,642.7604,604.4877,556.9891,615.816,650.85205,610.961,544.0425,682.16736,633.0504,675.6941,565.0807
0.6487996394817646,571.48883,55.305893,577.9592,42.365086,573.10645,40.747482,610.3113,47.217888,637.8105,47.217888,637.8105,137.80354,637.8105,124.86273,658.8393,239.7124,644.2809,218.68358,611.9289,312.50443,595.75287,268.82922,641.0457,336.76846,645.8985,330.29803,636.1929,475.88214,629.7225,458.08853,665.3097,616.6134,653.9865,548.6742,598.9881,-1.3101397,624.8697,95.74592,647.5161,322.21005,603.8409,642.495,603.8409,555.1446,615.16406,650.583,611.9289,543.82135,681.4857,634.40704,676.63293,559.9974
0.6550910530182031,570.762,56.971928,580.47125,42.408127,573.9984,40.78993,612.8352,47.262726,637.1082,47.262726,640.3446,139.50012,637.1082,124.936325,656.5266,243.06493,640.3446,222.02832,607.98065,315.8839,593.4168,267.33792,640.3446,338.53873,641.9628,333.6841,640.3446,477.70392,633.8718,458.28552,666.23584,616.8691,651.672,547.2865,598.2714,-1.2832706,625.7808,95.80872,645.1992,323.9749,604.7442,641.1421,604.7442,553.75934,616.07166,650.8513,612.8352,544.0501,682.41785,634.6693,672.7086,558.6139
0.662519443493623,574.81635,58.31275,582.89136,45.392742,576.4314,43.777744,613.5764,48.622746,637.8014,48.622746,641.03143,139.0628,641.03143,126.14279,658.79645,240.80786,641.03143,218.19785,610.3464,308.6379,592.58136,268.26288,641.03143,339.3229,642.6464,331.24792,645.8764,479.828,636.1864,457.218,666.87146,617.1031,653.9514,544.42804,600.6564,1.7877176,626.4964,97.07278,645.8764,324.7879,607.1164,641.3281,605.5014,550.88806,616.8064,651.0181,613.5764,539.583,683.0214,634.8681,673.3314,557.348
0.6594022363424301,577.1353,59.162952,585.22144,44.607883,578.7525,44.607883,615.9488,49.45957,640.2073,49.45957,641.82446,141.6417,640.2073,127.086624,659.614,246.76166,640.2073,224.12044,607.8627,311.45087,591.69037,264.55118,640.2073,340.561,643.4417,334.09207,646.6762,481.26004,638.59,460.23602,667.7002,617.10736,656.3796,545.9492,604.6282,0.94266725,630.5039,97.97648,645.05896,326.00592,606.2454,641.36584,607.8627,554.0354,617.56604,651.0692,615.9488,542.7148,682.25525,634.8969,677.40356,557.26984
0.6636404486802908,578.30786,59.131783,584.7808,44.56761,579.9261,44.56761,617.1456,51.040573,639.801,51.040573,643.0375,141.6621,639.801,128.71616,659.2199,245.22954,641.41925,220.95592,604.1997,308.34094,591.2538,264.64844,641.41925,339.08752,643.0375,332.61456,649.51044,481.49277,639.801,458.83737,667.3111,617.42505,657.6017,544.6042,604.1997,0.8750944,630.09155,99.587814,644.65576,324.52335,605.81793,640.0804,607.43616,552.6954,617.1456,649.78986,615.5274,542.98596,681.8753,633.6074,678.6388,557.5501
0.6692836170013134,580.0117,57.453365,588.1059,42.883884,580.0117,42.883884,618.8637,49.35921,639.9085,49.35921,644.765,141.63258,639.9085,127.0631,662.57214,237.14363,641.52734,217.71765,604.2942,303.51572,592.9624,266.2826,641.52734,337.51117,643.1462,331.03583,648.0026,479.9683,639.9085,455.68582,667.42865,617.569,656.0968,544.72156,609.1507,-0.8245554,631.81433,97.92415,644.765,322.94168,605.913,640.2326,607.53186,552.8157,615.62604,649.94556,615.62604,538.2462,681.9981,633.75726,677.1416,557.6722
0.666904669541579,580.53986,55.717545,588.6283,42.776024,582.15753,41.158333,619.36444,49.246784,640.3944,49.246784,645.24744,139.83745,640.3944,126.89592,664.6597,236.89886,642.0121,217.48657,606.4229,303.22415,593.4814,266.01727,642.0121,335.57797,643.62976,327.48953,646.8652,477.93472,637.159,455.28705,666.27747,617.0561,654.9536,545.8777,608.0406,-0.9016166,632.30597,97.7775,646.8652,321.01877,606.4229,639.70374,606.4229,553.9662,616.129,649.4099,614.51135,541.02466,680.8367,634.8507,674.3659,558.8192
0.6632354775300393,580.37274,55.562527,588.467,40.992912,581.9916,40.992912,619.22504,47.468296,641.8889,47.468296,646.7454,139.74252,641.8889,126.791756,667.79047,235.25446,641.8889,217.44714,609.51196,301.62714,594.9424,266.01254,641.8889,335.62292,643.50775,327.5287,645.1266,479.70023,638.6512,458.6552,666.1716,617.3021,654.83966,546.07294,607.8931,-2.7159355,632.17584,97.65253,646.7454,321.0533,604.65546,639.966,606.2743,555.786,614.3685,649.6791,614.3685,541.2164,680.7412,635.10944,674.2658,559.0237
0.6706568002700806,579.6699,55.64285,587.77026,41.062263,581.29,41.062263,620.1716,47.542526,641.23236,47.542526,647.71265,139.88623,641.23236,126.92571,668.7735,237.09013,642.8525,220.8895,608.8311,303.51282,595.87054,266.2513,641.23236,337.53418,642.8525,329.43384,644.47253,480.0999,637.99225,457.419,667.15344,617.8054,655.813,548.14264,607.211,-1.0594285,631.512,97.76454,646.0926,321.33353,605.59094,640.4863,605.59094,553.0028,615.31134,650.2067,613.6913,538.42224,681.734,635.62616,675.2538,559.4831
0.6656394692567679,579.48944,55.568497,587.5816,42.621098,581.1079,41.00267,618.33167,49.094795,640.9896,47.47637,647.4633,141.34502,640.9896,126.77919,671.7397,236.83208,642.60803,222.26627,611.858,303.1875,595.6737,264.3453,640.9896,335.556,642.60803,327.46387,644.22644,477.9774,637.75275,458.5563,666.8844,617.1619,653.937,547.56964,607.0027,0.5420499,632.89746,97.647545,645.8449,320.99017,605.3843,639.8199,605.3843,554.04333,615.0948,649.53046,613.4764,541.09595,681.45026,634.9646,673.3581,558.8986
0.6705492264949359,579.72687,55.51367,587.81177,42.57786,581.3439,40.960884,620.1513,49.045765,641.172,47.428787,649.25684,141.21342,641.172,128.2776,671.89453,241.46596,642.78894,226.91316,605.5985,309.37897,595.8966,264.10364,641.172,338.48453,641.172,333.6336,642.78894,479.16147,637.93805,461.37476,667.0436,616.6045,654.1078,548.69147,608.83246,-1.0805023,633.0871,97.55505,644.40594,322.3148,603.9815,639.2421,605.5985,556.77637,615.30035,648.94403,613.68335,545.4575,681.5964,634.39124,673.5115,560.0103
0.6686288657096716,578.67596,55.41613,588.37665,40.865097,580.2928,39.248318,620.7123,47.332222,640.11365,47.332222,651.43115,141.10555,640.11365,128.1713,674.0661,246.19633,643.3472,226.79495,607.778,309.2508,593.227,260.74738,643.3472,338.35287,640.11365,333.50253,641.73047,479.01285,636.8801,464.46182,667.59894,618.056,654.6647,553.38477,611.0116,-1.1712167,633.64655,97.452446,644.964,323.80185,604.5445,640.691,604.5445,558.2351,615.86194,648.7749,612.62836,546.91766,682.14996,635.84064,674.0661,563.08545
0.6749580307648733,578.18604,55.284687,587.88153,40.741463,579.80194,39.12555,621.81573,47.205116,639.59076,47.205116,652.51807,142.54402,639.59076,128.0008,681.6045,249.1943,646.05444,226.57152,618.58386,300.90353,597.577,263.73752,646.05444,341.3014,641.20667,336.45364,641.20667,478.65402,636.35895,464.1108,667.0613,617.62256,652.51807,549.7542,608.8884,-1.2722871,633.1271,97.29844,646.05444,325.14224,605.65656,640.24536,604.04065,557.8338,616.96796,648.32495,612.12024,546.5224,683.2204,635.39764,671.90906,562.6815
0.6707245443875973,577.3925,55.25827,587.0894,40.712914,580.6248,39.096764,622.6447,47.177517,638.8062,47.177517,653.35156,142.53041,637.19006,126.3689,690.523,247.5802,646.88696,223.33794,624.26086,297.68088,596.7863,262.12555,648.5031,341.31693,640.42236,336.46848,642.0385,480.30588,635.5739,465.76053,667.8969,617.6787,651.7354,549.80035,606.4832,-1.3070016,632.3416,98.89433,646.88696,326.77158,604.86707,640.3048,603.2509,557.8811,616.1801,650.0017,611.33167,544.9519,682.44226,635.45636,669.51306,561.1134
0.6779509461843051,576.4377,53.62269,587.7453,39.084328,579.66846,37.468952,623.2835,47.161194,639.43726,47.161194,655.591,142.46823,634.5911,126.3145,694.36,247.46753,645.89874,223.23692,641.0526,299.1595,600.6683,265.23663,650.7449,347.6207,639.43726,342.77457,642.668,483.31207,636.2065,468.7737,668.514,619.0035,652.3602,549.54236,611.9759,-4.5307617,632.97577,98.85315,645.89874,329.85156,605.5144,640.0033,605.5144,559.2346,616.822,649.69556,611.9759,546.31165,681.43695,635.15717,670.12933,560.85
0.682035682293085,573.75,51.97843,586.6766,37.43605,576.9816,35.82023,623.84045,45.51515,636.767,47.13097,659.3885,137.6169,630.3037,124.69034,704.6315,241.02939,648.07776,218.40791,644.8461,297.5831,597.9873,262.03506,651.3094,346.0577,638.3828,342.82605,643.2303,481.7866,635.1512,465.6284,669.08344,619.1313,651.3094,546.4194,609.29803,-6.1910954,631.91956,97.2214,646.4619,329.8995,604.4506,640.13696,604.4506,551.26685,617.37714,648.21606,612.5297,539.9561,682.00995,633.6737,665.85175,559.34595
0.6761123251456481,573.7033,53.49323,586.62006,38.961918,576.9325,37.34733,625.37024,45.420277,638.2869,43.805687,660.89124,137.45192,630.214,124.5352,714.17267,237.55652,651.2037,216.56685,652.81824,298.91095,596.3076,260.1608,651.2037,347.34866,636.67236,342.50488,644.7453,486.20343,635.05774,468.44293,667.34955,620.2144,654.43286,549.1724,607.60974,-7.8612013,631.8286,95.47258,644.7453,327.97357,602.7659,639.5895,602.7659,554.01624,615.6827,649.27704,610.8389,545.94324,680.2663,637.9749,673.8079,558.86
0.6743302780848283,576.6147,53.530655,587.94794,38.95931,576.6147,37.34027,628.4239,43.816425,639.75714,43.816425,664.0427,132.86353,625.18585,123.1493,720.7091,234.86295,644.61426,213.81544,659.1856,298.00543,594.4241,260.76755,654.3285,344.95755,634.9,338.4814,646.23334,484.19485,633.281,466.38544,667.2808,620.1941,657.5666,550.57544,608.9954,-9.611841,633.281,95.62565,644.61426,325.52908,600.90027,638.0035,605.7574,558.6706,615.4716,647.7177,612.2335,548.95636,681.8522,636.38446,672.13794,558.6706
0.6807331752318603,577.9075,56.414658,590.8349,41.871292,577.9075,40.25536,629.61725,45.10315,640.9287,46.719078,673.2473,133.97928,615.07385,125.899635,739.5004,229.31914,624.7695,213.15984,676.4792,297.1882,590.8349,266.48553,658.704,342.4342,626.3854,335.9705,652.24023,479.78824,628.0013,462.01303,670.0155,617.1423,658.704,542.8095,606.9942,-4.990671,634.465,96.812904,642.5447,324.659,603.7623,636.53345,606.9942,549.2732,618.3057,646.229,611.842,542.8095,682.94293,636.53345,663.55176,547.6573
0.6795265112931912,579.5948,56.65968,594.18054,42.07395,577.9742,42.07395,636.3171,46.93586,644.4202,46.93586,681.6949,134.45023,608.76624,127.96768,748.141,225.20587,612.0075,213.86142,684.93616,294.89325,586.07733,265.72177,660.6266,345.13297,623.352,338.65042,654.14404,478.02515,628.21387,460.19815,670.35046,619.0205,659.006,542.85065,610.3869,-6.5451436,636.3171,98.79623,641.17896,325.68533,603.90436,638.46814,607.1456,550.9538,618.49005,648.192,613.6282,544.47125,683.31555,636.84753,667.1092,546.0919
0.6938825650857046,582.69696,57.120487,597.46954,42.347946,581.0556,42.347946,641.7872,47.272125,581.0556,48.91352,684.4634,132.62457,600.7523,134.26598,753.4019,221.25981,594.18677,221.25981,694.3117,290.19833,581.0556,275.42578,663.12524,344.36432,620.44904,337.79874,656.5597,478.95856,631.9388,460.90323,669.69086,616.83563,659.84247,539.6901,612.24207,-5.2524586,636.863,101.4381,641.7872,326.309,605.6765,644.7393,607.3179,551.1799,622.09045,654.58765,613.8835,541.3315,684.4634,634.8909,664.76666,546.2557
0.7101244422105643,584.0663,57.702187,600.6474,42.77921,580.75006,42.77921,645.4163,47.753536,580.75006,49.411644,688.5271,133.97517,594.01495,137.2914,759.8258,220.19682,585.7244,230.14546,696.8177,288.17926,575.77576,294.8117,665.3136,344.55496,617.22845,339.58063,660.3393,477.20364,632.1514,458.96445,670.2879,614.82666,660.3393,538.55365,613.91223,-6.9640436,635.46765,102.471115,642.1001,327.97388,608.9379,656.27936,610.596,556.79285,630.49335,664.5699,615.5704,545.1861,685.2109,629.74963,668.6298,546.8442
0.7119907553379352,586.63135,58.254433,603.3711,43.188633,583.2834,44.862614,648.5685,49.884544,581.6094,51.55852,692.0919,133.58342,591.65326,140.27934,765.74695,218.95628,579.9354,230.67413,700.4618,289.26334,574.91345,284.24142,668.65625,342.83063,616.76294,339.48267,661.9603,475.07486,631.82874,454.98712,668.65625,612.341,663.6343,533.66406,613.415,-5.356716,636.85065,105.12581,643.5466,327.76483,616.76294,662.56036,615.0889,557.09973,640.1986,669.2563,618.4369,545.3819,680.3741,629.0808,670.3302,543.70795
0.7225570621398779,598.53455,57.654137,613.8863,42.302444,590.00586,42.302444,653.11835,49.12542,583.18286,50.83116,694.0562,132.70685,586.59436,136.11833,777.63763,216.28827,566.1254,209.46529,712.8194,284.518,572.9484,267.46057,673.5873,339.10178,615.592,335.6903,665.0586,475.56125,634.35516,455.09232,671.88153,613.72644,661.6471,533.5565,612.18054,-3.752623,636.0609,103.709206,644.58966,328.8673,639.4724,671.72174,619.0035,559.1427,663.35284,673.4275,617.2977,547.20245,680.4103,627.3724,668.47003,535.26227
0.7414136758217444,603.7442,57.97664,620.7896,42.635742,595.22144,42.635742,656.5851,47.749374,586.6987,52.863007,699.19867,132.97658,586.6987,134.68112,782.7213,214.7947,561.1306,202.86288,716.2441,277.86282,569.6533,260.81738,675.335,339.2264,617.38055,337.52185,666.8123,477.2945,634.42596,456.83997,673.6305,613.658,659.99414,533.54443,615.676,-3.3869476,636.1305,105.70387,644.65326,328.99915,651.47144,673.317,617.38055,559.1126,675.335,671.6125,615.676,545.47626,680.44867,627.2944,663.4032,535.24896
0.7485850350214884,607.211,57.822014,624.194,42.537354,597.02124,42.537354,659.85815,47.63224,588.5298,51.02883,704.01385,134.24532,585.1332,135.9436,783.83374,214.06522,556.26215,202.17714,717.6002,278.60043,568.1502,258.2209,678.5394,339.73907,619.09906,339.73907,670.048,478.99933,634.3837,455.22318,675.1428,609.76807,654.7633,531.6465,620.79736,-5.014923,637.78033,105.37429,647.9701,329.54932,664.95306,672.60504,619.09906,557.1209,690.4275,669.20844,615.7025,548.62946,678.5394,625.05273,659.85815,535.0431
0.7494720713450358,614.163,54.88201,631.2527,39.50131,602.20026,41.210278,660.3051,46.337177,591.9465,51.464077,704.7382,131.7855,585.1106,135.20345,785.0597,210.39796,549.2223,205.27107,720.11896,277.04767,561.18506,265.0849,679.10376,340.27942,617.58093,340.27942,673.97687,482.12366,632.9617,454.78018,679.10376,608.5872,651.76025,528.26575,622.7078,-3.222855,638.08856,104.44204,646.63336,330.02563,670.5589,673.5279,620.9989,557.3182,697.90234,668.401,615.87195,548.7734,679.10376,623.9679,656.88715,533.39264
0.7650439051481394,619.0213,54.514675,635.98663,39.2459,607.14557,40.94243,664.82764,46.03202,593.57336,51.121613,708.93744,132.55508,585.0907,134.25162,788.6744,210.59549,546.0705,205.50589,724.20624,278.45673,564.7323,266.581,681.79297,344.6214,617.32477,344.6214,678.3999,485.43344,630.89703,458.28894,681.79297,610.9767,647.8623,526.15015,625.80743,-4.8638954,639.3797,103.714066,647.8623,331.04916,680.09644,672.0518,622.41437,560.0808,705.5444,666.9622,613.9317,549.9016,678.3999,624.54895,654.64844,531.23975
0.7953822154265183,624.4504,53.9659,639.7134,38.70291,610.88324,40.3988,668.54346,47.18235,597.31616,50.574127,712.63654,133.67262,582.05316,135.36852,792.34326,208.29169,543.0477,206.59581,731.2913,277.8231,568.4861,267.64777,685.5023,340.57095,615.97095,338.87506,678.71875,483.0255,622.75446,450.80365,682.11053,610.2171,639.7134,525.4227,629.538,-3.6942832,641.40924,104.84254,649.8887,328.69974,685.5023,671.26904,627.84216,561.0364,709.24475,664.48553,614.275,550.861,675.327,623.7842,648.1928,528.8145
0.8195003935923943,634.9687,52.564175,650.2789,37.25397,619.65845,38.955105,674.0947,47.460773,602.64716,50.86304,716.62305,134.21858,580.5324,139.32198,796.57635,203.96506,538.0041,209.06845,735.3356,277.1138,560.1188,266.90698,686.0027,341.75687,612.85394,338.3546,679.1981,488.05435,616.2562,454.03168,680.8993,612.2371,631.5664,522.077,636.6698,-5.2743645,643.47437,107.00044,648.57776,328.1478,686.0027,671.7768,628.1641,562.90424,709.81854,664.9722,611.15283,552.69745,675.7959,624.145,640.0721,525.4793
0.8280169940911807,636.32904,52.509735,651.6454,37.193398,621.0127,38.895214,677.1726,47.40429,603.9945,50.807922,721.4198,134.19687,580.1691,141.00414,799.7033,203.9713,535.92194,210.77856,741.84155,273.74573,558.04553,265.23666,687.3835,343.52017,614.20544,338.4147,680.57623,489.87628,614.20544,455.83997,682.278,612.407,627.81995,518.8071,638.0308,-5.351986,646.5399,106.96783,651.6454,329.90564,685.68164,671.9705,631.2236,561.35254,709.5071,665.16327,612.5036,552.84344,675.47076,626.02155,634.6272,522.21075
0.8194362635795887,636.7554,54.253353,653.75323,37.25549,623.1571,38.955276,679.25006,47.45421,606.15924,50.853783,723.4445,134.14331,580.6624,140.94246,799.9349,203.83456,531.3686,212.3335,743.8419,273.52582,561.9648,273.52582,691.14856,341.51727,614.65814,338.11768,680.9498,491.09848,611.2586,462.2021,682.6496,613.4831,621.4573,521.69464,640.15497,-5.23917,648.6539,106.94673,653.75323,329.61874,686.0492,671.2758,628.2565,565.88904,709.8462,664.4767,607.859,557.39014,675.85046,625.3816,628.2565,523.3944
0.8162393065599295,641.9895,52.61724,657.32306,37.28372,626.656,38.987442,682.8789,47.50607,607.91504,49.209793,725.47205,132.6923,580.6554,139.50722,800.4359,204.24875,529.5437,212.76738,744.213,272.39774,560.2107,277.5089,691.3975,343.9542,616.43365,340.54675,682.8789,490.47452,609.6188,470.02985,681.1752,611.439,616.43365,522.8453,643.69324,-7.0131273,648.80444,107.13644,653.9156,332.0281,687.9901,669.36566,626.656,567.14215,711.8422,664.25446,606.2113,558.62354,674.3603,623.36505,621.5448,522.8453
0.8187473806051108,644.4621,52.75713,659.83093,37.388294,629.09326,37.388294,683.738,47.634186,610.30914,49.341835,724.72156,133.01659,581.2791,139.84718,799.8581,204.73781,526.63434,214.9837,745.2133,276.45905,559.07965,283.28964,693.9839,343.0573,617.1397,339.64203,683.738,493.33035,608.6015,471.13092,682.03033,612.8657,613.7244,525.7757,646.16974,-7.010556,649.585,107.40187,656.41565,331.1038,688.86096,670.9258,618.84735,568.46686,711.06036,664.09515,600.06323,558.221,673.4921,624.8193,620.555,527.48334
0.8235902167283572,648.5124,52.839054,663.93054,37.42094,633.0943,39.134064,684.48804,47.699684,612.5368,49.412807,727.3161,135.06902,581.70056,140.20837,799.26733,205.3071,525.1675,213.87271,746.16046,272.11893,556.0037,282.39767,693.05365,345.78326,615.9631,344.07013,684.48804,494.82504,607.39746,469.1282,682.7749,613.03064,609.11053,530.80066,648.5124,-7.120286,651.93866,107.65903,655.3649,333.7914,689.6274,669.5637,607.39746,580.48126,711.898,662.71124,588.5531,566.77625,672.49615,623.3094,614.24994,534.2269
0.8380492535921243,650.6616,52.583626,666.027,35.51102,633.58905,37.21828,688.2214,45.754585,613.1019,49.169106,729.1956,134.53214,578.95667,139.65392,797.486,206.23708,519.2026,213.06613,741.1464,272.82025,555.05505,277.94202,689.92865,346.23245,613.1019,342.81793,683.0996,493.05685,601.15106,467.44797,681.39233,610.85785,601.15106,549.3965,650.6616,-10.585016,652.3689,108.923225,652.3689,332.57437,686.5141,672.3192,578.95667,600.61426,710.4158,663.7829,565.2986,583.5417,672.856,619.39417,613.1019,557.93274
0.8460582586435171,650.977,52.199406,666.23004,35.25155,635.72394,36.946335,688.26227,45.420265,613.6917,47.11505,730.63196,135.24391,579.79596,140.32828,796.7286,208.11972,518.7837,211.5093,740.80066,275.91116,559.45856,280.9955,691.65186,347.09216,613.6917,342.0078,683.1779,494.53854,600.1334,475.8959,681.48315,611.47876,593.35425,564.0248,650.977,-10.507673,652.6718,108.12734,652.6718,333.53387,689.9571,670.79626,567.9325,616.5631,711.9893,662.3223,552.67944,599.6153,671.31445,621.64746,603.523,575.88824
0.8637513999755566,652.11865,53.53644,667.27045,36.701084,636.9668,36.701084,689.15643,46.8023,615.0809,46.8023,729.5613,136.0297,578.0431,141.08029,795.2192,210.10526,517.4358,211.7888,737.97894,277.4467,559.5242,280.81375,689.15643,348.15518,611.7138,344.78812,682.4223,494.6228,598.2455,479.47098,679.05524,610.78674,588.1443,573.74896,652.11865,-10.437915,652.11865,109.09312,650.4351,333.00336,687.4729,673.0776,562.89124,629.30566,711.0424,662.9764,546.0559,614.1538,668.954,620.888,598.2455,587.2173
0.859316525550989,652.8971,53.445206,666.3424,36.638535,637.7711,38.319202,688.1911,46.722538,614.24176,46.722538,728.5271,135.79788,577.2671,139.15921,794.0731,211.42789,513.40173,208.06654,736.9304,276.97388,557.09906,280.33524,688.1911,345.88123,610.88043,342.5199,681.46844,493.7799,594.0737,478.6539,679.7878,613.10724,585.6704,582.8552,651.21643,-8.739468,652.8971,108.90721,649.53577,332.43588,686.51044,671.9306,560.4604,639.9979,710.03973,663.5273,543.65375,626.5526,669.70374,623.1912,595.7544,594.61993
0.8465903011652139,651.3698,52.555923,666.7044,35.51748,636.0352,37.221325,687.1506,45.740543,613.88525,45.740543,724.63513,132.6366,574.69684,137.74814,792.7889,211.01343,511.6546,211.01343,736.562,277.46335,550.843,280.87103,687.1506,343.91327,607.0699,340.50558,682.039,495.55542,591.7353,481.92465,680.3352,613.12067,581.5122,589.26685,651.3698,-10.486313,651.3698,107.07893,646.2583,331.98636,687.1506,674.45905,557.6584,647.1976,711.0044,664.23596,538.9161,633.5668,670.1121,623.34375,591.7353,601.1937
0.8459991881480584,650.5286,50.906033,664.1921,35.534676,633.44934,35.534676,686.39514,44.074318,611.2463,45.78225,722.26166,136.30246,571.9639,138.01039,788.87085,214.86719,507.06262,211.45132,730.8013,281.4764,549.76086,283.18433,681.27136,348.08563,600.9987,344.66977,679.5634,496.6754,583.91943,484.7199,681.27136,614.52246,578.7956,590.6115,648.8207,-12.287327,648.8207,107.26768,641.98895,334.42218,684.6872,676.00793,556.5925,648.6811,710.30615,667.46826,537.80536,636.7256,671.02374,624.7701,589.0432,604.2749
0.842391665165241,649.33594,52.24378,664.602,35.281513,634.0699,35.281513,684.9567,45.458874,608.6265,45.458874,722.2737,138.75134,569.6133,137.05511,788.4265,216.77776,505.15668,209.99286,727.36237,286.32306,549.25854,282.9306,679.86804,349.08344,598.44916,343.99475,678.1718,498.35138,579.79065,484.78156,679.86804,613.69476,576.3982,588.2514,647.6397,-12.2128315,647.6397,108.21925,639.15857,335.5136,686.65295,674.7589,557.7397,647.6193,710.4001,666.27783,539.08124,637.44196,671.3869,623.87213,588.2718,601.82117
0.8442604014506707,649.1692,50.59924,662.75287,35.31759,632.1896,35.31759,683.1284,45.505356,606.72015,45.505356,722.1815,138.89322,565.9691,138.89322,786.70404,218.69739,503.14453,210.20758,727.2754,286.61584,548.9895,281.52194,678.03455,347.74243,594.8345,342.64856,678.03455,495.46506,577.85486,485.27728,679.7325,614.3223,576.15686,588.8529,645.77325,-12.22532,645.77325,108.32992,637.28345,334.15875,686.52435,675.4489,557.4793,649.9795,710.2958,665.26117,537.10376,638.09375,669.54474,624.5101,588.0426,600.73865
0.8405990187938397,644.3583,51.052982,659.777,35.634296,628.9396,35.634296,682.0484,45.91342,604.95496,45.91342,718.0253,138.42555,562.1253,138.42555,784.83966,218.94537,498.73734,212.09262,723.1649,285.75967,544.9934,287.47287,673.4825,347.43445,589.53625,344.00806,680.3352,496.48175,575.8308,484.48944,682.0484,614.6917,575.8308,590.7071,644.3583,-12.334957,642.6451,107.58817,632.36597,335.4421,683.7616,676.36646,556.9857,650.66864,709.4594,667.80054,538.1407,638.67633,671.7693,624.9708,587.8231,602.6994
0.8445871288959796,644.5112,52.887848,659.96545,37.433605,629.05695,37.433605,680.5711,47.736435,605.017,47.736435,716.631,140.4619,560.37146,138.74475,783.59937,222.88452,496.83734,212.5817,720.0653,288.13577,541.4829,286.41864,670.26825,348.23563,587.84564,344.80133,680.5711,495.9095,574.1085,487.32382,682.28827,614.392,574.1085,590.3521,644.5112,-8.929125,641.0769,109.553406,629.05695,336.21564,682.28827,676.209,555.22003,652.16907,708.0453,669.34045,538.04865,640.1491,675.4197,624.6949,587.84564,602.3721
0.8500756483811599,642.39703,54.73801,657.8889,39.246117,626.90515,39.246117,678.5448,49.574043,604.52795,49.574043,714.6925,142.52539,559.7736,140.80408,780.1027,223.42749,496.08475,214.82088,719.8565,290.55902,542.5604,287.11636,669.9382,349.08392,587.31476,347.3626,681.9874,498.8389,573.5442,488.51096,685.43005,615.88873,575.2655,591.7902,642.39703,-7.229555,638.9544,111.54161,626.90515,335.31335,683.70874,676.13495,556.331,652.0365,711.2499,669.2497,539.11774,638.2659,678.5448,627.938,587.31476,603.8395
0.8526444526819082,638.72125,58.199097,654.2181,42.702293,623.2244,42.702293,676.6023,53.033493,600.84015,53.033493,711.0397,149.45805,556.07166,146.01431,776.47064,230.3858,488.91882,216.61087,712.76154,300.98236,540.5748,294.09488,666.2711,352.63837,583.6215,350.9165,681.76794,500.71893,568.1247,490.38773,692.0991,619.5278,575.01215,590.25604,638.72125,-7.231854,635.2775,115.020706,624.9463,340.5853,681.76794,678.0712,554.34973,652.2432,711.0397,672.90564,537.1311,638.4683,688.6554,629.85895,587.06525,602.3091
0.8397371768951416,638.4756,62.697666,653.80927,47.364,623.14197,47.364,674.25415,57.586445,597.5858,57.586445,708.329,154.69968,551.58484,147.88472,773.07117,233.07176,490.25015,222.84932,711.73645,304.62888,537.9549,299.51767,664.03174,352.33362,580.5484,348.92615,681.06915,500.55908,565.2148,493.74414,694.69904,619.821,575.4372,592.5611,638.4756,-3.74823,633.3644,118.92112,623.14197,340.40744,677.6617,676.04443,553.2886,650.4883,706.62524,672.6369,536.25116,636.8584,696.40283,630.0434,589.06714,602.78357
0.8396866367413447,634.93646,68.16308,650.34375,51.043842,619.5291,51.043842,672.59875,63.02731,597.2741,61.315384,706.8372,158.89505,552.7641,155.4712,770.1784,235.93164,487.71097,223.94817,711.973,307.83246,535.64484,300.98474,662.3272,359.1902,580.15485,359.1902,682.8703,504.70374,563.03564,497.85602,696.5657,617.69073,575.0191,590.2999,636.6484,1.3980427,633.2245,122.94465,621.241,345.49478,682.8703,675.8961,554.476,651.9292,711.973,670.7604,537.35675,638.2338,696.5657,626.2503,588.7145,600.5715
0.8313525869296148,636.1169,71.63269,651.5043,56.24531,620.7295,56.24531,673.73047,66.50356,595.08386,64.79385,709.63434,167.37639,550.6314,160.53755,769.4742,242.60358,485.6625,230.63562,707.9246,310.99194,535.2441,305.86282,661.7625,362.2832,579.6965,362.2832,682.279,505.89877,559.18,500.76962,695.95667,622.159,576.27704,591.3842,636.1169,3.244334,630.98773,129.7628,622.4392,352.02496,677.1499,676.8696,552.3411,652.9337,706.21497,673.45026,535.2441,639.25604,699.3761,632.41724,589.9547,601.64246
0.8275408767736875,633.2414,78.008896,648.5707,60.976387,616.2089,60.976387,670.71295,72.89914,592.3634,71.19589,708.18445,171.6877,548.07886,166.57794,764.3917,255.147,483.35535,236.41124,701.37146,316.46405,534.4529,311.35428,660.49347,364.15506,577.0341,364.15506,682.6357,503.82166,558.2984,507.22815,696.2617,621.34595,573.6276,592.3907,634.9447,6.472354,629.8349,135.91943,619.6154,355.63882,679.2292,675.85,553.1886,652.00446,708.18445,672.4435,536.1561,638.3785,697.96497,631.5655,588.9569,602.6102
0.8527922882483556,627.506,85.27457,644.5956,69.89391,612.1253,68.18495,670.23004,78.43872,591.6178,80.14768,706.1182,175.84953,550.6027,170.72266,765.9319,257.8797,480.53525,240.79008,699.28235,322.82025,533.51306,314.27545,659.97626,368.96222,574.52814,367.25327,682.19275,512.515,554.0206,517.6419,695.86444,625.30646,574.52814,594.54517,630.9239,15.207137,629.21497,141.6703,617.2522,360.41742,680.48376,678.2843,550.6027,657.77673,709.53613,674.86633,538.63995,644.10504,695.86444,632.14233,591.6178,599.67206
0.8320579276635096,627.9752,94.09904,644.99316,78.782906,612.65906,78.782906,668.81824,85.59007,592.23755,87.29187,706.2577,184.29404,551.39453,175.78508,760.715,262.5765,481.62106,243.85678,697.7487,328.9464,530.973,317.03384,658.6075,373.193,575.21967,373.193,682.43256,516.14355,549.69275,521.24896,696.04694,625.0583,571.81604,596.1278,629.677,22.623755,627.9752,146.8546,616.0627,364.68405,682.43256,677.81384,553.0964,657.39233,707.9595,674.4103,537.7802,643.778,694.3451,633.56726,587.1322,599.53143
0.8303396564263564,625.5924,112.97248,642.1762,94.73031,609.0086,96.38869,665.3935,103.0222,587.44965,106.33897,701.87787,200.8666,549.30695,194.23308,761.5795,267.20178,477.9966,255.59311,701.87787,336.8537,529.4064,331.87857,658.76,391.58023,575.841,389.92184,690.26917,525.90894,544.3318,532.5425,696.9027,627.0701,572.52423,597.2193,625.5924,38.345406,625.5924,167.699,618.95886,379.97156,683.6357,681.79663,552.6237,660.2377,708.51135,678.47986,536.0399,645.31226,695.2443,633.7036,589.10803,597.2193
0.8310805994730729,624.0392,120.34327,640.5057,103.8768,607.5727,105.523445,665.2054,112.11003,587.8129,113.75668,701.4316,207.61557,548.2934,204.32228,762.35754,275.1281,477.48758,273.48148,699.785,347.5806,530.1803,342.64066,660.26544,398.62665,576.28644,396.98,693.19836,532.00507,540.0602,538.5917,696.49164,629.1573,571.3465,597.871,625.68585,46.244144,624.0392,176.32927,617.4526,388.74677,684.96515,685.14325,551.58673,662.0902,709.66486,680.2033,536.7669,647.2704,693.19836,635.74384,587.8129,597.871
0.8221348294844995,624.2054,128.79042,640.55505,112.44073,607.85565,112.44073,665.0796,120.61558,586.6011,122.25054,704.31885,215.44382,548.99677,210.5389,761.5428,290.6524,478.69308,272.66776,697.779,356.0512,527.7422,342.97144,660.1747,403.4653,575.15625,400.19537,696.14404,537.53284,535.917,544.0727,697.779,632.3611,571.88635,599.6617,625.84033,56.85176,625.84033,182.74442,617.66547,393.6555,686.3342,684.68005,552.2667,661.7905,710.85876,679.77515,537.552,647.0758,692.8741,637.266,588.236,598.0267
0.8408864874106187,622.86017,137.65721,638.91516,121.60225,606.80524,121.60225,662.99756,129.62973,585.9338,131.23523,701.5295,221.14299,545.7964,221.14299,757.7218,299.8123,476.76007,282.15182,695.1075,364.0321,532.9524,354.39914,659.78656,412.197,576.3008,410.5915,699.92395,543.84766,531.3469,550.26965,698.3185,630.54443,569.87885,600.04,624.4657,65.4099,624.4657,192.24406,618.0437,400.95853,685.4745,685.1313,552.2184,662.65436,709.55695,681.9203,537.7689,646.59937,691.8965,635.3609,585.9338,598.4345
0.8489535726033725,621.614,153.72037,637.5301,137.80428,604.10626,137.80428,662.9958,147.35393,585.00696,148.94554,699.6028,238.07562,543.6252,238.07562,760.0839,309.698,476.7776,300.14835,699.6028,374.95398,534.0755,371.77075,661.4042,422.7022,575.45734,419.519,701.1944,548.43933,522.93427,559.58057,698.0112,632.79456,569.0909,599.3708,624.7972,83.68958,623.20557,211.01828,618.4308,409.96936,683.6867,688.50085,551.5832,661.44354,709.15247,683.726,537.2587,645.5274,691.6448,635.9778,586.5986,597.7792
0.8370830026956705,623.361,162.97299,640.3157,146.01837,606.40643,146.01837,663.4356,155.26634,584.8278,156.80768,698.88617,244.66345,544.75323,246.20479,760.53937,312.48196,476.93472,304.77533,698.88617,380.30048,538.5879,372.5938,660.35297,428.0817,578.6625,424.99902,703.5102,554.4707,527.7986,557.55334,698.88617,633.07855,566.33185,602.25195,623.361,92.07183,623.361,218.46086,618.73706,414.20972,685.0142,688.5664,550.9185,663.9051,709.6755,683.9424,537.0466,648.4918,694.2622,634.6199,581.7451,603.7933
0.8461989920872909,623.892,169.68982,639.1091,154.47278,607.15326,154.47278,661.93463,165.12471,585.8494,165.12471,701.4989,251.86182,544.7634,251.86182,762.36707,317.29507,482.3736,308.16486,701.4989,385.77176,541.72003,384.25006,661.93463,432.94458,578.2409,429.90115,704.5423,557.72424,526.503,560.7677,698.4555,632.2878,563.02386,604.8971,623.892,101.21315,623.892,225.99286,619.3269,419.24924,686.28186,688.5908,550.8502,662.7218,709.1074,684.0257,537.1549,647.50476,693.8904,633.80945,578.2409,604.8971
0.8566846778759589,624.3137,176.29291,640.95374,159.6529,607.6737,161.16562,662.13196,170.24199,584.9828,171.75473,701.4629,257.9803,544.1391,257.9803,761.97205,323.02762,483.6299,312.4385,701.4629,391.1004,542.62634,388.07495,662.13196,437.99503,578.9318,434.96954,704.48834,562.03876,525.9863,563.5515,698.43744,631.6243,562.2918,604.3952,622.80096,108.22011,624.3137,230.75114,619.7755,425.8932,684.8229,687.5953,551.70276,663.3916,709.02655,683.0571,536.57544,649.77704,693.89923,631.6243,578.9318,605.9079
0.855457427409979,624.25885,182.53166,640.7376,166.05286,607.78,167.55092,661.7107,175.04129,585.3089,176.53937,700.6606,263.42764,546.359,261.92957,763.57965,326.3467,480.44376,312.86407,706.6529,390.7639,543.36285,390.7639,660.2126,438.70224,577.81854,437.20416,705.1548,563.04236,528.38214,566.0385,699.1625,631.95374,564.3359,604.9884,622.76074,112.1222,624.25885,236.46231,619.7646,426.71765,685.6798,687.38245,552.3513,663.41327,709.64905,682.88824,537.37054,648.43256,694.6683,631.95374,580.8147,606.48645
0.8563231367331284,624.8593,187.60654,639.7274,171.25165,607.01764,172.73845,662.0295,180.17249,584.7155,181.6593,697.7129,264.92053,547.54535,266.40732,764.6192,327.36642,482.1258,315.472,708.12054,392.78595,543.0849,394.27277,660.5427,441.85062,578.7683,438.87698,703.6601,563.7688,526.73004,569.71606,697.7129,632.162,563.9002,605.3994,621.8857,117.72658,623.3725,241.13159,620.39886,429.95615,684.3316,688.66064,552.00574,663.38495,708.12054,682.71344,537.1377,648.51685,694.73926,630.6752,580.25507,606.8862
0.8527503724281604,624.28827,191.34227,638.9003,176.73021,606.7538,176.73021,662.2796,185.49745,584.8357,188.41986,698.80975,267.32498,549.7667,268.7862,764.564,331.61804,482.55127,319.9284,704.6546,391.5275,542.4607,392.98868,660.8184,441.2085,580.4521,439.74728,703.19336,565.411,527.84863,568.33344,698.80975,632.62646,565.84,606.32477,622.827,122.66559,624.28827,245.40689,619.9046,429.51883,685.6589,689.6135,551.22797,663.31177,707.57697,683.7687,536.6159,648.6997,694.42615,631.1653,580.4521,607.78595
0.8477639097433823,625.1318,197.96342,641.0593,182.03583,607.7562,183.4838,661.3308,190.72362,584.5888,193.61954,700.4258,271.8095,549.8377,271.8095,765.5841,335.51987,484.67938,323.93616,704.76965,397.78226,544.04584,396.3343,661.3308,442.6691,580.24493,439.77316,701.8738,567.19385,528.1183,570.0898,697.52985,633.8002,564.3173,606.2889,622.23584,128.46123,625.1318,248.6421,620.78784,432.53336,685.94617,688.8227,551.28564,662.7594,707.6656,683.0309,535.3581,648.2798,693.186,632.3522,578.79694,609.18475
0.8390382321981283,624.3087,198.86092,640.2452,182.92441,606.9234,184.37318,663.42554,191.61705,585.19183,194.51459,701.0936,272.74832,550.42126,272.74832,764.83966,336.49432,483.77774,323.45535,705.43994,398.79153,544.6262,397.34277,661.9768,440.80594,580.8455,439.35718,699.6449,565.4004,528.6897,569.7467,698.1961,632.04395,563.46027,607.4148,622.8599,129.31982,625.75745,249.56795,621.41113,432.1133,685.15717,688.5461,551.87006,663.91693,706.88873,682.751,535.93353,650.878,693.8498,632.04395,579.3967,610.3124
0.8383941925488986,623.4752,199.54929,640.8923,183.58363,607.5095,185.03505,664.11505,192.29218,585.7382,195.195,700.4006,272.12042,550.90405,272.12042,765.7146,335.983,485.59006,322.9202,707.6577,398.3942,546.5498,396.94278,662.66364,440.48544,581.3839,439.03403,698.94916,565.3078,530.58417,569.66205,697.49774,633.52466,562.51544,607.39905,623.4752,129.881,626.37805,250.34908,622.0238,431.77692,685.88635,688.6787,552.35547,664.0045,707.6577,682.87305,536.38983,649.4903,693.1435,633.52466,578.4811,610.3019
0.8459284672370324,624.1791,197.88834,640.2185,183.30705,608.13965,183.30705,663.5485,190.59769,586.26776,193.51395,701.4599,270.79477,551.27264,270.79477,765.61755,334.9524,484.19876,321.82925,708.75055,396.19382,545.4401,396.19382,663.5485,439.93765,581.8934,438.47952,700.0018,565.33673,529.40076,568.2529,697.0855,633.8687,564.3958,606.1643,624.1791,129.3563,627.09534,248.92282,622.72095,431.18887,685.4205,689.27765,552.7308,663.0313,708.75055,683.4451,536.69135,648.45,692.7111,633.8687,580.43524,609.08057
0.848289641050192,625.17413,191.78444,642.8372,175.59326,608.983,177.06519,666.38806,184.4248,586.90405,185.89673,703.18616,265.38068,554.5217,266.8526,767.95087,330.1454,485.34125,316.89807,710.5458,391.96625,544.21826,391.96625,664.91614,439.06784,582.4883,436.124,698.7704,564.18146,532.4429,565.6534,695.82654,633.36194,564.8252,606.8673,625.17413,121.132034,628.118,243.3018,623.7022,428.76437,685.5231,689.2951,551.5779,662.8004,707.6019,683.4074,535.3867,649.5531,691.41077,634.83386,581.01636,608.33923
0.8536843611643865,627.60645,186.9545,643.9871,170.57379,609.7366,170.57379,666.32446,179.50871,588.88837,180.99788,703.55334,261.41226,553.1487,261.41226,770.56537,325.44595,484.6475,312.04355,710.99915,389.47964,544.21375,389.47964,664.8353,435.64346,582.93176,434.1543,699.0859,562.2217,532.3005,562.2217,696.1076,635.19025,565.0619,605.40717,626.11725,116.96419,627.60645,239.07494,623.139,425.21936,685.6835,688.79987,551.6595,663.48425,708.0208,682.84326,535.2788,650.08185,691.64014,636.67944,581.4426,606.8963
0.8499670785207015,628.51404,179.39607,645.18604,162.72403,611.842,164.23967,667.92065,171.81787,589.1074,173.33351,707.3273,256.6937,551.21643,256.6937,770.98413,320.35056,487.55954,309.74106,707.3273,388.55432,548.1851,385.52304,666.405,434.0235,583.04486,430.99222,699.7491,559.8216,529.99744,561.3372,695.20215,635.6036,563.3415,605.2908,628.51404,111.19229,630.02966,232.44345,625.4827,421.8984,684.5927,690.16656,552.73206,662.8851,708.8429,684.10406,536.06,649.2443,690.6553,637.1192,580.01355,605.2908
0.8533437504218175,628.48676,172.40346,645.28564,157.13171,611.6878,157.13171,668.1933,164.7676,588.7802,167.82195,706.3726,250.28937,550.6008,251.81654,770.514,317.48505,484.9323,303.74048,704.84546,386.20792,547.5465,383.15356,666.66614,430.49597,584.19867,427.44162,698.73676,557.25146,532.2747,558.7786,694.1553,633.61017,564.3454,603.0667,626.9596,103.68061,630.0139,227.38174,625.4324,418.27856,686.51935,688.5885,552.128,662.6265,709.427,682.4798,535.3291,647.35474,691.1009,636.66455,581.14435,603.0667
0.8526445375039027,626.9874,165.6296,644.079,148.53802,609.8959,148.53802,668.93945,157.86069,591.25055,159.41447,707.78394,243.31851,550.8523,247.97984,768.3813,314.79233,487.14737,303.91586,704.6764,380.05103,546.191,373.8359,667.3857,428.21817,581.92786,423.55682,698.46124,555.628,532.207,555.628,695.3537,633.3169,564.8363,602.24133,628.5412,94.15578,630.09503,220.01184,625.43365,414.23416,686.031,689.2529,550.8523,661.2849,709.3377,683.03784,536.8683,645.74713,690.6924,634.8707,580.3741,602.24133
0.8494660281218015,628.226,154.52643,645.52106,138.80367,612.5033,138.80367,672.24976,148.23732,592.0637,149.8096,709.9844,234.71246,552.75684,237.85703,769.73083,308.6094,485.14896,292.88666,706.8398,373.0727,546.4677,368.35587,667.5329,420.24097,584.20233,415.52414,697.4061,552.3121,532.3172,553.8844,694.2616,635.6427,566.9073,601.0526,631.3706,83.77403,631.3706,209.55606,626.65375,407.66275,684.82794,687.5278,551.1845,660.79913,708.4121,681.2387,537.03406,646.6486,689.5448,638.78723,582.63007,599.48035
0.8234058068348811,628.71564,134.75633,646.236,118.8287,612.78796,120.42146,673.313,128.38528,592.08203,131.5708,714.72485,220.7656,557.04126,215.98729,772.0644,295.6255,488.5524,266.95575,709.9466,360.9288,541.1136,343.40842,668.5347,410.3045,584.1182,405.52618,694.0189,539.31836,534.74255,545.68945,694.0189,631.69867,568.1906,601.43616,630.3084,63.081963,633.4939,192.09584,627.12286,397.56238,684.46234,682.6671,550.67017,660.3684,708.3538,677.88885,537.9281,646.03357,690.83344,638.0697,582.52545,601.43616
0.8200321816481076,632.4859,123.91356,648.81964,107.57986,614.51886,107.57986,674.95355,115.74671,593.28503,119.01345,715.7878,210.48216,555.7175,208.8488,776.2225,282.35043,488.74936,261.11664,715.7878,350.95197,539.38385,341.15176,670.0534,401.58646,585.1182,398.3197,692.9206,535.52277,539.38385,542.0563,694.55396,630.25824,568.7845,599.2242,630.85254,50.41191,634.1193,181.08151,629.2192,390.15286,683.1204,684.1594,550.81744,661.29224,710.8877,680.8927,537.7505,646.5919,691.28723,636.7917,583.4848,599.2242
0.8264656043969668,633.9796,112.06324,650.4641,95.57878,615.84674,97.22723,676.83923,103.821014,592.7685,108.76635,719.69885,202.7278,556.5026,197.78247,780.6914,278.55634,487.26788,255.47809,714.75354,346.14267,541.6666,331.30664,670.2455,395.59604,586.1747,392.29916,691.67523,532.4171,543.31506,534.06555,693.3237,628.02704,568.04175,598.355,632.3312,37.88315,635.62805,169.75888,627.38586,384.05692,685.0815,682.4258,549.9089,657.69904,711.4566,679.12885,535.0728,644.5115,691.67523,634.6208,584.52625,598.355
0.8243587750654954,634.09705,96.82144,650.8832,80.03529,617.31085,81.71391,676.0624,90.10698,595.4889,93.46421,719.70636,190.82385,556.88074,185.788,783.4937,271.39734,488.0576,249.57535,712.9919,340.22052,535.0588,321.75577,671.02655,385.54312,585.41724,383.8645,691.1699,524.8681,546.8091,524.8681,692.8485,630.6208,568.63104,593.6913,634.09705,26.319635,637.4542,155.57294,627.38257,375.47144,686.13403,684.3365,553.52356,654.1214,712.9919,679.30066,538.416,640.6925,691.1699,639.01385,583.7386,597.0485
0.8306165222938244,636.98047,84.81436,652.23566,69.559166,620.0303,69.559166,677.661,79.729294,596.3,81.42432,720.03656,181.43059,555.61945,178.04054,786.1424,262.79163,491.20865,242.45135,714.9515,330.59247,538.66925,317.03232,672.5759,378.05307,586.1298,374.66302,689.5261,518.73987,548.83936,518.73987,692.9162,628.91626,569.1796,593.3208,636.98047,15.318478,636.98047,145.83513,628.5054,366.18793,684.4411,681.4619,552.22943,652.64655,713.2565,678.0719,536.97424,639.08636,691.2212,637.39136,584.4348,595.0158
0.8204755301658924,639.2162,60.861145,654.4931,43.886772,622.2418,45.58421,678.25726,57.46627,598.47766,59.163708,718.9957,157.61508,556.04175,155.91765,790.28815,233.99977,488.14423,223.81516,724.0881,313.77933,533.97504,300.19983,673.1649,359.61014,584.8982,357.91272,685.047,505.58978,556.04175,505.58978,693.5342,626.10785,571.31866,590.4617,637.51874,-5.338917,639.2162,121.968895,629.03156,347.7281,681.6521,680.42584,549.252,648.17456,710.50854,675.33356,533.97504,634.59503,693.5342,637.9899,584.8982,598.94885
0.8318476516466874,638.89606,54.07526,655.88934,37.08196,621.9027,37.08196,679.68,48.977272,599.81146,48.977272,722.1632,152.63641,555.62885,147.53842,790.1364,230.8056,485.95633,215.51163,725.5619,307.27545,536.9362,297.07947,672.8826,356.55603,586.2168,354.85672,684.77795,504.39777,559.0275,500.9991,693.2746,623.3509,570.92285,589.36426,638.89606,-12.198618,638.89606,115.25115,628.7001,344.66074,679.68,679.4288,550.5309,647.1415,708.5686,676.0301,533.5376,635.2462,693.2746,633.5469,584.51746,597.8609
0.8331247980778034,641.8371,45.888546,657.235,28.779806,623.01746,30.49068,679.4763,40.755924,599.06525,44.177673,723.95905,143.40837,554.5825,141.6975,788.9723,223.81946,486.14755,211.84334,725.6699,299.0979,540.8955,292.25443,672.6328,353.8459,585.37823,350.42413,684.60895,500.98105,563.1369,497.5593,693.1633,622.4531,569.9804,589.94653,638.41534,-19.124668,640.1262,107.48001,629.86096,340.15887,679.4763,678.912,547.739,646.40533,710.27203,675.49023,532.3412,632.7184,693.1633,634.42926,585.37823,600.21173
0.8385353065454043,640.18713,39.085266,657.31464,21.957764,623.05963,23.670513,679.5804,35.659767,600.7939,37.372517,722.3992,134.9993,556.2624,134.9993,789.1964,222.34956,486.0396,201.79655,722.3992,295.99783,542.56036,285.72134,674.44214,350.80585,587.0919,347.38034,683.0059,498.1024,568.25165,494.67688,693.2824,619.70764,571.6771,587.1654,640.18713,-22.573748,640.18713,100.744286,629.91064,338.8166,677.8677,677.94116,549.4114,647.1117,708.69714,674.5157,532.2839,631.6969,693.2824,629.9842,583.6664,599.15466
0.8305334082016578,642.07275,35.82988,657.5593,18.622581,623.1447,20.343311,679.92883,32.38842,600.7752,34.10915,722.9471,128.7493,559.4777,128.7493,790.05554,213.06508,487.20703,197.5785,722.9471,292.21866,543.99115,285.33575,674.7666,347.282,588.7301,342.11984,681.64954,496.98553,571.5228,488.3819,691.97394,620.8781,571.5228,588.1842,638.6313,-22.67494,642.07275,96.055435,631.74835,333.51617,678.20807,677.6622,549.1533,648.4098,709.1812,674.22076,533.66675,632.9232,691.97394,631.2025,583.56793,600.2294
0.8330733936566573,643.5611,32.299683,659.01404,15.12978,628.1082,16.846771,681.3349,28.865704,604.0703,28.865704,722.54266,123.30018,561.14557,123.30018,794.65625,207.43271,490.74896,195.41377,729.41064,286.41428,543.97565,282.9803,676.1839,346.50894,590.3344,344.79196,679.6179,494.17014,576.59845,489.01917,691.63684,617.79346,573.1645,590.3216,643.5611,-22.64401,643.5611,90.67736,633.25916,332.773,677.90094,674.4541,552.5606,650.41626,707.0898,671.02014,535.3907,636.68036,691.63684,628.0954,585.1834,602.3405
0.8300365736851325,645.025,32.290813,660.4686,15.131306,627.86554,16.847258,682.77594,28.858913,605.55817,28.858913,722.2428,124.95216,562.6594,123.236206,794.31274,207.3178,488.8735,193.5902,725.67474,287.9675,543.78394,282.81964,675.9122,344.59387,591.83057,341.16196,679.34406,495.59753,578.10297,488.73373,693.07166,617.43005,572.9551,589.97485,643.3091,-22.619612,643.3091,88.91719,634.7293,330.86627,675.9122,672.34045,552.3637,648.31714,706.79926,670.6245,535.20416,634.58954,693.07166,627.72577,583.2508,601.9865
0.8275967584206507,645.0043,32.22655,660.4103,15.108727,627.8864,16.820509,682.66345,30.514767,605.6333,28.802986,723.7462,126.37457,564.5505,124.66279,795.6411,208.54012,489.2321,193.13408,727.1698,288.9939,540.5856,278.72318,677.52814,347.1945,593.6508,343.7709,679.2399,496.11954,579.95654,489.2724,692.93414,615.9443,573.10944,590.2676,643.2925,-24.262264,645.0043,92.13892,634.7336,333.5002,675.81635,674.1449,554.2798,648.46814,706.6284,670.7213,537.162,636.48566,694.64594,627.92676,585.09186,602.25
0.8221742969292861,643.77795,37.40646,659.1978,20.273285,626.6448,20.273285,683.18427,33.979824,604.37164,33.979824,724.3039,129.9256,566.67865,128.21228,797.9765,208.7382,489.57938,196.74498,727.7305,296.11737,537.55225,277.2709,676.331,347.5169,592.3784,344.09027,679.7576,496.57553,582.0985,488.00894,693.4642,616.50775,573.5319,590.808,643.77795,-22.55965,645.4913,97.37257,633.49805,335.52368,676.331,671.3339,554.6854,649.0608,705.4574,667.9073,535.839,637.06757,695.1775,626.78766,585.52515,604.5145
0.8141889434594375,644.4317,39.090694,659.84033,23.682085,627.31104,23.682085,683.80927,37.378628,606.76624,37.378628,724.89886,134.96649,567.3887,131.54236,800.22986,208.58542,495.48178,203.4492,738.59546,289.0526,536.5714,283.91638,675.2489,352.3991,593.06964,347.2629,680.38513,496.2128,581.0852,489.36453,694.08167,614.3455,574.23694,590.3765,644.4317,-20.83168,646.14374,100.725136,634.1593,338.70258,676.961,670.84375,555.4042,650.2989,706.06616,667.4196,534.8594,636.60236,694.08167,624.6179,586.2214,602.361
0.8240119631473835,646.4474,44.238075,663.5629,27.122543,631.0434,27.122543,685.8131,40.81497,607.08167,42.52652,725.17883,141.7966,567.71594,138.37349,797.064,210.25873,499.2538,211.97028,750.8521,277.0093,533.48486,283.8555,675.54376,357.4523,593.3892,352.31763,680.67847,497.79965,583.11993,489.24188,692.6593,615.8968,576.2737,590.2235,646.4474,-19.08939,646.4474,104.14243,636.17804,342.0483,677.2553,672.37805,555.73505,648.4163,704.6402,668.95496,536.90796,634.7239,696.0824,627.8777,588.2546,602.2044
0.8352571794619927,645.7766,47.60746,662.85504,30.529045,630.40607,32.236885,688.47266,44.191776,608.2041,45.899616,727.753,148.3701,568.92377,143.24658,796.06665,228.63864,510.85715,220.09944,761.90985,274.75037,526.2277,276.4582,676.51776,363.5581,592.83356,360.14243,681.6413,496.76974,586.0022,489.9384,693.5962,614.6108,575.7551,590.70105,647.48444,-17.290514,647.48444,110.79759,635.5296,348.18753,676.51776,672.6774,556.9689,648.76764,703.8432,669.2617,536.4748,636.81274,695.304,624.85785,587.71,602.6559
0.8249598649831918,646.1394,46.018715,663.23615,28.921999,630.7524,30.63167,687.1716,42.599373,606.817,44.309044,726.494,148.599,569.2042,143.46999,794.88086,234.08258,519.6237,222.11488,762.3971,275.1147,526.4624,263.147,675.20386,364.0176,593.1396,360.59827,680.3329,499.08167,586.3009,492.24298,692.30054,617.049,577.75256,591.40393,647.8491,-18.948803,646.1394,109.27656,635.8814,348.63055,678.62317,675.1778,555.52686,651.24243,705.9779,671.7585,536.72046,637.56506,692.30054,627.307,588.0106,601.6619
0.8183908829322228,647.9466,45.883827,665.0012,28.829205,630.89197,30.534668,687.17224,42.472904,608.72095,44.178368,726.3979,148.21158,569.4953,141.38972,787.7945,240.30655,525.1533,228.36832,770.73987,267.59393,526.85876,260.7721,676.93945,363.09985,595.0773,359.68893,680.3504,501.2423,584.8445,492.715,692.28864,617.21375,576.3172,589.92633,647.9466,-17.21828,647.9466,108.98594,636.00836,347.75067,676.93945,675.19946,557.55707,649.61755,704.22687,671.7886,537.09155,635.9738,695.6995,627.44653,588.25543,600.1591
0.8211306998362908,649.0687,44.13279,664.4213,27.074373,632.0103,28.780214,688.3031,40.721104,609.8344,42.42695,727.5375,148.18912,570.60004,139.65991,783.83026,247.12793,524.5423,238.59872,775.301,265.89218,526.24817,260.77466,676.36224,361.4193,594.4818,358.00763,679.7739,499.59247,585.95264,491.06326,691.7148,615.5897,577.4234,590.0021,647.3629,-18.983349,649.0687,107.248924,635.422,346.06674,676.36224,675.2941,556.9533,649.70654,705.3615,671.88245,538.189,636.0598,693.42065,625.82477,587.65845,600.2371
0.8022976930324848,646.7781,43.693024,663.6907,26.780428,631.55676,26.780428,687.3683,40.310505,611.2616,40.310505,727.95856,148.55112,574.0539,136.71231,766.85754,256.79175,519.9336,234.80536,748.25366,260.17426,531.7724,256.79175,677.22076,354.8848,596.0403,353.19354,680.6033,496.9506,584.2015,491.87683,692.4421,615.3388,575.7452,588.2786,648.46936,-18.883581,650.1606,102.887115,636.6305,341.3547,682.29456,676.2241,553.7588,647.4727,711.04596,671.1503,535.1549,633.9426,690.75085,625.4863,587.584,600.11743
0.7993198472719926,648.1721,44.084747,665.2593,26.997639,632.79376,28.706348,689.1812,40.667324,610.5805,42.376038,728.48157,148.31612,574.6976,138.06384,762.65576,257.6736,528.5624,237.16908,742.15125,266.21716,535.3972,262.79974,677.2202,360.19626,593.4934,355.07013,682.3464,500.31055,583.24115,490.0583,694.3074,616.5029,576.4063,590.87225,648.1721,-17.428844,651.5896,103.88963,636.2112,344.81787,677.2202,672.8904,555.90173,648.9684,704.55963,671.18164,537.10596,635.2987,694.3074,626.7552,588.36725,601.1245
0.8038472602000604,649.6302,44.01652,664.97675,26.964792,632.5785,28.669966,688.8492,42.311348,610.41125,42.311348,728.0682,149.73724,572.8974,139.50621,768.9923,260.5735,525.1526,240.11142,748.5303,267.3942,533.67847,265.68903,676.91296,361.1787,593.3595,357.76837,682.0285,497.59256,583.1285,490.77185,693.9647,615.2495,576.3078,589.6719,649.6302,-19.074879,651.3354,105.40275,635.98883,345.83215,676.91296,674.93054,557.55084,649.35297,704.19574,671.5202,537.0888,635.71155,693.9647,627.18567,588.24396,599.90295
0.8057590241615589,648.9933,44.014145,664.33673,26.965899,631.94507,28.670723,689.9091,40.604496,611.4871,42.309322,729.12006,149.71327,573.981,139.48433,770.0358,263.93652,522.83624,240.06898,749.57794,269.051,534.77,267.3462,676.2705,359.4067,594.4389,357.70187,681.38495,499.20233,584.20996,492.38303,693.3187,616.83527,575.68585,591.2629,648.9933,-19.064367,650.6981,105.38783,635.3547,345.76813,677.97534,674.79926,556.93274,649.2269,705.2525,671.38965,536.47485,637.29315,693.3187,628.76904,587.6196,601.4918
0.8049855117614453,649.52716,43.936306,664.83167,28.631788,632.52216,28.631788,690.33923,42.235806,610.4156,43.936306,727.75024,151.06793,573.0046,139.16443,773.6638,263.30106,520.289,237.79353,744.75525,268.4026,533.893,268.4026,676.73517,360.22968,593.4106,356.82867,680.13617,497.97034,583.2076,492.86884,693.74023,617.0055,574.7051,591.498,649.52716,-18.98227,651.22766,106.85488,635.92316,346.62567,676.73517,674.8226,557.7001,649.315,705.64374,671.4216,537.294,637.4115,693.74023,627.2085,586.6086,601.701
0.8016058619205768,649.5501,43.972874,664.8584,28.664585,632.5409,28.664585,690.3722,42.271954,612.1298,42.271954,727.7925,149.42998,573.00867,140.92537,770.3155,263.3917,525.3829,239.5788,744.8017,270.19537,533.88745,266.79352,676.76483,356.94235,595.1206,355.24142,681.8676,498.1188,584.9151,491.31512,693.77405,617.1833,574.7096,593.37036,649.5501,-17.260284,651.25104,105.20603,635.94275,345.0359,676.76483,675.0146,554.2985,651.2017,705.6805,671.61273,535.5884,637.5943,695.475,630.79065,586.616,605.2768
0.8203027202532842,649.8484,45.216087,665.0746,29.989918,632.9304,29.989918,687.06793,43.524292,614.3207,43.524292,725.97925,150.10747,575.40936,141.64848,766.5824,263.45786,521.27185,236.3891,742.8972,266.84143,533.11444,266.84143,676.9172,358.19846,595.71094,356.50665,680.3008,500.30936,585.5601,490.15857,692.1433,617.04333,575.40936,589.97455,649.8484,-10.613198,651.5402,106.120766,636.314,344.66406,681.99255,676.2562,553.416,649.18744,710.7531,671.1808,536.49805,635.6531,690.45154,628.88586,587.25195,601.81714
0.8121670988889841,647.01697,44.085934,664.0802,27.022707,631.6601,27.022707,687.96875,40.673286,611.1842,42.379612,727.2142,153.29057,573.64514,141.34631,761.3406,267.6142,527.5744,240.31302,739.1584,269.3205,530.98706,265.90787,677.7308,359.7556,595.82733,358.0493,681.14343,497.96774,583.88306,492.84875,693.0877,615.704,575.35144,590.10913,648.7233,-19.048,652.1359,105.51354,636.77905,346.105,682.84973,675.4253,553.16925,649.83044,711.85724,672.01263,536.106,636.1799,691.38135,625.9419,587.2957,600.3471
0.8054800354517423,642.1037,44.04029,659.1736,26.970413,626.74084,28.6774,688.1924,40.626316,609.67096,42.3333,727.45306,153.2875,573.8242,141.3386,758.1789,269.36267,526.02856,240.34387,735.98804,269.36267,529.4425,265.9487,676.24347,358.12604,594.30804,356.41904,681.36444,498.09903,584.0661,489.5641,691.6063,615.88116,575.5312,590.27637,647.2247,-20.825245,650.6387,105.49185,635.27576,344.47012,683.0714,675.62573,553.34033,648.31396,710.38324,672.2118,534.5635,634.658,691.6063,627.8301,587.4801,600.5183
0.8008168248029855,637.5524,42.293785,656.31177,26.945232,623.9093,26.945232,687.0089,42.293785,610.2661,42.293785,726.233,151.43906,574.4528,141.2067,760.3409,262.28973,526.7018,238.4142,736.46533,272.5221,531.81793,265.7005,676.77655,357.79184,593.21216,354.38104,681.8927,497.63422,582.9798,490.81262,692.12506,617.01184,574.4528,588.02014,646.0794,-17.395033,649.49023,105.393394,635.84705,344.14868,683.5981,674.9953,553.9881,647.709,710.8844,671.5845,536.93414,634.0658,690.4197,628.94965,588.096,599.9579
0.8050318566652445,634.6555,42.314983,651.718,25.252487,621.0055,26.958738,685.84296,38.902485,609.06177,42.314983,728.4992,149.80872,574.93677,139.57121,771.15546,257.30243,528.86804,236.82744,737.03046,277.77744,532.2805,265.83368,675.60547,357.97116,593.7055,354.55865,680.72424,499.58987,583.468,491.05862,692.66797,617.3211,574.93677,590.0211,643.18677,-17.403751,650.0117,103.73997,634.6555,344.32117,682.4305,677.03986,554.4618,649.73987,711.4367,671.9211,535.693,636.08984,690.96173,629.26483,586.8805,600.2586
0.8172339063424331,629.42706,44.18577,646.5241,27.088764,617.45917,28.798464,682.4278,39.056667,607.201,42.476067,728.5897,150.18718,576.4264,141.63867,769.6225,257.8983,533.6839,232.25279,726.88,288.6729,531.9742,269.8662,675.589,360.48032,593.5234,357.0609,680.7181,500.67572,583.2652,492.12723,692.686,616.93536,574.7167,591.28986,641.39496,-15.653742,651.6532,104.025276,634.5562,346.8027,680.7181,676.77484,552.4906,651.12933,709.783,673.35547,535.39355,637.4517,690.9763,628.90326,586.6846,601.54803
0.8121246168246636,614.1034,42.5607,632.8836,25.487774,608.9815,28.902359,678.9805,39.146114,605.5669,40.85341,731.90656,150.12013,579.9575,139.87639,767.7597,259.38687,540.6898,230.3629,708.00446,305.48376,537.2752,266.21603,675.5659,361.82443,595.3232,358.40985,678.9805,500.11514,583.37213,491.57867,692.63885,617.91833,576.54297,590.6016,644.83466,-17.194542,655.0784,102.31594,636.29816,348.16608,675.5659,675.9663,559.47003,648.6496,702.8826,672.5517,537.2752,636.69855,694.3461,628.1621,586.7867,600.8454
0.8120864262947669,608.65594,42.65418,625.7235,25.58666,603.5357,29.000164,673.5125,37.533924,603.5357,40.947426,731.5421,146.76604,583.0547,138.23228,763.9704,255.99815,542.09265,230.39688,700.82056,314.0277,536.9724,288.42645,675.2193,356.6965,593.29517,353.28302,680.33954,498.3569,583.0547,489.82315,693.9935,617.8295,574.52094,592.2283,639.3775,-17.082134,654.7383,98.97699,634.25726,344.74924,676.926,674.15234,557.4534,648.5511,705.9408,670.73883,536.9724,634.89703,693.9935,629.7768,586.4682,602.46875
0.8128262849954458,603.57715,42.660522,620.67395,25.563736,600.15784,28.983093,670.25464,35.821808,603.57715,40.950844,730.0934,145.24124,584.7707,140.11221,755.7386,261.4994,545.4481,235.85422,695.89984,323.04782,538.6094,299.1123,677.0934,353.82202,593.3191,353.82202,678.80304,499.1447,583.06104,494.0157,692.48047,618.8222,576.2223,593.17706,636.06104,-18.887909,654.86755,97.37024,636.06104,341.85428,677.0934,676.9513,553.99646,649.59644,706.1579,673.5319,535.19,635.919,692.48047,629.0803,586.4804,603.4351
0.7992571867429293,598.19763,42.750557,615.32385,25.624367,598.19763,27.336985,668.41504,35.90008,605.04816,37.6127,730.06934,145.50772,589.6346,136.94463,752.3334,263.67844,553.66956,236.27654,678.6908,332.18323,539.9686,306.49393,675.2655,354.44727,594.7724,351.02203,678.6908,496.59467,584.4967,493.16943,694.1044,616.478,577.64624,590.78876,637.5879,-20.616356,656.4267,95.84176,635.8753,342.45892,676.97815,671.28186,555.3822,647.3052,704.38007,667.8566,538.256,635.31683,694.1044,626.7537,587.92194,602.7771
0.790841260781655,596.55945,42.97357,611.97687,25.843077,596.55945,25.843077,661.65533,36.121376,606.83777,36.121376,728.46423,144.0435,593.13336,137.1913,747.3078,263.95697,557.1593,241.68733,673.64667,329.05286,536.6027,313.6354,675.35974,356.46167,594.8464,353.03555,680.4989,498.64478,584.5681,491.79257,694.20325,616.8452,577.7159,589.4364,634.2465,-20.409264,654.8031,94.36506,634.2465,342.75726,680.4989,675.08887,555.4462,645.96704,709.6207,671.6628,538.31573,632.26263,692.49023,627.1235,587.9942,601.42773
0.771215388408074,590.4825,41.891613,602.3622,26.617748,592.17957,28.314844,653.275,33.40613,610.84766,35.10323,721.1589,140.32318,602.3622,135.2319,731.3415,274.39377,576.9057,243.84605,643.09247,352.4602,539.5696,321.91248,671.9431,360.94568,595.5738,357.55148,678.7315,501.80466,585.3912,493.31918,695.70245,615.5101,580.2999,593.4479,627.8186,-15.809654,653.275,92.8045,631.21277,349.066,680.4286,676.6055,551.4493,649.452,709.27924,673.21136,537.8725,635.87524,697.39954,625.6927,592.17957,607.0246
0.746829860485517,588.66534,41.659485,602.2172,24.71969,592.05334,26.41367,653.0366,33.189587,612.3811,34.883568,719.1018,139.9103,608.9931,134.82835,720.7958,280.5106,586.9714,246.63101,636.0968,356.7397,548.0099,324.55408,671.67035,363.5156,595.4413,358.43365,680.14026,502.4219,585.2774,490.56406,698.77405,615.9185,583.58344,593.8968,627.6269,-19.323776,654.7306,92.478874,631.0149,349.96375,680.14026,678.59576,551.3978,649.79816,710.6319,675.2078,537.846,634.5523,702.162,624.3884,597.13525,605.75464
0.7333228324468319,590.2082,43.027523,602.03253,26.135628,593.5866,26.135628,652.70825,34.581577,613.8569,36.270767,715.20825,134.24376,613.8569,135.93295,706.76227,281.20328,598.6542,249.10866,622.3028,367.35193,559.8028,326.8114,672.9785,362.28436,600.3433,358.906,681.42444,500.7979,586.82983,487.2844,705.0731,615.66284,588.51904,593.70337,630.7488,-17.783304,656.0866,93.70322,635.81635,348.77084,679.7352,678.16284,549.66766,646.06824,708.4515,674.7845,539.53253,630.86554,713.51904,624.10876,602.03253,607.21686
0.7209746264494382,591.05365,43.222694,602.82355,28.089949,594.4165,28.089949,651.58466,36.497032,614.59344,38.178448,712.1156,130.65634,623.00055,134.01918,705.38995,283.66522,602.82355,250.0369,621.31915,367.73602,560.78815,335.78912,673.44305,367.73602,604.505,362.69177,681.8501,503.93076,587.6908,487.11658,708.7528,616.58563,589.37225,593.04584,631.40765,-15.626874,658.3103,93.665184,638.1333,352.6033,678.4873,677.11664,547.33685,646.85114,707.07135,675.43524,540.61115,630.037,720.5227,624.99274,604.505,608.1786
0.7179120022516984,590.3421,46.330475,602.0635,29.585632,593.6911,29.585632,650.62354,36.28357,615.45935,39.632538,707.556,130.05469,627.1808,131.72917,700.8581,280.75827,608.7615,250.61755,622.15735,367.83145,563.55035,341.0397,672.39185,366.15698,605.4125,362.80798,682.4387,506.81366,586.99316,488.39432,715.92847,619.0041,592.0166,597.2358,628.8552,-12.276474,657.3215,93.216034,638.90216,352.7611,679.0898,675.9365,545.13104,645.79584,707.556,675.9365,540.1076,630.72546,730.9988,627.3765,607.087,610.63165
0.7067797883198812,591.1793,44.018085,601.2739,28.876156,594.5442,27.193718,648.38214,33.923466,618.0983,35.605904,705.585,131.50479,634.92267,128.13992,697.17285,282.9241,621.4632,249.27536,616.4159,373.77567,569.3076,340.12695,673.6187,367.04593,609.6861,363.68106,682.0309,506.68817,587.81445,488.18137,724.0918,619.41144,594.5442,600.90466,626.5105,-18.232073,658.4768,91.12631,641.6524,353.58643,680.34845,673.2494,544.0711,644.648,708.9499,674.9318,540.70624,629.50604,740.9162,627.8236,609.6861,614.36414
0.7154908398023019,590.49774,43.969067,600.5914,27.146278,593.8623,27.146278,647.6952,32.193115,620.77875,33.875393,703.2104,136.4944,639.2838,128.08301,684.7053,284.53494,629.1901,249.20709,610.68506,372.01346,580.40405,333.32104,672.9294,366.9666,614.0496,363.60205,683.0231,508.27805,588.8154,489.77298,731.80914,622.673,595.54456,600.80334,627.5079,-19.957531,657.7889,91.072876,644.3306,351.8261,681.34076,674.82367,540.02936,642.86035,709.9395,678.1882,540.02936,629.4021,750.3142,632.76666,612.3674,615.9439
0.6785860336743869,593.8425,45.34017,603.9933,28.422203,595.5343,26.730406,647.98004,33.497593,624.29486,35.189392,698.73395,133.31361,642.90466,129.93002,663.2062,273.73276,624.29486,244.97221,603.9933,368.4734,587.0753,307.5687,676.7406,361.7062,622.6031,360.0144,681.816,508.89255,590.4589,486.8992,744.4125,632.39374,595.5343,607.0168,625.9867,-17.256317,658.1308,91.01869,651.36365,349.86365,683.50775,671.30505,532.93787,640.8527,707.19293,676.38043,536.3214,627.31836,763.0222,644.2363,610.7605,625.6265
0.6570892643470031,594.8955,47.21344,605.08545,31.928509,596.5938,30.230185,647.5436,35.32516,627.1637,38.721813,693.3984,133.82805,647.5436,128.73308,657.7335,266.29745,623.767,240.82256,603.3871,358.00702,591.49884,317.24722,674.7168,363.10202,627.1637,361.4037,684.90674,512.5547,591.49884,487.07977,747.7448,641.62744,594.8955,611.05756,625.46533,-15.624608,659.4319,93.06823,650.94025,351.2137,681.5101,672.19727,532.05743,639.9291,703.5883,677.29224,535.4541,629.73914,768.1247,655.214,611.8787,629.73914
0.6584568619728088,593.85114,47.56552,604.11707,30.455618,597.27313,28.744627,645.18085,37.29958,629.7819,40.72156,691.3776,141.67,650.31384,131.40405,658.8688,278.54922,628.071,246.0404,602.4061,370.94272,592.14014,314.48004,672.5567,367.52072,631.4929,364.09875,687.9556,512.9549,592.14014,490.71204,751.26227,644.7012,595.56213,612.1924,628.071,-15.741124,658.8688,93.76226,653.73584,352.12183,682.82263,672.077,532.2555,642.9902,703.35455,678.921,535.6775,631.01324,770.0832,658.3891,610.96106,631.01324
0.6249398783995554,594.924,49.013958,603.4334,33.697098,596.6259,31.995222,642.5765,37.10084,630.6634,42.206463,688.52704,142.617,649.384,130.70389,649.384,278.76688,618.75024,243.02754,596.6259,384.28305,589.8184,317.90997,673.2102,362.1587,634.06714,360.45682,688.52704,511.92355,593.22217,491.50107,753.19824,646.3716,596.6259,617.4397,623.8559,-12.2534895,657.8933,98.36829,654.48956,353.64932,681.71954,670.1978,531.9547,644.6697,700.4402,675.3034,535.35846,632.7566,771.9189,659.9866,610.2409,637.8622
0.616394219490198,593.31915,50.826794,601.8471,35.476425,595.0247,33.77083,641.07587,42.29881,634.2535,44.004406,683.71576,149.7514,649.6038,132.69543,649.6038,287.90472,625.72546,243.55922,596.73035,388.53494,588.20233,248.67601,671.77655,366.36218,639.37024,364.6566,692.2437,513.0435,595.0247,494.28192,755.3508,647.78564,596.73035,618.79047,625.72546,-12.280284,658.1318,100.2891,656.4262,356.1286,683.71576,666.5472,533.6232,644.37445,702.4773,673.36957,538.74005,632.43524,774.11237,661.4304,612.0807,639.2576
0.5857751690424405,592.5999,55.50345,601.0599,40.2755,594.2919,38.583508,639.9757,45.351482,639.9757,48.735474,682.2756,150.25511,648.43567,135.02718,651.8197,282.23065,619.6718,238.2388,599.36786,380.3663,592.5999,245.00679,668.7396,366.83035,643.3597,365.13837,695.8115,507.26587,597.67584,493.72992,756.7233,642.62537,599.36786,620.62946,624.7478,-8.792327,656.8957,101.18729,658.58765,354.9864,683.9676,662.9293,533.3801,647.70135,702.5795,668.0053,540.1481,635.8574,773.64325,656.1613,614.5958,642.62537
0.5802693665027618,591.37537,63.521927,599.7777,48.39766,593.05585,45.036713,636.74817,53.439083,650.19196,55.119556,675.39905,166.03085,651.87244,139.14326,651.87244,303.82974,626.66534,248.3741,601.4582,401.29727,596.4168,243.33267,668.6772,376.09015,670.35767,371.0487,593.05585,505.48666,594.7363,498.76477,757.7423,638.24414,598.0973,626.48083,621.6239,-3.6970434,655.2334,108.89473,663.63574,360.96588,532.5588,653.3684,534.23926,648.32697,539.28064,660.0903,542.6416,636.56366,776.22754,653.3684,613.22156,644.966
0.5992055443617014,589.5721,66.71229,597.953,51.626595,591.2482,48.274216,638.1815,56.65516,648.23865,56.65516,675.0577,179.01689,654.9434,140.46457,658.2958,309.75955,636.5053,259.4739,604.6578,398.59753,597.953,244.38823,661.64813,380.15945,678.41003,375.1309,589.5721,500.845,703.55286,500.845,597.953,629.9115,760.5433,634.94006,621.4196,-2.0114257,654.9434,111.96937,666.6767,363.39758,530.90546,644.9972,693.4957,650.02576,540.9626,653.3781,710.2576,641.64484,611.3625,648.34955,775.62897,651.70197
0.5980498699041513,586.99066,71.734726,597.04694,54.974277,588.66675,51.62219,637.27203,61.67846,654.0325,60.00241,670.7929,179.00159,654.0325,145.4807,650.68036,309.73306,645.6522,261.12778,607.1032,396.8874,597.04694,252.74756,659.0606,383.47903,682.5252,376.77487,586.99066,502.4782,705.98987,502.4782,597.04694,631.5336,761.2993,634.88574,622.1876,-2.0112414,652.35645,115.31189,665.7648,365.04254,533.35724,644.942,694.25757,648.2941,540.0614,653.32227,714.37006,638.23785,610.4553,649.97015,776.3837,651.6462
0.5693109035491943,586.1308,74.703575,596.13574,59.696163,586.1308,56.361183,636.1555,64.69863,659.50037,63.031143,666.17035,183.09044,654.4979,149.74063,649.4955,316.48965,652.83044,266.46497,604.4732,404.86664,596.13574,349.83948,661.1679,383.18927,681.1778,376.51932,584.4633,501.5811,706.1901,499.91357,596.13574,631.6453,761.2173,631.6453,619.48065,1.3340044,649.4955,118.05832,664.50287,363.17938,534.4386,648.3202,691.18274,648.3202,539.4411,654.9902,714.5276,636.64777,607.80817,648.3202,776.22473,648.3202
0.5673565348753562,580.72205,78.18879,592.41693,59.81108,582.3927,58.14038,632.51373,66.49389,660.91565,64.82318,664.2571,185.11365,654.23285,153.37033,639.19653,317.099,657.5743,271.99008,600.77045,407.31683,597.429,256.95377,662.58636,387.26843,680.96405,380.58563,584.0634,502.54678,709.36597,500.8761,595.7583,632.86145,761.1577,631.19073,615.80676,1.3365545,647.55005,119.956314,667.59845,367.22003,533.9424,647.89777,692.65894,646.22705,538.9545,654.58057,714.37805,634.53217,609.1239,651.23914,776.19403,649.5685
0.5602944447444036,580.3405,79.92165,590.37256,61.529644,580.3405,59.857643,630.50055,66.54565,653.90857,64.87364,663.94055,180.24171,650.5646,153.4897,630.50055,308.98578,648.8926,272.20178,595.38855,404.28986,595.38855,362.48984,665.61255,387.56982,675.6446,380.88184,583.6845,504.60992,709.0846,501.2659,597.06055,635.026,597.06055,628.338,612.1085,4.681609,647.2206,120.049675,663.94055,367.50583,535.1965,648.402,535.1965,645.058,540.2125,656.762,541.8845,633.354,610.4365,651.746,775.96466,646.73
0.566135816849195,574.9889,78.43723,585.045,60.001133,576.6649,58.325123,625.26917,66.70517,643.70526,65.02916,658.78937,168.94174,642.0293,148.82962,625.26917,301.34647,645.3813,262.79825,586.72095,383.47092,586.72095,349.95074,658.78937,383.47092,668.8454,378.4429,581.69293,505.8196,702.3656,502.4676,596.77704,634.8723,596.77704,628.1683,606.83307,3.0168166,640.3533,118.66146,660.4654,365.03482,533.0887,649.9564,534.76465,644.9284,539.7927,656.66046,541.4687,634.8723,611.8611,649.9564,774.434,646.6044
0.569819742670426,574.7443,76.70889,583.11865,59.960228,574.7443,58.285362,623.3155,64.984825,640.06415,64.984825,656.8128,168.82657,636.7144,148.72816,635.03955,301.14102,643.4139,260.9442,589.8181,381.53464,584.7935,348.0373,660.16254,383.2095,651.7882,376.51004,581.4438,507.14963,700.3593,500.45016,596.5176,636.1144,596.5176,626.0652,603.2171,4.6896267,638.3893,116.90569,658.4877,364.78595,532.8727,649.5133,534.54755,642.81384,539.57214,656.21277,541.247,632.76465,775.72833,651.1882,611.59143,644.4887
0.5677725363236207,570.4854,75.19887,578.8782,58.413403,570.4854,56.734856,617.48474,63.449043,637.6273,61.770496,654.4128,169.19746,634.2702,147.37636,634.2702,303.48117,610.77057,251.44624,585.59235,389.08704,580.5567,256.48187,656.0913,382.37286,669.51965,377.33722,580.5567,506.5853,698.055,503.2282,595.66364,637.5119,595.66364,629.1192,599.02075,3.0213714,634.2702,115.48398,656.0913,363.90884,531.87885,649.2617,533.55743,645.90466,538.5931,655.97595,540.2716,637.5119,775.2681,652.61884,773.58954,649.2617
0.5748780209284562,564.59314,75.41705,574.69366,58.58289,564.59314,56.899475,611.7288,63.63314,633.6132,61.949722,648.764,174.73862,631.9298,146.12054,631.9298,306.0451,620.1459,255.5426,586.47754,396.9496,581.4273,252.17577,653.8142,381.79883,667.28156,376.7486,579.7439,508.05505,583.1107,503.00482,758.18604,637.6781,596.57806,625.8942,594.89465,3.0301495,630.2464,115.819046,652.1308,363.28125,532.6082,654.51227,532.6082,644.4118,537.6585,661.246,539.3419,634.3113,776.7036,652.82886,611.7288,644.4118
0.6189778034503644,555.36865,74.36874,563.8582,55.691658,557.0666,53.993744,602.9103,60.785408,626.6811,60.785408,641.96234,176.2437,623.2853,147.37912,628.379,308.68115,619.88947,261.1395,582.5353,395.27487,568.95197,351.12906,653.8478,381.69153,640.26447,376.59778,679.3165,517.52484,579.13947,503.9415,755.7227,646.5664,597.8165,621.0977,585.93115,-0.339571,621.5874,115.11872,647.0561,364.71237,681.0144,665.2435,531.59784,643.1706,699.6915,672.03516,536.6916,632.9831,772.7019,658.45184,611.3999,641.4727
0.6726670964406087,552.8525,67.95054,559.68164,50.877537,554.55975,49.17024,598.9495,57.706738,622.85175,57.706738,639.92474,168.68123,616.0225,146.48633,626.26636,305.26523,617.72986,264.29004,578.462,392.33752,571.63275,358.19153,653.5831,380.3864,616.0225,375.26453,672.36346,523.7996,573.34,496.48282,752.6065,650.13983,597.24225,615.99384,581.8765,-3.75606,617.72986,112.34034,638.21747,363.31342,682.60724,672.3347,527.243,639.896,703.09485,679.16394,534.07214,627.94495,773.0941,662.09094,610.90063,633.06683
0.6780322526509945,546.08405,63.366844,554.69366,46.147594,549.5279,44.425667,592.576,53.035294,620.12683,54.75722,633.9022,161.51657,613.23914,146.01926,616.683,300.99252,604.62946,264.8321,571.9129,392.25455,570.191,356.09412,645.9557,380.20108,611.5172,376.75723,661.453,523.12085,575.35675,497.292,749.2712,647.0995,597.74176,612.66095,577.0787,-5.5101604,611.5172,109.858826,632.1803,364.70374,683.838,676.3722,527.1429,640.2118,704.50116,681.53796,535.7525,628.15826,769.93427,659.15295,611.5172,629.8802
0.6721942550860919,544.86,60.201492,551.7776,44.63684,546.58936,42.907436,588.0951,51.554462,619.2244,55.013275,629.6008,160.507,612.30676,143.21295,619.2244,300.58884,603.6598,264.27133,567.3422,390.5179,569.07166,352.471,636.5185,378.41208,608.84796,374.95328,648.6243,528.87036,575.98926,496.01166,743.7416,646.4699,598.47156,613.6112,570.8011,-7.2453203,608.84796,106.89544,626.142,364.57684,683.2124,677.59924,527.5659,636.0935,705.6947,681.05804,537.9424,625.71704,766.2239,656.8464,612.30676,630.9053
0.674402695435744,540.66504,64.943436,547.5882,47.635414,544.1266,45.904613,587.39667,52.82782,615.0895,56.289425,623.7435,153.21432,611.62787,141.09871,609.8971,295.14008,606.4355,263.98566,563.16547,386.87256,563.16547,348.79492,628.9359,373.02615,615.0895,369.56454,625.4743,521.8751,585.6659,495.9131,734.51483,639.56964,597.7815,615.33844,563.16547,0.9037664,604.7047,104.75188,625.4743,357.44894,679.12915,675.9165,528.5494,636.10803,703.3604,679.37805,538.9342,625.7232,758.74603,651.68524,609.8971,634.37726
0.6598398055021579,536.86554,61.03536,543.6819,45.698612,538.56964,43.99453,582.8758,50.81086,611.84515,50.81086,620.3656,153.05582,605.0289,139.42316,610.1411,291.08652,599.91656,263.8212,557.3145,383.10696,559.0186,345.61716,622.06964,371.1784,610.1411,367.77023,610.1411,521.13763,589.6921,497.28052,726.01874,631.903,596.5084,618.2704,560.7227,-2.0156994,599.91656,101.93334,618.6615,357.54575,681.7126,672.801,528.3451,642.1275,703.86566,672.801,538.56964,631.903,751.57996,642.1275,606.7329,637.01526
0.6696769526371589,525.13995,60.220127,531.8113,45.20959,525.13995,43.54175,571.8394,46.877426,596.85693,48.545265,611.8675,150.28336,591.85345,138.60849,601.8605,292.04956,581.84644,257.02496,545.154,377.10928,545.154,338.74902,613.53534,367.10226,600.1926,363.76657,580.1786,520.54333,575.17505,500.52927,701.9307,622.28143,593.5213,622.28143,546.82184,-6.4933763,590.1856,101.91607,610.19965,350.4239,668.574,673.9844,530.14343,640.6276,686.92017,672.3165,538.48267,632.28845,725.28046,627.2849,606.86395,635.6241
0.6558862878726079,518.94653,56.436024,527.17926,41.617126,520.5931,41.617126,566.69635,44.910217,586.45483,48.203304,606.2134,150.28905,584.8083,137.1167,584.8083,290.2453,584.8083,249.0817,538.7051,375.8656,546.9378,331.4089,611.153,364.33978,593.041,359.40015,569.9894,519.1149,556.8171,505.9426,685.2475,624.4938,594.68756,621.2007,543.6447,-7.779199,584.8083,100.892715,602.9203,346.2278,645.73047,670.59705,533.76544,640.9592,668.78204,670.59705,538.7051,632.7265,709.9457,627.78687,607.8599,632.7265
0.6415917197099099,514.88934,63.74768,521.5671,47.05337,514.88934,47.05337,558.29456,45.38394,578.3277,47.05337,606.70807,152.22751,576.6583,137.20264,578.3277,290.79028,551.6168,247.38507,531.5837,374.2618,533.2531,325.84833,606.70807,360.90637,586.67487,357.5675,554.9557,514.494,546.6085,502.80798,660.1298,619.66815,596.69147,619.66815,534.92255,-4.698984,579.99713,102.14459,596.69147,345.8815,626.7412,668.08167,533.2531,644.7096,650.1133,668.08167,539.93085,634.69305,683.5019,624.67645,611.7164,628.0153
0.6072439299179957,509.3665,60.95174,516.07855,45.849552,511.0445,44.17153,551.317,42.49351,574.8093,42.49351,599.9796,153.24289,579.8434,131.42862,584.87744,294.19662,554.67303,252.24611,522.79065,371.3856,529.50275,331.1131,598.3016,361.31747,588.23346,354.60538,541.2489,512.33936,537.8928,498.9152,633.54004,619.73267,591.5895,621.4107,531.1808,-9.525134,574.8093,99.54622,591.5895,344.53726,579.8434,663.3612,529.50275,646.581,603.33563,666.7173,534.5368,636.5129,655.3543,628.1228,603.33563,626.44476
0.6209151446819305,502.26758,61.62259,509.0406,44.69006,502.26758,44.69006,542.90564,42.996807,563.2247,42.996807,595.3965,154.7515,573.3842,132.73921,573.3842,295.2915,558.1449,258.03992,515.8136,369.79462,524.27985,341.0093,590.3167,364.71487,590.3167,357.94186,522.5866,513.7211,575.07745,493.40207,614.0223,628.8623,592.00995,615.3163,522.5866,-7.8007803,569.9977,98.87415,592.00995,347.78232,553.0651,662.72736,532.7461,639.02185,566.61115,667.8071,536.1326,628.8623,632.648,640.7151,615.7155,627.16907
0.6428882823540614,492.62036,65.964935,497.80435,48.684917,492.62036,50.412918,530.6364,45.228912,556.5564,45.228912,582.47644,154.09302,573.8364,133.357,558.2844,292.33313,558.2844,257.7731,501.26038,370.0932,521.9964,337.26117,572.10846,361.45322,591.11646,354.5412,496.07635,503.14932,575.56445,487.59732,573.8364,637.9335,601.48444,617.19745,509.90036,-1.4271297,558.2844,98.79697,584.20447,347.62918,511.6284,674.2215,542.7324,653.4855,523.72437,679.4055,554.8284,641.38947,598.02844,651.75745,615.3085,631.0215
0.6462371005461767,487.30566,67.79393,490.77435,50.450367,485.5713,52.184723,525.4615,46.981655,556.67993,46.981655,575.7578,152.77737,568.8204,131.9651,549.7425,288.05716,556.67993,258.57312,492.50873,369.5719,518.52405,338.3535,567.08606,359.16577,586.16394,355.69705,489.04,501.38297,574.02344,489.24246,548.0081,643.60016,596.57007,619.3192,501.1805,0.15403819,551.4768,99.01234,577.4922,345.29092,483.83694,671.34985,548.0081,648.8032,494.24307,678.2873,563.6173,636.6628,563.6173,657.47504,608.7106,634.9284
0.6595366757649642,479.6495,68.099884,484.8506,52.496647,476.18213,50.762955,516.05707,47.29557,545.52985,47.29557,566.33417,149.58347,562.86676,130.51283,543.79614,283.07782,554.1983,251.87135,484.8506,364.5614,512.58966,333.35492,562.86676,354.15924,583.6711,350.69186,488.31796,501.52316,575.0026,489.38733,524.7255,643.686,599.27435,610.74585,490.05167,2.2195473,543.79614,99.306366,573.2689,343.75708,457.11148,669.6914,550.7309,643.686,469.24734,676.62616,561.13306,631.5502,538.5951,659.28925,611.41016,628.08276
0.666436527784054,469.28076,62.525482,476.17664,47.00976,467.5568,45.28579,508.93207,45.28579,527.89575,45.28579,562.3751,153.89586,543.41144,131.48425,539.9635,288.36545,538.23956,252.1621,471.00473,365.94406,502.0362,331.4647,557.2032,355.60025,576.1669,350.42834,479.62457,502.13763,572.71893,486.62192,496.8643,650.399,596.8545,610.7477,484.7965,-1.2613778,534.7916,98.728836,565.82306,343.53247,426.18155,667.6387,546.8594,641.7791,439.9733,676.25854,552.0313,627.98737,514.10394,667.6387,614.0942,627.98737
0.7004462858805289,459.62823,60.460995,466.5329,46.651714,457.90207,41.473236,504.5084,43.199394,525.22235,41.473236,552.8409,151.94748,540.75775,129.5074,528.6746,284.86182,535.5793,257.24323,464.80673,362.539,490.69913,334.92044,545.9362,360.81284,568.37634,355.63437,475.1637,505.8103,570.1025,486.82254,469.9852,654.2601,599.4472,612.8322,476.88983,-5.133087,526.9485,96.71036,558.01935,348.72974,399.21265,657.7124,540.75775,636.9985,411.29578,669.7955,547.6624,626.6415,485.52063,673.2478,616.7088,630.0938
0.6932987089340503,446.90665,70.63382,452.09708,55.062496,445.1765,51.602203,490.1603,51.602203,505.73166,49.872055,540.3346,158.87132,519.5728,134.64926,512.6522,295.55292,507.4618,257.4897,450.36694,366.48895,471.1287,331.88602,538.60443,363.02866,554.1758,356.10806,471.1287,513.55145,566.2868,491.05954,431.33533,660.61395,595.6993,613.89996,459.01767,6.618382,514.3824,103.506615,542.06476,352.6478,363.8596,653.69336,535.14417,636.3919,375.9706,669.2647,545.525,627.74115,443.44635,681.37573,613.00073,631.2015
0.6993707567453384,438.8322,70.65715,444.02515,56.80932,437.10126,51.616383,483.83768,53.34736,497.6855,51.616383,532.30505,160.66805,514.9953,132.97238,502.87842,295.6844,489.0306,252.40991,442.2942,368.3855,461.33496,328.57297,528.84314,368.3855,546.1529,359.7306,466.5279,513.7877,560.00073,493.01596,424.9844,659.18994,596.35126,615.91547,452.68005,3.148977,506.3404,103.545746,534.0361,354.53766,357.47623,653.99695,535.767,636.6872,367.8621,667.8448,544.42194,628.0323,435.37027,681.6926,613.6611,631.49426
0.7007175993460876,430.46234,72.035934,435.62122,58.27888,427.02307,54.83962,471.7335,54.83962,478.612,53.119987,521.6028,161.45676,511.285,132.22302,494.08868,299.02725,483.7709,249.15794,433.90158,366.09286,452.81754,323.10208,518.1635,371.25177,542.23834,360.93396,461.41568,515.7008,555.9954,496.78485,421.86417,660.1498,595.54694,613.7197,442.49976,6.689945,497.52795,104.70892,526.76166,355.7751,354.79855,656.7105,535.35986,636.07495,365.11633,670.4676,543.958,627.4768,433.90158,682.505,614.4629,629.1964
0.695714784356264,421.90952,74.24084,427.0751,60.46591,420.18765,57.022182,463.23428,55.300316,473.5655,53.578453,509.72467,167.22159,508.0028,131.06241,483.89667,303.24896,470.12177,246.4274,421.90952,370.40173,449.45935,325.63324,509.72467,373.84546,533.8308,361.7924,454.62497,516.7603,549.3276,496.09793,418.4658,661.39703,592.3742,613.1848,435.68445,5.366213,490.78415,105.23442,520.05585,356.6268,353.03488,659.6752,533.8308,637.2909,363.3661,673.4501,540.71826,628.6816,432.2407,682.0594,613.0366,630.40344
0.6912372685395755,414.16205,74.53875,419.3258,59.047466,414.16205,57.32621,455.47214,55.604958,464.07843,57.32621,500.22476,162.32271,505.38852,133.06139,477.84845,298.30176,474.40594,255.27042,419.3258,365.43066,445.14462,331.00558,498.5035,374.03696,526.0436,363.7094,446.86588,516.901,539.8136,497.96722,415.8833,663.20764,593.1725,613.29126,427.93207,9.131099,479.5697,103.80007,510.55228,356.8244,350.47565,661.4864,531.20734,639.11005,360.80316,673.53516,541.53485,630.5038,431.3746,682.1414,613.8275,628.78253
0.6720399008347437,394.4729,72.60829,403.048,57.173126,391.04288,57.173126,439.0634,53.74309,456.21356,55.45811,475.07877,172.07935,502.51904,139.494,452.7835,304.13574,521.3842,256.11523,397.90292,364.16138,427.05826,331.57602,476.79376,381.31155,509.37912,369.30643,428.77325,516.798,516.2392,497.9328,415.05313,662.5745,586.55493,609.409,413.3381,5.722583,461.3586,105.193634,490.51392,360.73135,349.88242,660.8595,529.95935,640.2793,358.45752,672.8646,538.5344,629.9892,430.48828,683.1547,608.85016,623.1291
0.6574888699329816,381.84534,69.037315,390.37686,53.680546,381.84534,53.680546,426.20932,53.680546,446.68503,55.386852,462.04178,169.70946,494.46164,135.58331,441.5661,302.80145,520.0563,246.4933,385.25797,364.22852,415.9715,326.68976,472.27963,376.17267,502.99316,364.22852,422.79672,514.3836,501.28687,493.9079,415.9715,662.83234,581.48334,604.8179,398.90842,4.1976266,450.09763,104.869774,484.2238,355.697,351.1318,661.12604,530.29407,640.6503,359.66333,673.0702,538.8256,628.7062,431.32825,681.60175,603.66534,615.0557
0.6411253190957583,371.04733,70.363434,377.89252,53.25049,371.04733,53.25049,417.25232,51.539192,441.21045,51.539192,449.7669,171.32985,482.28152,137.10394,422.3862,306.52216,492.5493,253.47202,369.33603,364.7062,395.00546,328.769,466.87985,376.68527,497.68317,361.2836,418.9636,515.3002,490.83798,493.05334,415.54102,664.18286,574.69147,600.8649,386.449,0.20033741,439.49915,106.30064,477.14764,357.86102,350.5118,662.47156,526.7752,640.22473,359.06827,674.4506,533.62036,626.53436,430.94266,683.0071,598.6496,609.4214
0.633734717965126,363.13376,69.13339,368.283,53.68571,361.41736,53.68571,406.04398,51.969303,431.7901,50.25289,438.65576,168.6851,476.41675,136.07333,412.9096,304.2814,486.7152,254.50554,363.13376,367.78854,388.87988,331.74396,460.96906,374.65417,497.01364,360.92288,416.34244,515.3997,476.41675,493.08636,416.34244,664.72723,565.67,596.0709,376.86502,2.1934457,430.0737,105.17798,471.26752,357.49008,349.4025,664.72723,521.0434,638.98114,357.98453,676.7421,526.1926,625.2499,431.7901,685.32416,591.41614,601.22015
0.6184038737645516,354.18576,69.24788,361.04062,55.538185,354.18576,52.110764,393.60114,52.110764,422.73422,50.397053,429.58908,166.92944,469.00446,130.9415,407.31082,302.31268,501.56497,247.4739,357.6132,365.72,374.7503,326.30463,458.72217,365.72,498.13754,350.2966,414.16568,511.3855,469.00446,483.96613,417.5931,663.9059,556.40375,591.92993,364.46805,9.26797,421.0205,105.235825,467.29074,352.0103,349.04462,663.9059,511.84723,631.34534,359.3269,675.90186,516.9884,617.6356,433.0165,684.4704,583.8231,598.7848
0.6231290308328775,342.05667,69.4107,348.9098,53.991207,342.05667,52.27793,383.17532,52.27793,412.30103,50.56465,415.72757,167.06746,460.27277,131.08865,396.88153,304.12958,501.3914,245.87817,345.48325,360.6677,359.18945,322.97562,449.9931,367.5208,489.39847,352.10132,414.01428,513.1493,461.98605,487.45016,417.44086,662.20435,547.64984,590.24677,359.18945,2.5929112,408.87448,101.96295,461.98605,350.38803,350.62308,663.91766,503.10468,627.93884,359.18945,675.9106,509.9578,615.9459,432.86035,682.7637,573.349,598.8131
0.6399187766588651,323.1132,70.71143,328.24246,55.323578,324.82294,55.323578,359.01816,53.613815,400.05246,53.613815,393.2134,164.74832,446.216,130.55309,379.5353,303.239,495.7991,241.68759,326.53268,364.79044,333.37173,316.9171,442.79648,357.9514,487.2503,340.85376,408.60126,511.82993,439.37695,479.34445,418.85983,665.7085,519.7358,590.47894,338.50104,10.869775,391.50363,103.1969,459.8941,344.2733,348.7596,669.128,475.28195,616.12537,357.3084,682.8061,482.121,607.5766,434.24768,686.2256,543.6724,602.44727
0.6426529563390292,313.49008,73.9113,318.6365,56.756588,313.49008,58.47206,351.23047,53.325645,387.25537,53.325645,385.53992,164.8313,440.435,130.52187,368.3852,300.35355,485.03726,243.74298,325.49838,355.24863,322.06744,322.65466,437.00406,358.67957,483.32178,341.52487,407.84103,513.072,437.00406,482.1935,416.4184,664.0335,505.62292,593.69916,328.92935,10.438858,382.10895,103.07432,455.87424,344.9558,346.08405,664.0335,459.30518,616.0003,356.3769,677.75726,464.4516,607.4229,433.57312,684.61914,527.9241,603.992
0.6213371501519129,301.68915,78.12439,305.09766,61.081856,299.9849,62.78611,337.47845,54.264843,381.78903,50.85634,376.67627,158.22429,434.62088,130.95624,357.9295,299.6773,477.22723,250.25397,317.02744,362.73468,328.95718,309.90283,427.8039,362.73468,478.9315,345.69214,410.76135,516.11743,438.0294,485.44092,414.16986,659.2747,489.15698,599.62585,310.21042,9.954261,373.26776,103.68819,449.95917,349.10065,349.40823,662.6832,444.8464,616.6684,356.22525,678.0215,451.66342,604.73865,431.21237,678.0215,509.60803,611.55566
0.6132777831875361,291.75723,91.434875,293.45676,72.74001,291.75723,72.74001,327.44745,62.54281,378.43344,57.44421,363.13763,157.71667,426.02036,130.52414,347.84183,295.37888,465.10962,244.39287,308.75256,361.66064,386.9311,305.57605,422.62128,359.96112,473.6073,344.6653,409.02502,511.21957,439.6166,484.02704,415.82315,657.37946,475.30682,597.89575,305.35352,16.655413,363.13763,105.03114,449.8138,342.9658,349.54135,664.17755,436.21756,611.49207,358.03903,677.77386,454.9124,602.9944,432.81848,676.0743,492.30215,608.09296
0.6105883786311517,285.77792,98.20475,285.77792,77.81622,282.37985,79.51527,321.45786,65.92291,363.93396,62.524822,355.43875,159.37033,418.30338,130.48659,335.0502,303.7891,464.17755,244.32254,301.06934,361.55658,318.05978,308.88623,420.0024,356.45944,472.6728,342.8671,408.1091,512.7715,438.6919,488.9849,416.60434,653.7922,460.77948,604.5199,287.477,31.94203,353.7397,111.797104,445.48807,344.56613,352.04065,663.98645,418.30338,619.8113,358.83682,677.5788,425.09955,609.617,433.59476,670.7826,479.46896,613.01514
0.5819989763773404,276.21112,103.274315,276.21112,86.32382,272.82104,84.62878,306.72202,72.763435,359.26852,65.98324,342.31805,160.90598,411.81506,128.70004,328.75766,304.98514,454.19128,240.57327,286.38144,362.6168,366.04874,299.9,423.6804,357.53165,472.83682,340.58118,411.81506,508.39102,437.24078,488.0504,418.59525,649.0801,450.80118,599.92365,274.51608,35.472355,347.4032,115.139656,447.41107,345.66632,352.48834,662.64044,384.69427,610.09393,360.9636,676.20087,391.47446,596.53357,433.85068,666.0306,467.75168,608.39886
0.5526295212598947,271.31012,98.47243,273.00885,83.18399,267.9127,79.78656,305.28442,76.38913,356.24588,67.89555,334.1626,168.11975,410.60477,134.14545,318.87415,309.1131,453.07263,242.86322,274.70755,363.472,322.27158,309.1131,422.4958,363.472,466.66235,348.18356,415.70093,512.9589,432.68805,494.27307,420.79706,652.2536,437.7842,594.49725,274.70755,28.825104,342.65616,115.45958,444.57907,351.581,356.24588,665.8433,374.93176,591.09985,364.73944,677.7343,381.72662,584.305,434.38678,669.2407,456.4701,608.087
0.5686453214058509,255.99936,110.49695,259.40234,95.18357,252.59639,90.07912,290.02908,84.974655,335.9692,74.76574,325.76028,170.04895,387.0138,136.01924,307.04395,307.86932,363.19296,246.61583,257.70084,372.5258,298.5365,323.1827,434.6554,358.9139,466.9836,347.0035,417.64053,512.04767,436.35687,496.73425,421.0435,653.271,436.35687,593.719,255.99936,37.33305,327.46176,122.40735,448.26727,347.0035,351.28256,666.8829,383.6108,612.4353,361.4915,678.7933,378.50635,593.719,436.35687,670.2858,458.4762,595.4205
0.5715509412380365,252.55151,115.79128,254.25446,102.16784,247.44272,95.35612,279.7984,90.24732,329.1834,78.326805,324.07462,173.69093,376.86548,136.22646,300.23358,306.51953,358.13324,246.91696,249.14566,376.3397,284.9072,320.14297,439.8739,357.60745,463.71494,343.984,419.43872,507.46536,434.7651,492.13898,421.14166,648.80865,439.8739,584.0972,249.14566,39.159397,322.37167,126.008865,448.38855,343.984,351.3215,665.83795,388.78598,592.61194,361.5391,676.05554,378.5684,584.0972,436.46805,667.5409,460.30908,587.5031
0.5787181567687255,245.87085,118.97703,247.56862,105.39495,240.77757,98.603905,276.43054,95.20839,323.9678,85.02183,317.17676,176.70085,369.8073,139.35014,295.1059,305.7306,340.9454,254.7978,244.1731,371.94324,269.6395,341.38354,441.11322,356.6634,464.88187,344.77908,419.04236,507.764,430.92667,490.7864,422.43787,648.67804,439.41547,592.652,245.87085,45.973354,313.78125,129.16359,447.90427,343.0813,351.13196,663.9579,386.7849,611.32733,361.3185,675.8422,379.99387,590.9542,439.41547,665.65564,461.48636,596.0475
0.5723109824153093,239.68748,119.69875,241.39659,106.02598,234.5602,99.1896,268.74213,100.89869,320.015,88.93501,308.05136,179.51714,367.86972,143.6261,287.5422,305.99026,355.90607,261.55377,236.2693,370.93594,333.6878,336.75403,441.3609,357.26318,470.41553,343.5904,420.8517,507.66367,434.5245,492.2818,420.8517,649.5187,441.3609,594.8276,241.39659,44.498505,309.76044,133.37152,449.90637,343.5904,352.48785,664.9006,391.7971,615.33673,362.74243,676.86426,396.92438,594.8276,436.2336,668.3187,461.87006,599.9549
0.5658587211599717,230.29898,123.864555,232.006,111.91546,225.17795,106.79442,257.6112,103.380394,313.94266,91.4313,303.70056,178.489,356.618,144.34872,283.2164,311.63608,332.71982,257.01163,226.88495,378.20963,254.19717,342.36234,445.38272,352.6044,470.9879,337.2413,421.48453,506.23566,433.43362,490.87253,421.48453,651.33185,440.2617,595.00037,235.42003,48.75595,301.99356,134.10664,452.2108,338.9483,351.49695,664.988,390.75827,598.4144,361.73904,676.9371,387.34424,584.7583,436.84766,668.402,464.15988,595.00037
0.5557480741005677,220.24832,127.645874,221.95183,115.72133,215.1378,112.31431,249.20795,108.907295,308.8307,96.98275,303.72015,183.8616,348.01132,149.79146,279.87106,315.03162,327.56924,262.2229,225.35884,376.35788,256.02197,342.28772,446.81473,354.21228,463.8498,338.8807,422.96564,507.5279,433.18668,492.19632,422.96564,648.91895,440.0007,594.40674,228.76587,50.988068,295.20264,141.27393,450.22174,340.58423,353.12186,664.25055,387.192,611.44183,363.3429,676.17505,380.37796,587.5927,438.2972,667.65753,463.8498,596.1102
0.5840220749378204,217.33255,144.52707,215.69041,131.38997,209.12186,128.10568,237.03821,124.82141,291.2288,114.968575,296.15518,193.79123,340.49292,157.66418,273.16525,318.59375,333.92438,272.61386,218.97469,377.71072,269.88098,346.5101,450.5162,353.07864,471.864,338.2994,424.242,505.79755,439.02124,489.37616,422.59985,650.3057,447.23193,594.473,217.33255,70.63084,287.9445,152.73776,457.08478,336.6573,355.2722,665.08496,401.25204,617.46295,363.48288,674.9378,404.53635,597.75726,437.3791,666.7271,470.22186,601.04156
0.5733492259795849,218.94315,146.12885,215.65361,132.97069,209.07454,129.68115,233.74606,129.68115,289.6682,118.16776,291.313,195.47191,335.72177,159.28699,269.931,320.47437,332.43222,269.48654,215.65361,379.68607,260.06238,343.50113,449.21085,350.08023,473.8824,333.63254,421.24976,506.33328,439.34222,488.24084,422.89453,647.78345,449.21085,593.50604,214.00883,73.758995,286.3787,157.64223,457.4347,335.27728,355.45898,664.23114,396.57822,608.30896,363.68283,675.7445,399.86777,595.1508,439.34222,665.8759,470.59283,601.7299
0.5847640255322823,218.36682,146.70796,215.08629,135.22606,210.16547,131.94553,231.489,131.94553,288.89847,118.82336,292.17902,194.27582,333.18576,161.4704,270.8555,318.93637,323.34415,271.36853,215.08629,379.6264,252.81252,341.90018,451.28528,348.46124,472.6088,333.69882,421.7604,507.5675,439.80338,491.1648,423.40067,650.27106,449.645,597.7824,213.44601,77.81659,285.61792,159.83012,456.2061,336.97937,354.5093,665.0335,402.07715,619.1059,364.35092,676.5154,405.3577,601.0629,439.80338,666.67377,472.6088,604.3435
0.5878655440532244,218.54369,148.5557,215.28415,137.1473,210.39484,132.25797,231.58188,135.51752,290.2537,122.47933,290.2537,199.07866,335.88733,164.85342,265.8071,318.05206,326.1087,272.41843,210.39484,378.35367,251.13914,342.49866,449.97144,353.90707,472.78824,340.8689,423.89508,505.47595,445.08212,487.54843,423.89508,648.89594,449.97144,596.7432,216.91393,78.47547,283.73462,161.59389,456.49054,339.2391,355.4446,665.19366,402.708,616.3005,365.22324,676.60205,405.96756,601.6325,438.56302,666.8234,471.15848,604.8921
0.5869571749980633,214.73563,155.74046,209.94194,142.9573,206.74615,139.76152,227.51877,134.96785,286.64087,123.782585,288.23877,202.07939,332.9798,165.32784,264.27036,321.92145,310.60928,275.58252,209.94194,381.04355,240.30193,344.292,452.82187,361.8688,471.99658,347.48776,425.65765,510.473,440.0387,491.29825,424.05975,651.08765,449.62607,598.3572,214.73563,82.237335,278.6514,162.13205,457.61554,342.6941,356.9482,667.0666,403.28714,619.12976,364.93768,678.2519,408.0808,603.1508,438.4408,668.6645,470.39868,606.3466
0.5930748008764707,211.02188,166.56528,206.32153,152.46425,203.18797,150.89746,221.98935,139.93,273.6931,124.26219,283.09378,204.16801,326.96365,168.13205,259.59207,324.81012,308.1623,282.50705,209.4551,381.21423,229.82324,357.71252,452.30612,360.8461,469.5407,348.31186,425.67084,511.25705,439.77188,487.75534,420.9705,655.4009,450.73932,598.99677,206.32153,91.359795,273.6931,164.99849,455.43967,340.47794,353.59894,669.5019,402.16913,620.9317,361.43283,680.46936,405.3027,602.1303,436.6383,672.6355,467.9739,609.96423
0.5917616922121781,210.98903,166.09172,206.29996,152.02452,201.61089,150.46149,220.36716,141.08336,275.07294,125.45314,281.32504,205.16727,325.08966,170.78078,259.44272,319.26788,314.1485,283.3184,209.42601,380.22577,229.7453,359.90646,453.25748,356.78043,468.8877,344.27625,425.12308,508.3936,439.19028,486.5113,421.99704,656.8807,448.56842,603.738,204.73694,94.192696,273.50992,166.09172,454.8205,339.5872,353.22406,670.9479,401.67773,630.3093,361.03915,681.88904,407.92984,608.427,437.62726,675.63696,465.76166,617.8052
0.5996252172268354,208.23422,170.24695,203.5568,156.21468,198.87936,154.65553,219.14821,145.30069,270.59988,128.15013,279.9547,206.1072,320.4924,171.80609,258.12674,321.48364,304.90097,284.06427,206.67508,382.29016,226.94391,358.90305,449.90112,355.78476,468.6108,343.3116,424.95486,508.5806,443.66455,488.31177,420.27744,656.69904,448.34198,606.8065,201.99765,98.52645,270.59988,168.6878,453.0194,337.07507,353.23438,669.1722,398.44946,631.75275,361.03006,681.64526,404.68604,613.0431,435.86887,675.4087,463.93338,620.8388
0.6040413551605665,206.46826,170.91348,201.80164,156.91362,197.13501,155.35808,217.35704,146.02484,270.2454,130.46945,278.0231,206.6909,320.02267,172.46902,256.24554,326.46747,302.91174,286.02344,204.91272,384.02246,225.13474,356.02274,450.68802,354.4672,469.3545,342.0229,424.24384,506.91013,442.91034,488.24362,421.13275,656.24194,449.13248,604.9091,200.2461,100.914185,270.2454,169.35794,453.7991,335.80072,352.689,670.2418,399.3552,628.24225,360.4667,682.68616,405.57736,609.57574,435.13263,674.90845,464.6879,618.909
0.6081164891903217,204.12634,171.56427,201.02994,157.63045,196.38533,154.53404,218.06018,148.34122,267.6027,131.31099,275.34372,210.26936,320.2416,173.11249,255.21707,326.3846,301.66318,284.58313,199.48174,385.21637,222.70479,354.2523,450.2907,354.2523,465.77274,341.86667,425.51944,509.07263,441.0015,485.84958,420.87485,657.7002,448.7425,603.51306,201.02994,101.89512,267.6027,170.01607,451.8389,335.67386,352.75388,670.0858,399.19998,623.6397,360.4949,682.47144,406.941,606.60944,436.35687,674.7304,465.77274,618.99506
0.6133430714790638,204.06728,171.35834,200.96178,157.38362,196.30353,154.27812,216.48924,148.06714,267.72992,130.98691,275.49365,210.17703,318.97058,172.91109,252.20244,326.63306,300.3376,286.26163,196.30353,387.19022,221.14749,354.58252,449.40134,353.0298,464.9288,342.16055,423.00464,508.3045,440.08484,488.11877,419.89914,657.3682,447.8486,604.5748,199.40903,101.48472,266.17715,169.8056,450.95407,334.3968,351.57825,671.34296,396.60794,629.41876,359.34198,683.76495,399.7134,609.2331,435.4266,676.0012,463.37607,620.1023
0.6074208433811481,201.95355,171.01216,198.85866,158.63258,194.21631,155.53769,212.78568,150.89536,265.3989,132.32599,273.1361,211.24579,314.9172,174.10706,248.37697,327.30432,299.44272,287.0707,192.66887,387.6548,222.07037,352.06348,447.99765,353.61093,461.92468,342.7788,426.3334,506.8082,434.07062,486.6914,420.14362,656.9106,446.4502,602.74994,197.31122,102.924484,263.85144,172.5596,449.5451,336.58902,352.05594,670.8376,392.28955,624.4142,361.3406,683.21716,396.9319,605.84485,435.61807,675.48,461.92468,618.2244
0.6002291773374264,201.82472,171.12851,197.17621,158.73248,192.5277,155.63347,212.67125,150.98495,265.35443,133.9404,271.55243,212.96515,316.4881,175.77702,246.76036,329.17804,299.44354,285.79187,190.97818,388.0592,220.41878,355.51962,446.64648,352.4206,462.14154,340.02457,426.50293,505.8216,438.899,487.22754,420.3049,657.6731,443.5475,601.8909,195.6267,102.950294,263.80493,174.22752,449.7455,335.37604,352.1267,671.61865,387.76532,628.2325,359.8742,684.01465,392.41382,608.0889,435.79996,677.81665,460.59204,618.9355
0.6007931851423703,200.35243,171.5119,195.71043,159.13327,192.61578,156.0386,211.18373,152.94394,265.34027,134.37599,268.43494,214.83713,314.85483,174.60657,245.22498,330.88687,308.6655,284.46698,189.52112,389.6854,223.56236,349.4548,443.28317,351.00214,463.39847,338.6235,424.7152,505.7351,437.09384,487.16714,420.0732,657.3734,443.28317,603.21686,194.1631,103.4294,262.2456,174.60657,449.47247,335.52884,351.99072,671.2994,387.5793,632.61615,359.7274,683.67804,392.22128,607.8589,435.5465,675.94135,460.3038,620.2375
0.6036699505952688,199.9128,171.71616,195.27173,159.33997,190.63066,156.24591,210.74197,151.60484,264.88782,133.04056,267.98187,213.48581,314.3926,174.81021,241.68246,331.05966,312.84558,281.55487,187.5366,389.8466,226.21222,344.98288,444.34262,354.265,464.45395,340.3418,422.6843,507.4204,439.70157,487.3091,419.59024,657.48175,444.34262,604.88293,193.7247,103.647095,261.79376,173.26318,448.9837,335.70074,351.52118,671.40497,393.29083,631.1824,359.2563,683.7812,396.3849,607.977,435.0605,676.0461,461.3599,620.3532
0.6019833185351812,199.62517,174.17586,194.98793,161.8099,190.35071,158.71843,208.89963,154.08119,264.5464,133.98653,267.63788,215.91093,314.0102,175.7216,238.26875,330.296,315.55594,277.7407,188.80496,390.58,222.81133,341.11618,443.85266,353.48212,463.94733,339.57043,423.758,508.0565,439.21542,487.96182,420.6665,657.99365,445.3984,603.89264,193.4422,104.61739,261.45493,175.7216,450.03564,336.47894,352.65378,671.90533,394.38885,628.6245,360.3825,682.7255,397.48035,608.52985,434.5782,676.54254,462.40158,617.8043
0.6058976077116452,197.41388,174.5657,192.78517,162.22249,189.69937,159.13667,209.7571,154.50798,263.75867,134.45026,265.30154,217.76695,311.5886,176.1086,239.07222,328.85587,313.1315,281.0259,186.61357,390.57193,219.0145,344.28488,444.27814,353.5423,462.79297,341.1991,424.22043,504.74667,438.10654,486.23184,419.59174,657.49396,442.73526,606.5782,192.78517,106.67802,259.12994,174.5657,448.90686,336.57037,351.70404,671.38007,388.73367,634.3504,359.41855,683.72327,394.9053,611.2069,435.02075,676.0088,461.25006,623.5501
0.606637261234797,196.81079,174.38976,192.18233,162.04721,189.0967,158.96156,207.61052,154.33311,263.152,135.81927,264.69482,214.50305,310.9794,175.93257,236.92409,328.67166,310.9794,282.3871,184.46823,388.8416,219.95308,339.4714,443.66187,350.27115,462.1757,337.9286,422.06238,506.0959,437.49057,486.0392,420.51956,657.2922,443.66187,601.7507,192.18233,106.505714,258.52356,175.93257,448.2903,334.84296,352.63553,671.17755,392.74884,627.9786,361.89246,683.5201,397.3773,607.92194,434.40494,675.80597,462.1757,617.17883
0.6102522875253971,196.74815,174.19193,192.12076,161.8522,189.03583,158.76727,207.5454,154.13988,261.53165,135.63031,264.61658,215.83846,309.34805,175.73438,236.85222,329.9808,309.34805,283.70688,184.40843,390.1369,219.88512,340.77805,445.0849,351.57532,462.052,339.2356,421.94794,507.3642,438.91504,485.76968,420.40546,656.9832,445.0849,602.997,192.12076,106.323494,258.44672,175.73438,448.16983,336.15067,352.53705,670.8654,394.18356,627.6764,361.7918,683.20514,398.81097,609.1668,434.28766,675.4928,462.052,616.87915
0.6140833290723654,196.65503,174.49498,192.0257,162.1501,188.93948,157.52077,207.4568,154.43454,261.46564,135.91724,264.55188,214.61583,309.30206,176.03809,236.7759,327.26285,309.30206,280.96954,184.31015,390.53036,219.80168,339.60773,443.5526,348.8664,463.61304,336.5215,421.94907,504.7205,440.4664,486.2032,418.86285,657.4884,443.5526,605.02264,190.48259,106.598145,258.37943,174.49498,448.18195,333.4353,350.96603,671.37634,391.08688,631.2555,360.22467,683.72125,397.2593,614.2813,434.29395,676.0057,460.52682,621.9968
0.6118129818485334,198.08752,172.85675,191.91408,162.05322,188.82736,157.42316,207.34769,154.33643,261.36526,135.81612,264.452,214.52747,309.2094,174.4001,235.12816,327.19272,309.2094,277.8052,184.19728,388.92712,219.69455,339.5396,441.93835,348.79974,462.00204,336.45288,421.8747,504.6791,438.85165,486.15878,420.33133,657.4717,443.48172,606.54083,190.37073,106.49228,258.27856,174.4001,448.11182,333.36615,352.4235,671.36194,391.00748,632.77795,361.68365,682.16547,397.18094,615.801,434.22156,674.44867,462.00204,621.9744
0.612471328331874,196.69109,174.39925,192.06609,162.06592,188.98276,158.98259,207.48276,154.35759,261.44107,135.85759,264.5244,217.5659,307.69107,175.94092,235.23274,328.5659,309.23273,280.77423,185.89943,388.6909,218.27441,345.52423,441.81604,351.6909,460.31604,337.8159,421.77438,507.3992,438.7327,487.3575,420.2327,656.94086,446.44104,604.5242,192.06609,106.565926,256.81607,175.94092,446.44104,333.1909,352.39938,670.8158,395.56604,629.19086,360.10773,683.1492,400.19104,610.69086,435.64938,675.4408,463.39935,618.3992
0.6171939888825784,196.89525,176.29202,192.27698,163.97665,187.6587,159.35838,207.67119,154.74011,261.55093,136.26706,263.09036,217.8564,309.273,176.29202,235.38078,328.69476,313.8913,279.43326,186.1193,387.19278,221.52599,342.54956,440.12384,350.24664,461.67575,337.93127,421.6508,507.26764,438.58444,487.2552,420.11136,656.59155,444.74213,605.79065,192.27698,107.01805,256.93268,174.7526,447.82095,333.31302,352.37683,668.9069,395.48062,628.88196,360.0739,681.2223,400.09888,610.4089,435.50558,675.0646,463.21518,619.64545
0.6189195754436346,197.06268,176.39905,192.44931,164.09671,187.83592,159.48334,207.82722,154.86996,261.64996,136.41644,263.18774,217.91943,307.78372,176.39905,235.50748,328.64047,312.3971,277.89334,186.29813,387.07657,221.66736,345.55618,440.03384,351.70737,461.56293,337.86722,421.58035,507.02438,440.03384,487.03308,420.04254,656.1902,444.64722,606.98083,192.44931,107.198395,257.03656,176.39905,446.18503,333.25385,353.91748,668.49255,395.43787,628.50995,361.60645,680.7949,400.05124,611.59424,435.42047,673.10596,461.56293,620.821
0.6182886505356202,195.69417,175.44788,191.08542,163.15785,188.01291,160.08536,206.44794,155.4766,261.75302,137.04156,263.28925,218.46292,309.37683,175.44788,234.10048,327.53683,313.98557,276.8405,186.47665,387.45065,220.2742,341.3631,439.95825,350.5806,463.002,338.2906,423.05948,507.27832,439.95825,487.30704,419.98697,656.29474,444.567,607.1347,192.62167,106.31653,257.14426,175.44788,447.6395,333.68182,353.92813,670.12103,395.40692,630.17847,361.60938,682.411,401.55194,613.2797,435.3495,674.7298,461.46576,620.96094
0.6212043934143506,195.43886,175.74701,190.82867,163.4532,187.75522,158.84302,206.19594,155.76956,259.98135,137.32884,263.0548,218.77534,307.61987,175.74701,232.32028,326.3462,312.23007,277.17096,186.21849,387.81525,220.02647,340.17673,441.3151,350.93384,461.29254,338.64,421.33765,507.67993,441.3151,487.70248,419.8009,656.7424,445.92526,606.0304,192.3654,108.13104,256.9079,175.74701,447.462,332.4931,353.72168,669.0362,395.2133,629.0813,361.4053,681.33,401.3602,612.1773,435.16818,673.64636,462.82925,619.86096
0.6187588836138065,195.27713,176.01239,190.67114,163.72975,187.6005,159.12376,206.02444,156.0531,261.2963,137.62915,262.83163,219.00162,310.42685,174.47707,232.12505,328.00998,313.4975,275.8088,186.06516,387.88785,219.8424,340.29263,440.92984,351.03995,462.42444,338.7573,422.5059,509.17886,442.46515,489.21957,419.4352,656.5705,444.0005,607.43994,192.20648,106.92257,256.6903,176.01239,447.07114,334.1513,353.41605,670.3884,394.86996,630.46985,361.0927,682.6711,401.01126,613.58124,433.25317,674.99445,460.8891,619.7226
0.6193378510383459,195.4582,176.07469,190.85959,163.8117,187.79385,159.21309,206.18832,156.14735,259.83887,137.75288,262.9046,218.99512,308.89078,174.54182,229.18141,330.8948,308.89078,277.24426,184.7281,387.61108,218.4513,340.09204,440.7178,350.82214,462.17804,337.0263,422.32333,508.708,440.7178,488.78067,419.2576,657.39667,445.31644,608.3447,192.39247,108.6283,256.7731,177.60756,446.8493,333.96054,353.3441,669.6596,394.73163,631.3378,361.00845,681.9226,400.86313,617.54193,434.58633,675.79114,462.17804,620.6077
0.6146964877843857,195.48795,176.76997,190.89777,164.5295,187.83765,159.93932,206.19838,156.8792,259.7505,138.51846,264.3407,218.08162,310.2425,176.76997,230.67935,325.18588,298.002,276.22394,184.77753,384.85825,215.37874,340.48648,438.7676,351.1969,461.71854,338.95642,423.467,508.79315,441.82773,487.3723,420.4069,657.20905,446.4179,605.187,192.42783,109.4473,256.69037,178.30005,446.4179,335.8963,353.0842,669.4495,394.39584,631.198,362.2646,683.2201,400.51608,611.30725,434.17743,675.56976,463.2486,618.9575
0.616775590639848,193.85373,177.05872,189.2649,164.82181,186.20567,160.23297,206.09064,157.17375,258.09747,140.348,262.6863,219.88786,310.1043,177.05872,229.03482,326.96075,308.5747,276.48355,181.61682,386.61566,219.85715,340.72726,438.5918,351.43457,461.53598,339.19766,423.29565,510.51428,441.651,487.5701,420.23642,657.3571,446.23987,603.8207,190.79451,109.755745,255.03824,178.58832,446.23987,334.60883,352.93347,669.59406,395.76263,629.8241,362.11115,683.36053,401.88107,609.93915,434.00296,675.71246,464.5952,617.5872
0.615882682112547,196.19127,176.91182,191.59337,164.65074,186.99547,160.05284,206.91971,158.52022,259.02924,138.59598,262.09448,218.29291,309.60614,176.91182,226.84393,330.17514,312.6714,278.0656,177.79967,389.9478,223.77867,337.8383,438.34732,351.632,461.3368,339.37094,423.02097,511.02585,444.47784,488.03635,418.42307,659.6913,446.01047,602.9838,190.06075,109.47595,255.96396,178.44444,446.01047,336.30566,352.51987,671.95233,396.96622,629.0386,360.183,682.6808,403.09674,610.64703,432.21677,678.0829,464.40207,616.7775
0.6074403220644364,196.29892,177.99191,190.18488,165.76384,187.12787,161.17831,205.46997,158.12129,258.96777,139.77919,260.49628,222.31866,310.93707,176.4634,223.81207,329.31427,312.46558,275.81647,174.8998,387.3976,219.22655,336.95682,437.8033,353.77042,462.25946,340.01385,424.04672,511.20682,442.38882,488.2792,419.4612,657.94366,446.97437,604.44586,191.7134,110.737526,255.91077,179.52042,446.97437,336.95682,352.20682,670.17175,398.06207,628.902,359.84937,682.3998,404.17612,609.0314,433.21777,676.28577,463.78796,616.67395
0.6128456604022247,195.7163,176.60475,191.11845,165.87645,188.05322,159.746,206.44458,158.2134,257.0208,138.28943,260.08603,219.51791,309.12967,176.60475,224.83594,328.33344,313.7275,277.7572,172.7271,388.10535,223.30333,335.9965,439.40176,352.85526,460.85837,340.59433,422.54303,510.7144,443.9996,489.2578,419.4778,659.37787,447.06485,605.7364,189.58583,110.702385,255.4882,178.13736,447.06485,335.9965,352.04282,671.63873,396.48862,631.79083,361.2385,682.36707,402.61905,611.8668,433.27133,676.2366,465.4562,617.9973
0.6177399777449094,194.33517,180.43512,189.75183,168.21289,185.1685,165.15735,206.55739,159.04623,255.44626,140.7129,261.55737,220.15732,305.8629,177.37956,223.36295,328.62952,311.97403,278.21286,168.36296,389.7406,224.89072,336.2684,443.36288,351.54617,458.64066,340.85175,423.50177,508.90723,440.3073,487.51834,420.44623,658.6294,447.9462,605.1572,189.75183,113.21291,255.44626,180.43512,446.41843,336.2684,351.69623,670.8516,394.474,626.5461,360.8629,683.07385,402.11288,609.74054,434.19623,676.96277,467.8073,617.37946
0.6096666237482657,193.07648,182.35771,190.02226,168.61375,183.91383,165.55954,206.82043,160.97821,257.21497,142.65294,261.79626,219.00827,309.13657,177.77638,226.67282,322.8515,312.1908,284.67386,165.58856,380.88156,310.6637,341.1768,443.52197,351.86655,457.26593,341.1768,422.14246,509.1585,440.46774,489.30612,420.61536,658.81494,448.10327,603.8391,188.49515,115.16502,255.68785,180.8306,446.57617,336.59546,353.42267,671.0318,393.12744,623.69147,362.5853,683.24866,399.23587,608.4204,434.3593,677.1402,466.42856,616.05597
0.6030689581082418,194.52887,179.7791,189.94452,167.55414,185.36015,162.96979,205.22571,159.91354,258.7099,140.04799,258.7099,221.03833,312.1941,176.72285,225.09126,321.89426,316.77844,280.635,165.4946,378.43466,310.666,340.2317,440.55615,353.98477,460.4217,341.7598,420.69058,509.85297,440.55615,488.4593,420.69058,656.5525,446.66864,604.59644,188.4164,112.54183,255.65366,179.7791,446.66864,337.17545,353.45334,670.30554,391.6563,622.93384,362.62204,682.5305,397.7688,607.65265,434.44366,676.418,466.53418,616.82135
0.6042151623047315,193.8725,181.6193,189.29259,167.87956,186.23932,163.29965,206.0856,160.24638,257.99124,140.4001,259.51788,221.31186,311.42352,177.03938,218.29869,323.59653,316.00345,286.95724,161.81313,380.0821,303.79034,341.91617,441.18765,351.076,459.5073,340.38953,421.34137,506.79294,441.18765,486.94666,421.34137,657.93,447.2942,601.44446,189.29259,114.44727,254.93797,180.09267,445.76758,337.33624,354.16937,670.14307,392.33527,615.18414,361.80255,682.3562,396.9152,602.97107,435.08112,676.24963,467.14047,613.65753
0.613533242390706,193.21007,181.80713,190.15233,168.04727,185.5657,164.98952,206.96992,158.87402,257.42273,140.52756,258.9516,218.50008,312.46216,177.2205,219.20091,322.4634,315.5199,284.2416,161.10374,380.56058,303.2889,340.8099,440.88745,351.512,459.23395,340.8099,422.541,507.45703,440.88745,487.5817,419.48325,657.28656,448.53183,602.24713,188.62344,113.00784,254.36497,178.74937,445.4741,337.75217,353.7417,671.04645,391.96353,617.5359,361.38608,681.74854,396.55014,605.3049,433.2431,677.1619,466.8783,614.47815
0.6129286759174787,193.81038,181.73428,189.22437,167.97621,184.63834,164.91887,207.56845,158.80417,258.0147,140.46008,258.0147,218.42245,311.51828,177.14825,216.7405,320.84363,323.74768,279.56943,157.12221,381.9906,306.93225,340.7164,441.4556,349.88843,458.271,339.1877,421.58282,507.34186,436.86957,485.94043,420.05414,658.6806,447.57028,605.177,187.69568,114.47262,254.95735,178.67693,444.51294,334.60168,352.79248,670.91,389.48068,618.93506,361.96454,683.1394,394.06668,606.7057,433.81223,677.0247,467.44305,617.40643
0.6174955688990079,192.51115,181.88896,189.45497,168.13617,184.87071,165.08,207.79204,158.96764,256.69086,142.15866,255.16278,220.09117,313.23013,175.77661,210.84822,325.5293,323.92676,279.6866,152.78085,383.59665,305.5897,339.28207,440.06146,349.9787,459.92664,339.28207,421.72443,507.3718,440.06146,487.50665,420.19632,658.6526,447.7019,606.6976,187.9269,114.653076,255.16278,178.8328,444.64575,336.2259,352.96045,670.87726,389.63455,621.97845,362.12897,683.102,395.74692,608.22565,432.42102,676.9896,466.03897,620.4504
0.6130287498235703,193.57559,181.30695,190.51509,169.06497,184.3941,164.47424,207.34781,159.8835,257.84595,141.52054,254.78546,221.09337,312.9348,176.71622,210.4083,325.15015,332.82803,279.24274,153.78917,383.29953,305.2836,338.92236,439.9453,349.6341,459.8385,338.92236,423.1126,507.2495,439.9453,485.82605,420.0521,658.74396,447.59656,606.7155,188.98485,113.97609,254.78546,179.7767,446.06628,335.86188,352.72125,670.9859,389.44717,623.5483,361.9027,683.2279,395.56815,608.2458,433.8243,677.1069,465.9595,618.9575
0.6064957070809144,192.53473,181.02992,191.00374,167.25104,184.87979,164.18906,207.8446,159.5961,256.83618,141.22424,256.83618,219.3046,310.42075,176.43695,212.43756,321.88074,322.66864,282.07507,154.26004,381.58923,302.7658,340.2526,439.02368,349.4385,457.3955,340.2526,422.1828,507.1302,435.9617,485.69638,420.65182,658.69794,446.67862,603.5824,187.94176,113.66647,255.3052,179.49893,443.61664,335.65964,353.2884,670.94586,388.5011,621.9542,364.0053,683.1937,391.56308,605.1134,434.43073,677.06976,466.58145,615.8303
0.6157713200037296,192.87964,181.43628,189.82117,167.67311,183.7042,166.14386,208.17206,160.0269,257.10776,140.14677,255.57852,222.72578,310.6312,175.3193,208.17206,326.71414,313.68967,280.83694,154.64862,381.7668,307.57272,338.9481,439.08743,349.65277,458.96756,338.9481,423.795,507.16458,439.08743,487.28445,419.2073,660.0887,446.73364,605.036,188.29192,114.14968,255.57852,179.90703,443.67517,335.8896,353.44995,670.79333,390.15173,621.85767,362.6254,683.0273,393.2102,605.036,432.97046,678.4396,468.143,615.74066
0.6133986063874685,192.81845,183.12372,189.76106,169.36551,183.6463,166.30814,206.57666,160.19337,257.02344,140.3204,253.96606,222.86967,312.0563,177.00897,206.57666,325.29193,321.22842,279.4312,153.0725,383.38217,310.5276,339.05014,438.9376,349.75098,458.81058,339.05014,423.6507,507.2061,437.4089,487.3331,419.0646,658.54645,446.58105,605.04224,186.70369,114.33266,255.49475,180.06635,445.05237,335.99277,351.80225,669.24725,388.4908,621.85785,360.9744,681.4768,393.07687,603.51355,432.8228,676.8907,467.9827,615.7431
0.6146000537734765,192.27467,183.16418,189.2149,169.39523,183.09537,166.33548,207.57349,160.21594,256.52972,141.85736,253.46997,221.41124,311.6055,177.04465,209.10338,322.38348,320.7848,281.07666,152.49773,382.0489,311.6055,339.2122,438.58575,348.39148,458.4742,337.6823,423.28693,507.49927,438.58575,487.61078,418.69727,660.4875,446.23514,606.9416,186.15514,115.84935,253.46997,180.10442,444.70526,334.62253,352.91232,669.6668,389.62952,622.2404,360.56174,681.9059,394.21915,606.9416,432.46622,678.84607,467.6535,617.6508
0.6178706907309018,190.68684,182.33855,187.63461,168.60347,183.05626,165.55124,205.94804,159.44676,256.30997,142.65945,250.20549,223.54376,312.77637,176.23407,205.94804,319.68927,318.88086,280.01016,152.53387,382.26016,309.72415,339.5288,436.39203,350.21164,457.7577,339.5288,421.13083,507.40192,439.44424,487.56238,419.6047,658.48773,447.07486,603.5474,186.10849,113.663185,253.25774,180.81242,444.0226,334.95047,353.9816,669.17053,387.5562,617.2825,363.1383,681.3795,392.13458,602.0213,433.33978,675.275,466.9144,615.75635
0.6221692034831414,190.51477,182.2365,187.45804,168.4812,181.34457,165.42445,207.32681,160.83936,256.2346,142.49895,250.12111,225.03079,311.2558,177.6514,204.27008,322.8463,314.31253,280.052,150.77722,385.50937,306.6707,339.65836,436.5819,350.3569,457.97906,338.12997,422.82663,507.77875,438.1103,486.38162,419.7699,657.5588,445.75214,604.0659,185.92967,113.45997,253.17784,180.70813,444.22375,335.07324,354.05008,668.2573,387.67416,620.8779,363.22028,680.48425,392.25928,604.0659,433.52518,675.8992,467.14926,616.29285
0.626348254772333,190.25429,183.89374,187.19777,168.6112,181.08476,167.08296,208.59332,159.4417,255.96916,142.6309,252.91266,223.62833,310.98627,177.78073,204.00856,322.96478,318.62753,280.17368,150.5197,385.62314,307.92978,339.77557,437.83127,350.47333,457.69858,339.77557,422.54874,509.41165,439.35953,488.0161,419.49225,657.6522,445.47253,605.6916,185.66953,115.12235,252.91266,180.83723,443.9443,335.1908,353.77737,669.87823,388.9272,622.5024,362.94687,680.576,393.51193,605.6916,433.24652,675.9912,466.8681,616.38934
0.6259873589644065,188.81757,183.91763,187.29012,168.64316,181.18033,167.11572,208.67436,159.47849,254.49776,142.67657,251.44287,225.15868,311.01328,177.80785,199.50969,327.4976,314.06818,281.6742,149.10396,385.54056,304.9035,341.24463,436.2639,350.4093,457.64813,339.71716,422.51688,509.26373,439.3188,487.8795,419.46198,658.9535,445.42856,605.49286,185.76266,115.18253,252.9703,182.39018,443.90112,335.13483,353.78177,669.6456,388.91306,622.2948,361.419,681.8652,391.96793,605.49286,433.20898,677.28284,466.8128,616.185
0.6314717829227448,187.51927,183.37212,187.51927,169.63518,179.88765,168.10884,210.41417,160.47722,254.67764,145.21396,250.09866,224.58293,311.15173,177.2668,204.30887,322.26782,318.78336,285.636,144.78214,386.37354,301.99377,340.58374,434.78418,349.7417,459.20538,339.0574,422.57355,508.47964,439.36316,490.16373,419.5209,659.58594,445.46844,609.21716,187.51927,114.68742,253.15132,181.84578,443.94214,336.00476,352.36255,670.27026,385.9417,624.48047,361.5205,680.9545,388.9944,609.21716,433.25784,677.90186,466.83704,624.48047
0.6278114955012615,188.40685,182.92345,186.88158,169.19604,180.7805,167.67078,209.76059,160.04445,253.99335,144.79176,249.41754,225.63095,310.42822,176.82239,200.60898,326.29858,318.05457,283.5911,142.64882,388.83456,305.85245,341.55127,435.50015,349.1776,458.37918,340.026,423.29803,507.80542,438.5507,487.97696,418.72223,658.8069,444.65176,606.9478,186.88158,115.81168,252.46808,182.92345,444.65176,335.4502,353.1357,669.48376,386.69162,623.72577,360.76205,681.6859,388.2169,606.9478,432.44962,677.1101,466.00552,619.14996
0.6326657149654168,186.83315,185.21213,186.83315,169.98958,179.22186,168.46732,209.66698,160.85605,252.29012,145.6335,249.2456,224.79076,308.61356,177.60085,202.0557,325.25958,329.92514,282.63644,142.68774,386.14978,304.04678,340.48215,434.96072,349.61566,457.79456,338.9599,424.30493,507.9302,441.04974,488.1409,419.7382,658.6334,445.61652,605.35455,185.3109,116.71065,252.29012,183.68987,444.09427,335.91537,354.28122,669.28925,387.7708,623.6216,361.8925,681.4673,389.29306,606.8768,431.91623,676.9005,466.92807,617.5326
0.6315840666110699,186.52881,185.10898,186.52881,169.89229,178.92047,169.89229,209.35384,160.76228,251.96054,145.5456,250.43887,224.67235,308.26227,177.50063,201.7455,325.10245,328.04395,280.97406,140.87877,387.49084,305.21893,340.31912,436.0824,349.44913,457.38574,340.31912,423.90903,509.2243,440.6474,487.92096,419.34402,658.3478,446.73407,605.0894,185.00714,116.6339,251.96054,183.58731,443.69073,335.75412,353.9123,668.99945,388.91068,623.3494,361.52063,681.1728,390.43234,606.6111,433.03903,676.6078,466.51575,617.26276
0.6243266451817292,187.95183,183.79613,186.43034,168.5812,180.34438,168.5812,209.25273,157.93076,251.85452,144.23732,250.33302,221.83345,308.14975,177.71016,203.16676,323.77344,315.7572,281.17166,146.87154,383.11166,303.58527,342.03137,435.95514,346.59583,454.21304,337.4669,425.3047,507.87405,440.51962,488.09467,420.7402,656.98035,446.6056,602.2066,184.90884,116.85046,251.85452,182.27464,442.0411,334.4239,353.79453,669.1523,387.26736,612.85706,362.9235,679.80273,387.26736,600.6851,432.91214,675.2382,467.90646,611.3356
0.6248779457349044,185.93759,184.89873,185.93759,169.69485,178.33566,169.69485,208.74341,160.57254,252.83464,145.36865,249.79387,224.4288,309.08896,177.2968,201.14146,324.77438,316.69092,280.68314,143.36676,385.58987,306.0482,341.49863,435.28113,347.5802,456.56653,338.45786,424.6384,508.74124,441.36267,487.45584,420.07724,657.7392,445.92383,606.046,184.4172,118.001686,251.31425,183.37834,442.88306,335.41708,353.1802,668.38196,388.1491,621.24994,362.30252,679.02466,389.6695,606.046,433.76074,675.9839,467.20926,616.6888
0.6226376054378656,187.0934,186.01544,185.57092,170.79066,179.48102,169.26819,208.40808,160.13333,251.03743,144.90857,249.51495,224.07736,308.89154,176.88058,203.84065,321.51587,318.0264,280.409,142.94157,383.9374,307.36908,341.30807,433.73465,348.92044,456.5718,338.26312,424.5998,510.303,442.8695,488.9883,418.5099,657.9832,445.91446,604.69653,184.04845,117.50398,251.03743,182.97049,442.8695,335.21817,353.04337,668.64056,388.06033,621.4438,362.17822,679.2979,389.58282,604.69653,432.21216,676.253,467.22913,616.87634
0.6168108376172873,187.42459,185.99138,187.42459,170.73415,179.79597,170.73415,208.78471,160.0541,253.03067,144.79686,248.4535,224.13446,311.00815,176.83704,201.1561,323.30646,315.58533,279.0605,146.23007,382.80963,304.90524,340.08942,434.5917,349.24374,455.95184,338.5637,425.43738,509.44464,440.6946,488.08453,419.33447,657.43976,446.7975,600.98804,184.37314,117.33385,251.50494,181.41422,442.22034,335.51224,355.25412,669.64557,387.2943,611.6681,362.88272,680.3256,387.2943,600.98804,433.06598,675.7485,466.6319,613.1938
