0.7214449449227407,650.5228,94.115555,651.85767,82.10157,642.5135,82.10157,645.1832,84.77135,610.4762,84.77135,614.48083,150.1808,585.11334,152.85057,614.48083,236.94844,599.7971,250.2973,633.16925,305.02768,631.8344,321.0463,621.1553,311.7021,595.7924,311.7021,630.4995,410.48373,599.7971,423.83258,638.50885,502.5909,529.0481,521.2793,629.1646,43.389854,605.13666,122.14818,605.13666,305.02768,691.9043,515.93976,569.0947,553.3166,685.22986,509.26535,551.74115,554.6515,630.4995,518.60956,506.355,529.28864
0.6989318292874557,640.8051,97.19523,642.12897,85.280556,632.862,85.280556,597.118,86.60441,599.7657,86.60441,602.4134,150.14932,573.28864,154.12088,602.4134,238.84743,586.52716,250.7621,624.9189,305.04004,624.9189,320.92627,611.68036,314.307,587.851,315.63086,626.24274,412.27206,586.52716,426.83444,638.1574,504.94174,522.98224,526.12335,620.9473,45.564987,595.7941,122.34842,597.118,307.68774,689.78766,515.53253,566.6694,553.92426,683.1684,508.9133,550.78314,556.57196,630.2143,520.82794,503.12448,535.3903
0.7139785198064951,634.52673,96.728615,635.8565,84.760475,626.548,84.760475,625.21814,87.42006,594.63293,87.42006,599.9521,151.25012,568.03705,153.9097,597.29254,236.35686,581.335,249.65479,621.22876,302.8465,619.899,317.4742,609.2607,316.14444,580.0052,316.14444,625.21814,411.88953,578.6754,430.50662,637.1863,502.31543,521.4943,528.9113,615.9096,46.196484,590.64355,123.32447,591.9733,309.49548,689.0482,514.28357,566.7073,555.50714,682.39923,507.6346,550.74976,559.4965,629.2075,516.9432,501.54742,538.21985
0.7280087562707754,631.25824,96.0585,632.5799,84.1639,622.0069,84.1639,627.2934,88.12877,588.9664,86.807144,595.57446,148.92337,565.1771,152.88824,594.2528,234.8288,577.0718,252.00989,614.07715,299.5883,615.3988,323.37747,604.8258,316.76935,574.4285,316.76935,624.65015,410.60452,574.4285,431.75046,636.54474,501.79642,521.56366,528.2289,611.4339,45.83687,586.3231,123.81256,587.6447,310.16125,690.73126,512.3694,569.142,552.01807,684.1231,504.43967,551.96094,557.30457,627.2934,517.6559,503.0609,538.8018
0.7084956467151642,627.98285,96.69994,627.98285,84.966866,618.8571,86.270546,621.4645,87.57422,587.569,88.87789,590.1763,150.15062,560.1918,156.669,594.08734,236.19319,577.1395,258.35565,613.64246,302.68063,611.0351,327.45044,600.6057,315.71738,570.62115,315.71738,620.1608,412.18933,569.3175,429.13712,635.80493,502.1429,519.77783,526.9128,607.1241,44.552937,581.05054,124.077126,583.6579,309.199,689.2556,511.26865,568.0138,552.98627,681.43353,504.75027,552.3697,556.8973,627.98285,519.0907,501.52637,537.34216
0.6958751930640295,622.5868,99.64118,623.89294,86.579735,613.4438,87.88588,618.6684,87.88588,582.0963,89.192024,587.32086,150.58084,553.36115,157.11156,588.627,236.7864,569.03485,258.99088,606.9131,304.70593,604.3008,328.21655,596.4639,319.07355,567.7287,319.07355,617.36224,411.8098,563.8103,430.09586,635.64825,501.93384,518.0952,528.0567,604.3008,46.08924,576.8717,125.764084,579.484,312.54282,687.89404,509.7707,566.42255,551.5673,681.36334,503.23996,550.74884,556.79193,627.8114,517.60754,501.11533,538.50586
0.7099901414834536,618.2539,100.78983,620.87476,87.685555,610.39136,88.99599,616.9435,88.99599,578.9411,90.30641,582.8724,153.20692,546.18036,161.06949,586.80365,235.76385,563.21594,260.662,603.8392,299.9748,601.2183,332.73547,592.04535,320.94165,559.28467,323.5625,614.32263,413.982,559.28467,433.6384,633.979,499.15976,516.0406,530.61005,599.9079,45.75188,572.3889,126.99838,573.69934,315.69992,686.3961,507.02234,567.1472,551.57684,678.53357,500.47018,550.1117,558.129,626.11646,513.57446,500.31543,542.4039
0.6786258117510722,611.9692,104.930305,613.28186,91.80353,602.78046,93.1162,609.3439,91.80353,571.2762,93.1162,576.5269,154.81204,537.1466,161.37543,581.77765,241.44873,554.2114,261.1389,597.5297,300.51923,588.341,335.9615,583.0903,322.83472,551.58606,325.46008,608.0312,416.03482,550.2734,434.4123,630.3467,498.7335,513.51843,530.23773,594.9044,47.1725,563.40015,128.55849,564.7128,316.27133,684.16644,502.6715,564.7128,552.5532,676.2904,496.10812,548.9607,557.80396,623.78326,514.4856,497.76627,542.0518
0.6717554170351762,608.0831,102.90459,609.39575,91.091125,600.2075,92.40373,558.2041,89.77852,568.70496,91.091125,571.33014,152.78365,534.57715,160.65929,573.9554,242.04092,547.70325,261.73,589.70667,307.67126,583.1436,336.5486,576.58057,322.10995,546.3906,323.42255,605.45795,413.99243,546.3906,432.36893,629.08484,497.99927,513.57544,532.1271,591.0193,46.462486,560.8293,127.84412,559.51666,315.5469,684.21436,499.3119,566.0797,550.50354,675.0261,492.74884,549.0158,557.0666,621.2092,512.4379,497.82416,542.6279
0.6871006591961935,604.36786,102.60096,605.6792,92.11034,596.4999,92.11034,555.84875,92.11034,565.028,92.11034,566.33936,153.74275,529.6222,161.61072,567.6507,242.91304,542.7355,262.58295,586.0093,312.41342,576.82996,336.0173,571.58466,321.5927,541.42413,322.90402,603.0565,413.38565,545.3581,433.05557,627.97174,497.31064,512.57495,532.7165,587.3206,48.83652,555.84875,128.82751,553.2261,316.34738,681.7362,499.9333,566.33936,548.4524,673.8682,493.37665,550.60345,555.00903,621.4151,513.0466,496.839,543.2071
0.6795898389357787,599.96063,104.49038,602.5973,92.62548,592.0507,92.62548,549.8644,92.62548,560.41095,92.62548,564.3659,153.26831,526.1346,162.49657,565.68427,241.59593,540.6361,265.32574,582.82245,314.10367,572.2759,340.47012,568.32086,320.69528,539.3178,323.3319,598.64233,409.0229,541.95447,435.38934,623.6904,494.71387,512.95135,534.26355,584.14075,50.439156,552.50104,129.53851,551.1827,315.422,676.42334,497.3505,565.68427,548.7651,669.8317,492.0772,549.8644,556.675,617.0988,510.53372,497.13147,546.1284
0.6740686583977479,591.29736,105.2639,593.943,93.35871,584.6834,93.35871,544.99945,93.35871,552.9362,93.35871,554.25903,152.88466,515.8979,164.78984,559.55023,238.86656,527.80304,267.96814,579.3922,298.3925,559.55023,336.75366,563.5186,319.55728,533.09424,322.20288,595.26575,408.18478,535.73987,431.99515,616.43054,495.4895,511.92947,531.2051,576.7466,51.02916,543.67664,129.07428,546.3222,314.26608,668.0197,503.42627,563.5186,547.0786,661.4057,495.4895,546.3222,555.01544,608.4938,512.68585,496.05588,543.1102
0.6937017624194806,587.45874,104.16133,588.7809,93.584366,578.2039,93.584366,538.5403,93.584366,545.1509,93.584366,549.11725,155.72408,512.09784,164.97891,554.4057,245.62833,522.6748,266.78226,575.55963,320.98923,551.7615,343.4653,562.33844,323.63348,530.60754,326.27774,592.74725,409.57138,533.2518,433.36957,609.9348,496.8314,510.77573,532.5287,566.3048,49.954357,538.5403,130.60376,546.47296,315.70074,662.81964,504.7641,562.33844,547.072,656.20905,498.1535,545.1509,553.6826,602.0021,514.019,494.91025,544.42773
0.6830159930082468,584.14874,105.0795,586.79504,93.17111,574.88666,93.17111,584.14874,93.17111,541.8078,93.17111,545.7773,156.68251,507.4058,167.26775,553.7162,244.0107,519.3142,267.82748,573.5635,324.7231,545.7773,344.5704,561.6551,323.39993,529.8994,327.36942,590.7645,409.40497,532.5457,434.5449,602.6729,498.0563,511.37524,531.13513,564.30145,49.507027,535.192,131.54259,544.4541,316.78418,655.59906,507.3184,561.6551,547.013,648.9833,499.37946,544.4541,553.6288,596.0571,513.93414,495.4974,541.7204
0.6590573627215165,579.82776,102.85329,581.15173,90.937515,570.55994,90.937515,525.5448,90.937515,536.1366,90.937515,537.4606,154.48833,507.00912,159.78423,542.7565,239.22275,514.953,260.40634,570.55994,298.80164,540.1085,335.87296,555.9962,319.98523,529.5167,323.95718,589.0956,407.3676,533.48865,428.5512,594.3915,498.72192,510.98105,529.17334,559.96814,48.5703,530.8407,128.00882,541.4325,312.04138,646.02655,511.96167,559.96814,546.385,639.4067,504.01782,544.08044,551.6809,587.7716,514.6096,496.41733,542.4131
0.6546406356187967,575.6826,102.95428,577.0127,90.98394,566.3724,90.98394,521.1511,89.65391,531.7914,89.65391,530.46136,152.16565,502.5306,160.14587,535.7815,238.61806,506.52072,261.22867,569.0325,302.45984,533.12146,338.37082,551.74194,319.7503,529.13135,322.41037,586.32294,406.2027,531.7914,424.82324,586.32294,497.97525,510.5108,531.2262,554.40204,47.092724,525.14124,126.89494,538.4416,311.77008,635.5343,512.60565,558.39215,545.85657,628.8841,504.62546,542.4317,551.17676,578.3427,513.9357,495.8804,543.19653
0.6551184906409337,571.2289,100.64878,571.2289,88.64418,561.89197,89.97803,516.54126,89.97803,527.21204,89.97803,527.21204,151.33488,500.53513,159.33795,532.5474,239.36862,501.86896,258.04245,569.8951,299.39163,528.54584,335.40546,548.5535,318.06546,527.21204,320.73315,583.2335,406.0992,529.8797,420.77148,576.5643,496.80066,511.20587,530.1468,549.8874,48.628838,523.2105,127.325676,535.2151,310.06238,624.5827,514.1406,557.89044,546.1529,619.2473,506.13757,543.21814,551.4883,568.5612,512.80676,496.5336,540.8175
0.6679881902841421,563.6383,100.57365,564.96924,88.5954,554.3219,88.5954,506.4089,89.926315,518.38715,89.926315,527.70355,153.81029,491.76883,160.46487,534.35815,238.98892,494.43066,258.95267,564.96924,300.21106,519.7181,336.1458,545.0055,317.51297,522.3799,320.1748,579.6093,405.35345,525.04175,417.3317,559.64557,494.52484,511.73257,531.79047,542.3436,48.667915,515.72534,128.52289,530.3654,309.5275,604.89667,513.15765,556.9837,542.4378,602.23486,505.17215,546.33636,549.0924,551.66003,506.50308,498.4234,542.4378
0.6928878357777228,560.8554,99.19094,562.1834,87.238396,551.55896,88.56646,502.42075,88.56646,514.3733,88.56646,524.99774,153.6414,487.81207,161.60976,531.63806,239.9653,491.79626,261.21426,564.83954,297.07187,515.70135,338.24173,543.5906,318.32083,519.68555,322.30502,575.46405,404.64474,523.6697,419.25342,551.55896,493.62476,510.3891,530.8104,538.2784,47.3966,511.71716,128.40826,528.98193,310.35248,596.713,513.54565,559.52734,545.4191,594.0569,504.24924,551.55896,550.7313,544.91864,504.24924,498.43655,542.763
0.7096427048628147,557.16315,98.25458,557.16315,84.98337,547.8733,86.31049,500.09692,88.96473,510.7139,87.63761,520.0037,152.66653,489.47995,159.30214,523.9851,241.58365,489.47995,260.16333,547.8733,302.63123,512.041,338.46347,539.9106,315.90244,517.3495,319.8838,573.08856,403.4924,521.3309,419.41788,545.21906,491.0824,509.38678,533.5503,531.9478,46.49686,508.05966,127.45124,526.63934,309.2668,589.01404,513.64343,570.4343,548.1486,586.3598,504.3536,549.2004,554.78424,538.58344,503.0265,496.11557,545.4944
0.7223804822334876,555.05835,98.091835,555.05835,84.86796,545.80164,86.190346,494.22852,87.51273,507.4524,87.51273,518.0315,152.30972,482.32703,161.56644,523.32104,239.5873,487.61658,259.4231,551.0912,299.09473,511.41956,337.44397,539.1897,316.28577,518.0315,321.57532,568.2822,403.56332,521.99866,415.4648,539.1897,489.51852,510.09717,527.86774,528.6106,45.196335,504.80762,127.18436,527.2882,309.67383,582.8285,510.67673,569.6046,545.0588,580.1837,501.42,547.124,551.6707,532.57776,500.09763,496.8733,542.414
0.7006396055221558,551.46173,97.87929,552.787,84.626526,542.18475,85.9518,494.47482,87.27708,505.07703,87.27708,515.67926,152.21562,482.54733,158.842,519.6551,239.68387,487.84845,258.23773,548.81116,299.3213,510.37814,336.42905,535.5584,313.89935,515.67926,317.87515,563.38916,404.01813,524.9562,413.29507,534.2331,487.51053,509.05286,527.26886,526.28143,44.868233,503.75174,125.71009,523.6309,307.27295,579.2925,510.04025,568.6903,543.1722,575.31665,500.7633,552.787,551.1238,527.60675,498.11276,495.80008,541.84686
0.6676746813150553,548.4106,96.99786,551.0494,83.80397,539.17487,83.80397,545.7718,86.44275,503.55133,86.44275,514.10645,151.09283,483.7605,159.00917,519.38403,239.49194,487.71866,259.28278,547.0912,300.18387,510.1483,337.12677,532.5779,310.73898,512.78705,316.01654,561.6045,404.41565,528.61975,413.65137,531.2585,487.53717,510.1483,528.43823,527.30035,44.222282,502.23193,124.70505,519.38403,305.46143,577.43713,507.32803,568.2014,542.95154,572.1596,498.0923,553.6881,550.86786,523.34216,498.0923,495.63498,544.27094
0.6804852542968897,545.1507,96.81454,547.791,83.61294,537.22974,83.61294,543.8305,86.25326,501.5854,86.25326,514.787,150.9411,480.46283,156.22174,520.0676,238.07167,484.4233,256.55392,546.4708,300.1192,508.1862,333.1232,530.6289,309.36032,509.50635,314.64096,557.0321,404.41187,529.3088,414.97314,527.9886,487.58194,509.50635,529.8271,525.34827,44.008133,500.26523,124.5379,516.1072,305.39984,574.1942,507.38434,567.5934,544.3488,568.9136,496.82306,553.07166,552.2698,521.3878,496.82306,496.30475,544.3488
0.6812282090003674,542.0308,96.42926,544.6765,83.20062,534.0936,84.52348,540.70795,85.84635,495.73056,85.84635,511.60495,150.66667,477.21048,158.60385,519.5421,237.97568,483.8248,259.14148,545.9994,297.50455,510.28207,334.54474,530.125,308.08746,508.9592,313.3789,551.29083,400.6879,530.125,413.91653,524.83356,485.3512,507.63635,530.32855,520.865,43.51471,497.05344,124.2094,515.57355,304.11887,572.45667,503.87128,567.1652,542.2343,567.1652,493.28836,552.6137,551.4944,518.21924,495.93408,494.4077,546.20294
0.6517761338215607,540.9535,97.24141,543.608,83.96888,532.9899,85.296135,539.6262,86.62339,495.82687,86.62339,509.0994,151.65878,475.9181,158.29504,519.7174,237.93022,483.8816,256.51175,543.608,298.98386,513.0812,332.16516,526.3537,308.27463,509.0994,313.58362,548.917,401.1823,532.9899,411.80035,523.69916,484.79926,507.77216,529.92584,521.0447,44.1513,495.82687,125.11372,513.0812,304.29285,568.8258,503.3808,564.844,543.19836,563.5168,492.76276,551.5715,552.48914,515.73566,496.74454,494.4996,544.52563
0.6590164074530969,538.8176,97.77718,541.4653,84.53892,530.8747,85.86274,538.8176,87.18657,493.80753,88.51039,508.36963,150.73026,475.27396,158.67322,520.28406,239.42665,485.86456,259.28406,546.7606,298.99884,512.3411,336.066,528.22705,310.9133,511.01727,316.20862,541.4653,404.905,526.9032,418.14328,521.6079,486.98227,507.0458,531.9924,518.96027,44.824112,495.13135,125.577545,513.6649,306.9418,569.2656,505.51584,565.2942,545.23065,562.64655,493.60138,552.0559,554.49744,516.31256,498.8967,493.80753,546.55444
0.6551185307594446,537.8573,97.904434,540.5044,84.66901,529.916,85.99255,536.53375,87.31609,492.85684,88.63963,507.4158,152.16966,474.32724,158.78738,520.65125,239.52347,483.59204,258.05307,544.475,299.0829,514.0335,332.17142,525.9454,310.99475,510.0629,316.2889,539.18085,406.2898,525.9454,418.2017,520.65125,485.70233,507.4158,532.0263,516.6806,46.28628,494.1804,125.69882,512.70996,305.7006,566.9752,505.55548,565.6517,543.93823,561.681,493.6436,552.41626,554.52655,512.70996,498.93777,494.1804,546.58527
0.6460978239774704,536.76404,97.08769,538.08466,83.88149,527.5197,85.20211,535.4434,86.522736,491.86298,87.84335,506.38977,151.23311,473.3743,160.47745,518.2753,238.39401,486.58047,259.52393,544.68774,299.14252,518.2753,333.47864,524.8785,309.7075,509.031,314.98996,534.1228,406.11273,524.8785,419.31894,520.9166,487.99115,507.7104,531.5716,515.6341,45.58352,493.1836,126.14133,511.67227,305.74564,568.4589,506.47983,565.8177,543.4572,561.85583,494.59427,552.61145,554.02216,511.67227,499.87674,494.5042,547.41907
0.6434749020979955,535.2877,96.26105,536.60815,83.05628,527.36487,85.697235,533.9672,87.01771,491.71198,88.33819,504.91675,150.40057,473.2253,158.32344,516.801,237.55202,483.78912,257.35916,541.8901,299.6144,515.4806,332.6263,523.40344,310.17822,508.87817,315.46014,524.7239,407.8935,523.40344,418.4573,519.442,487.12207,508.87817,532.01825,515.4806,44.762466,491.71198,125.31153,510.19867,306.2168,566.9791,509.57016,565.6587,543.9025,560.3768,496.3654,553.77435,553.1459,495.67343,500.32684,494.35294,546.5435
0.641981738118025,534.2005,97.13458,535.5204,85.255295,526.28094,86.57522,531.56067,89.21506,490.64313,89.21506,503.84232,149.9314,472.16425,157.85092,518.36145,235.72623,485.36343,258.1649,543.43994,295.12265,519.6814,330.7605,521.0013,309.64178,506.48218,314.92145,515.7216,409.95572,521.0013,421.835,517.0415,490.47086,509.122,531.3884,513.0818,46.977608,490.64313,126.17283,507.8021,305.682,567.1985,516.86926,565.8786,545.90753,559.279,501.03024,553.9993,556.4669,486.68335,504.99,494.60287,547.2274
0.6403478303780923,533.84717,98.36565,535.1654,85.18298,525.93756,86.50124,481.11652,89.13778,490.34436,90.45605,503.52704,152.41457,473.2069,159.0059,518.02795,238.1019,486.38956,257.8759,541.7568,298.74216,523.301,327.74402,519.34625,311.9248,506.16357,317.19788,515.3914,409.47653,521.9828,421.34094,518.02795,488.57254,508.8001,532.0753,511.43665,46.95325,490.34436,127.36751,506.16357,307.97003,566.80383,509.6648,565.48553,543.9397,558.8942,495.16388,553.62115,554.48584,489.0261,503.07346,494.29916,546.57623
0.6532756892534403,532.4758,98.22752,535.11053,86.371506,524.57184,87.68884,481.09976,89.00618,490.3211,90.32352,503.49448,150.92094,471.87842,158.82497,519.3025,237.86508,483.73444,258.94244,541.6972,298.46252,521.9372,330.07858,519.3025,311.63586,506.12915,316.9052,524.57184,409.1187,519.3025,422.29205,517.98517,485.52417,508.76382,531.6309,512.7158,46.851444,490.3211,127.20891,507.44647,307.68387,565.40924,507.91885,565.40924,544.80426,558.8226,492.11084,552.2359,554.02563,487.68646,500.01486,494.27313,547.4389
0.6566441655158997,532.572,98.56172,535.20325,86.72123,524.67834,86.72123,481.26318,89.35245,489.15686,90.66806,503.62857,149.87054,472.05392,157.7642,519.4159,236.70084,486.52563,256.435,541.78125,298.53455,523.36273,327.47797,518.1003,311.69064,504.94418,316.9531,524.67834,409.04584,518.1003,422.20193,516.78467,486.66687,508.89102,532.71326,512.8378,47.252907,490.47247,126.189545,504.94418,306.4282,565.4623,511.66345,565.4623,544.5537,557.5686,493.2449,552.30615,555.0786,489.15686,502.4542,495.7349,548.50055
0.6637189113176786,532.4736,99.044685,535.10486,85.8882,524.5797,87.20385,529.8423,89.835144,489.05716,91.150795,503.5293,151.67062,471.95374,159.56451,519.3171,238.50343,487.74152,258.23816,541.6831,299.02325,523.26404,329.28317,518.00146,314.81104,506.1606,320.07364,519.3171,413.48468,518.00146,424.0099,514.0545,487.161,508.7919,531.89307,511.4232,47.73439,490.37283,126.6733,506.1606,309.54846,564.04913,514.7896,565.3648,545.04956,556.1553,493.73926,553.5239,554.2591,482.47894,484.52972,494.31976,547.68085
0.6615313807359109,531.8389,99.23694,534.46674,87.411896,523.95557,88.725784,530.525,90.03968,489.79434,91.35358,504.24716,151.7927,472.7137,159.67607,517.3861,238.5097,487.16653,256.90424,539.7223,300.26273,525.2695,326.54062,514.7583,313.40167,504.24716,317.34335,521.32776,414.5715,518.7,423.76877,514.7583,498.66074,509.50275,531.50806,512.13055,49.308968,491.10822,126.82871,502.93326,308.1461,564.6863,517.05524,564.6863,544.64703,556.8029,499.9746,552.86127,553.8443,484.53876,510.48578,495.0499,547.2748
0.6584798109072906,532.4158,99.79032,533.7292,86.65637,524.5354,87.96977,531.10236,89.283165,489.07373,90.59656,503.5211,149.69933,473.313,160.2065,521.9086,236.38339,490.38712,257.3977,541.60956,299.42636,528.4756,321.75406,514.02826,312.5603,503.5211,317.81387,520.5952,411.0649,517.96844,422.88547,515.3416,500.37576,508.77466,531.8973,511.40146,48.567924,490.38712,127.37162,502.20767,307.30673,566.564,517.4499,565.2506,545.0312,558.68365,499.06238,553.43005,554.225,482.50674,512.19635,495.64072,547.65796
0.6533133628276678,531.02527,99.9047,533.6507,88.0904,523.1491,89.4031,531.02527,90.7158,490.3316,92.0285,504.7713,151.09998,473.2665,160.28888,524.4618,236.42545,490.3316,257.42865,542.8396,299.43503,529.7126,323.06363,515.2729,309.9366,502.1459,315.18744,523.1491,408.3891,517.8983,422.8288,516.5856,495.02725,510.0221,531.78284,512.64746,50.022114,491.6443,127.47139,502.1459,305.99854,567.7809,516.03046,565.15546,544.90985,559.90466,497.65265,553.3412,555.41144,482.45538,508.15427,495.5824,548.84796
0.6326071046865903,530.8779,101.608284,533.5024,88.48605,524.3168,89.79828,530.8779,92.42272,491.5112,92.42272,504.63345,150.16055,475.76453,159.34612,524.3168,235.45508,491.5112,257.76288,541.37573,299.75403,530.8779,320.7496,515.1312,306.31516,503.32123,311.56403,507.2579,407.35635,520.3801,420.47858,513.81903,476.90417,509.88235,532.0176,515.1312,51.743797,491.5112,127.85275,502.009,305.00293,566.3079,514.9587,564.9957,545.13983,557.1224,493.9631,553.1857,554.3254,478.38898,467.71863,495.44788,547.7643
0.6382005306390616,531.76404,101.476494,534.38837,89.666985,523.891,89.666985,531.76404,92.29132,492.39896,92.29132,506.83282,150.02672,474.0286,159.2119,526.5153,234.0055,491.0868,256.31235,542.26135,298.30173,531.76404,320.60858,516.018,304.86258,502.8963,310.11124,505.52066,407.2117,519.95447,420.33337,512.0815,484.6296,509.45715,530.5555,516.018,52.92627,492.39896,127.71986,502.8963,303.5504,567.19257,513.4973,565.8804,544.9894,559.3195,493.8148,552.7587,554.17456,480.58945,471.50793,496.33548,547.6137
0.6584277875148333,533.8132,99.82579,535.1273,87.9984,525.9282,89.31255,532.499,91.940865,491.7602,91.940865,507.53006,151.07784,473.36203,160.27692,525.9282,235.18373,490.44604,257.52435,543.01227,299.5773,531.1849,321.91794,516.7291,307.46225,503.5876,312.71887,514.1008,408.65216,520.67163,420.47955,516.7291,494.0722,510.1584,530.8685,515.415,51.20207,491.7602,128.7372,504.90176,304.83392,567.9812,517.727,565.35284,545.3243,560.09625,501.95715,553.52545,554.5233,486.5036,507.21378,497.0168,546.6384
0.6527447287852948,533.7806,101.19583,536.41095,88.04382,525.88934,89.359024,532.4654,91.989426,491.69412,93.30463,507.47656,151.17346,474.59653,159.06467,524.57416,235.34633,490.37894,257.70474,542.987,299.79117,529.83496,323.46478,516.683,307.68237,503.53094,312.94318,507.47656,408.95285,523.259,420.78964,512.73737,497.07132,511.42215,528.6361,515.36774,51.218193,493.00934,128.81505,504.84616,305.05197,567.97577,519.42975,566.6606,543.10333,561.3998,503.6473,553.5086,552.30975,482.48773,507.59293,496.95493,544.4185
0.6582477058355625,535.0181,100.71592,537.64044,88.915405,527.15106,90.22657,533.7069,92.84891,493.0607,92.84891,508.79474,150.54031,476.01553,158.40733,525.8399,235.76627,491.74954,256.74496,544.1963,297.39117,528.4623,320.99222,515.3506,307.88052,504.86124,313.1252,506.1724,407.52933,527.15106,416.70752,496.99423,496.68878,514.0394,525.5345,516.66174,52.20269,494.3719,128.25046,506.1724,303.94702,570.4197,518.97864,569.10846,539.95734,563.86383,504.5558,557.308,549.1355,485.1937,507.17813,499.61655,541.2685
0.6502232792285773,534.8005,100.85687,537.41815,89.077194,528.2562,90.38605,533.49164,91.6949,494.22604,93.00375,508.6234,150.59329,477.21094,159.75526,524.32965,235.66873,494.22604,257.91925,542.65356,298.49368,530.8739,323.36188,517.7854,306.3468,506.0057,311.5822,507.31454,405.81964,528.2562,414.9816,498.1526,493.5128,516.4765,523.6164,516.4765,52.429314,494.22604,128.34279,507.31454,302.42023,570.1395,517.07214,570.1395,539.32263,563.5952,502.67474,558.3598,547.1758,485.06406,460.79147,502.07916,540.6315
0.655548537006745,535.3811,101.84165,537.9963,90.07351,528.84326,90.07351,535.3811,92.68865,493.53885,92.68865,510.53726,150.22179,475.23285,159.37479,526.2281,233.90634,490.9237,257.44263,544.5341,295.36218,527.5357,324.12875,519.69025,307.1303,507.92212,312.3606,507.92212,407.8133,530.1508,415.65872,505.30698,495.42056,518.3827,522.8796,517.07513,52.153946,494.8464,127.99307,509.22968,303.2076,570.68555,521.572,571.9931,538.57043,564.1477,511.11142,560.225,546.41583,488.30856,460.11615,503.99942,539.878
0.6542778267310216,537.40314,100.45773,538.7077,88.71681,529.57587,90.021355,536.0986,92.630455,495.65762,92.630455,511.3122,150.03053,474.78485,159.16235,528.2713,233.52155,491.744,255.69885,545.2304,297.44437,526.96674,323.5353,520.44403,307.88074,508.7031,313.09894,507.39853,407.02634,532.18494,414.8536,503.4849,489.2128,521.74854,521.8265,517.8349,53.494038,495.65762,127.853226,511.3122,302.66254,572.6259,519.2174,575.235,536.1765,564.79865,507.47647,563.4941,544.0038,490.43942,457.90366,507.39853,537.481
0.6409078572805111,537.9544,101.42723,540.5621,88.389084,530.13153,89.692894,537.9544,90.99671,496.23233,92.30053,511.8781,149.66838,477.97894,158.79507,524.91626,235.72015,493.62473,256.58118,545.7773,299.6071,526.2201,325.68338,524.91626,308.73376,513.18195,315.25284,510.5743,406.5199,535.3468,414.34277,506.66287,491.26785,523.6124,519.9518,521.0048,51.882267,496.23233,127.503525,514.4858,306.12616,573.1574,518.64795,577.06885,535.59753,566.63837,506.91364,565.33453,543.4204,493.62473,497.78693,507.96667,535.59753
0.6614870853148974,538.26215,102.192116,540.8711,90.451935,530.43536,91.7564,538.26215,91.7564,496.5193,93.06087,512.17285,149.15286,476.9523,159.58858,523.913,232.63861,495.2148,256.119,546.0889,297.86185,527.8264,325.2556,523.913,309.60205,514.7818,314.81992,513.4773,407.43692,538.26215,412.6548,506.955,492.22714,527.8264,519.6209,521.3041,52.62245,496.5193,128.28142,516.08624,305.68866,570.8738,520.92535,581.3095,536.5789,563.047,509.18518,569.56934,543.10126,496.5193,503.96732,512.17285,535.2745
0.6812652762119586,541.578,101.156784,542.8809,88.12777,533.7606,90.733574,540.2751,90.733574,498.58224,92.036476,512.9142,149.36414,479.03873,158.48445,522.0345,234.05273,493.37064,253.59625,541.578,300.5007,524.64026,326.55872,527.2461,309.621,518.1258,314.8326,515.51996,407.33862,538.9722,412.55023,511.61127,495.9359,535.0635,516.78235,522.0345,52.949436,498.58224,127.21481,519.42865,304.4094,574.1505,520.69104,588.4825,535.02295,567.63605,511.5707,576.75635,541.5375,501.18805,511.5707,520.73157,535.02295
0.6719710712249463,543.58276,101.596596,544.8829,89.89539,534.4818,91.195526,542.28265,92.49566,500.67834,93.79579,514.9798,151.00166,481.17636,158.80247,524.08075,238.11063,492.87756,255.01236,543.58276,303.1173,522.78064,327.81982,526.681,309.61798,517.5801,313.51837,516.27997,405.82785,542.28265,412.32852,511.07944,491.63666,540.9825,517.63934,524.08075,53.49165,500.67834,128.8994,520.18036,304.41742,576.0861,518.93945,592.98785,534.5411,526.681,508.5384,581.2866,542.34186,501.9785,507.23828,525.3809,534.5411
0.6890731774843656,544.6358,102.09131,545.93243,90.42161,535.5593,91.71824,543.3392,91.71824,501.84686,93.01488,512.22,151.36339,483.694,159.14319,521.2964,238.23785,494.06708,255.09409,544.6358,305.6628,522.593,326.40894,526.4829,312.14597,522.593,316.0359,513.5166,406.80023,544.6358,411.98676,510.9233,492.37805,544.6358,517.0141,525.1863,52.81923,501.84686,129.32062,521.2964,305.6628,545.93243,517.0141,597.7978,532.5737,527.77954,506.64102,586.12805,541.65015,500.55023,506.64102,531.66943,533.87036
0.6996696786238596,546.01886,103.50962,547.3168,90.53065,536.9336,93.12644,544.72095,91.828545,503.18826,93.12644,512.27356,150.23392,485.0177,159.3192,521.3588,239.78882,494.103,254.06567,540.8273,307.27945,522.65674,328.0458,526.5504,312.47104,525.2525,315.06683,516.16724,407.21753,547.3168,412.40912,512.27356,492.87875,548.6147,517.5388,526.5504,54.18953,503.18826,128.16966,522.65674,305.98157,543.4231,516.2409,601.8284,531.8157,530.4441,505.85773,590.1474,539.603,501.89038,508.45352,535.6357,534.41144
0.7035893064278823,546.7724,103.28775,548.06757,90.33626,537.70636,92.92655,545.47723,92.92655,504.03247,94.2217,513.0985,151.20827,485.9004,160.27432,520.8694,239.27843,494.96643,254.82022,541.5918,306.6262,523.4597,326.05344,527.34515,314.3971,526.05,316.9874,515.6888,407.64783,549.3627,414.1236,511.80338,494.42285,550.65784,517.73553,527.34515,52.776924,504.03247,129.19073,523.4597,307.92136,540.29663,516.44037,605.05414,529.3919,531.2306,506.0792,593.39777,538.45795,502.7373,508.6695,539.0015,534.57245
0.7062558577610896,548.53644,102.50484,551.1211,90.87378,540.78235,92.166115,548.53644,92.166115,507.18155,93.45846,516.2279,150.3214,489.0888,158.07544,527.859,238.2005,496.84283,251.1239,551.1211,300.23282,523.98193,324.78726,531.736,311.86386,529.1513,314.44855,517.52026,407.497,552.41345,415.25104,511.05856,491.49908,557.58276,518.6382,530.44366,54.688267,507.18155,128.35162,527.859,305.40216,538.1977,512.1765,611.8611,530.2693,535.61304,501.8378,598.9377,538.0233,502.01218,505.7148,545.9517,534.1463
0.6962083016450589,549.4852,102.04494,552.0749,91.6863,540.42145,92.98113,549.4852,92.98113,508.05072,92.98113,518.40936,151.24846,487.33344,157.72261,530.0628,235.41238,496.39725,250.95035,549.4852,300.15387,526.17834,324.7556,532.65247,309.21768,528.768,313.10217,517.1145,406.3299,554.66455,415.3937,511.93518,490.4938,559.8439,520.2749,532.65247,54.136242,509.34555,127.94153,527.47314,302.74353,536.537,512.5059,614.22675,529.3387,536.537,503.4421,602.57324,538.4025,502.8714,504.73694,548.1904,535.81287
0.6963087251553168,550.0673,102.61428,552.64935,90.99497,542.3211,92.28601,548.77625,92.28601,510.04526,93.57704,519.08246,150.38254,489.3887,156.8377,530.7018,234.29976,497.13492,249.79218,550.0673,300.1425,526.8287,324.67215,533.2839,309.17975,530.7018,313.05283,519.08246,408.58936,555.23145,416.33557,512.6273,491.21555,562.97766,520.9093,533.2839,54.84602,510.04526,127.14393,529.41077,304.0156,538.448,514.45416,617.20105,529.9466,538.448,505.41693,604.2907,538.9838,502.29904,505.41693,551.35834,536.40173
0.6892049427215869,550.7268,103.81076,553.32635,93.41256,542.92816,94.71233,550.7268,94.71233,510.43378,93.41256,520.832,150.60269,490.93713,157.10156,533.8297,236.38788,498.73578,250.68541,552.0266,302.67642,528.6306,326.0724,535.1295,309.1753,528.6306,313.07465,519.5322,409.25803,557.2257,415.7569,513.0333,492.44366,565.02435,521.03876,535.1295,55.719067,510.43378,128.5065,528.6306,303.9762,539.0288,515.8396,618.3151,531.43695,540.3286,505.44144,606.6172,539.2356,503.9349,506.7412,553.32635,537.9358
0.6992127987054678,552.9995,102.86465,555.6084,91.1245,545.1727,93.73341,550.39056,92.428955,509.95227,93.73341,519.0835,149.82526,492.99426,157.65202,528.2147,237.22417,500.82104,251.57324,552.9995,301.14276,532.1281,325.92755,534.737,312.88293,533.43256,316.7963,521.6924,410.71753,558.21735,417.23984,512.56116,491.59412,566.04407,520.2923,534.737,53.295113,511.2567,127.649414,532.1281,306.36063,538.6504,516.3789,619.52704,530.72797,537.34595,505.9432,607.78687,539.8592,502.1255,505.9432,552.9995,537.2503
0.7081587669941095,552.8325,103.64652,555.4355,93.23458,545.02356,94.53608,552.8325,93.23458,511.18472,93.23458,522.8982,150.50026,492.96384,158.30922,535.9131,235.09727,504.67728,252.01668,555.4355,301.4734,533.3101,324.90027,538.51605,307.98087,532.0086,311.88535,522.8982,408.1958,560.6414,416.00473,512.4862,490.18982,568.4504,521.42566,537.2146,55.4913,512.4862,128.37488,532.0086,302.7749,541.1191,516.21967,621.8116,531.8376,539.81757,504.50623,610.09814,540.94806,503.37576,503.20474,555.4355,538.34503
0.7185582243479215,555.5518,103.848175,558.16003,93.415306,547.7272,94.71941,554.2477,93.415306,513.8203,93.415306,522.9491,150.79611,496.86688,157.31665,537.29425,236.86731,507.29977,252.51662,558.16003,302.07275,538.5984,328.15494,541.2066,309.8974,535.9902,313.80975,524.2532,410.3138,563.37646,416.83435,512.5162,491.16858,568.5929,523.7713,538.5984,55.59614,515.1244,128.62625,535.9902,303.37686,541.2066,517.25073,622.06134,535.5083,538.5984,506.8179,610.3244,544.637,500.7792,502.90555,555.5518,539.4206
0.6930306668464954,557.6637,104.81482,560.2763,93.0581,549.8259,94.3644,555.05115,93.0581,515.86206,94.3644,525.00616,150.5354,497.57382,158.37321,536.7629,236.75137,508.02423,253.73329,556.3574,302.0665,539.3755,329.49884,541.9881,309.9043,536.7629,313.8232,525.00616,410.4896,565.5015,418.3274,511.94315,492.78665,569.4205,525.4442,541.9881,55.175327,515.86206,128.32826,535.4566,304.6791,540.6818,518.9127,622.9788,535.8946,538.0692,508.46228,609.91583,543.7324,502.799,505.84967,556.3574,539.81354
0.7125214968736355,558.65656,104.55312,561.2732,92.778244,549.4983,94.08656,557.3482,94.08656,515.482,94.08656,527.25684,151.65263,499.78214,159.50255,539.03174,238.00172,511.55704,253.70155,561.2732,302.10938,542.95667,330.8924,544.265,309.9593,539.03174,315.19257,527.25684,409.39157,566.5065,417.2415,512.86536,489.19907,569.1231,525.83203,540.34,54.83698,516.7903,129.4112,539.03174,304.726,540.34,517.9821,622.76416,538.9152,537.7234,506.2072,609.68097,548.0735,501.09045,500.97394,554.73157,540.2235
0.7111882521555974,559.03125,104.45158,561.6521,93.96813,551.16864,95.278564,557.7208,93.96813,515.78705,93.96813,527.58093,151.62709,501.37228,162.11053,541.99567,238.11551,513.1662,255.15112,564.27295,301.0162,543.3061,329.84567,544.6165,311.49963,540.68524,316.74136,527.58093,412.4028,566.89386,418.95496,511.85574,488.4078,569.5147,526.4103,540.68524,54.65521,518.4079,129.34976,540.68524,306.2579,540.68524,517.23724,624.5528,540.825,538.06433,505.4434,611.4485,549.99805,501.37228,498.89124,555.1,540.825
0.7084567833405274,560.9364,104.19702,563.5667,93.67577,551.7303,94.99093,559.6212,93.67577,516.22107,94.99093,529.3726,152.85782,503.0695,162.0639,542.5242,238.34299,516.22107,255.44002,562.2515,305.41595,546.46967,330.40393,541.20905,315.93723,541.20905,319.8827,526.7423,413.2588,567.51215,421.14972,512.2756,489.53787,570.14246,527.6774,541.20905,54.22108,518.8514,129.185,539.89386,308.04626,541.20905,518.4713,625.379,542.1441,539.89386,505.31973,612.2275,552.6654,500.43918,501.37427,555.6758,543.4593
0.6967352089973596,561.295,104.909775,563.92975,93.05339,553.39075,94.370766,558.6602,93.05339,517.8216,94.370766,529.678,152.33531,504.6478,161.55695,544.16907,237.96475,520.4563,255.09064,566.56445,303.83356,549.4386,328.8637,541.53436,315.68994,542.8517,320.95944,527.0432,411.8584,569.1992,421.08002,513.86945,490.90094,570.5166,527.7875,541.53436,53.532112,520.4563,129.93993,540.217,307.78568,544.16907,519.88324,625.8464,543.596,541.53436,506.70947,612.67267,552.8176,503.33044,502.75732,556.02545,542.2786
0.7155473988789779,564.69495,102.600685,567.3371,92.032135,556.76855,93.3532,560.73175,92.032135,522.4208,93.3532,535.6315,151.48022,506.56793,160.7277,548.84216,236.02863,522.4208,254.52359,576.5846,300.761,552.80536,329.82452,547.52106,315.29276,544.8789,319.25595,529.0261,410.4097,572.6214,419.6572,514.4943,488.35275,571.3003,527.9848,543.55786,52.40007,523.7418,127.70099,543.55786,307.36633,544.8789,518.73737,626.7852,543.83765,542.2368,505.52664,613.5745,553.08514,503.9258,500.24237,556.76855,541.1955
0.731600909278943,566.39557,102.042496,569.0392,90.146255,558.4647,91.46806,562.4302,90.146255,522.776,92.78986,534.67224,149.62744,508.23618,160.20187,545.2467,236.8665,524.09784,254.04996,570.36096,302.9567,554.4993,329.3928,545.2467,314.85294,546.5685,318.81836,529.3851,410.02283,573.0046,420.59726,516.167,489.3311,571.6828,528.9852,545.2467,51.81394,525.4196,127.15677,543.92487,306.92212,546.5685,515.76715,627.19855,544.84686,541.28125,505.19272,613.9805,554.0995,504.27075,501.22733,558.4647,542.20325
0.7337654370528001,568.96,100.253975,570.2827,89.67228,559.70105,90.994995,566.3146,89.67228,525.31055,90.994995,538.53766,149.1943,506.79257,159.776,551.7648,233.84784,523.98785,253.68852,574.25085,297.338,555.7329,329.08307,547.79663,313.21054,546.47394,317.17868,531.9241,408.44577,572.92816,419.02747,516.0516,489.1312,571.60547,527.4898,547.79663,51.313644,526.63324,126.708206,545.1512,306.597,546.47394,516.90814,627.15936,544.68506,542.5058,505.00372,613.9322,553.94403,504.14716,501.03558,558.37836,542.0397
0.7227915961008805,569.3188,99.622185,571.9678,89.026115,561.3717,90.350624,565.3453,90.350624,526.9345,91.67513,537.5306,147.3045,509.71588,157.90057,553.4247,230.74857,525.61,250.6162,575.94135,294.32498,557.3982,326.11322,546.8021,311.5436,545.4776,315.51715,533.557,409.55728,573.2923,418.82883,517.6629,489.0278,571.9678,528.76306,549.4511,50.615356,528.259,126.112366,544.1531,304.92108,546.8021,518.167,626.27264,545.9817,544.1531,507.57092,613.0276,555.25323,504.41785,500.9484,557.3982,542.0082
0.7178650360841018,571.2576,99.076614,572.5824,88.47867,561.98444,89.803406,568.60815,88.47867,528.86584,91.12815,542.1133,148.09213,511.64417,157.36534,555.3607,230.22623,530.19055,251.42213,575.2319,292.4892,561.98444,326.93253,548.737,311.03558,546.0875,313.6851,534.1648,409.06662,573.9071,418.33984,516.9431,488.55124,571.2576,528.2936,551.3865,50.0611,528.86584,125.57149,544.76276,304.41187,546.0875,519.0203,626.89685,545.5152,543.438,507.09766,613.6494,554.78845,503.6957,500.47394,556.6854,541.541
0.7322447735529679,572.1815,98.313675,574.8372,87.69095,562.88666,87.69095,570.8537,89.01878,528.3628,90.34663,544.2969,147.44382,511.10083,159.3944,561.55884,231.09785,533.67413,252.34332,580.1486,176.65634,564.2145,326.70245,550.9361,312.0962,545.6247,316.0797,535.00195,410.3565,572.1815,419.6514,517.74005,488.69916,570.8537,527.20654,550.9361,47.85569,529.6906,124.870514,545.6247,305.457,546.9526,519.2395,626.62305,544.4685,544.2969,505.9611,613.34467,553.7634,505.78946,499.3219,557.57526,541.8128
0.7210857329460291,571.77954,97.246635,574.444,86.58884,563.7862,87.92106,570.4473,87.92106,530.4805,89.25329,542.4706,146.53897,511.82938,157.19678,558.4573,230.46918,534.47723,251.78477,578.4407,181.17683,565.1184,326.3894,550.4639,310.40268,545.135,314.39935,534.47723,410.31958,571.77954,419.64517,517.15826,487.58865,571.77954,527.5554,553.12836,47.9543,530.4805,125.223366,545.135,303.74158,545.135,519.5621,626.40076,544.8743,543.8028,507.57202,613.0785,554.19995,506.5005,499.57867,558.4573,542.2099
0.7097272941699395,573.621,96.71821,576.29895,86.006294,564.24805,87.34528,570.943,87.34528,530.7733,88.68427,541.4852,144.92181,513.36646,154.29474,558.8921,230.61711,537.46826,248.02397,577.63794,289.53262,566.926,323.00735,549.51917,309.61746,546.8412,310.95645,536.1293,408.70264,572.282,418.07556,517.3834,489.042,570.943,527.8727,554.8751,47.175613,530.7733,123.497986,545.5022,301.58353,548.1802,519.83875,625.84155,545.27954,545.5022,509.12683,612.45166,554.65247,505.33252,502.4319,557.5531,542.60156
0.7051783421864877,573.7766,97.72612,576.4559,85.669395,565.7388,87.00903,572.43695,87.00903,530.90826,88.34866,541.62537,144.61339,514.83264,152.6512,560.38025,230.3501,538.94604,246.42572,577.79553,287.95444,569.7577,321.44534,548.32355,308.04898,545.6442,309.3886,536.2668,407.18207,572.43695,417.89914,516.17224,491.57913,571.09735,529.0889,556.3613,48.159584,530.90826,123.17921,544.3046,300.01117,548.32355,521.05115,627.36206,546.5042,542.96497,510.33405,612.62604,554.54205,504.11554,503.63586,557.701,543.82495
0.7210067373055679,573.45807,95.46057,576.14606,84.70858,564.0501,84.70858,573.45807,86.05258,529.1061,87.396576,539.8581,145.18854,512.97815,153.25253,555.9861,229.86049,535.8261,250.02048,576.14606,291.68445,570.7701,322.59644,545.23413,307.81244,545.23413,310.50043,533.1381,408.61237,570.7701,419.36438,512.97815,491.9403,570.7701,528.2283,553.2981,45.732605,530.45013,122.34055,542.5461,301.09244,546.5781,518.8203,627.2181,544.35626,542.5461,509.41232,613.7781,553.7643,500.88214,505.3803,557.3301,543.01227
0.7237894099492294,571.056,94.957825,573.74835,84.18847,561.6329,85.53464,569.7099,85.53464,526.63245,86.880806,537.4018,144.76608,511.8246,152.8431,552.20966,229.57474,532.01715,247.07494,575.09454,290.15234,568.3637,319.76807,542.7865,308.99872,542.7865,310.34488,532.01715,411.30756,569.7099,419.38458,509.13226,492.0777,571.056,528.42426,550.8635,46.495735,529.32477,121.8812,541.4403,300.9217,542.7865,519.0011,627.59515,545.9245,541.4403,509.5779,614.1334,554.00146,495.67056,505.5394,557.59436,543.2321
0.7358886576615847,570.9147,95.44976,573.604,83.34792,561.50214,84.69257,569.57,84.69257,525.19666,86.037224,537.29846,146.54639,510.40552,154.61427,549.4003,232.60387,530.57526,250.08429,573.604,297.14697,568.2254,321.35065,546.711,311.9381,541.3324,313.28275,531.91986,412.7867,569.57,420.8546,503.68228,493.4656,572.25934,527.0818,548.05566,45.697777,527.8859,122.34272,541.3324,302.52557,541.3324,520.3586,627.3899,544.56226,539.9878,510.946,613.9434,552.6301,490.2358,505.56744,558.81287,543.2176
0.7215643456349006,568.69006,94.83089,571.37524,84.09033,557.9495,85.4329,567.34753,85.4329,521.7002,86.77547,535.12585,148.53366,508.27448,156.58908,548.5516,234.4581,531.09814,251.9115,570.03265,300.244,567.34753,323.0677,544.52386,312.32712,540.49615,315.01227,529.75555,413.0198,568.69006,421.07523,500.21906,493.57397,572.7178,527.1382,547.209,46.498386,525.7279,124.36741,540.49615,304.2717,537.811,523.11053,626.4206,544.5916,536.46844,513.7125,614.33746,553.9896,485.4508,506.99966,559.2921,541.9065
0.6916294281299298,563.07855,96.532234,565.75085,84.507065,553.72565,85.84319,560.4063,87.17932,517.65015,87.17932,528.3392,148.64133,502.9527,156.65811,547.045,234.15367,524.3308,250.18724,565.75085,298.28793,561.74243,319.66602,544.37274,312.98538,537.6921,315.65765,525.66693,411.85904,568.4231,421.21194,488.25528,497.3714,571.09534,526.76624,541.7005,45.759277,518.98627,124.59098,536.35596,306.30472,527.00305,524.094,625.8767,541.4637,525.66693,516.0772,612.5154,549.48047,470.8856,512.06885,559.0702,541.4637
0.7005250431024111,558.65375,97.12882,561.31903,85.135216,549.32544,86.467834,558.65375,87.80046,513.3446,87.80046,526.67084,149.1011,498.68573,153.09898,543.99493,234.38898,518.6751,249.04782,566.64954,295.68964,557.32117,319.67685,542.6623,311.6811,535.9992,313.01373,524.00555,410.2952,567.9821,419.62357,481.36163,495.58307,573.3126,526.2334,537.3318,46.48915,516.0098,123.78128,534.66656,305.01797,521.34033,523.5681,626.61755,542.22485,520.0077,515.5724,613.2913,548.888,464.03754,508.9093,559.9864,540.8922
0.6934674508296527,555.08484,97.771126,557.73895,85.82746,545.7953,87.15454,555.08484,88.48161,509.96432,88.48161,523.23505,149.52698,495.36652,154.83528,540.487,233.1326,515.2726,250.38455,563.04724,294.17798,555.08484,319.39236,539.1599,310.10284,532.52454,312.75702,519.25385,408.30627,568.3555,420.24994,478.11456,495.89313,572.3368,526.41583,536.5058,47.34234,512.61847,125.63966,532.52454,304.79456,516.5997,523.76166,625.4197,542.3407,515.2726,515.79926,612.149,548.9761,460.8626,511.818,560.3931,541.0136
0.7046486093447759,551.5037,99.14478,554.14404,87.263275,542.2626,88.58344,552.8239,88.58344,505.29785,89.90361,519.8197,149.31116,490.77603,155.91199,538.30206,232.48172,507.9382,250.96407,563.38525,295.84976,548.8634,322.2531,536.9819,311.69177,531.70123,315.65228,514.53906,410.70435,566.0256,421.2657,476.25418,499.15558,572.6264,528.1993,531.70123,47.65824,507.9382,125.548134,529.06085,306.4111,514.53906,524.2388,626.7533,542.7211,513.2189,516.31775,613.55164,549.32196,459.09198,513.6774,560.74493,542.7211
0.6935391655335059,546.1073,101.540054,548.736,89.71067,536.9067,91.02505,547.4217,91.02505,501.41852,91.02505,517.19104,151.48634,485.646,158.05823,535.5923,234.29204,501.41852,254.00768,559.25104,298.69644,540.8498,326.29834,538.221,313.1546,527.70605,317.09772,513.24786,411.7328,565.82294,422.2478,477.75974,501.11035,572.39484,527.3979,527.70605,50.279392,505.36163,127.827576,529.0204,309.21146,515.87665,526.0835,624.96985,541.856,514.56226,518.19727,613.14044,548.4279,459.3585,514.2541,561.8798,541.856
0.708899023441168,538.51404,103.7811,541.1528,91.90665,529.2783,93.22603,539.83344,94.54542,492.3356,94.54542,510.80698,155.23705,473.86426,164.47273,529.2783,239.67758,492.3356,260.78772,555.666,300.36923,534.5559,329.39566,534.5559,317.5212,524.0008,322.79874,504.21005,415.15558,559.62415,423.07187,472.54486,503.55426,572.818,527.30316,520.04266,52.325146,494.97437,132.80753,525.3202,313.56305,514.76514,525.98376,625.5933,541.8164,513.44574,519.38684,611.08014,549.73267,456.71225,518.0675,562.26294,543.13574
0.7278312903184158,534.50995,103.472786,537.14496,91.615074,523.9698,92.932594,537.14496,94.25012,488.39664,95.56764,509.477,156.1737,468.6338,165.39636,526.6048,239.17766,485.7616,262.89307,552.95526,297.14868,527.9223,331.4043,527.9223,315.594,513.42957,320.8641,497.6193,415.72577,554.27277,423.6309,469.9513,505.31732,572.71814,529.0328,516.06464,53.406902,493.66672,132.4583,517.38214,311.64145,510.79453,526.3977,625.41907,540.89044,509.477,521.1276,612.24384,548.7956,454.14102,521.1276,562.1779,543.5255
0.7214295806793066,529.8659,105.72165,533.8121,93.883156,520.6582,95.19855,533.8121,96.51393,486.4581,96.51393,503.55814,157.02179,466.7273,162.28334,523.28894,239.89124,481.19653,262.25284,554.8583,299.0837,520.6582,330.653,520.6582,317.49915,507.5043,321.44528,494.35043,414.83786,550.9121,424.04556,469.35806,505.59964,570.64294,527.96124,512.76587,55.736904,489.08887,133.3448,512.76587,312.23758,511.45047,525.33044,625.8892,539.79974,508.8197,520.0689,612.73535,547.692,453.5734,521.3843,561.43524,543.7459
0.7137084557459905,526.7446,105.81359,530.68146,94.00308,517.5587,95.31536,529.3692,96.62764,483.43945,97.93992,501.81134,156.99245,459.81845,166.1784,522.8078,238.35371,475.5658,263.28702,547.7411,297.40625,514.93414,332.83777,516.2464,314.46588,499.1868,319.715,491.3131,414.19904,545.1165,423.38498,467.6921,506.05853,570.04987,527.055,508.37274,55.947006,484.75174,134.68372,507.06046,310.52902,510.9973,525.74274,625.1655,537.5532,507.06046,519.18134,612.0427,545.4269,453.25705,523.11816,560.8639,542.8023
0.7300827617828662,523.12256,107.80433,527.05865,95.99589,513.9382,97.30794,525.74664,97.30794,478.51288,98.61999,499.50565,160.28629,453.58395,168.15858,517.8743,241.63332,471.95264,267.8743,546.73944,298.05142,511.3141,333.47675,517.8743,316.4201,495.56952,321.6683,487.6972,416.13583,538.8671,424.00812,466.70444,505.35516,569.04425,527.66,502.12976,56.634422,479.82492,136.6694,503.4418,311.1719,507.37793,523.7238,624.15027,536.8443,504.75385,517.1636,611.0298,546.0287,452.27188,522.4118,559.8599,544.7166
0.7264429170351762,521.0006,108.90293,523.62054,95.803375,510.521,97.11333,522.3106,97.11333,475.1522,98.42329,497.42142,161.30116,450.26303,170.47086,511.83093,243.82838,467.29245,272.6474,540.64996,298.84653,501.3513,338.1452,513.1409,315.87595,490.87164,321.11578,484.32187,415.4326,534.1002,425.91223,465.98248,504.50958,565.5391,526.7789,498.73138,55.19474,476.46213,136.412,500.04135,309.32617,506.59113,522.849,621.86725,535.94855,502.66125,516.2992,608.7677,545.1182,452.88293,521.539,558.9894,545.1182
0.7318285818283374,515.37335,109.69189,519.2835,97.96153,506.24976,97.96153,517.9801,97.96153,471.05872,99.26491,495.82278,160.5234,443.6879,168.34364,510.15988,243.93924,459.32837,271.31006,538.83405,299.98425,493.21603,339.08542,510.15988,314.32135,484.09244,319.53485,482.78906,417.28778,529.71045,425.108,465.8452,508.52383,563.59814,525.46765,495.82278,56.253616,473.66547,135.75934,494.5194,310.41122,507.55313,526.77106,619.6432,535.89465,503.643,520.2542,606.60944,545.01825,452.8115,525.46765,557.0813,543.7149
0.7259450497535559,509.32977,108.69951,513.29156,95.49347,498.76495,96.81407,511.97098,98.134674,461.78806,98.134674,489.52072,160.20305,434.05536,169.44727,502.72675,244.72166,451.2232,272.45435,531.78,301.50763,481.5971,338.48453,505.36795,316.03424,480.2765,321.31668,478.9559,419.04132,522.5358,425.64435,463.10864,504.88055,554.2303,526.0102,488.2001,55.875366,465.74985,136.43217,490.8413,309.43124,497.44434,527.3308,607.05444,537.8956,494.80313,518.0866,595.169,545.8193,451.2232,522.0484,544.9861,543.17804
0.7241184230034168,506.11414,107.43651,510.1109,95.44624,496.7884,95.44624,507.4464,96.778496,460.8176,96.778496,484.79813,159.39432,431.50806,167.38783,499.45288,243.32617,446.16284,268.63895,524.7657,303.2775,472.80786,336.58377,503.44965,313.9355,478.13687,319.2645,478.13687,417.8511,519.43665,424.5124,463.4821,504.44748,546.08167,525.7635,487.46262,55.4787,462.14984,134.08154,487.46262,307.27423,498.12064,527.09576,599.37177,539.086,495.45615,517.76996,586.04926,547.0795,452.8241,521.7667,536.7559,544.41504
0.7151974714719332,503.17633,106.03349,505.84317,94.03265,492.5089,95.36608,505.84317,95.36608,455.17297,95.36608,481.8415,159.37054,427.17102,168.70451,495.17575,243.37639,441.8387,271.37833,521.8443,303.38055,469.84067,339.38306,500.50946,315.38138,476.5078,322.04852,479.17465,416.72177,515.1772,426.05576,463.17352,503.39447,537.8454,527.3961,484.50836,55.3633,457.83984,135.36887,485.8418,308.71426,497.84262,526.06274,589.849,542.06384,495.17575,515.3953,575.18134,550.0644,451.1727,518.06213,528.5114,544.7307
0.7144306600093842,500.37302,105.62476,503.03918,92.29387,489.70828,93.62695,501.7061,94.960045,452.38177,94.960045,479.04358,158.94836,421.7207,169.61308,492.37448,245.5992,436.3847,270.92792,528.3679,302.92206,464.37958,340.24857,497.70682,318.91913,473.7112,325.5846,476.37738,420.23398,511.03772,426.8994,461.7134,505.55173,527.0348,529.5473,479.04358,52.30117,455.04794,133.61966,484.37592,309.58752,495.04065,529.5473,580.3584,544.2113,493.70755,518.8826,565.6944,553.54297,449.7156,521.54877,516.3701,545.54443
0.7072165826192269,496.64456,105.21742,500.63132,91.92824,486.0132,93.25716,500.63132,93.25716,448.8035,93.25716,476.7108,155.71632,420.8962,167.67659,489.99997,242.09601,432.85648,271.3322,524.5518,301.89734,458.10593,341.7649,495.31564,315.18652,471.3951,323.16003,472.72403,418.84216,504.61807,426.81567,459.43484,505.22183,516.5783,531.80023,480.69754,52.06069,452.79025,131.79579,480.69754,309.87085,491.3289,531.80023,569.73505,546.41833,488.67105,519.83997,556.44586,555.72076,448.8035,522.4978,503.28915,547.74725
0.6918524973667585,493.08072,105.510025,495.74786,92.1744,482.41223,93.507965,497.08142,93.507965,446.40604,93.507965,474.41086,157.51897,418.40125,168.18747,489.08005,242.86697,427.73618,266.8711,522.4191,302.8773,453.07385,338.88348,491.74716,316.21292,469.0766,324.2143,471.74374,418.89725,501.0821,428.23218,459.74167,501.57812,505.0828,533.5836,475.74442,52.167522,450.40674,132.18127,477.07797,312.21222,482.41223,533.5836,557.09174,550.9199,486.41293,522.9151,543.7561,558.9213,447.7396,517.5809,491.74716,549.58636
0.6618276708401166,487.32977,107.12244,490.0027,93.75775,477.9745,93.75775,490.0027,92.42129,439.2169,93.75775,469.95566,157.90823,411.15106,167.26352,488.66623,243.4422,419.16986,267.49863,520.74146,302.24683,443.2263,339.66794,491.33917,316.94797,461.93686,326.30325,473.9651,415.84662,485.9933,427.87485,464.6098,498.70767,479.31094,536.1288,469.95566,49.654297,443.2263,133.8518,473.9651,312.93857,524.75085,536.1288,532.76965,557.51227,519.405,522.7641,518.06854,564.1946,448.57217,517.4182,463.27332,552.1664
0.6958434237883642,485.22836,107.05288,487.9008,93.69075,474.53867,95.02696,487.9008,93.69075,438.46094,95.02696,467.8576,159.16518,407.72803,167.18245,487.9008,243.34657,414.4091,263.38977,519.9699,302.13992,437.12473,336.88144,493.24564,320.8469,459.84033,328.86417,511.95264,417.0542,477.2111,430.41632,478.5473,502.5718,469.19382,537.31335,465.18518,50.931946,441.13336,132.44092,474.53867,314.16583,523.9785,531.9685,523.9785,557.3565,518.63367,514.5977,509.2802,565.37384,469.19382,519.94257,458.50412,553.3479
0.7040233566210821,483.59003,106.57118,484.92615,93.209984,472.90106,94.546104,484.92615,93.209984,435.4897,94.546104,466.22046,157.34373,404.75894,166.69658,487.5984,242.85541,411.43954,265.56946,519.6653,301.64468,435.4897,340.39215,490.27063,320.35037,456.8676,328.3671,495.61508,416.551,474.23718,429.9122,475.5733,504.7349,459.53986,536.80176,463.54822,50.454147,439.49805,131.95746,471.56494,313.66977,516.99304,526.11285,514.3208,556.84357,512.9847,510.07938,498.28732,564.8603,471.56494,518.0961,447.51477,552.8352
0.730338685787641,480.89554,106.092064,483.56403,92.749596,470.22156,94.08384,483.56403,91.415344,432.86264,92.749596,464.88458,155.45921,402.17496,167.46744,484.8983,239.51678,410.18045,266.20172,518.25446,300.89215,431.5284,338.25107,487.56677,316.9031,452.87634,324.9086,503.57776,414.30316,470.22156,428.97986,468.88733,499.69498,448.87363,535.71967,460.88184,50.053688,436.8654,131.44276,468.88733,311.56613,512.9175,522.37714,500.90924,555.73334,510.249,511.7032,484.8983,562.4046,463.55032,514.3717,435.53113,550.39636
0.7231793816273029,475.06372,103.71186,477.75183,90.27127,464.31125,91.61533,477.75183,91.61533,428.02167,92.95939,464.31125,154.78609,395.76425,166.88261,485.8162,236.77365,405.17267,266.34293,515.38544,297.2563,426.6776,338.9221,477.75183,317.41718,442.8063,324.13745,471.03152,415.53345,453.55878,427.62994,464.31125,504.2413,437.43008,531.12244,454.90283,49.949516,432.05383,131.93709,460.27905,310.69687,510.00922,524.40216,493.88052,551.2833,505.97705,513.6497,477.75183,559.3477,458.935,519.02594,423.98947,548.5952
0.7468208693541013,472.77155,103.18538,475.4698,89.69421,461.9786,91.04333,475.4698,92.39244,425.55246,92.39244,464.67685,154.45181,393.17365,166.59387,486.26273,235.39882,402.61746,266.4285,514.5942,297.4582,424.20334,340.62994,476.8189,317.69495,439.04364,324.44052,470.0733,418.8787,445.7892,428.3225,464.67685,505.22217,429.59982,534.9028,452.5348,50.56982,430.9489,131.51683,457.93127,310.94937,510.5468,524.1098,480.86624,557.83777,507.84857,514.666,466.02597,564.5833,459.28036,522.7607,417.45776,553.7904
0.7266993362169999,470.9416,101.470024,472.2821,89.40542,460.2175,90.74593,472.2821,90.74593,422.6832,93.426956,461.558,153.74997,390.51093,168.49559,483.0062,232.84015,399.8945,269.03397,512.49744,294.50366,421.34268,341.42157,473.62262,314.61133,437.4288,323.99493,469.60107,416.4902,445.4719,425.87378,462.89853,504.96396,425.3642,535.7957,449.4934,50.530586,428.04523,132.30179,456.19598,307.90878,509.81644,525.07166,476.30365,558.5844,505.7949,515.68805,457.5365,566.6275,457.5365,522.3906,411.9591,554.56287
0.7235601934102865,469.05014,101.53624,470.40042,89.38352,456.8974,90.733826,469.05014,92.08412,420.43927,93.434425,460.94833,154.19801,386.6817,167.70103,482.55316,232.51553,397.48413,267.62338,509.5592,294.62943,419.08896,341.88998,470.40042,317.58456,433.9423,324.33606,467.69983,417.5069,436.64288,426.959,463.64893,505.27652,419.08896,536.3335,446.095,50.224762,425.84045,131.24289,452.8465,309.48276,509.5592,524.1808,466.34952,561.9892,505.5083,514.72864,447.4453,568.7407,458.2477,522.83044,406.93625,553.8874
0.7247629371973184,465.29,102.607445,467.99313,89.09176,454.47745,91.79489,466.64157,91.79489,417.98508,93.14646,455.829,152.61551,385.54742,166.1312,477.45413,233.70966,395.0084,266.1473,509.89178,295.88184,417.98508,340.4836,466.64157,318.85852,430.1492,325.61636,467.99313,417.52307,431.50076,429.6872,463.93842,506.72662,416.6335,539.1643,443.6649,49.896248,422.0398,130.9904,449.07117,310.7491,511.24335,524.29706,462.58685,563.49255,507.18863,514.83606,446.36804,571.6019,457.18057,522.94543,403.11783,556.7347
0.7050062314822123,463.8965,102.26089,465.24744,88.75167,454.44006,91.453514,465.24744,91.453514,416.61426,92.804436,453.08914,153.59592,384.19214,165.75421,473.35297,234.65123,393.6486,265.72244,504.42416,296.79364,416.61426,340.02313,462.5456,319.7593,426.0707,326.51392,465.24744,418.37662,427.42163,431.88583,463.8965,507.53745,413.9124,544.0123,442.28177,49.574936,420.66702,130.63025,444.9836,313.0047,511.17877,525.0994,459.84375,562.92523,507.126,515.643,444.9836,572.3817,457.1419,525.0994,401.75412,558.8725
0.6938885072102914,459.3467,102.44106,462.0413,90.3154,449.91562,91.66269,460.694,90.3154,412.1913,91.66269,445.87372,149.59645,378.5089,167.11131,467.43048,231.78156,390.63455,270.85315,493.0291,297.7991,416.23322,343.60718,459.3467,320.70312,418.9278,327.4396,464.7359,420.40308,421.62238,435.22336,463.38858,506.63007,413.5386,543.0071,440.48456,51.24379,413.5386,130.7343,439.13724,313.96664,510.54398,525.49225,464.7359,560.522,506.50208,513.3666,445.87372,569.953,456.6521,522.79767,401.41293,559.1747
0.6989146356399243,456.974,104.037994,459.6531,90.642395,447.59708,91.98196,459.6531,90.642395,410.08942,91.98196,440.89926,149.58302,376.6004,166.99728,460.99268,232.63571,388.65643,271.48294,491.80252,296.93457,414.1081,345.15872,455.63443,321.04663,415.44763,326.40488,462.3322,421.5136,419.4663,434.9092,462.3322,505.90585,414.1081,544.7531,440.89926,50.455612,411.42896,129.48962,435.54105,314.34885,509.2168,524.65967,465.01135,560.8278,505.19812,513.94324,447.59708,570.2047,455.63443,523.3201,403.3916,560.8278
0.7055393927372419,455.78595,103.8207,457.12463,90.43368,445.07632,91.772385,458.46335,90.43368,407.59265,91.772385,439.7215,149.33658,371.4477,166.7397,457.12463,233.67482,384.83472,271.15848,489.25348,299.2712,412.94748,344.7871,454.44724,320.69046,414.28616,327.38397,461.14075,421.0931,416.96356,435.81885,462.47943,505.43137,414.28616,545.5924,438.3828,50.272614,408.93137,130.59474,434.3667,313.99695,509.334,524.1732,463.81815,561.65686,503.97922,512.1249,446.415,571.0278,455.78595,521.4958,403.57654,561.65686
0.7091511350411636,454.46707,104.53681,457.15445,92.44371,443.71765,92.44371,457.15445,91.10004,407.43835,91.10004,439.6866,150.22185,368.4717,167.68965,455.81076,236.21722,381.90848,271.15283,485.37167,302.05743,410.12573,343.71143,450.43604,320.8689,410.12573,326.24362,459.8418,420.30106,414.15674,433.73782,462.52914,504.95276,412.81308,545.26306,436.99927,50.789703,407.43835,130.06668,431.62457,312.80685,509.55786,523.7642,459.8418,562.7309,505.52682,511.67114,442.374,570.79297,455.81076,521.0769,402.06366,561.3872
0.701773430292423,451.06122,105.2264,453.74106,93.16703,441.6817,93.16703,455.081,91.8271,404.16364,91.8271,434.98203,150.78404,366.64557,168.20314,451.06122,239.21945,380.0449,271.37778,471.16016,302.1962,408.18344,343.73404,445.70148,320.95523,405.50357,326.31494,456.42093,420.11008,412.20322,433.5094,461.78064,504.5257,412.20322,544.72363,434.98203,50.289253,404.16364,130.68509,426.94244,312.91565,508.67822,523.2847,463.12057,559.4628,503.31848,511.22534,447.0414,570.1823,453.74106,521.9448,402.8237,562.1427
0.6828571076576526,450.15463,104.32662,452.8294,90.95267,439.45544,92.29006,454.1668,90.95267,402.00836,90.95267,431.4311,151.13548,364.56128,167.18423,442.13025,240.74101,377.93524,271.5011,468.87817,303.5986,410.03275,345.0579,442.13025,319.64737,402.00836,324.99695,452.8294,419.95206,410.03275,433.32602,460.8538,504.208,410.03275,545.6673,434.10587,49.493393,403.34576,131.07454,422.0693,312.9604,509.00006,521.5941,462.1912,559.04126,503.65045,510.895,447.47983,569.7404,452.8294,520.2568,400.67096,561.716
0.6791167992811936,448.63892,103.60332,451.33682,90.11388,439.19632,91.46282,452.68576,90.11388,401.42587,91.46282,428.40475,153.51424,362.30652,167.00368,440.54526,241.19559,375.79596,270.87234,475.6178,303.247,406.82166,345.06427,440.54526,319.43433,398.728,324.8301,451.33682,419.25616,406.82166,432.7456,460.77942,502.8907,410.8685,546.0569,432.4516,49.64556,401.42587,131.93114,420.3111,312.6896,510.69034,520.42694,468.87308,556.84845,505.29456,509.6354,451.33682,567.64,452.68576,519.078,402.77484,562.2442
0.6829555458747424,445.2867,104.472664,448.00153,90.89855,434.42743,92.25597,450.71634,90.89855,397.7773,92.25597,430.3552,151.98206,358.41238,168.271,446.64413,237.49898,373.3439,270.07684,490.08127,301.2973,403.20697,343.37704,438.49966,321.65848,395.0625,325.7307,449.35895,419.3921,400.49213,434.3236,458.8608,500.83676,409.99402,545.63135,428.99777,48.818806,399.13474,131.6209,416.78107,313.514,507.72763,518.4831,464.29047,557.848,502.29797,507.6238,448.00153,568.70734,452.07376,517.1257,401.84955,561.9203
0.6554390994402078,443.2196,102.95785,445.92303,90.79241,433.7576,90.79241,448.62646,89.4407,395.90958,92.14413,422.94388,152.97128,358.06158,166.48843,435.1093,239.48103,371.5787,271.92218,458.08847,303.01163,402.66815,346.2665,431.05417,321.93564,390.50272,327.3425,447.27475,417.90738,397.2613,434.12796,459.4402,501.71368,408.075,546.32025,425.6473,47.53754,395.90958,131.34386,410.77844,313.82535,508.1019,517.93427,468.9022,555.7823,502.69504,508.47226,449.97818,567.9477,451.3299,516.5826,399.96472,562.54083
0.6768308327748225,442.5965,105.71118,445.28943,92.24644,431.82468,93.59291,446.6359,90.89996,394.12338,92.24644,422.39935,155.53075,355.07562,167.64902,435.8641,239.01218,369.88684,269.98108,456.06122,302.29648,396.81635,342.69073,430.4782,325.18655,392.77692,329.22598,445.28943,422.13272,396.81635,435.59747,456.06122,502.9212,406.24167,546.0084,422.39935,49.15925,394.12338,131.2942,411.62756,314.41476,505.8808,517.7324,460.10065,556.7802,500.4949,508.3071,445.28943,567.552,449.32886,519.0789,399.5093,560.81964
0.6723439521514453,438.209,105.350586,442.21954,91.982216,427.5143,91.982216,443.55637,90.64538,390.0829,91.982216,415.4828,154.81358,355.3251,166.84512,427.5143,240.37119,367.35663,272.4553,450.24057,304.53937,396.76706,347.31818,427.5143,324.59195,391.4197,329.9393,443.55637,420.84424,396.76706,434.21262,454.25107,503.72818,407.46176,546.50696,420.83014,46.52974,391.4197,130.7505,407.46176,315.23407,503.71405,519.7702,470.29312,554.528,497.02988,509.07553,452.91425,566.5595,447.5669,519.7702,400.7776,562.549
0.6667946393673236,436.32895,104.36984,439.02405,90.89421,425.54843,92.241776,443.06674,89.546646,389.1642,90.89421,414.7679,151.53456,354.12756,166.35776,425.54843,237.77863,363.56052,272.81528,447.10944,301.1141,391.85934,350.97394,425.54843,321.32755,389.1642,326.7178,441.71918,419.69968,395.90204,433.17532,451.15213,505.94373,408.0301,546.37067,418.8106,46.42462,389.1642,129.97356,406.68256,313.24216,501.012,522.1145,470.01804,554.456,492.9266,509.98642,453.84726,566.5841,443.06674,522.1145,399.94473,562.5414
0.6924049980365313,431.51254,102.627594,434.21082,89.1362,420.71942,90.485344,438.25824,87.78706,385.6418,90.485344,408.57718,152.54573,350.5642,164.68797,419.3703,238.89061,362.70645,271.26993,439.60736,304.9984,391.03836,346.82172,420.71942,323.88635,386.99097,329.2829,435.55997,421.02432,393.73666,435.86487,442.30563,508.71835,408.57718,545.1451,413.97372,44.614624,384.2927,129.61037,403.18063,314.44238,493.5729,520.8606,470.63757,550.5416,485.4781,511.41663,459.84445,564.033,436.9091,523.5589,401.83148,564.033
0.6815332586948688,431.0362,104.30286,433.72583,89.50974,420.27756,90.85457,435.07068,89.50974,383.96716,92.1994,406.82925,152.71669,351.69128,166.16498,417.5879,240.13057,362.4499,272.40646,437.7603,303.33752,389.3465,349.0617,421.62238,324.8548,388.00165,331.57892,435.07068,420.33765,394.7258,435.13077,439.10516,506.40668,408.1741,544.0619,412.2086,45.13039,383.96716,131.19943,402.79477,315.44098,487.51898,521.1998,468.69138,550.786,480.79486,510.44116,459.2776,562.88947,432.381,522.5446,400.1051,560.1998
0.6837995361823302,429.70578,104.311066,432.38,89.602844,419.00888,90.93996,433.7171,89.602844,381.5698,92.27707,408.312,153.78415,348.14203,167.15526,419.00888,239.35922,360.17603,271.4499,440.40265,302.20343,388.25534,347.66516,420.346,326.27142,386.91824,331.61984,432.38,422.54337,393.6038,435.91446,435.05423,509.45554,408.312,542.8833,409.6491,45.4782,382.90692,131.05327,402.96356,315.57452,484.5273,525.50085,468.482,550.906,477.84177,514.804,457.7851,561.60284,429.70578,524.16376,401.62646,558.92865
0.6874524286160102,427.84756,103.36698,430.53452,89.93233,417.09985,91.275795,433.22144,89.93233,380.8263,92.61926,405.00867,153.07521,347.23965,167.85333,414.41293,239.05699,360.67432,269.9567,438.5953,303.54333,387.5436,346.53424,419.78677,325.0388,387.5436,330.41266,430.53452,421.7683,394.26093,433.8595,431.87796,507.7501,407.6956,538.6498,409.03906,46.941437,380.8263,130.2363,402.32175,314.29105,481.58618,525.21515,468.15155,550.74097,474.86887,514.4674,456.06036,560.14526,426.50412,522.5282,399.6348,556.11487
0.6829372839285777,427.7192,103.37545,430.4005,89.9689,416.99396,91.309555,431.74115,89.9689,379.45563,91.309555,402.24677,155.661,347.2799,167.72688,412.972,241.4629,360.68646,273.6386,438.44443,308.49564,387.49954,350.05594,419.67526,327.2648,387.49954,332.62744,429.05984,425.13263,394.20282,435.85785,430.4005,509.59387,408.95004,539.08826,407.60938,45.72729,379.45563,131.5292,402.24677,315.1989,480.00473,528.36304,467.93884,551.1542,473.30145,518.97845,457.2136,561.8794,425.03787,524.34106,400.9061,556.5168
0.6731210282215705,426.3561,103.573265,429.0187,90.26016,415.70563,91.59148,430.35004,90.26016,377.09763,91.59148,398.3986,156.82567,347.8088,168.80746,411.7117,244.69214,361.1219,275.3123,437.0066,311.25766,389.0794,351.19696,418.36823,327.23337,389.0794,333.88992,431.68134,424.419,395.73596,436.40082,430.35004,506.96024,409.04907,537.5804,406.38644,44.99562,377.09763,131.53078,402.39252,317.9142,478.2772,526.9299,468.958,550.8935,468.958,514.9481,458.30753,560.21265,425.02478,521.6047,401.06122,556.2187
0.6720058895074404,422.15002,100.73494,424.82648,88.69092,411.4442,88.69092,428.84116,88.69092,372.6357,91.36737,399.4002,156.94037,343.19476,171.66084,414.12067,241.24852,359.25348,274.70413,436.87048,306.8215,388.6944,349.6447,418.13535,326.8949,387.35617,332.24777,428.84116,421.9088,394.0473,435.29108,428.84116,504.87875,407.42957,538.33435,399.4002,44.52951,373.97394,131.5141,403.4149,314.85086,474.3408,522.2757,468.98788,551.7166,470.3261,510.23166,454.26743,561.08417,423.48825,519.59924,402.07666,554.39307
0.6569542288780212,421.27893,100.39547,422.6169,88.35377,410.5752,88.35377,425.29282,88.35377,371.77417,91.0297,398.5335,155.2521,342.3389,171.3077,414.5891,239.544,359.73248,272.99316,437.33453,303.7664,390.5057,346.58133,417.26505,325.17386,386.4918,330.52573,429.30673,420.1695,393.18164,433.54916,429.30673,501.78546,407.89926,537.9106,398.5335,41.524933,373.11212,131.1687,401.20944,314.47012,474.7976,517.84106,468.10776,551.2902,468.10776,505.79938,453.39014,560.656,425.29282,516.5031,401.20944,555.30414
0.6624665065453603,419.9962,100.02164,421.33774,87.947716,409.26382,87.947716,425.3624,87.947716,370.35895,90.630806,395.84836,156.36662,343.52798,169.78209,413.28845,240.8841,359.62656,273.08124,436.09476,306.6199,390.48215,348.2079,417.3131,326.74313,386.45752,330.76776,428.04547,420.65143,394.5068,434.0669,429.38702,503.82736,409.26382,536.0245,397.18988,42.335106,373.04205,130.87723,401.21454,316.01074,474.99963,521.26746,469.63345,549.43994,469.63345,507.852,456.218,558.8308,424.02084,518.58435,402.5561,553.4646
0.6589292929722712,419.1723,100.25338,421.85687,86.83046,408.43396,88.17275,425.88376,86.83046,369.50748,89.515045,399.0379,155.28735,341.31937,170.05257,415.14542,239.85175,360.11145,272.06674,440.64896,305.62405,392.32645,347.2351,417.83,327.1007,385.615,331.1276,427.22604,422.40344,393.66873,434.48407,428.56833,505.62555,407.09167,537.8406,395.01105,41.19253,372.19208,131.1261,403.0648,315.02008,474.20627,524.41766,467.4948,551.2635,468.8371,512.33704,452.72958,560.65955,423.19916,520.39075,400.3802,555.29034
0.6506400406360626,417.88647,99.63556,419.23453,87.50292,407.1019,88.85099,423.27875,87.50292,369.35593,90.199066,396.31732,153.5584,342.3945,168.38718,415.1903,238.48686,359.91943,270.84055,438.1075,304.54233,392.27313,344.98447,417.88647,322.06726,385.53278,327.45953,427.32297,419.12836,393.6212,429.91293,430.0191,505.40488,409.79803,537.7586,396.31732,43.016582,372.05206,129.29312,401.70963,312.63077,477.20157,520.23364,470.4612,551.2393,470.4612,508.10104,455.63245,560.6758,425.97488,521.5817,403.05768,556.6316
0.658524860556309,417.05267,98.24751,419.75253,86.0981,407.60312,87.44804,423.80234,86.0981,368.45502,88.797966,398.15356,152.2449,341.4563,168.44412,417.05267,237.29082,360.3554,271.03918,441.3515,306.13748,394.10376,346.63553,418.4026,322.3367,384.65424,327.73645,429.2021,419.532,394.10376,430.3315,430.552,505.92786,410.30298,538.3263,396.80365,41.550243,372.50482,129.29602,402.20337,312.88718,476.4498,523.477,469.70013,551.8256,471.05005,511.3276,456.20078,561.2752,426.5022,522.1271,403.5533,557.2254
0.6520918630636655,418.64758,98.18348,420.0057,84.60222,407.78256,85.96034,424.08008,85.96034,368.3969,88.6766,394.2013,155.2248,342.5925,170.16418,410.4988,242.14488,360.24814,273.38177,439.01947,307.33496,394.2013,348.07874,415.93134,322.27435,386.05255,327.70685,428.15445,418.70132,394.2013,428.2082,429.51257,505.6214,409.1407,536.85834,394.2013,41.142174,371.11316,129.4204,400.99194,314.12558,479.76324,517.84454,472.97263,547.7233,472.97263,505.6214,459.39136,558.5883,425.4382,519.2027,403.7082,555.8721
0.6550697902074227,418.35504,97.65478,421.0632,84.11397,407.5224,85.46805,426.47952,84.11397,366.89996,89.53029,398.04382,154.52617,342.52652,170.77513,414.2928,242.54141,361.48364,275.03934,441.37442,307.5373,396.68976,346.80563,417.00095,325.14032,384.50302,329.20258,429.18768,421.28006,393.9816,432.1127,430.54178,505.23306,410.23056,535.0228,392.6275,40.783386,372.31628,128.79863,402.10608,315.66177,479.28867,520.1279,472.51828,548.56366,472.51828,506.58713,460.33154,559.3963,425.12546,518.77386,403.46014,553.98
0.6476058077353698,418.49384,98.233246,419.8478,84.69349,406.30804,86.04747,425.2637,84.69349,367.0428,90.10939,398.1842,153.74622,341.31726,169.99393,415.7859,241.7546,361.6269,272.89603,442.8654,308.09937,396.83023,346.01068,418.49384,322.9931,385.99844,328.409,430.6796,419.12534,395.47626,429.95712,430.6796,504.42575,410.36996,535.5672,394.12228,41.36629,371.1047,129.37466,402.24612,314.86926,479.4227,517.9655,472.65283,547.753,472.65283,505.77972,459.11307,558.5848,425.2637,517.9655,402.24612,554.5228
0.646308972285344,418.3009,98.8937,419.65408,85.36199,407.47552,88.06833,426.41992,88.06833,370.9399,90.77467,395.297,155.72688,345.22968,167.90543,412.8882,243.68301,361.4677,270.74643,437.2453,314.0479,398.00333,343.81766,419.65408,320.81375,387.17798,326.22644,430.47943,418.2421,395.297,430.42062,430.47943,507.55136,411.53503,535.96796,398.00333,44.766857,372.2931,130.01663,402.06287,312.69473,477.84042,517.02356,471.0746,549.4997,469.7214,504.84503,460.2492,560.3251,423.7136,521.08307,403.41602,556.26556
0.6546722581753364,416.15253,98.773384,418.8512,85.28014,406.70728,86.62946,421.54984,86.62946,368.92618,90.67744,394.56335,154.09567,344.63837,168.93825,414.80322,240.45242,362.17957,274.18555,441.7897,311.9666,399.96063,343.00107,421.54984,320.06256,386.4674,326.80917,433.69376,418.56323,395.9127,430.70715,429.64578,506.2693,409.4059,535.9544,394.56335,42.101765,370.2755,129.80785,402.6593,313.31595,478.22147,521.1119,471.47482,549.4477,471.47482,508.96796,457.9816,560.24225,424.24847,519.7625,402.6593,554.845
0.6547327912770785,417.23196,98.704445,419.93445,85.19208,406.4221,86.54331,423.98816,86.54331,367.2362,90.59702,395.61218,155.4564,342.91394,168.96878,415.88074,241.9356,360.48,271.6628,442.9055,310.8487,401.01712,340.5759,421.28568,321.65857,386.15353,327.06354,430.74435,417.59644,394.26096,432.46002,430.74435,506.77808,411.82703,536.5053,394.26096,43.303722,371.28992,129.7829,403.7196,313.55115,479.3889,518.9392,471.28146,548.66644,469.93024,505.42685,460.47156,559.4763,425.3394,520.29047,403.7196,555.4226
0.6663178572287927,414.8523,97.22269,418.89856,85.08389,404.06226,86.43265,422.94482,87.7814,367.64587,90.47891,394.62097,152.52164,344.71704,166.00919,414.8523,236.14444,356.85583,268.51456,437.78113,304.93094,401.36475,337.30106,422.94482,313.02347,385.1797,321.116,429.6886,418.22635,395.96973,431.7139,431.03735,508.59293,410.80603,538.2655,395.96973,43.27249,371.69214,129.5928,404.06226,308.9772,480.94128,520.7317,470.15125,551.75305,471.5,509.94168,459.3612,562.5431,426.9911,522.08044,402.7135,558.4968
0.635693799990874,414.3412,97.87483,415.6859,85.7721,403.5832,87.11685,417.03067,88.46159,367.275,91.15109,395.5147,157.04375,343.06952,167.80174,418.37543,241.76288,356.517,270.0026,464.09686,294.20807,407.61743,330.51627,423.75443,314.37927,383.41196,321.10303,431.8229,416.58014,395.5147,431.37238,429.13342,506.67825,410.30695,537.6075,392.8252,42.740158,371.30923,130.14879,403.5832,310.34503,476.1996,520.12573,472.16534,551.05493,470.82062,509.36777,458.71786,560.4682,425.09915,520.12573,402.23843,555.0892
0.6416335575855695,414.45645,97.83415,417.14584,85.73198,405.04367,87.07667,417.14584,88.42136,367.3925,91.110725,395.63086,155.65562,343.18814,166.4131,419.8352,237.68143,351.25626,265.9198,460.17575,283.40073,409.07773,322.3966,419.8352,314.3285,382.18402,321.0519,430.59268,415.17987,391.5968,429.97144,427.90332,505.2738,410.4224,536.20154,392.9415,42.702053,372.7712,130.1066,401.0096,308.94974,479.00134,516.0313,472.27792,549.64844,469.58856,502.58444,460.17575,559.0612,423.86926,518.72064,402.3543,553.6825
0.6613522458534974,414.34512,98.241234,415.68723,86.162254,403.60825,87.504364,418.37143,88.846466,367.37128,91.530685,395.55557,157.29405,344.55542,166.68881,419.71353,235.13638,349.92386,263.32068,457.2926,274.05756,413.003,315.66293,419.71353,315.66293,382.1345,322.3735,426.4241,416.32114,394.21347,431.08435,429.1083,507.58456,411.6609,535.76886,392.87137,43.214752,372.73972,130.45186,399.5819,310.2945,480.10846,518.3215,470.7137,549.18994,472.05582,507.58456,458.6347,558.5847,426.4241,521.0057,403.60825,554.5584
0.6940277723165659,414.9461,98.11341,417.63654,84.66134,404.18445,87.35175,420.32693,87.35175,367.86386,91.387375,394.768,154.61212,344.99533,166.719,417.63654,228.59854,346.3405,260.8835,457.99277,258.1931,412.2557,305.27536,416.29132,316.03702,382.66113,321.41785,423.01736,418.2728,394.768,430.37967,428.3982,508.40167,410.9105,535.30585,392.07758,42.959908,373.2447,129.05319,398.80362,309.31097,480.86127,523.199,470.0996,548.75793,472.79004,511.0921,459.33795,558.1744,425.70776,524.5442,402.83923,554.13873
0.7078989583712357,414.95428,98.51135,417.63718,85.09696,404.22278,86.4384,420.32004,87.77984,366.6625,90.462715,394.8327,156.19322,343.85803,165.5833,417.63718,227.28949,341.17514,256.80115,457.88034,247.41109,412.27142,295.70288,417.63718,317.16592,382.75977,322.53168,424.34436,419.11526,393.49127,431.18823,428.36868,508.9917,409.58853,535.8205,392.14984,43.512352,372.02826,129.36446,400.19846,310.4587,479.34335,523.7475,468.61185,549.23486,471.29474,510.33313,457.88034,559.9664,425.6858,523.7475,401.53992,554.6006
0.7001774998811575,414.51627,97.20343,417.21228,85.071396,403.73224,86.4194,419.9083,86.4194,365.98813,90.46341,394.2962,153.81958,343.07208,164.60362,421.2563,219.87177,337.68005,250.87585,465.74042,236.04782,410.47226,272.4439,418.56027,314.23203,383.51218,319.62405,425.3003,415.3323,394.2962,428.81235,429.3443,505.64856,410.47226,533.95667,391.6002,41.935276,371.38016,129.55553,401.03622,307.492,477.87244,519.1286,471.13242,547.4367,471.13242,502.95255,459.0004,556.8727,425.3003,517.7806,402.38425,551.4807
0.6956233450999627,413.651,98.40299,417.69092,86.283264,402.87793,87.6299,420.3842,87.6299,366.51874,90.32317,393.45148,152.26845,342.2793,164.38818,419.03757,215.56036,336.89273,249.22627,459.43665,227.68008,412.30438,261.346,414.99765,315.21146,382.67838,319.25137,423.07745,414.86255,393.45148,428.32892,429.81064,506.43384,410.95773,534.7132,392.10483,43.1909,371.90527,129.37563,398.838,307.13162,479.6362,521.2468,472.903,548.17957,471.5564,505.0872,459.43665,557.606,425.77075,519.9002,402.87793,553.5661
0.6921858661449872,413.77094,97.67301,417.82016,85.525345,404.32272,86.875084,419.1699,88.22482,367.87973,89.57457,396.2243,154.36212,342.23468,163.8103,415.12067,220.4994,339.5352,247.49422,452.9134,224.54863,413.77094,246.14449,419.1699,314.98126,384.07663,320.38022,425.91858,417.56152,393.5248,428.35947,429.9678,507.99417,409.7217,536.3387,393.5248,43.683384,373.27872,127.3673,401.62326,306.8828,479.9082,524.19104,469.1103,551.18585,471.80978,510.69363,455.61288,561.98376,424.56885,522.8413,401.62326,555.2351
0.6850271706397717,413.38037,98.45273,417.4246,86.320045,402.59576,87.66812,418.77264,89.0162,366.1977,89.0162,395.85538,153.72385,341.93234,163.16037,413.38037,225.17186,336.54004,245.393,455.17072,219.77956,409.33612,233.26031,418.77264,312.79678,383.7227,318.1891,425.51303,416.59863,393.1592,428.73132,429.55725,508.2678,409.33612,536.5774,393.1592,44.529694,372.93808,126.76232,401.24768,306.0564,479.43607,523.0966,468.65146,551.40625,471.34763,510.96393,456.5188,560.8428,424.16498,523.0966,399.8996,555.45044
0.6824169250635,411.93427,98.30377,415.96268,86.21855,401.19183,87.561356,417.30548,88.90416,364.9362,88.90416,397.16342,153.35867,340.76575,162.75829,413.27707,223.18439,335.39453,243.32642,453.56113,209.75636,403.87744,224.52719,419.9911,311.80933,382.3926,317.18054,424.01947,412.5195,391.79224,425.94754,428.04788,503.83008,409.24866,533.3717,391.79224,44.591682,372.99298,126.502625,401.19183,303.75253,477.73157,518.6009,469.67477,548.1425,469.67477,503.83008,458.93234,557.5422,422.67667,518.6009,401.19183,553.51373
0.6896992990603814,412.48236,98.81317,416.51523,86.71452,403.0723,88.05882,417.85953,89.403114,366.77637,89.403114,396.35083,152.58493,341.23477,163.33928,413.82666,219.79962,335.8576,243.99692,451.4669,202.3238,397.69513,217.11104,420.54813,312.5559,384.2522,317.93307,425.9253,413.37796,393.66223,426.8209,428.6139,504.78995,409.79376,534.36444,393.66223,43.69712,372.15353,127.04334,401.728,304.49014,478.35275,519.57715,468.9427,547.8074,470.287,504.78995,456.84406,557.2174,424.581,518.2329,401.728,553.1845
0.687052825322518,412.54004,98.74074,416.55554,86.69427,401.83206,88.03276,419.2325,88.03276,367.03113,90.70976,395.1396,148.26514,342.93817,161.65012,408.52454,216.52849,337.5842,241.95993,447.34097,191.09705,397.81656,203.14352,420.571,311.5618,384.4316,316.91577,427.26352,413.28757,395.1396,426.67255,429.9405,504.3054,409.86304,535.0908,391.12408,42.52386,372.38513,126.84918,403.17056,303.53082,479.4649,520.3674,470.09543,549.8143,471.4339,505.6439,456.71045,560.5223,425.92502,517.69037,401.83206,555.1683
0.6901118720953281,413.25958,98.07921,417.2742,84.69714,402.55392,86.035355,421.28882,87.37356,366.42233,90.04997,399.8775,147.59285,343.67282,162.31313,410.58316,217.1796,338.32,241.2673,445.37653,182.38623,398.5393,197.10649,421.28882,312.19226,385.15723,316.20688,427.97986,412.55774,394.5247,425.93982,429.31805,503.5558,410.58316,534.33453,390.51007,41.87454,373.11337,126.18155,403.89212,302.8248,476.15527,520.95245,468.12604,549.0548,468.12604,506.2322,456.08218,559.76044,425.30344,516.93787,402.55392,554.40765
0.6845015849058445,413.43787,98.13018,417.45145,84.7515,402.73492,86.08937,421.46506,87.42724,366.6125,90.102974,402.73492,147.63129,342.53085,159.67209,413.43787,218.53827,338.51727,239.94415,444.2088,173.05078,400.05917,193.11879,422.80292,310.85114,385.34262,316.20264,429.49225,412.5291,397.38342,425.90778,429.49225,502.16623,409.42426,535.6129,390.6941,41.939735,373.30182,126.2254,404.07278,302.82394,476.31763,519.55853,468.29044,551.66736,468.29044,503.5041,456.24963,561.0324,425.47867,516.8828,402.73492,555.68097
0.6865674864787322,413.04294,98.199234,417.05002,84.84225,402.35733,86.17794,422.39282,86.17794,366.2935,91.52074,407.70013,146.28438,342.25092,159.64137,418.3857,218.41211,339.5795,241.11899,447.7711,160.97707,399.68594,189.02673,423.72852,311.911,386.32895,317.2538,429.07132,413.4241,397.01456,426.7811,429.07132,502.9159,410.37152,533.63696,390.33606,42.099888,374.30768,126.2489,405.02875,303.89682,477.15646,521.61566,469.14227,551.00104,469.14227,504.25162,457.12097,560.35095,425.0642,516.2729,403.69302,553.6725
0.685240965623122,413.70294,98.22139,417.71698,84.84131,402.99887,86.17931,420.393,87.51732,366.87265,90.193344,404.33688,147.72772,342.78848,158.4318,417.71698,218.6422,337.43646,240.05034,448.49118,159.7698,397.64685,187.86798,423.06903,310.9648,386.94278,316.31683,429.75906,413.9915,396.30884,427.37158,431.09708,503.6381,409.68893,537.0883,390.9568,43.36303,373.56268,126.31958,404.33688,302.93677,477.92737,521.0322,468.5613,553.1444,469.89932,504.9761,455.1812,562.5105,427.08304,519.6942,402.99887,555.82043
0.6860547363758087,413.11377,98.428925,417.12842,85.0468,402.40808,86.38501,421.14307,87.72322,366.27634,90.39965,403.74628,146.60458,342.1885,159.98671,417.12842,218.86806,339.5121,240.27946,449.2455,159.98671,398.39343,186.75096,422.48126,311.20474,386.34952,315.21936,429.17233,414.2471,397.05524,426.29102,430.51056,505.24554,410.43735,536.0245,390.36417,44.900417,374.3056,127.8696,405.0845,303.17545,477.348,521.3041,469.31873,550.7448,470.65692,506.58377,455.93658,561.4505,425.15768,521.3041,403.74628,556.09766
0.683145502438912,412.55148,98.93465,416.57574,85.520485,401.82016,86.8619,420.6,88.203316,365.6019,92.22757,407.18582,148.56708,341.4564,160.63983,423.28284,221.00359,340.115,239.78342,452.794,164.66408,400.47873,187.46815,424.62424,312.21994,387.06458,317.5856,429.9899,415.50903,397.7959,427.5818,431.33133,504.04254,409.86865,536.2365,388.406,43.93656,374.99182,128.44582,405.84442,304.17142,476.9395,521.48096,468.891,552.33356,470.23242,508.06677,455.47684,561.72345,425.96567,520.1395,403.1616,556.3578
0.6843628826049658,411.43356,97.991425,415.45425,85.92935,402.05197,87.26958,419.47495,88.60981,365.86572,91.29027,404.73242,148.92018,341.74158,160.98225,419.47495,222.63287,339.06113,241.3961,447.6198,169.02365,398.03128,191.80757,424.83588,311.08807,387.30942,316.449,430.1968,414.28583,398.03128,426.34793,431.53702,504.0813,410.09335,536.2468,388.64966,44.382202,372.5669,127.476494,406.07266,303.0467,477.10486,521.5043,469.06348,550.9894,470.40372,508.102,455.6612,560.371,426.17612,521.5043,403.39218,556.3503
0.6815052708754172,412.40387,97.61181,416.41498,84.24148,403.04465,85.57851,419.08905,88.25258,366.94476,90.92664,403.04465,149.7561,342.87814,160.45238,417.752,220.61887,341.5411,239.33734,447.16675,171.14864,400.37057,191.20413,423.10016,311.53714,387.00024,315.54822,431.12234,413.15167,397.6965,425.18497,429.7853,502.73288,411.06683,534.8217,389.67432,42.793446,373.6299,127.02654,405.71872,302.1779,476.58148,522.7884,469.8963,549.52905,469.8963,510.7551,456.52597,558.8883,424.4372,520.1143,403.04465,554.8772
0.6814242062660364,412.86346,97.52698,416.88315,84.128006,403.4842,86.8078,418.22305,88.1477,367.30698,90.82749,402.1443,149.78296,343.1888,160.50214,415.54324,219.4576,341.84894,238.21616,447.70078,167.20161,402.1443,192.65965,423.58264,311.9105,387.40543,315.93018,430.2821,413.74265,398.1246,427.1416,430.2821,503.51575,410.18365,535.6733,388.7453,43.9311,372.66656,127.00471,404.82407,302.5312,477.1785,524.9541,470.47903,550.4121,470.47903,512.895,457.08005,559.7914,423.58264,520.9344,402.1443,554.4318
0.6859514908148692,412.11612,97.42228,416.141,85.34766,402.72473,86.68928,418.82425,89.37253,367.84247,90.71416,401.38312,151.0873,342.3516,159.13704,412.11612,220.8518,341.00998,239.63457,445.65674,173.89493,401.38312,195.36093,422.84912,310.74072,386.62524,314.7656,429.55725,414.04587,397.35825,426.12048,429.55725,503.93475,409.43286,534.7921,390.65012,43.757267,371.86734,128.27966,405.408,302.69095,477.85574,526.7424,469.806,550.89166,471.14764,514.6678,456.38974,560.283,424.19073,520.03424,402.72473,554.9165
0.6834974552576358,412.76373,97.5859,416.78546,84.18017,402.03915,85.52074,418.12604,88.20189,365.84366,90.88303,402.03915,149.86826,341.71335,160.59285,415.4449,220.91864,340.37277,241.02725,448.95923,176.67972,400.69858,195.44775,423.4883,312.07764,385.95227,316.09937,430.1912,415.3018,398.01743,426.02637,430.1912,503.7796,410.08258,534.6128,388.63342,42.622395,372.54654,127.078514,406.06088,302.6936,477.11127,526.56934,469.0678,550.6997,471.74896,514.5042,455.66208,560.0837,424.8289,519.8665,402.03915,553.3808
0.6808244150418502,413.96634,97.729935,417.98663,84.328964,403.24557,85.66907,420.66684,87.00916,367.06296,91.02945,403.24557,148.65361,342.94122,160.71448,413.96634,219.67874,340.26102,241.12029,446.12866,174.11545,400.56537,195.55699,423.34702,310.8053,385.8243,316.1657,430.04752,413.99277,397.8852,426.05362,430.04752,503.77924,409.94608,534.60144,388.50452,42.78597,373.76346,127.21206,404.58566,302.76474,478.291,525.22076,470.25043,550.6826,470.25043,513.1599,456.84946,560.0633,423.34702,518.5203,401.9055,554.70294
0.6846642815149747,414.8544,96.293655,417.5386,82.87256,404.11752,85.55678,421.56494,88.241,366.53845,90.92522,405.45963,148.63593,343.7226,160.71492,418.8807,219.76773,339.69626,241.24149,447.065,170.10968,400.0912,195.60977,422.90704,311.0312,386.67007,315.05753,430.9597,413.03152,397.40695,425.1105,430.9597,502.95285,410.82806,533.82135,389.3543,42.609276,374.5911,127.16218,405.45963,302.97852,477.93353,524.42664,469.8809,548.5846,471.223,509.6634,457.80188,557.9794,425.59125,519.05817,402.7754,553.953
0.6818164839194372,413.9963,96.50107,418.01706,83.098564,403.27432,85.77907,422.0378,87.119316,365.74728,91.14007,405.9548,148.77086,342.963,160.83311,418.01706,219.80417,340.2825,241.24817,447.5026,168.87462,400.5938,195.67964,423.37808,310.94122,385.85104,316.30225,430.0793,412.8003,396.57306,424.86255,430.0793,502.5971,409.97556,534.7631,388.53156,41.55078,373.7888,127.32684,404.61456,302.89972,478.32837,525.3814,470.28687,549.5059,471.6271,513.31915,456.88434,560.2279,424.71832,518.6801,401.93405,553.5267
0.684963271021843,414.53183,96.87427,418.55435,83.46587,403.8051,86.14755,422.57684,87.488396,366.2616,91.51091,406.4868,147.82616,343.46735,161.23456,419.89517,220.23148,339.44482,241.6849,446.71198,170.62042,398.44174,194.75554,423.9177,311.40854,386.3742,315.43106,430.6219,411.9715,397.10092,425.37988,430.6219,501.80774,410.5093,533.98785,389.05588,41.89986,375.6475,127.71357,405.14594,302.02267,477.55127,523.26117,469.50623,548.7371,470.84708,507.17108,456.09784,559.4638,425.25854,516.55695,402.46426,552.75964
0.6843793426568692,414.76315,96.89241,418.77863,84.84598,404.0552,86.18447,421.4556,87.522964,367.9159,91.53844,406.73218,149.09363,343.82303,161.14006,418.77863,220.03374,339.80756,242.7881,446.88696,171.84799,397.36273,194.60237,422.7941,311.05124,386.6548,315.0667,432.16354,412.77667,397.36273,424.8231,430.82504,501.1172,410.74765,533.241,390.67026,42.01421,374.60837,127.67774,405.39368,303.02026,477.6723,522.5331,470.97983,549.3029,470.97983,506.47116,457.5949,558.67236,425.47107,517.1791,404.0552,553.3184
0.6817843272135808,413.02194,96.58368,417.0366,84.539764,402.31625,85.877975,419.713,87.21619,367.5227,91.23083,403.65445,148.77399,343.43488,160.8179,415.69836,221.03749,339.42023,242.4489,449.1537,171.5236,399.63983,195.61143,422.38943,310.69775,387.59592,316.0506,430.41873,413.74014,396.9634,425.78406,430.41873,504.73865,410.34552,535.5175,388.9341,43.05516,374.21378,127.36258,404.99268,302.6685,477.25616,520.7972,467.88867,550.23785,469.2269,506.07684,455.84476,559.60535,425.06586,522.1354,402.31625,555.5907
0.67613617846599,413.5104,97.287895,417.53186,83.883026,402.7865,85.22352,421.5533,87.90449,367.93384,90.585464,404.12698,148.2264,343.80508,160.29079,416.19138,219.2722,338.44315,242.06049,447.02258,173.69565,398.76505,196.48393,422.8938,310.42532,386.70065,315.78726,429.59625,412.3023,397.42456,425.70718,430.93674,502.11493,410.82944,534.2866,390.72214,40.98745,374.6363,126.77861,404.12698,303.72287,477.85376,514.1793,469.81085,549.032,469.81085,499.43396,457.74646,558.4154,425.57477,516.8603,402.7865,554.3939
0.6792096140292975,413.79617,98.069695,417.82855,84.628395,403.04312,85.97253,423.20508,87.31665,366.75162,90.00491,404.38727,147.80249,342.55728,159.89966,417.82855,219.04137,338.5249,241.89159,448.74353,169.30856,399.01074,196.19116,423.20508,311.78632,386.91357,315.81873,431.26984,412.59607,397.6666,426.03735,432.61398,499.9645,409.76376,533.56775,390.94595,41.61624,374.8164,127.64055,405.73138,303.72156,478.3144,512.06165,470.2496,549.6973,470.2496,497.27625,456.80832,559.1062,427.23746,514.74994,403.04312,553.7297
0.6670011843626316,413.57117,97.954346,417.59198,84.55162,402.84897,85.89189,422.95306,87.23216,366.6616,89.91271,404.18924,146.20418,342.53668,159.6069,413.57117,217.23865,338.51587,242.70384,448.41824,167.64854,398.82816,197.13455,422.95306,309.7175,386.7657,315.07858,429.65445,411.57825,397.48788,424.98096,430.99472,504.05707,410.89062,536.22363,392.1268,40.32261,373.36298,127.44035,404.18924,301.67584,479.24454,521.48065,471.2029,550.9666,471.2029,505.39734,457.80017,561.68884,426.97388,518.80005,402.84897,556.3277
0.6705291248284854,414.06287,97.91371,418.08252,84.51485,403.34378,85.85474,423.44208,87.19462,367.16684,91.21428,404.68365,147.48949,343.0489,159.54846,415.40274,219.84334,337.68936,242.6214,447.56,170.26756,397.98422,197.06528,423.44208,310.9556,387.26514,314.97525,431.48138,412.78693,399.32413,426.1858,432.82126,502.5593,411.3831,536.05646,391.2848,41.638493,375.20618,127.391205,404.68365,302.9163,479.7173,522.6576,470.33807,550.7952,471.67795,505.23907,456.9392,561.5143,427.46173,517.29803,403.34378,556.1547
0.6622483501067529,415.09274,98.0839,417.77515,84.67197,404.3632,86.01316,421.7987,87.354355,366.80978,91.37793,403.022,146.36687,342.6683,159.7788,413.75156,217.45012,338.6447,242.93279,448.6226,171.84953,398.99844,195.99103,423.13992,309.99246,386.92767,314.01605,431.18707,410.58197,397.65723,423.9939,431.18707,500.44193,411.06918,535.313,390.95126,40.412582,373.51575,127.59016,404.3632,301.9453,478.12885,517.87744,470.0817,551.4073,471.42288,499.10074,456.66974,560.79565,425.8223,515.19507,403.022,556.77203
0.6694745134848815,415.51437,97.78765,419.52786,85.74717,406.14957,87.085,422.20352,87.085,370.0281,91.098495,402.13605,147.28741,344.6093,159.3279,412.8387,218.19246,337.92017,242.27342,447.6223,168.6927,398.12256,196.78717,422.20352,310.5028,387.41992,314.51633,431.56836,412.178,398.12256,425.5563,431.56836,503.1505,410.16306,536.5963,392.77124,41.59874,374.0416,127.21994,404.8117,302.47583,479.73026,519.2045,470.36545,552.65027,471.70328,504.48834,456.98715,562.0151,426.217,517.86664,403.47388,556.66376
0.6606717247229356,416.36533,97.23375,419.04086,85.19393,407.00104,86.53169,420.3786,86.53169,373.55713,89.20721,402.98776,146.73076,344.12646,160.10832,419.04086,218.96962,337.43768,241.71149,448.4715,173.48589,398.9745,197.5655,424.39188,309.9371,386.9347,313.95035,432.41843,411.6066,397.63675,426.32193,432.41843,505.2496,411.0143,537.3558,394.96124,42.385715,376.23264,125.326645,405.66327,301.91055,480.57767,521.3027,469.8756,550.73334,472.55112,506.58734,457.8358,561.43536,427.06738,519.9649,404.32553,557.4221
0.6568328142166138,414.80536,97.011536,418.81775,84.97442,406.78064,86.311874,418.81775,87.64934,373.34418,90.32425,404.1057,147.83493,343.9201,159.87206,420.1552,220.05765,338.57028,242.79442,449.57928,173.24663,398.7559,198.65833,424.16757,311.00476,388.0562,315.01715,432.19232,412.65155,397.41843,426.02612,432.19232,503.59866,410.793,537.0351,394.7435,42.175774,376.0191,126.43561,405.44318,302.98,479.00333,520.9856,469.64114,551.74713,470.97858,504.93613,457.604,561.1094,426.8425,520.9856,404.1057,557.097
0.6561724669658221,415.6466,97.83939,419.66534,85.78321,408.94873,87.12279,416.98618,87.12279,376.7989,91.14151,402.25085,147.4037,344.64908,160.79947,416.98618,221.08038,337.9512,243.85318,447.79645,175.5348,398.23212,198.30759,425.02365,310.83197,386.17593,314.8507,431.72153,413.97934,396.89255,426.03552,430.38196,505.0705,410.2883,535.88074,395.55298,42.91678,375.45932,125.97049,406.26956,302.79453,478.6067,523.8246,469.22964,550.6161,471.9088,509.08923,457.17346,559.9931,426.36322,519.80585,402.25085,554.6348
0.6650089208896344,414.7732,96.79102,417.435,84.81289,408.11868,87.47469,413.4423,87.47469,376.17697,91.46741,404.12595,148.6963,341.57346,162.00534,418.7659,223.22696,338.91165,243.19052,448.0458,177.9762,398.80234,199.27068,425.42044,312.39755,386.8242,317.72116,432.07495,414.8772,396.14053,429.51715,430.74405,500.05508,408.11868,535.9895,392.14783,40.89304,376.17697,127.40183,405.45688,304.41214,478.65662,521.34955,468.00937,550.62946,470.67117,504.0478,454.70032,559.9458,424.08954,513.36414,400.13324,554.6222
0.6542572172788473,414.4502,97.91621,417.1108,85.94355,407.79874,88.60414,395.82605,87.27384,379.86252,92.595024,398.48666,147.13716,343.94452,163.10071,417.1108,220.30342,338.62335,244.24875,449.0379,175.07336,397.15637,200.34898,423.76227,309.43323,386.51398,314.75443,430.41376,411.86603,395.82605,426.49927,429.08347,502.32614,407.79874,534.25323,393.16547,42.043785,374.54132,127.18272,403.80783,302.78177,478.3044,522.2806,470.32263,548.8865,471.65292,504.98672,458.34998,558.19855,422.43198,514.29877,399.81696,552.8774
0.6490802214695857,415.37643,96.39559,416.71045,84.38969,410.0405,87.05766,386.02866,87.05766,383.3607,91.05964,402.03656,145.75322,344.675,163.0951,418.04443,220.45665,338.00504,245.80246,448.7262,175.101,398.03458,200.44681,424.7144,309.83398,386.02866,316.50394,431.3843,415.21918,395.3666,428.55908,431.3843,505.93048,410.0405,536.61224,391.36462,39.03403,375.35675,127.07736,404.70453,304.49802,482.07593,525.9403,470.07004,551.28613,475.40598,511.26645,458.06412,561.95807,426.04837,520.6044,402.03656,556.6221
0.6477731443368472,412.77496,96.42,414.11682,85.685165,408.7494,87.02702,381.91232,85.685165,384.59604,91.05258,399.3564,146.06857,345.68228,162.1708,415.45868,219.87051,340.31488,245.36572,447.66315,175.58934,399.3564,199.7427,423.5098,312.4584,385.9379,317.8258,428.8772,415.7811,395.33087,427.8578,430.21906,505.68527,410.09125,536.5479,388.6216,37.37845,375.20306,125.94077,404.72385,304.40726,481.2095,523.1294,470.47467,552.65015,473.15836,507.02713,457.05612,562.0431,424.85165,517.76196,402.04013,556.6757
0.6486558295213259,412.2611,96.210884,414.9506,85.452995,408.2269,86.79774,385.3664,85.452995,384.02167,90.83194,398.81375,145.96611,345.02432,162.10294,417.64005,219.92659,340.9901,246.8213,447.22424,176.89503,401.50323,199.75555,423.01898,311.36862,386.71112,316.74756,428.39795,414.9133,396.12427,427.0159,429.74268,505.0106,410.91638,534.5948,388.05588,38.387245,374.60852,125.795074,405.5374,304.64496,480.84262,521.1474,470.08475,550.7316,472.77423,505.0106,457.98212,560.1448,425.70847,517.1132,402.84796,556.11053
0.6443879363628534,411.82196,97.21042,414.51593,85.08759,407.781,87.781555,384.88235,86.43457,384.88235,91.822495,398.35214,145.70172,347.1669,161.86548,418.55685,218.43867,341.77896,246.72527,448.19043,176.68227,401.0461,200.92792,423.9448,311.38034,387.57632,316.76825,427.98572,415.09784,395.6582,427.22064,429.3327,505.34552,409.128,534.9791,388.92328,39.290253,374.1065,126.84399,406.43405,304.64542,480.51797,521.5093,469.74213,551.1429,472.4361,506.6925,457.6193,560.5717,425.29178,518.8153,401.0461,556.53076
0.6463143137785105,412.5419,98.26841,415.23294,86.15877,408.50534,88.8498,381.59503,86.15877,385.63156,92.886345,399.08673,145.36148,346.6116,162.8532,417.92398,222.05592,342.57504,246.27522,446.1798,181.69043,400.43225,200.52766,423.30603,310.86002,386.97708,316.24207,427.3426,414.46478,396.3957,426.57443,430.03363,505.9599,409.85086,535.5613,389.66812,40.411205,374.86743,126.52426,405.81433,304.13242,479.81772,526.14264,470.3991,551.70746,473.09015,509.99643,456.94394,561.1261,424.65155,518.0695,401.77777,555.744
0.6412105491528144,411.43787,96.71525,414.13037,84.59902,408.74536,87.29152,380.47418,84.59902,385.85916,89.98401,396.62915,145.18015,348.16425,159.98886,416.82285,216.53123,342.77927,244.80243,449.13278,177.49007,402.01413,201.72252,423.55408,308.07605,387.2054,313.46103,427.59283,414.42957,395.2829,425.19952,428.9391,507.32062,410.0916,535.5918,389.89792,38.826622,375.0892,124.986435,404.70663,302.69104,480.09647,523.4756,469.32648,549.05426,472.01898,508.66684,458.55652,559.8242,423.55408,520.7831,402.01413,555.7855
0.6445639316852276,412.59637,97.85351,413.94183,87.08986,409.90546,89.78077,382.99634,85.7444,385.68726,92.47168,397.79636,146.28993,348.01447,161.08995,416.63275,220.29004,343.9781,245.85371,446.2328,185.30817,401.83273,202.7991,423.36002,310.4356,387.0327,315.81744,427.3964,414.03577,396.4509,424.7994,430.0873,506.87225,409.90546,533.7814,389.7236,41.34434,376.26904,126.10809,405.86908,303.70834,479.8692,527.0541,470.451,549.9268,473.1419,510.9086,458.3419,559.34503,423.36002,520.3268,401.83273,553.9632
0.6484371492495904,412.4132,98.17977,413.75574,87.439575,408.38562,90.124626,384.22018,86.09705,385.5627,92.80967,398.98798,145.16812,347.97205,161.27841,417.7833,220.34949,343.94446,247.19998,447.31885,184.10133,401.673,204.2392,423.1534,311.64114,386.90524,317.01126,428.5235,413.673,396.30292,425.75574,429.86603,506.3072,409.72815,534.5002,389.5903,41.793743,376.16504,126.37278,405.7006,303.586,479.53943,527.7876,470.14175,550.6105,472.8268,511.67728,456.71652,561.3507,424.49594,519.7324,401.673,555.9806
0.6460558130190923,412.1055,98.13101,414.7918,87.38583,409.4192,88.72898,383.89938,84.69954,386.5857,92.75842,397.33087,145.14119,348.97754,162.60211,416.13495,219.01433,346.29126,247.22043,447.02734,188.12192,402.70346,204.2397,422.85068,309.00522,386.5857,314.37784,428.22327,412.4276,395.98773,425.8591,429.56644,506.44797,410.76236,534.65405,391.95828,40.375656,375.8405,124.99397,405.38977,302.2895,480.60605,526.5952,469.86087,550.77185,473.8903,511.82056,457.77252,560.1739,424.19382,521.2226,401.36032,556.1445
0.6452103841763276,414.723,98.46186,417.41217,87.7051,412.03378,89.0497,386.48648,86.360504,389.1757,93.08348,397.24326,146.86728,348.83783,163.00241,413.3784,220.82,346.14865,247.7119,445.64868,192.58351,402.62164,206.02945,422.79056,310.90787,386.48648,316.28625,428.16895,413.09708,395.89865,425.19843,429.51352,507.21872,409.3446,534.1106,394.55405,41.988873,377.0743,126.69836,405.31082,304.18488,480.60812,528.73224,469.85138,550.2458,472.54056,513.9417,456.40543,559.65796,424.13513,520.6647,401.27704,554.27954
0.6408160260090461,414.27856,99.90803,416.96954,87.798584,411.5876,90.48957,387.36868,86.453094,388.71417,93.18056,394.09616,145.65482,349.69485,161.80075,408.8966,221.00247,347.00388,249.25784,443.87943,198.12907,404.8601,208.89302,422.35153,309.80505,386.0232,315.18704,427.73352,412.0626,396.78714,424.17203,429.079,506.24716,410.2421,534.5025,395.44165,42.051796,376.60474,126.81791,404.8601,303.0776,480.20776,527.7751,469.44382,550.64844,472.1348,511.62912,457.33438,560.0669,423.69702,518.3566,400.82364,554.68494
0.6452653098564881,414.63187,100.84398,417.32178,88.73947,411.942,91.42936,389.0779,88.73947,389.0779,94.119255,397.14758,150.60698,348.72952,165.40138,411.942,220.54417,344.69467,248.78802,445.5656,205.74976,409.25208,219.19922,421.3566,309.3106,386.388,316.03534,428.08133,411.5265,397.14758,424.97595,430.7712,504.32776,410.59705,533.91656,397.14758,43.011307,376.9734,129.08784,403.8723,303.93082,479.18927,527.19183,469.77466,550.0559,472.46454,511.0525,456.3252,559.4705,425.39145,516.43225,401.1824,552.7458
0.6479187814088968,414.42917,102.29771,415.77768,90.161194,410.38367,92.8582,403.64117,87.464195,386.11066,94.2067,399.59567,150.84375,348.35263,165.67726,415.77768,222.31432,345.6556,250.63284,448.14172,211.5263,411.73218,226.35982,422.5202,309.9669,386.11066,316.7094,427.91418,413.80148,396.89865,425.938,430.6112,506.84808,410.38367,536.5151,396.89865,42.963654,378.01965,127.919235,404.9897,304.57288,481.85425,524.3786,471.06622,551.34863,473.76324,509.54507,457.5812,560.78815,426.5657,520.33307,402.29266,556.7426
0.6481809959961817,416.24786,99.70205,417.59335,87.592575,412.21136,90.28357,402.79288,86.24708,386.6469,91.62907,398.7564,149.48544,347.6275,164.28592,412.21136,222.1423,347.6275,249.05225,447.1943,224.8333,421.62985,234.25177,420.28436,310.94513,385.30142,316.32712,425.66635,414.5484,397.4109,426.65787,429.70285,508.73322,410.86588,535.6431,396.0654,40.500168,377.22845,126.61199,402.79288,304.21762,480.83173,524.87915,470.06775,550.4436,472.75876,510.0787,459.30377,559.8621,424.32086,523.5337,402.79288,555.8256
0.6608614898644961,418.92712,100.47573,420.2778,89.670135,414.875,92.37154,412.1736,88.319435,386.51035,92.37154,398.66663,153.15298,348.69077,166.65997,416.2257,222.03864,351.39215,253.1047,454.0453,226.09073,428.382,243.64981,420.2778,311.18475,386.51035,316.58755,427.0313,413.8379,397.31592,427.34488,431.0834,508.3868,412.1736,536.75146,401.368,42.39567,377.05545,128.84041,402.71872,305.78198,482.40997,523.2445,470.25366,551.6092,474.30576,509.73752,456.74667,561.0641,425.6806,520.5431,402.71872,555.66125
0.6776577463516822,421.5294,99.91936,422.88025,87.76156,416.12592,90.463295,414.77505,89.11243,385.056,93.16502,402.61725,155.30489,347.23175,167.46268,420.17853,222.8482,348.5826,255.269,456.65192,228.25166,426.93286,257.97073,422.88025,316.05798,386.40686,321.46146,428.28372,416.0221,397.2138,429.53076,430.98547,505.1793,410.72247,538.9509,401.2664,41.8321,378.30167,130.98929,403.96814,310.6545,480.96753,521.3897,466.108,557.8631,472.8623,507.881,449.89758,567.31915,425.582,517.3371,401.2664,556.5122
0.6609452573152689,422.21783,100.815834,423.5772,89.940926,416.7804,91.30029,408.6242,89.940926,384.15567,91.30029,400.46802,156.54971,347.45288,167.42462,416.7804,224.51787,346.0935,257.14258,456.2019,234.03342,427.65527,273.45496,420.85846,316.95456,386.8744,322.39203,427.65527,418.9068,399.10867,432.50043,430.37402,504.54666,411.34293,539.89014,403.18677,42.36322,377.35886,130.72182,404.5461,311.51712,479.3111,511.34348,469.79553,557.5618,472.51428,501.82794,454.84256,568.4367,424.93655,518.1403,403.18677,557.5618
0.6748337069383035,423.04248,102.35135,424.39752,90.156006,416.2673,91.51105,385.10144,90.156006,382.39136,92.86608,401.36188,156.55286,348.5154,167.39316,418.9774,228.36986,344.4503,255.47061,459.6285,247.3404,423.04248,283.92642,420.33243,319.1574,386.45648,323.2225,428.46265,420.78522,400.00684,434.3356,429.8177,507.50766,410.84714,540.02856,404.07196,44.08472,378.32623,132.16219,402.71692,311.02716,478.59903,512.9278,467.75873,558.9991,470.4688,502.0875,452.85333,568.4844,424.39752,519.703,402.71692,557.64404
0.6678183892598519,425.30716,100.03134,425.30716,87.795784,417.15012,89.15529,388.6005,89.15529,383.16248,91.874306,402.19556,155.77112,350.5343,166.64717,418.50964,233.263,343.73676,260.45312,451.1378,249.57707,417.15012,303.95734,419.86914,317.5524,384.52197,321.63092,429.38568,420.8749,400.83606,433.11047,430.74518,509.24283,411.7121,541.871,407.63358,45.65108,380.44345,132.6595,400.83606,312.11438,481.04694,514.68085,467.45187,559.54456,471.5304,506.52383,452.49728,569.0611,426.6667,521.4784,402.19556,558.18506
0.6749593225809244,427.18857,99.544395,427.18857,87.35598,419.06296,88.71025,386.56052,90.064514,385.20627,92.773056,402.81174,156.42366,347.28674,167.25781,419.06296,233.61696,344.57822,263.41086,454.27396,260.70233,413.6459,314.87305,420.41724,317.5816,383.852,324.35294,429.89713,423.2145,398.74893,435.40292,431.25137,512.59625,410.93735,542.39014,408.22882,45.37366,381.14346,132.04683,401.4575,313.5188,482.7136,522.0761,467.81662,561.3499,474.58798,512.59625,452.91968,569.4755,427.18857,524.78467,401.4575,559.9956
0.6582723259925842,427.3696,98.48616,430.0993,86.20239,417.81555,87.56726,431.46417,87.56726,379.5994,90.29698,406.89664,155.81041,346.84268,166.72932,421.91016,236.33734,344.11295,264.99948,461.49118,270.45892,408.2615,323.6886,426.00473,323.6886,386.4237,327.78317,435.55878,423.3236,401.4372,434.2425,431.46417,506.58026,409.62637,540.70184,405.5318,39.797047,380.96423,131.24287,405.5318,318.22913,479.23438,521.59375,465.58575,562.5396,473.77493,512.0397,450.57227,570.7288,426.00473,521.59375,401.4372,557.0802
0.6452158781198355,427.69595,98.325386,429.0676,84.60895,418.09445,87.352234,430.43924,87.352234,378.31677,91.46717,411.23624,155.93443,344.02567,169.65088,427.69595,239.60472,344.02567,268.40924,470.21692,284.869,403.00635,330.13324,431.81088,317.78842,387.91827,326.0183,435.9258,423.40503,398.89142,434.37817,430.43924,511.19025,409.8646,544.1097,403.00635,40.71634,382.4317,131.24484,409.8646,313.6735,478.44678,531.7649,461.98706,568.7993,474.33185,520.79175,444.15567,575.65753,424.95267,524.9067,401.6347,559.19775
0.6674540891097143,428.4941,98.7592,429.86108,85.089516,417.55835,87.82345,432.595,87.82345,377.9163,90.55739,414.82443,154.8049,342.3751,168.47458,431.22806,243.65785,346.476,272.3642,469.50317,307.90536,391.58597,343.44653,435.32895,322.94202,391.58597,329.77686,446.2647,426.8316,398.4208,436.4004,433.96198,514.31757,407.9896,544.39087,405.25565,41.346527,382.01718,131.56644,414.82443,317.47415,480.4389,534.82214,459.9344,563.52844,477.705,525.25336,443.53076,571.7303,424.39322,527.98724,399.78778,559.42755
0.6777027616134057,429.92868,100.10154,431.2957,86.43135,418.99252,87.79837,434.02972,87.79837,380.716,90.53241,412.15744,156.14932,342.43945,169.81952,427.19464,243.63855,347.90753,276.44702,461.37012,309.25546,386.18405,351.63306,435.39676,322.92566,393.01917,329.76077,447.69992,428.18616,398.48724,439.12228,436.76376,514.30835,408.05637,544.38275,408.05637,42.686737,382.083,132.91,414.89148,317.45758,481.8754,533.4466,461.37012,560.787,479.14136,523.8775,446.33292,570.35614,427.19464,527.9785,399.85425,559.42
0.685596947486584,432.17032,100.073906,432.17032,86.51662,421.32446,89.22807,430.81458,89.22807,383.36407,91.93953,415.90155,157.01451,341.3365,173.28325,430.81458,243.78114,350.8266,279.0301,466.0635,310.21185,379.29688,359.01807,434.88177,327.8363,392.8542,334.61496,448.43906,429.51596,395.56564,441.71753,436.2375,512.2154,407.76718,543.39716,405.05573,43.1333,383.36407,132.61139,415.90155,319.70193,483.688,535.2628,460.6406,562.3774,479.62082,525.7727,444.37186,571.8675,426.7474,525.7727,399.6328,558.3102
0.6836632799643737,433.30484,101.63212,434.6727,86.585594,420.99405,89.32132,433.30484,89.32132,384.06168,93.42492,416.89044,156.34674,341.6578,175.49687,431.93698,243.89015,352.60074,280.82254,462.03003,306.81198,375.85446,362.89447,437.40845,328.69785,396.37247,335.53717,451.0871,429.91992,397.74033,442.2307,440.14417,513.35974,407.31537,543.45276,408.68326,44.18175,384.06168,134.46089,416.89044,320.49063,485.28375,536.61346,460.66214,561.23505,483.91586,527.0384,444.24777,570.81006,430.5691,525.67053,399.1082,558.49927
0.6912851757728137,433.23767,101.22227,434.6048,87.550964,420.9335,90.285225,431.87054,87.550964,385.38812,91.65236,420.9335,155.90746,341.63998,173.68015,433.23767,242.03664,351.2099,278.94913,474.2516,303.55746,373.08398,362.34406,438.7062,330.9001,393.5909,339.10284,457.846,432.0677,397.6923,445.73898,441.44046,515.4626,408.62933,546.90656,408.62933,43.80281,385.38812,132.66624,416.83212,324.06442,492.02426,541.43805,464.68167,564.67926,486.55576,531.86816,444.1747,574.24915,433.23767,527.7668,401.7937,561.945
0.683510619860429,435.52075,101.59198,436.87503,88.049324,423.33237,89.40359,436.87503,88.049324,385.41293,92.11212,421.97812,157.11685,343.43073,177.43083,438.22928,243.78983,354.26483,284.4178,476.1487,303.3775,373.22455,367.02795,442.29208,335.87985,397.60132,342.65118,463.96033,433.38696,400.30988,446.9296,449.06342,517.3514,409.78973,548.4995,407.08118,42.004307,386.7672,134.09435,420.62384,326.4,501.87976,545.79095,463.96033,566.1049,493.75415,534.95685,445.0006,575.5848,439.58356,530.89404,400.30988,563.3964
0.6987801056641799,438.5928,101.83291,439.97864,87.97447,427.50604,89.36031,438.5928,86.58863,387.31656,89.36031,430.27774,153.10913,341.58374,178.05432,448.2937,241.80313,349.8988,281.99258,491.25485,306.93777,370.68646,365.14322,451.0654,334.65466,402.56085,341.5839,474.62473,434.43542,405.33255,449.6797,460.7663,523.1294,410.87592,549.46045,413.6476,42.241627,388.70242,132.32147,426.1202,324.95377,516.2001,552.2321,463.538,570.2481,510.65668,541.1454,444.13617,578.5632,452.45123,538.3737,402.56085,561.93304
0.6983069708714118,440.59262,99.55078,443.38397,84.19836,428.03156,86.98971,441.9883,84.19836,387.55698,89.78106,435.00992,152.58643,345.68674,176.3129,447.571,243.30528,349.87378,280.9885,490.8369,310.29767,370.8089,363.3333,453.15372,335.41983,402.90942,343.79388,478.27585,435.90842,404.30508,451.26083,468.50613,526.62726,409.8878,548.95807,412.67914,39.536762,393.13968,131.6513,429.42725,327.04578,525.7288,554.5408,458.7364,569.8932,521.54175,543.37537,441.9883,576.8716,460.13208,541.9797,400.11807,561.51917
0.6874355157980552,441.11407,100.868614,443.9121,85.47939,428.5229,86.87841,445.31113,84.08037,389.3503,88.27743,432.71994,154.0314,345.98065,176.41573,443.9121,244.96773,351.57675,282.7413,497.0749,309.3227,372.56204,365.2835,455.10428,337.3031,403.3405,345.6972,483.0847,436.63354,403.3405,452.02277,476.08957,530.3679,407.53757,548.5552,415.9317,40.71073,394.94638,131.64706,428.5229,328.90897,530.65137,559.7474,453.70523,572.33856,527.85333,548.5552,435.51797,576.5356,466.29642,545.75714,397.74442,559.7474
0.6969329153115933,445.639,98.15925,447.03683,84.1811,431.66086,85.57891,448.43463,82.78328,391.1242,86.97672,442.84338,147.08276,347.79196,173.64125,468.00406,239.33856,350.5876,278.4774,501.5516,306.4337,374.35043,360.94846,459.61716,332.99216,405.10236,341.37906,487.57346,436.43048,405.10236,450.40863,483.38,534.2775,407.898,548.2557,417.6827,39.451015,398.11328,130.30899,433.0587,326.00308,536.497,560.836,455.4237,573.4163,535.0992,551.05133,435.8543,579.0076,474.99313,548.2557,398.11328,560.836
0.6700044652590385,447.62155,95.46816,449.02515,81.43201,434.989,84.239235,449.02515,82.83562,394.28415,85.64285,443.4107,150.20917,350.77206,172.66702,467.27216,241.44418,353.57928,280.74542,503.76617,304.60687,376.03714,363.55875,457.44684,334.08282,405.51306,342.50452,486.9228,436.54675,404.10947,450.58292,491.13364,536.2034,408.3203,548.836,420.95285,39.323536,399.89862,130.55855,432.18176,327.06473,541.6638,562.87213,454.63962,572.69745,540.2602,553.0468,434.989,578.31195,481.30832,551.64325,398.495,562.87213
0.6725620604478396,449.12033,96.50469,450.5225,82.48324,437.9032,83.88538,447.7182,82.48324,397.24097,86.689674,443.51178,148.38406,352.37234,173.62267,470.15253,240.92564,356.57877,277.3814,510.81473,302.62003,379.0131,360.10797,460.3375,334.86935,407.056,341.8801,488.3804,435.82382,404.2517,451.2474,495.39114,540.9847,409.8603,547.9954,419.6753,40.418884,401.44742,130.15617,435.0989,325.05435,547.2705,564.82117,451.92462,571.8319,544.4662,556.4083,432.29462,577.4405,486.97827,556.4083,398.64313,562.0169
0.6470349625899241,450.9479,95.849785,452.34644,81.86453,439.7597,83.263054,449.54938,83.263054,399.20248,88.857155,445.35382,151.79079,355.8482,175.5657,471.92578,239.89786,360.0438,280.45508,506.88892,304.23,383.81873,362.96805,463.53464,334.99756,411.7892,343.3887,491.50513,437.08987,407.59363,451.07513,499.89627,541.97925,410.3907,547.57336,420.18036,39.908783,403.39807,130.81291,439.7597,326.6064,550.24316,565.7542,450.9479,571.34827,548.84467,558.76154,432.7671,575.5439,490.1066,558.76154,397.80396,562.95715
0.6786907131855304,456.39374,98.27392,459.18954,84.294815,445.21045,85.692726,454.99582,85.692726,404.67105,89.88646,453.5979,149.9966,358.54,179.35272,475.96448,239.46286,368.32538,285.5939,505.3206,309.35837,392.08984,366.6727,470.37283,335.91867,417.25223,344.30615,496.93314,442.15985,411.66058,453.34314,505.3206,548.40106,410.2627,547.0031,427.0376,42.357502,407.46686,131.82376,445.21045,328.92914,557.0433,570.76764,446.60837,572.1655,555.6454,562.3801,428.43552,576.35925,495.53522,563.7781,399.0794,562.3801
0.6803926974534988,458.14972,98.845955,460.9549,84.82008,445.52643,86.22267,458.14972,86.22267,406.254,89.02785,453.94196,153.54684,361.37122,177.39081,477.78592,241.9098,372.59192,285.38998,511.44803,307.8314,396.4359,365.33743,474.98074,337.2857,421.68246,345.70123,498.82474,443.88232,416.0721,455.103,507.24026,549.0763,410.46176,547.6737,430.098,42.74248,409.05917,132.50804,449.7342,328.87018,557.7334,572.9203,446.92902,572.9203,556.3308,565.90735,428.6954,575.72546,496.01956,564.50476,399.24106,561.6996
0.6917363817875202,460.39633,98.20797,463.19598,85.60952,449.1977,87.009346,458.9965,87.009346,410.0025,89.809006,457.59668,152.80128,365.20798,176.59836,482.79358,240.99048,375.00677,287.1848,513.5898,306.7824,403.00336,368.37485,477.19427,334.779,424.0008,343.17795,500.99133,443.9656,418.40146,455.1642,506.59067,548.95276,410.0025,548.95276,432.39975,43.614662,414.202,131.80385,450.59753,326.38,556.9845,572.7498,449.1977,574.14966,555.58466,567.1505,429.6001,576.9493,496.79187,564.3508,397.40405,562.951
0.6936929455170264,463.83517,96.69462,465.23654,82.68095,449.8215,84.08231,462.4338,85.48368,410.58322,89.68778,459.63107,154.15067,368.54224,175.17116,484.85568,241.03542,381.15454,288.6819,518.48846,306.89966,410.58322,368.5598,480.65158,334.927,428.801,343.3352,503.07346,444.2336,423.19553,454.04318,505.8762,547.93475,410.58322,547.93475,433.0051,42.041306,416.1887,131.72879,454.0256,327.92017,556.3254,571.758,452.62424,571.758,554.924,564.75116,431.60373,575.9621,496.06662,563.3498,397.97092,561.9484
0.7194364047967471,471.86624,95.68724,471.86624,82.94789,459.1269,84.36337,469.03528,85.778854,419.49335,90.02531,464.78882,156.55302,374.1979,176.36978,490.26752,244.31297,388.35272,285.362,522.8236,308.00974,422.32434,358.96713,486.02106,334.9039,433.6482,343.39682,507.25333,445.31158,427.98627,455.21997,505.83783,550.0574,411.00046,545.8109,442.14108,43.31436,423.7398,132.4898,460.54236,330.65747,555.37976,572.7051,452.04947,572.7051,553.96423,565.6277,433.6482,574.12054,495.92944,564.2122,398.2611,559.96576
0.7090425273546805,474.48657,94.43069,475.9009,81.7016,463.1718,83.11594,473.0722,84.53028,423.5702,87.35897,464.58615,158.07613,379.72556,175.04825,488.63,247.17975,393.869,288.1957,522.5742,306.58218,432.05627,364.57025,488.63,336.2834,439.128,344.76944,508.4308,445.1878,434.88495,455.08823,505.6021,548.4349,412.25546,547.0205,446.1997,39.2713,426.3989,131.20361,463.1718,332.04034,557.9328,571.06433,456.1001,572.4787,553.68976,563.9926,436.2993,573.89307,495.70172,562.5783,399.52637,559.74963
0.7056844303241143,478.29962,95.85451,479.71655,83.1021,465.5472,84.519035,476.8827,84.519035,425.87305,87.352905,466.96414,159.61656,383.365,173.78592,488.21817,251.71732,397.53436,285.72375,526.4754,308.3947,437.20853,360.8213,492.46896,335.31647,442.87625,345.23502,509.4722,444.4204,440.0424,454.33896,505.22137,547.8566,413.12064,546.4397,451.37787,40.59406,428.7069,131.27788,466.96414,329.6487,557.64795,570.5276,455.62866,571.9445,553.39716,563.44293,437.20853,574.7784,495.30283,563.44293,398.9513,559.19214
0.701471956876608,480.06567,97.05629,481.4884,82.82913,468.68396,84.25185,480.06567,85.67456,428.8479,87.097275,465.8385,159.6558,386.1664,172.46025,488.60196,252.13235,400.3936,282.0094,524.16986,309.041,441.65234,354.5679,497.13828,336.0726,450.18863,344.6089,511.36542,444.19904,444.49777,454.15805,505.67456,548.0573,414.62073,545.21185,454.4568,40.147644,431.69333,129.77876,471.5294,328.959,558.31506,569.3981,454.4568,570.82074,554.04694,563.7072,437.3842,573.6662,495.71555,563.7072,400.3936,559.439
0.7136675004775708,484.33777,94.34684,485.7681,80.04352,471.46478,81.47385,484.33777,81.47385,431.41547,84.33451,468.60413,157.28148,391.36618,170.15446,492.91977,251.68343,405.6695,281.7204,528.6781,311.7574,447.14914,356.0977,501.50177,333.21237,454.3008,343.2247,512.94446,444.77832,451.44012,456.22098,507.2231,549.19257,415.68182,547.76227,458.5918,35.70321,434.27615,128.67482,475.7558,328.9214,558.7151,572.0779,455.73114,573.50824,554.4241,564.9263,438.56714,576.3689,495.78043,563.4959,402.80884,559.2049
0.6966778934001923,486.77734,93.80266,488.20355,79.54058,473.94147,80.96679,486.77734,82.39299,434.00766,83.8192,471.08905,155.1296,395.50003,170.81787,492.48218,252.11172,409.76212,282.06207,526.7112,313.43866,453.97455,356.22488,505.31805,331.97937,458.25317,341.9628,513.8753,443.22357,458.25317,456.05942,508.17044,548.76294,416.89316,548.76294,459.67938,35.328136,436.86008,128.03165,479.6463,326.27454,559.5139,571.5823,456.82697,574.4347,555.2353,564.45123,439.71246,577.2871,498.187,563.025,404.05728,561.5988
0.660713580938486,492.8496,92.7078,494.2661,78.54262,480.10092,81.375656,494.2661,79.95914,440.43842,85.62521,478.68442,153.61807,402.19244,170.6163,502.76523,249.94131,419.19064,283.93774,533.92865,312.2681,461.6862,356.18018,509.8478,332.09937,467.35226,339.18195,515.51385,445.4208,474.43488,455.33643,508.4313,547.4101,423.44022,547.4101,465.93576,34.630558,444.688,128.12076,485.767,326.4333,555.1764,570.0744,456.02014,574.324,552.3434,562.9918,443.27145,575.7405,498.51566,562.9918,407.85852,560.15875
0.6601656285616068,496.29178,92.723816,497.71033,78.53847,483.525,81.37554,496.29178,81.37554,443.80603,84.21261,483.525,156.55786,406.92413,172.16173,510.47714,251.59966,423.94653,285.64447,537.42926,308.34103,465.08405,359.40826,514.7327,333.87463,470.75818,343.80438,516.15125,445.93884,500.5474,457.2871,507.64008,546.6548,428.20215,545.23627,469.33963,34.563908,448.0616,128.18716,489.19913,328.2005,554.4517,569.3513,459.4099,575.02545,551.6146,562.25867,445.22455,576.44403,497.71033,562.25867,411.17975,559.4216
0.6778696557650199,500.8614,92.40559,502.28452,78.17414,488.05307,81.020424,500.8614,81.020424,446.7819,83.866714,485.2068,153.6008,409.78012,170.67853,512.2465,248.95148,426.85785,285.95322,539.28625,305.87726,466.7059,359.95676,516.516,335.76328,472.3985,345.7253,517.9391,446.76855,498.01508,459.57684,507.9771,549.2349,429.70416,546.3887,473.82162,34.05666,451.05133,127.98419,492.3225,330.0707,557.7872,572.00525,463.85962,576.2747,553.5177,564.8895,448.20502,577.6978,498.01508,563.4664,414.04956,560.6201
0.6983095040688148,503.24463,92.19628,504.683,77.81249,490.29922,80.68925,504.683,80.68925,450.0246,83.56601,490.29922,155.48495,412.62674,172.74551,517.6284,250.41797,428.4489,286.37744,542.0809,307.95312,467.28516,359.73477,519.0668,336.72073,474.47705,346.78937,517.6284,448.91428,488.86084,461.8597,508.99814,551.0392,434.20242,548.1624,475.91544,33.22274,454.33975,128.15576,493.17596,332.40558,559.34143,574.0533,470.1619,581.2452,555.02625,566.8614,451.46298,582.68353,498.92947,565.423,418.38028,559.6695
0.6896825524476858,506.016,91.541824,507.46637,77.03815,494.41306,79.93888,507.46637,79.93888,453.80273,81.38925,490.06195,153.90765,414.64282,171.31207,519.06934,245.28084,430.59686,284.44077,545.17596,298.94446,468.30643,358.40955,521.97003,335.20367,477.00864,343.90585,519.06934,446.882,494.41306,459.9353,508.91675,548.4078,439.29907,552.75885,481.35974,32.076736,456.7035,126.35066,495.86343,330.85257,558.22925,575.9648,472.65753,586.1173,555.3285,568.7129,453.80273,587.5677,497.31378,564.3618,424.79538,565.8122
0.7242653736701379,508.48596,91.89755,511.44373,77.1086,496.6548,80.06638,511.44373,81.54528,455.2457,83.02418,496.6548,158.44788,415.3155,173.23685,521.796,251.61833,431.58334,284.15405,549.895,307.8164,468.55576,359.57776,523.2749,341.831,478.90802,349.2255,518.8382,451.26932,490.7392,463.1005,508.48596,548.87646,446.3723,553.3132,483.34473,32.74171,458.2035,128.86996,498.13367,334.43652,557.2895,578.4544,477.42914,596.2011,554.3317,566.6232,455.2457,596.2011,499.61258,563.6654,431.58334,565.14435
0.7532985164568975,515.13605,92.34754,516.6577,77.13098,502.9628,78.65264,515.13605,81.69595,463.39972,81.69595,502.9628,159.30042,423.83667,169.95201,528.83093,247.55649,436.00992,282.55457,554.6991,303.85776,469.48636,361.6807,527.30927,337.3342,486.22458,343.42084,524.266,449.93677,501.44113,462.11002,507.52777,548.8444,461.87808,567.1043,490.78955,31.481293,464.9214,127.34564,504.48444,331.2476,556.22076,576.23425,496.87616,612.75397,554.6991,565.58264,477.09464,612.75397,499.91946,561.0177,448.18317,577.7559
0.7591380408177009,518.2761,91.27206,518.2761,77.399315,505.94482,78.940735,518.2761,80.48215,464.3266,82.02357,502.862,159.09433,425.79123,171.42566,527.52466,250.03784,439.66394,285.49042,556.8115,308.61163,473.5751,365.644,530.6075,340.98135,490.53067,347.14703,527.52466,453.5047,502.862,468.91885,509.02765,550.6139,467.40942,573.7351,490.53067,31.156855,467.40942,128.26602,507.48624,333.2743,558.35297,575.2765,510.56906,619.97754,555.27014,562.9452,490.53067,621.519,501.3206,562.9452,453.53668,586.0664
0.7622584700584412,519.8233,91.50222,519.8233,77.46491,507.34573,79.02461,518.2636,80.58431,466.79352,80.58431,507.34573,158.56935,427.801,169.48726,533.86066,247.47229,440.2786,283.3454,560.37555,306.7409,471.4726,362.89014,530.7412,341.05432,488.6293,347.29315,529.1815,454.91248,505.786,470.5095,510.46512,551.61395,474.592,579.68854,494.86813,32.233593,469.9129,127.375336,507.34573,334.81552,561.93524,575.00946,521.38306,623.36017,557.25616,564.09155,501.10693,626.47955,504.22632,565.65125,460.55472,590.60645
0.7621168654698592,522.22723,91.20021,523.8034,78.59075,511.19394,78.59075,520.651,78.59075,470.21317,80.16693,509.61774,157.39989,427.65625,170.00934,537.989,245.6661,440.26572,281.9183,561.6318,310.28958,473.36554,365.456,534.8367,338.6609,492.27972,348.11798,531.6843,458.45074,511.19394,474.2126,515.9225,553.0217,482.82263,587.69775,498.58447,32.881454,471.78937,127.452415,509.61774,332.35614,561.6318,568.78357,531.6843,630.25464,556.9032,557.75024,512.7701,634.9832,511.19394,564.055,468.637,600.3072
0.7488207943164386,524.1632,90.95433,525.744,78.308014,513.0977,78.308014,524.1632,78.308014,470.41638,78.308014,509.9361,157.34749,430.89664,169.9938,535.22876,252.19487,441.96216,283.81067,560.52136,315.42645,473.57794,369.17328,533.64795,347.04224,494.1282,356.52698,532.06714,464.02066,514.67847,481.40936,516.2593,552.54486,489.38583,598.38776,498.87057,30.884327,473.57794,127.31249,509.9361,339.1383,562.1022,568.3528,543.1327,636.3267,555.779,555.7065,522.5824,642.6499,511.5169,562.0296,473.57794,612.61487
0.7532594272723565,526.844,89.57322,526.844,76.76267,514.03345,76.76267,525.2427,78.36399,474.0005,79.96531,509.2295,158.4299,433.96753,168.03781,533.24927,251.30635,443.57544,283.3327,558.87036,313.75775,475.6018,368.20258,531.64795,348.98676,496.41895,360.19598,533.24927,464.28165,515.63477,481.89615,518.8374,552.3541,494.81763,605.19763,498.02026,28.72313,475.6018,126.403534,510.8308,340.98016,565.27563,566.766,554.0664,645.2306,558.87036,552.3541,531.64795,650.03455,515.63477,561.96204,480.40576,621.2108
0.7555173245760111,531.29065,89.627884,531.29065,74.99367,519.9085,74.99367,469.50177,76.6197,476.00586,78.24572,510.15234,159.54692,440.23334,169.30307,536.16876,258.73438,446.73743,288.0028,562.1851,323.77533,480.8839,375.8081,534.5427,357.92184,502.02225,366.05197,531.29065,473.36954,518.2825,489.6298,528.03864,554.6708,510.15234,619.71173,502.02225,26.21295,479.2579,127.026436,516.65643,346.53967,573.56726,567.67896,571.9413,652.2322,568.6892,556.29675,550.803,661.98834,526.4126,562.80084,495.51813,639.224
0.7576015041424677,532.5073,89.1067,534.1387,76.055664,521.08765,76.055664,473.77765,76.055664,478.6718,79.31842,511.29938,159.256,441.1501,170.67564,537.4014,257.13873,447.6756,288.13495,563.50354,327.28806,481.93457,376.22943,535.7701,356.65286,503.1425,366.44113,530.8759,474.11218,521.08765,492.05734,529.24457,554.04974,516.19354,622.5677,504.77386,27.114288,480.3032,126.62842,517.8249,346.8646,574.92316,568.7322,578.1859,651.9325,570.02905,557.3125,558.6094,663.3522,529.24457,558.9439,501.5111,642.1442
0.7401661689464862,534.258,87.480446,535.89636,72.734856,522.7892,74.37325,475.2756,74.37325,481.8292,77.650055,508.04358,156.29321,447.42282,167.76201,529.3428,257.87396,449.06122,285.72675,562.1108,328.32513,483.4676,377.47708,532.61957,359.4547,504.76678,369.2851,529.3428,475.78104,522.7892,492.16504,529.3428,547.8706,519.5124,626.51373,506.40518,25.221281,481.8292,125.16363,516.2356,347.9859,573.5795,560.9778,583.4099,656.00494,568.66437,542.9554,565.3876,665.8353,527.70435,549.509,504.76678,647.8129
0.741020224415339,535.8958,89.14573,537.5392,74.35573,524.3925,75.99906,476.7358,74.35573,481.66583,77.642395,507.95917,156.52242,448.79913,166.38242,527.67914,260.05243,450.44247,287.9891,562.18915,332.3591,486.59583,380.01578,532.6092,361.93912,507.95917,370.1558,527.67914,480.25916,524.3925,496.69247,529.3225,557.49585,521.10583,629.8025,507.95917,26.69905,483.30914,125.29907,517.81915,350.4358,576.9792,568.99915,588.48254,659.3825,570.4058,552.5658,570.4058,669.2425,509.6025,557.49585,506.31583,651.16583
0.7308515849021765,537.4888,90.2013,539.13684,77.01683,527.60046,77.01683,478.15866,77.01683,486.39896,78.66489,507.82373,156.12366,450.14166,166.01201,525.9524,259.95135,453.43777,286.3203,560.56165,335.7621,486.39896,378.6116,532.5446,362.131,511.11984,370.3713,522.65625,479.1432,527.60046,493.97574,512.7679,554.9539,522.65625,629.1166,511.11984,27.575062,484.75092,124.81053,519.36017,350.5946,573.7461,558.25,588.5786,660.4297,568.8019,540.1214,570.44995,670.31805,501.2315,553.30585,506.17566,648.89325
0.7234065555609189,539.4887,90.23204,541.13696,75.39765,529.5991,77.04592,478.5029,77.04592,488.3925,78.69418,508.17166,156.16263,450.4824,167.70049,524.6543,260.00333,453.77893,286.37555,560.91614,337.47177,490.04074,378.6784,536.19214,362.19574,511.4682,370.43707,524.6543,477.57428,529.5991,494.05695,511.4682,555.0427,521.3578,627.5664,511.4682,29.246237,485.09595,124.8456,521.3578,350.6579,572.454,558.3393,588.93665,660.5317,567.5092,538.56006,570.8057,668.773,501.5786,558.3393,506.5234,647.3456
0.7283001072131671,541.96765,88.72584,543.61597,73.89113,530.42957,75.53943,477.68393,73.89113,487.57373,75.53943,509.00165,156.30621,451.3111,167.84431,523.83636,260.1492,456.25598,289.81863,560.099,339.26767,497.46353,383.77182,537.02277,368.9371,515.59485,377.17862,525.4847,481.0216,530.42957,497.50464,512.2983,553.5469,522.18805,627.72046,512.2983,26.09038,485.9254,124.98847,523.83636,354.1024,571.6371,556.8435,589.76843,659.0382,565.0439,537.0639,571.6371,668.928,500.76013,556.8435,505.70505,647.50006
0.7103560543977298,543.7916,85.89705,543.7916,72.672905,532.2205,72.672905,480.97693,72.672905,489.24203,74.32592,505.77222,153.6708,454.52863,168.54797,517.3433,259.464,459.48767,290.87137,555.3628,342.11493,499.16013,385.0934,533.87354,368.56323,517.3433,376.8283,525.60846,482.62152,532.2205,499.1517,509.07825,553.7013,522.30237,628.08716,512.3843,23.082344,485.93597,123.91648,523.9554,353.68607,571.89294,553.7013,591.7292,661.1475,563.62787,532.2121,573.54596,669.4126,499.16013,560.3134,505.77222,647.9234
0.7203939316364435,544.08453,84.60647,544.08453,71.38511,534.1685,71.38511,482.93576,73.03778,492.8518,74.690445,506.07315,152.36592,456.49307,167.23994,515.9892,259.78946,459.7984,291.1902,555.65326,344.0756,501.11514,387.045,534.1685,367.21298,515.9892,377.129,529.2105,482.89984,530.8632,499.42654,509.37848,552.312,522.59985,629.9874,514.3365,21.805017,487.8938,122.61787,522.59985,353.9916,572.17993,555.6173,590.3593,661.3882,562.2639,534.1326,572.17993,669.65155,499.46246,562.228,506.07315,648.1668
0.7094239225754371,544.6093,85.85553,544.6093,71.06819,534.7511,72.711235,480.53085,74.35427,492.03214,75.99731,505.17642,154.86308,455.8853,169.65042,516.6777,266.5896,464.1005,292.8782,554.4675,352.02753,505.17642,388.17435,536.3941,370.10095,516.6777,378.31613,536.3941,486.75656,529.82196,501.5439,515.03467,562.3363,521.6068,629.7008,515.03467,23.420118,487.103,123.64538,523.2498,356.95663,572.54095,562.3363,590.6144,660.9185,562.68274,539.33374,572.54095,669.13367,501.89035,565.6224,505.17642,649.41724
0.6986516863107681,546.17426,84.58382,544.52527,69.74307,536.2804,71.392044,481.86438,73.041016,493.40717,74.68999,504.94995,153.84062,458.77875,170.33034,518.1417,264.32172,467.02362,292.35425,554.4191,348.41925,506.59894,387.99457,536.2804,368.2069,514.8438,376.45178,537.9294,486.93286,531.3335,500.12463,516.4928,562.7856,521.4397,630.39343,514.8438,21.922897,486.81128,124.159134,521.4397,356.66412,574.2068,564.4346,589.0475,660.0749,564.3129,539.69995,570.9088,669.96875,501.65204,564.4346,504.94995,650.181
0.7002196311950684,546.1041,84.21777,546.1041,69.35382,536.1948,69.35382,483.34518,71.00537,494.90604,74.30847,503.1638,153.58289,458.57193,171.74994,518.0277,265.8883,471.78433,295.6162,554.3618,348.46582,511.42154,388.10303,536.1948,369.93597,514.7246,379.84528,541.1494,487.19604,531.2401,502.06,518.0277,561.5158,521.3308,630.8809,514.7246,19.807312,488.29984,123.85498,521.3308,358.37512,577.4835,566.47046,590.6959,660.6088,565.9227,540.04565,572.52893,670.5181,503.1638,563.16736,504.81534,650.6995
0.6871917190460058,549.29645,82.50554,547.6397,67.594894,539.356,69.25163,483.02695,70.90837,497.9376,72.56511,502.9078,152.08853,461.48935,168.6559,514.50494,268.06018,474.74326,292.91122,547.6397,350.89706,519.47516,389.00204,534.3858,372.43466,514.50494,382.3751,550.9532,481.77936,534.3858,501.6602,519.47516,566.27295,521.1319,634.1992,516.1617,17.892761,487.99716,120.610504,521.1319,360.8375,580.7745,612.6616,592.37164,660.70703,570.83405,556.3325,574.1475,670.64746,502.9078,566.27295,502.9078,654.0801
0.6806174447903266,550.69336,82.17909,549.03864,67.28683,540.7652,68.94152,482.85083,70.59622,499.39777,73.90561,502.70718,150.02162,462.99448,169.87798,515.94476,262.54095,479.54144,293.98016,549.03864,348.5851,524.2182,388.29782,535.8011,371.75085,515.94476,381.67905,555.6574,479.3061,537.4558,500.81714,517.5994,568.65967,520.9088,634.84753,517.5994,17.64595,489.4696,120.2371,520.9088,358.5133,580.4779,578.5878,592.0607,662.97736,568.895,560.38617,573.8591,672.9055,502.70718,570.3144,502.70718,654.70386
0.6812137846763318,550.88885,84.02165,550.88885,67.37695,540.90204,69.04142,485.9745,70.705894,500.95474,74.034836,504.28366,150.60045,464.3364,167.24515,517.5994,260.45547,479.31662,292.08038,547.5599,347.0079,527.58624,386.95517,534.24414,370.3105,514.2705,380.2973,560.8757,478.50104,537.57306,498.47467,519.2639,573.3758,520.92834,631.63226,519.2639,19.107325,490.9679,120.63999,520.92834,356.99472,579.1848,614.98755,590.8361,661.5927,567.5335,566.71796,574.1914,671.5795,504.28366,576.7048,504.28366,651.6059
0.6625796579397641,552.7316,81.98125,551.0673,67.002304,542.74567,68.66663,486.15854,70.330956,502.80182,73.659615,502.80182,150.21867,467.85095,165.19762,517.78076,258.39993,486.15854,290.02216,547.73865,341.6163,532.7597,383.2245,534.424,366.5812,516.11646,376.56717,566.04626,473.09814,537.7527,494.7344,519.44507,571.29346,521.10944,632.8736,521.10944,18.736813,492.81586,118.59645,519.44507,354.9309,581.0252,609.573,591.01117,662.8315,567.7106,554.6502,574.3679,672.81744,502.80182,576.28644,504.46616,652.8455
0.6689644960256723,553.7504,81.822876,553.7504,66.80807,545.4089,68.47638,488.68625,68.47638,505.3694,71.813,503.70105,146.88705,468.6665,161.90186,518.7159,255.32733,485.34964,287.02527,548.7455,345.4162,535.399,383.78735,533.7307,365.4359,515.3793,373.7775,568.76526,472.2079,537.0673,495.56427,520.38416,570.6383,522.0525,635.7025,523.7208,18.427017,493.6912,116.85743,518.7159,353.75775,582.11176,578.97986,592.1216,660.7272,570.43353,553.9552,575.4385,672.40533,502.03275,573.9749,503.70105,654.0539
0.6755162202394925,554.57214,83.36793,554.57214,66.698265,546.2373,68.365234,491.22742,70.032196,506.2301,71.699165,504.56314,148.3796,467.8899,161.71533,521.2328,255.06541,486.22653,288.40472,549.5712,343.4146,537.90247,383.4218,534.56854,366.75214,514.56494,373.42,569.5748,470.10403,536.2355,491.7746,521.2328,568.455,521.2328,633.4667,524.5667,20.02322,494.56134,116.707245,519.56586,353.4164,579.5766,578.4568,589.5784,660.1381,569.5748,561.7872,572.90875,671.8069,504.56314,570.122,504.56314,651.80334
0.7081830616180713,556.0284,83.02923,556.0284,68.02395,547.69214,69.6912,492.67276,69.6912,507.67804,73.02571,504.34354,148.05212,472.6657,163.0574,516.0143,251.42183,486.00372,286.43414,547.69214,333.11725,536.02136,378.1331,532.6868,364.79507,514.34705,369.79684,569.3664,468.1648,534.35406,491.50635,531.0196,569.86725,521.01605,631.5556,526.0178,19.673597,496.00726,116.3743,517.6816,349.7898,587.7062,586.5398,591.0407,658.2317,577.7027,573.2018,574.36816,669.90247,522.6833,578.2035,506.01077,651.5627
0.6980045953622231,556.2505,83.10206,556.2505,68.08362,547.9069,69.752335,544.56946,69.752335,507.85773,71.42105,506.18903,148.18199,471.14597,163.20044,519.53876,253.3111,486.16443,286.68542,547.9069,333.4095,537.8946,375.12738,531.2197,363.44635,514.5326,370.12122,566.2628,471.9129,536.2259,488.60007,531.2197,572.0359,521.20746,630.4409,527.8823,18.022133,496.17673,116.47638,517.87,350.09662,589.6248,590.3917,591.2935,657.1404,581.28125,578.71075,574.6064,668.8214,524.54486,580.37946,504.5203,648.7968
0.6931668989933454,558.3523,83.40351,558.3523,66.67886,548.3175,70.02379,493.12613,68.351326,508.1783,71.69626,503.16092,146.95718,476.4015,162.00938,518.21313,253.99496,491.45367,287.44427,548.3175,329.2559,539.95514,376.08493,528.2479,364.37766,513.19574,369.39505,565.0421,471.41544,534.93774,489.81256,534.93774,573.4358,521.55804,630.2996,529.92035,16.504906,498.14352,116.85281,514.86816,350.99796,593.47406,590.16046,591.8016,653.7142,585.1117,578.4532,576.7494,665.4214,528.2479,583.4706,504.8334,648.6968
0.7068063937700712,561.21747,81.46351,559.54816,64.770164,552.8708,66.4395,494.44412,66.4395,512.8068,69.77817,506.12946,146.56754,477.7508,161.59155,521.15344,253.40492,489.43613,286.79163,549.53217,333.53296,541.1855,376.93567,531.1695,363.581,514.47614,370.25833,564.55615,470.41837,534.5081,493.78906,539.5161,575.5864,521.15344,630.67444,531.1695,16.359474,499.45212,116.51952,517.8148,351.89563,596.2735,595.6184,594.6042,655.7145,587.9268,583.9331,576.2415,667.3998,532.8388,587.2718,506.12946,649.0371
0.7304642911140735,562.2682,81.471275,560.5987,66.44583,552.2512,68.115326,498.82742,68.115326,513.85284,71.454315,512.18335,146.58151,477.124,158.26796,530.5478,248.42061,490.47995,283.47998,552.2512,318.53934,540.56476,370.2936,532.2173,360.27667,513.85284,365.28513,558.9292,473.80222,530.5478,493.83612,545.57324,580.6498,522.2003,624.0566,530.5478,18.030527,502.1664,114.86114,518.8613,348.5902,604.0055,599.0142,593.9885,650.7685,597.3275,587.32776,577.2936,664.12445,540.56476,595.67523,507.17487,644.0905
0.7297849196654099,565.0881,79.79038,561.7496,64.76709,555.0725,68.1056,501.65637,66.43635,516.6797,71.44411,511.6719,144.89133,481.6253,154.90686,531.70294,248.38513,493.3101,280.10098,551.734,325.17087,541.7185,368.57147,531.70294,361.89447,515.01044,365.23297,556.74176,475.4038,530.0337,495.43484,546.72626,582.2361,521.68744,625.6367,533.3722,18.027952,503.32562,113.17548,518.34894,348.54044,605.1502,598.92865,593.4654,652.3448,596.8039,588.91315,576.7728,664.0296,540.04926,595.59015,504.99487,645.6678
0.72607087630492,564.6122,81.46805,562.94275,66.4432,554.59564,68.112625,501.17398,68.112625,517.8682,71.451485,514.5294,144.90628,484.4797,153.25342,534.5625,245.0719,492.82684,276.79102,549.58734,323.53497,539.5708,366.9401,531.22363,360.2624,514.5294,365.27066,554.59564,475.45285,529.55426,495.486,546.24854,582.2962,521.2071,625.7013,534.5625,18.029814,504.51282,113.187164,519.53766,346.90695,604.67847,598.9905,594.6619,650.7427,596.3313,588.9739,577.96765,664.09814,539.5708,597.32104,506.18225,645.73444
0.7286030157254293,567.0213,83.33625,565.34784,66.60206,556.9808,69.9489,501.75793,68.27548,518.4921,71.622314,516.8187,143.57933,483.35034,153.61984,536.8997,243.98445,491.71744,277.45282,551.9605,322.63513,540.2466,366.144,530.20605,361.12375,515.1453,364.4706,553.6339,474.91623,530.20605,494.99725,545.26685,580.3416,520.1655,623.8505,536.8997,19.746336,505.1048,113.45779,518.4921,347.73642,603.8365,598.7492,592.12256,650.6252,595.4694,587.0353,575.38837,662.3391,540.2466,595.4024,505.1048,643.9315
0.7363572189441094,567.9625,81.586945,566.29065,66.54017,557.93134,68.21203,504.4317,68.21203,519.4785,71.555756,517.80664,145.11777,484.36935,153.47708,534.52527,247.10144,491.0568,277.19498,552.9158,322.3353,539.54083,369.1475,532.8534,362.46005,516.13477,365.80377,554.58765,476.14676,531.1815,494.53726,546.22833,579.8023,522.8222,623.27075,537.869,19.727985,507.77545,113.35235,521.1503,349.08514,603.07166,598.1928,593.04047,650.02057,594.71234,586.48975,576.32184,661.72363,539.54083,594.84906,507.77545,643.3331
0.7319906732210746,568.55396,81.58022,566.88226,66.53469,558.5236,68.20641,503.3567,68.20641,516.73047,71.549866,520.0739,145.1058,483.29596,156.80789,538.4629,247.0811,493.32632,280.51562,555.1802,320.63702,541.8064,372.46054,535.11945,360.75845,518.4022,365.77365,555.1802,472.7641,530.1043,494.49655,546.82153,579.7546,521.74567,621.5477,538.4629,19.72636,508.37186,113.34302,523.41736,349.05637,603.6602,596.4718,591.9581,649.96704,596.9733,586.44147,576.9126,661.6691,540.13464,593.12836,506.70013,641.6084
0.7352420859611951,570.81647,76.50014,569.1461,61.46736,559.12427,63.13767,557.454,66.47829,517.3666,68.14859,522.3775,146.65309,487.30103,156.67494,537.4103,253.55283,495.65256,281.94806,557.454,333.72763,540.7509,375.48532,535.74,365.46347,522.3775,370.4744,552.44305,479.04443,532.39935,497.41785,547.4321,579.26294,524.0478,622.691,539.08057,16.369034,510.68533,113.24692,525.71814,350.4307,605.89294,595.966,595.8711,651.0862,597.5414,585.94415,579.16797,662.7784,542.4212,594.2957,509.01505,644.40497
0.7388775291351172,571.4427,76.38924,571.4427,59.710365,558.0996,63.04614,561.43536,66.38191,516.4024,69.71769,524.7419,148.10838,486.38046,158.1157,538.08496,258.18893,498.05566,284.87512,559.7675,339.9154,541.4207,376.60892,536.41705,368.26947,524.7419,373.27313,551.42804,480.0179,534.7492,500.03256,548.0923,581.75903,524.7419,625.1241,539.75287,14.677412,513.06665,114.75064,528.07764,353.25848,606.4683,596.77,596.461,648.4745,596.461,586.7627,579.78217,661.8176,543.0886,596.77,509.73087,646.80664
0.7458886022751148,570.8649,72.89824,570.8649,57.91915,555.88586,59.583496,565.8719,66.24087,512.6129,66.24087,527.592,149.45802,485.98343,157.77974,537.57806,257.64032,497.63382,284.2698,557.5502,339.19315,540.90674,375.8087,539.24243,369.1513,524.2633,374.14435,550.8928,480.6623,534.2494,500.63443,549.22845,580.5229,524.2633,623.79584,539.24243,12.981889,512.6129,114.50682,529.25635,352.50787,605.81616,597.1663,595.8301,650.4253,597.49445,585.5159,577.5223,665.4044,544.2354,593.83765,509.28424,643.76794
0.7393389206666213,568.7611,72.683525,570.4195,56.09972,553.8357,57.7581,568.7611,64.39162,509.05942,66.05,528.95996,147.31064,489.15884,158.9193,538.9103,256.76373,502.42587,284.9562,563.78595,333.04922,542.227,376.1671,540.5686,366.21683,525.6432,371.19196,550.5189,480.64508,533.9351,498.88724,548.86053,578.4895,525.6432,623.26575,538.9103,11.323452,514.03455,114.14303,530.61835,351.2914,605.2455,595.0733,596.95355,649.79987,598.61194,585.12305,578.71136,663.0669,543.8854,593.4149,510.71777,643.1663
0.7454132047983316,565.7181,70.433365,570.6735,53.915245,549.19995,55.567055,573.9772,63.82612,506.25284,65.47793,532.6818,151.37216,486.4311,161.28304,539.28906,260.39175,502.94922,286.82077,565.7181,342.9824,542.5927,376.01862,540.9409,369.41138,526.0746,376.01862,549.19995,483.3864,534.3337,503.20816,549.19995,577.53973,526.0746,625.44226,537.63727,9.316315,516.1637,116.684105,532.6818,354.54507,605.3616,594.05786,595.4507,651.8713,595.4507,584.147,577.28076,665.08575,542.5927,592.406,511.20828,645.26404
0.7772553608967707,560.7928,69.74586,567.41754,54.840076,542.5746,54.840076,575.69855,64.77726,504.48206,66.43346,542.5746,154.21193,486.26385,160.83672,544.2308,263.52097,499.51346,285.05154,564.10516,344.67465,540.9184,376.1424,545.88696,371.1738,527.6688,377.79858,552.5118,483.79523,535.94977,503.66962,549.1994,578.1985,526.01263,626.2282,535.94977,8.466545,519.3878,121.08798,535.94977,354.61185,607.16626,596.4167,595.5729,654.3836,597.2291,584.8233,575.69855,667.6332,544.2308,591.44806,511.10684,646.1026
0.7770949051930354,559.9966,70.71139,566.60516,54.190037,540.17096,55.84217,574.86584,64.102844,505.47617,67.40712,545.1274,151.666,488.9548,159.92667,545.1274,262.35904,498.8676,287.14105,571.5615,346.61792,541.8231,378.00848,548.43164,369.7478,528.606,376.35635,553.38806,482.093,538.51886,503.57074,550.0838,577.9168,525.30176,625.82874,536.8667,9.582395,521.9975,120.27544,538.51886,353.22644,606.2564,596.0903,596.34357,652.2629,597.9957,584.5253,576.51794,665.4799,545.1274,592.786,510.43256,647.30646
0.783746558886308,557.6366,69.07729,565.8994,54.20419,537.8058,55.85676,575.8148,64.11959,504.75446,67.42473,552.6789,151.70563,486.57623,156.66333,549.3738,262.4276,496.49164,283.91098,575.8148,345.05594,537.8058,374.80215,552.6789,366.5393,527.8904,373.14957,555.984,480.56644,539.4584,502.0498,551.0263,578.0679,524.58527,625.9923,536.15326,11.237454,524.58527,120.30686,539.4584,351.6662,607.2136,597.8987,593.99304,655.7385,598.95074,586.3307,572.5097,667.30646,546.06866,592.941,509.71216,647.47565
0.7913672878192022,556.3327,70.55852,564.5755,55.721443,536.5499,57.370007,576.1155,65.61282,505.22723,68.90995,559.6298,152.98668,485.4445,161.22949,557.98126,261.79184,496.9844,284.87173,581.06116,345.8686,538.1985,373.89417,557.98126,365.65134,528.3071,370.59702,556.3327,481.05078,543.14417,502.4821,551.387,578.316,525.01,624.47577,536.5499,11.210237,528.3071,121.66398,543.14417,350.81427,609.08673,596.4502,594.24963,654.1499,600.84393,584.9103,571.16974,665.6899,546.44135,591.5045,510.1729,644.25854
0.7976921842648432,555.4885,71.4652,565.4867,56.468006,537.1586,58.13436,577.1512,64.79978,507.16425,69.79884,560.4876,153.11661,485.50162,163.11473,553.8222,263.09604,495.49976,289.75772,583.8166,348.08014,538.825,376.4082,558.8212,366.41006,528.82684,371.40912,558.8212,483.05493,547.15674,504.71753,552.1558,578.0372,525.49414,628.02783,537.1586,11.476418,528.82684,123.12221,543.82404,353.07922,607.14557,598.03345,593.8147,658.0222,600.4801,586.36896,570.4857,669.6867,547.15674,591.368,508.8306,646.3577
0.809537912790592,555.9047,71.61984,565.91705,56.601383,537.5489,58.270103,579.2668,64.94497,507.51196,68.28241,564.24835,153.387,484.1499,160.06186,560.9109,261.85364,492.4935,286.88437,587.61035,346.95822,534.2114,375.32642,562.57965,363.6454,529.20526,368.65155,562.57965,483.79303,549.22986,502.14893,552.5673,578.9099,525.86786,627.30273,539.2176,11.546015,530.87396,123.35008,545.89246,350.29565,607.635,597.2658,594.2853,659.00836,600.96014,585.5848,569.2545,669.0207,547.56116,590.59094,509.18066,643.9899
0.807080096923388,556.4405,71.90852,566.4607,56.87826,538.0702,58.54829,579.8209,65.22841,508.00964,70.238495,564.79065,153.73994,486.2993,162.0901,564.79065,260.62183,492.9794,290.68234,591.5111,345.7933,531.3901,375.85382,564.79065,364.16364,531.3901,370.84375,564.79065,484.40573,551.4304,501.10602,554.77045,576.2573,528.05,624.6882,539.74023,11.787473,533.06006,122.0094,548.09033,350.8034,606.5414,596.29767,593.18115,661.42883,599.86127,584.6075,569.8007,671.449,548.09033,587.9475,511.3497,641.3885
0.8186185657978058,557.06226,72.241974,567.06305,58.90752,538.72736,58.90752,580.3975,67.241554,508.72482,68.90836,568.72986,155.58232,483.72272,157.24911,578.7307,260.59116,485.38953,282.25964,597.0656,345.5983,523.7261,373.93402,567.06305,362.26636,532.0601,367.26678,568.72986,483.94327,555.39545,495.6109,558.72906,578.95123,533.7269,618.9546,542.061,12.236929,533.7269,122.24618,550.395,350.59872,605.39966,597.28613,595.3988,660.62476,600.39923,585.61847,572.0635,667.292,553.72864,590.6189,517.05884,632.28906
0.8364949845350705,556.48553,72.04918,566.45935,57.088455,538.20026,58.75076,579.7578,67.06227,509.9411,68.72457,573.1086,153.50197,483.34427,155.16428,581.4201,258.227,485.00656,276.51233,599.7054,341.3421,516.59033,367.93893,568.1217,357.96512,533.2133,362.95203,569.784,482.6378,556.48553,492.61157,561.4725,579.0513,536.53796,615.62195,543.18713,13.868605,536.53796,120.255936,551.49866,346.329,604.6923,597.3366,594.7185,657.1795,601.36774,585.7005,571.4463,663.8287,556.48553,589.0251,521.5772,630.58264
0.8300842367685758,556.288,71.85383,567.91095,58.570488,538.02344,58.570488,581.1943,66.872574,511.4568,68.53299,576.2131,153.21428,483.22968,156.53511,579.5339,257.82056,483.22968,276.08514,601.1193,342.50186,514.7776,372.38937,571.2318,357.44562,533.0422,364.08728,569.57135,481.9769,556.288,491.9394,562.9297,578.2811,539.68384,611.48944,544.6651,12.078802,538.02344,121.66634,552.9672,345.8227,604.4401,596.5457,596.13806,657.98114,601.1193,584.9228,572.8922,662.9624,557.9484,588.2436,524.7401,626.4332
0.8248224648145529,555.7716,73.27897,567.34906,60.047543,539.2323,60.047543,582.23444,66.66325,511.11554,69.97111,580.5805,155.97537,482.99875,157.6293,585.5423,258.51892,482.99875,278.36606,603.73553,341.21533,511.11554,370.98602,569.003,357.7546,532.6166,362.7164,570.6569,480.1453,559.07947,490.06888,564.04126,577.72705,544.1941,609.1517,545.848,13.737554,540.8862,122.89681,552.46375,346.17712,605.3894,595.9203,597.1198,655.4617,603.73553,585.9967,573.9648,660.42346,560.7334,587.65063,529.3087,622.3831
0.8258404708825625,556.4338,73.23207,567.9874,58.377384,539.9285,60.027905,582.8421,66.62999,511.86972,69.93103,584.4926,155.7581,482.16034,157.40862,592.74524,256.43985,478.85928,274.59558,605.9494,337.31537,503.6171,368.67526,571.28845,357.1216,531.67596,362.07318,569.63794,479.26013,559.7348,489.16324,564.68634,574.9903,548.18115,604.6997,546.53064,12.162809,541.5791,122.74769,553.13275,345.56796,602.6483,596.4471,597.6968,657.51636,600.9978,584.89343,572.93896,660.8174,558.0843,584.89343,533.3265,617.9039
0.786206827713893,556.4102,72.55085,567.7064,58.027107,538.65894,59.640854,583.84393,66.095856,512.839,70.9371,583.84393,154.85207,487.01898,158.07956,590.29895,251.67702,482.17773,277.497,609.66394,327.52322,503.15646,369.4807,572.54767,354.95697,537.0452,361.41196,569.3202,475.98816,559.6377,490.5119,570.93396,574.4269,549.9552,603.47437,546.7277,12.842127,543.5002,122.57708,554.79645,343.66074,601.59515,588.9506,598.3677,655.1143,603.2089,576.04065,575.7752,656.7281,566.0927,582.4956,537.0452,614.7706
0.7648240396609673,556.67944,71.04764,567.74243,56.823853,537.7144,58.404274,585.127,64.72595,514.0081,71.04764,588.28784,154.8099,485.56055,156.39032,596.19,249.63512,479.2389,274.92184,613.5746,322.33444,498.20392,366.5862,577.2249,353.94284,537.7144,358.6841,572.48364,475.6352,563.00116,485.1177,567.74243,575.20166,558.2599,603.64923,545.6165,12.572089,545.6165,121.62108,558.2599,341.29947,597.7704,597.3275,599.3508,652.6423,599.3508,586.2646,577.2249,654.22266,531.39276,584.6842,542.4557,616.2926
0.7702131431836349,556.75256,72.06202,567.7664,56.32795,537.87164,59.474766,585.07385,64.194984,514.27057,70.48861,592.9409,155.45256,485.94925,157.02597,602.38135,249.85695,478.0822,275.03146,618.1154,320.66025,493.81628,367.86243,580.35364,353.70178,536.2983,358.422,574.06,474.85406,561.4728,484.2945,567.7664,573.9787,558.3259,602.3,545.7387,12.272571,547.31213,122.411026,558.3259,341.11453,594.5143,599.1532,596.0877,651.0756,599.2345,589.71277,572.48663,652.649,534.72485,583.4191,544.1653,613.31384
0.8007305310322688,556.28217,72.43962,567.6887,57.774006,539.987,59.40352,583.9839,65.92157,513.9148,70.81011,590.50195,155.5448,484.58356,155.5448,601.9085,251.68608,476.436,276.12878,618.2037,325.0142,491.10162,367.38153,580.72485,354.34543,535.09845,359.23395,575.8363,474.9294,561.1707,486.336,567.6887,572.7002,557.9117,602.03143,546.50507,12.147634,546.50507,121.32502,557.9117,344.56833,601.9085,597.1429,595.39044,654.17584,601.9085,587.36584,569.31824,654.17584,549.7641,585.7363,543.24603,615.06757
0.7778877432529743,556.99756,70.16922,567.95605,56.07975,539.7771,57.64525,585.1765,63.907234,514.7292,70.16922,593.004,154.70602,484.98474,157.83702,605.52795,250.20131,474.02628,275.24927,622.7484,322.21414,491.24673,369.17905,583.611,355.08957,536.6461,359.78607,577.34906,477.1983,560.1286,486.59128,564.8251,569.56256,556.99756,600.8725,546.0391,10.680355,547.6046,121.830605,560.1286,342.5656,594.5695,597.7415,596.135,647.8374,599.266,586.783,572.6525,647.8374,544.47363,578.95557,542.90814,611.831
0.7763334214687347,558.27264,70.93547,569.10876,55.45529,539.6964,58.55133,586.13696,63.19538,514.92816,67.83943,593.877,154.52841,485.5158,157.62445,604.71313,252.05351,476.22772,275.27377,623.28937,323.26233,487.06384,368.15482,586.13696,354.22266,536.6004,358.86673,579.9449,474.96805,559.8207,490.4482,562.9167,566.3011,556.7246,600.3575,547.4365,10.562786,547.4365,122.02005,561.36865,341.83853,593.877,597.2614,596.9731,651.442,598.5211,584.87726,573.7528,652.99005,541.24445,577.1372,544.34045,612.7416
0.7874036660561194,557.3215,69.724815,568.2091,55.726498,540.21246,57.281868,585.3181,63.50334,515.32654,68.16945,594.6503,153.71472,485.77454,158.38083,603.98254,251.70294,474.88696,273.47812,624.20233,321.69455,487.3299,369.91098,586.87354,354.35727,537.1017,360.57877,582.2074,474.12067,558.8769,486.56363,560.43225,565.8874,557.3215,598.5502,547.9893,9.065437,547.9893,122.60735,561.9876,341.91434,594.6503,593.88403,597.7611,651.4327,597.7611,582.99646,574.43054,652.98804,537.1017,573.66425,544.87854,609.43774
0.7829427283543807,557.3421,70.71058,569.55347,53.919918,540.55145,56.972767,586.3442,61.55204,516.12866,66.13131,597.0291,153.13748,487.1266,157.71675,609.24054,253.88145,476.44162,278.30423,627.5576,324.09695,488.653,375.99536,590.9234,351.57257,537.4986,356.15186,590.9234,473.6865,558.8685,484.37146,555.8157,565.2719,561.9214,595.8004,549.70996,8.127201,548.18353,121.08257,564.97424,339.3612,592.4498,601.9061,600.082,646.1724,592.4498,592.74756,578.71204,647.69885,537.4986,574.4305,548.18353,608.0118
0.7918796218358554,559.4681,69.14383,570.31104,53.653915,542.4292,56.7519,587.3499,61.398872,514.54736,67.59483,598.1929,154.33833,485.11655,160.53429,605.9378,253.47375,477.37158,278.2576,627.6237,324.72733,488.2145,371.19705,591.9969,352.60916,539.33124,358.80515,596.64386,476.52844,559.4681,487.3714,561.0171,564.8209,559.4681,598.89874,548.6252,8.733179,548.6252,121.80952,565.66406,340.21725,595.0949,598.89874,598.1929,650.01544,598.1929,588.0558,574.958,651.56445,543.9782,572.5659,548.6252,608.1927
0.8186086668418004,558.95465,70.576904,570.0875,54.672867,541.4602,56.26327,587.5819,62.624886,514.4234,67.396095,598.7147,154.86827,484.20572,161.22989,608.2572,253.47328,476.2537,277.32935,630.5228,326.63184,488.97693,371.16312,592.35315,355.2591,538.2794,361.6207,601.89557,477.72015,560.54504,488.85297,566.9067,568.37317,560.54504,601.7716,549.41223,8.551172,547.82184,123.06021,565.3163,344.12628,598.7147,601.7716,597.1243,657.4357,600.3052,589.0484,573.2683,657.4357,549.41223,577.9156,549.41223,612.9044
0.8261318596509787,558.7711,70.8716,570.04694,54.76333,541.05206,56.374157,587.766,62.817463,515.2788,67.64994,597.43097,154.63457,484.67313,159.46706,607.09595,252.89499,475.00815,273.83572,628.0367,326.993,487.89478,368.8745,594.20935,354.37704,537.8304,360.82037,607.09595,475.18906,558.7711,488.07565,570.04694,567.00616,560.38196,602.44434,549.1062,8.049362,549.1062,122.418045,565.2144,343.10126,600.65265,604.0552,595.8201,658.82324,600.65265,589.55774,571.6578,660.4341,555.5495,576.67114,549.1062,612.1093
0.8517784292881305,559.67474,70.14252,571.20514,55.317757,541.5556,56.96495,587.67706,65.20093,516.84766,68.49532,600.8546,157.4439,483.90375,162.38548,610.7378,257.92285,477.31494,277.68918,630.50415,335.34103,493.7869,368.28497,595.913,360.04898,536.614,364.99057,622.2682,478.6471,556.3804,490.17746,571.20514,569.24286,559.67474,602.18677,549.79156,9.196274,551.4388,124.499985,566.26355,348.51862,604.14905,613.71716,595.913,663.133,605.7962,600.53955,571.20514,661.48584,559.67474,577.4788,549.79156,610.4227
0.8554736513357896,559.4835,70.468895,572.64856,54.012566,543.0272,55.6582,589.1049,63.886364,518.3427,68.82326,603.9156,157.68742,485.43005,162.62433,612.1438,258.071,478.84753,279.46426,631.89136,333.77014,495.30386,368.32843,598.9787,358.45462,536.44464,365.03717,626.95447,476.9402,557.8379,488.45963,572.64856,564.1587,561.12915,602.0083,551.2554,9.5804825,552.901,123.12914,567.7117,348.58084,605.5612,611.8821,597.33307,662.89667,608.85254,598.717,572.64856,662.89667,561.12915,570.7413,552.901,608.5908
0.8662593364715576,561.7827,69.02312,573.3175,54.19268,545.30444,55.840508,589.7958,64.079636,518.9392,67.37529,606.27405,158.00574,485.9827,162.94922,616.161,258.52313,477.74356,278.29706,634.28705,334.32315,495.86966,367.2797,601.33057,359.04056,538.71313,365.63187,632.6392,477.68405,556.83923,489.21884,579.9088,558.42755,561.7827,602.9188,551.89575,9.701369,553.5436,123.40138,570.02185,349.1536,607.9219,606.2145,596.3871,662.2406,612.86536,593.03186,573.3175,662.2406,566.7262,565.01886,553.5436,607.8623
0.852994985305346,561.84375,68.93565,574.7916,54.369328,544.04047,55.98781,590.97644,64.080215,519.76324,68.93565,607.16125,154.71515,487.39365,162.80756,616.87213,256.67944,480.91974,280.95667,633.05695,329.51108,498.72302,368.3546,602.3058,357.02527,539.18506,363.49918,634.6754,475.17438,556.98834,488.12222,586.121,556.0984,560.2253,601.4159,552.1329,9.051863,555.3699,123.964005,571.5547,345.6959,615.25366,604.65283,599.06885,656.4442,621.7276,591.705,573.17316,658.0627,574.7916,562.5723,552.1329,607.88983
0.8532718236629779,563.29865,67.74725,577.24286,52.253666,546.2557,53.803024,592.73645,63.09918,521.46594,67.74725,611.32874,157.61008,488.92938,162.25815,620.62494,261.4171,484.2813,278.46008,636.1185,331.13828,499.7749,368.3229,605.13135,351.27994,540.0582,360.5761,637.66785,473.6793,555.5518,487.62354,594.2858,554.246,564.84796,603.82544,554.0025,7.3222566,557.1012,123.52418,572.5948,341.9838,620.62494,605.3748,594.2858,653.40497,629.9211,592.9799,569.49603,654.9543,581.8909,557.34467,560.1999,613.1216
0.8548392401291773,564.78296,68.51349,576.9874,51.73236,548.00183,54.783478,593.76855,62.411263,522.0673,68.51349,613.60077,158.52136,491.5562,161.57246,624.27966,262.25925,485.45398,275.98926,639.5352,330.9093,500.70953,365.9971,607.49854,353.79266,541.8996,361.42044,638.0097,475.83722,555.6296,491.0928,601.3963,552.11505,564.78296,605.5096,555.6296,7.4912086,558.6807,123.43354,575.46185,344.6393,628.8563,605.5096,593.76855,655.85297,636.48413,593.3051,569.3596,658.90405,589.19183,558.2173,560.2063,617.71405
0.866345254274515,565.5408,67.7945,578.4347,53.28885,549.4234,54.90059,596.1638,62.959282,525.2473,67.7945,617.1164,158.05186,491.4008,159.6636,628.39856,257.97968,484.95383,272.48532,642.90424,333.73138,499.45947,362.74268,609.05774,354.684,542.97644,361.13095,641.2925,473.95264,555.87036,488.45828,610.66943,554.53955,563.929,604.5035,557.48206,8.160168,562.3173,122.59361,575.2112,345.01355,642.90424,604.5035,597.7756,657.69086,649.3512,589.9978,570.376,659.3026,597.7756,560.9865,559.0938,612.5622
0.8634492204739497,571.1576,68.239944,583.4906,52.823647,552.658,55.906906,600.44855,63.61506,529.53357,68.239944,625.1146,157.6545,500.2426,162.27937,638.9893,257.86044,494.07608,273.27673,651.3223,331.85867,506.40912,362.69128,615.86487,350.35825,546.4915,356.52475,642.0726,476.7719,557.2829,487.56332,632.8228,556.93665,566.5327,606.2688,560.36615,8.116377,566.5327,123.73863,581.949,339.56683,659.0305,604.7272,594.28204,658.68427,671.3635,592.39417,566.5327,663.30914,622.0314,566.18646,560.36615,617.06024
0.8866826227078071,572.1955,67.88601,584.7777,53.73103,556.4677,55.303806,602.07825,63.167683,532.8761,67.88601,628.8154,155.96143,501.4206,162.25252,644.54315,256.61905,496.70227,270.77402,658.6981,336.83057,506.13895,360.4222,617.80597,349.41278,548.6039,354.1311,641.3976,473.66202,558.0405,486.24423,642.9704,555.44635,565.9044,607.3479,564.3316,9.693324,569.0499,122.93314,583.2049,339.97614,663.41644,602.6296,595.7871,659.2495,677.5714,591.6202,567.4772,663.96783,631.96094,564.883,559.6133,616.78455
0.8976359436145196,575.8379,66.968994,586.92615,52.71268,558.4135,54.296715,604.3505,62.21689,536.237,66.968994,631.2791,154.09088,506.14038,162.01106,647.11945,255.46909,499.80423,271.30945,662.9598,337.83887,507.7244,360.01535,620.19086,350.51117,548.9093,355.26328,642.3673,474.06586,559.99756,488.32214,653.45557,559.6037,564.74963,605.5407,567.9177,9.943752,572.6698,120.826164,585.3421,341.00696,667.71185,607.12476,593.26227,657.81384,685.1362,597.62054,566.3337,659.3979,643.95135,567.52386,559.99756,615.0449
0.8958947543914502,577.8717,68.18497,590.6419,52.222176,561.90894,53.818455,608.201,63.39613,539.56104,66.58869,633.74146,152.78775,509.23172,160.76915,651.30054,254.94962,504.44287,269.31613,667.2633,337.95612,509.23172,357.11148,622.5675,349.13007,552.33124,353.9189,643.31915,472.04355,560.3126,486.41006,660.87823,563.0315,565.10144,606.131,571.4866,10.718923,574.67914,120.862175,587.4494,341.14868,670.4559,610.91986,593.8345,658.8082,689.6112,601.34216,566.69775,660.4045,654.4931,572.60913,558.7164,615.7087
0.8982061652036814,581.46765,68.23309,594.0994,52.443405,565.678,54.022373,609.8891,63.496185,543.5724,66.65413,638.31055,153.49742,511.99304,162.97124,655.6792,256.1304,507.25613,270.34113,673.04785,338.2368,510.41406,358.7634,625.6788,349.28958,553.0462,354.0265,646.2054,474.02814,560.94104,485.0809,665.153,564.02936,564.099,605.0826,575.1518,9.811241,578.30975,121.91804,589.3625,339.81577,669.88995,616.1353,594.0994,658.7675,690.4165,605.0826,567.25696,660.3465,660.41614,570.3452,559.3621,614.5564
0.9021692894972287,584.5812,67.58136,597.46857,53.083004,570.0828,54.69393,613.5779,64.359505,547.5298,67.58136,642.5746,152.96059,516.9222,162.62616,658.6839,256.06003,510.47842,267.33652,678.015,338.2174,510.47842,354.3267,628.07623,349.4939,557.1954,352.71576,647.4074,473.5354,565.25,484.81192,668.3495,566.9693,565.25,608.85345,578.13745,11.198855,582.9702,122.35294,591.0249,339.82834,669.9604,612.0753,595.85767,662.0141,690.90247,604.0206,570.0828,662.0141,665.1276,573.413,560.41724,616.9081
0.9018832536844107,590.65027,69.02096,603.7517,54.281834,575.91113,55.919514,620.1285,65.7456,554.6213,69.02096,651.24445,152.54265,523.5054,164.00641,667.6212,254.07883,516.95465,270.45563,685.63574,335.96283,515.31696,358.89038,636.5053,350.70197,564.4474,352.33966,652.8821,473.52798,570.9981,486.62943,669.2589,566.8758,566.085,607.81775,584.09955,13.339827,590.65027,123.06441,598.8386,339.23822,672.53424,612.73083,595.5633,658.5859,692.18646,602.9047,569.3604,656.9482,664.3459,575.06415,562.8097,617.64386
0.8925007971433493,594.40564,68.64948,607.4729,53.94886,579.705,55.58226,623.8069,65.382675,558.4708,68.64948,656.475,151.953,527.43616,163.38681,672.80896,253.22395,520.9025,269.55798,690.7764,336.52747,519.26917,359.3951,640.1409,349.5947,568.27124,352.86148,653.2081,473.73328,573.17145,485.16708,667.90875,563.5704,566.6378,607.67224,589.50543,14.747204,594.40564,122.55176,602.5727,338.16086,672.80896,610.9391,596.03906,658.30774,690.7764,602.77203,569.9046,656.6743,661.3752,571.7374,561.7376,617.47266
0.8858281075954437,597.33185,69.00232,610.3946,54.30676,582.6363,55.939598,628.35583,65.73664,563.04224,69.00232,661.01263,152.27715,533.6511,163.70702,677.341,253.5132,525.48694,269.84158,695.30225,336.78802,520.5884,354.74927,643.0514,348.2179,571.2064,349.85074,654.48126,472.31372,576.105,483.7436,665.91113,563.75275,566.3079,607.8394,592.43335,15.118608,598.9647,122.886024,607.1289,336.78802,672.4425,611.1051,594.06616,658.45746,690.40375,601.30804,567.94073,656.8246,661.01263,573.5498,561.4094,617.6365
0.8595759937396417,603.11426,68.28401,615.9865,53.80272,588.63293,55.41175,632.07684,65.06595,567.7155,68.28401,662.64844,150.34465,537.1439,161.60788,681.9568,251.71367,532.31683,267.804,698.0471,333.77432,529.09875,349.86462,646.5581,346.64658,575.7607,348.2556,656.2123,470.54205,578.97876,480.19623,667.4755,565.475,567.7155,605.70074,596.6781,13.576917,603.11426,121.38207,611.1594,335.38336,675.5207,612.1369,590.242,657.18976,693.22003,604.09174,562.8884,655.58075,662.64844,573.5201,562.8884,615.3549
0.862588515648475,606.8207,69.51224,618.3327,54.71113,592.0196,56.355694,636.4229,64.57853,572.2848,67.86767,667.6697,151.7406,541.038,163.25258,685.75995,252.05922,536.1043,265.21576,702.2056,335.93216,534.4597,345.79956,651.224,347.44412,580.5076,349.08868,659.44684,474.0758,580.5076,480.65408,669.3143,566.1716,567.3511,607.28577,600.24243,13.596944,606.8207,122.13839,615.0435,334.28757,675.8925,615.5086,592.0196,656.6228,693.9828,607.28577,562.41736,654.9782,662.736,576.039,560.7728,618.7977
0.867256217277967,613.02686,68.007576,626.1462,54.888195,598.2675,56.52812,644.18536,64.72773,578.58844,68.007576,676.9838,150.00372,550.7098,161.48318,693.38306,251.67894,542.51013,264.7983,709.7823,336.95493,539.2303,345.15454,657.30475,345.15454,586.7881,346.79446,663.86444,474.70844,583.50824,482.90805,670.42413,566.5441,567.109,609.1821,608.10706,13.890123,614.66675,120.48511,621.22644,332.03516,673.704,617.3817,586.7881,660.0197,693.38306,607.5422,558.90936,656.73987,662.2245,576.38367,562.1892,620.66156
0.8719809559675363,616.3163,68.64589,629.17566,54.17914,601.84955,55.786556,646.85724,65.43106,582.56055,68.64589,679.00555,149.01672,555.2345,160.26865,698.29456,248.67656,545.58997,261.5359,712.76135,332.26224,542.3751,338.6919,659.71655,343.51416,588.99023,345.12158,664.5388,472.10748,582.56055,481.75198,670.9685,566.94507,568.0938,608.7379,611.4941,13.993721,617.9237,120.08323,624.3534,330.65482,670.9685,615.1676,580.9531,660.17523,691.8649,607.1305,555.2345,658.5678,664.5388,576.5896,566.4864,618.38245
0.8546483745941749,620.5835,68.73409,632.88135,54.89903,605.21124,54.89903,649.7909,64.122406,585.22723,67.19686,683.6099,150.20723,559.09436,159.4306,702.05664,251.66435,549.871,263.9622,715.8917,331.60025,543.72205,346.97256,663.6259,340.82364,591.37616,342.36087,666.7004,471.4881,583.69,479.17426,672.8493,563.72186,568.31775,602.1526,615.9718,13.393844,622.1207,120.99988,626.7324,331.60025,671.3121,612.9132,572.9294,655.95557,691.296,605.22705,549.871,651.34393,668.2376,574.4824,569.855,612.9132
0.8629790613284478,621.95325,68.54375,635.06305,55.433952,607.2047,55.433952,653.089,66.90502,587.54004,68.54375,685.8635,148.84126,561.32043,160.31233,702.25073,248.80348,553.12683,263.552,716.99927,332.37845,546.5719,340.57205,664.56006,345.48825,594.0949,345.48825,667.8375,470.0313,584.2626,478.22495,669.47626,565.0774,567.8753,602.768,618.6758,14.46583,623.592,120.98294,628.5081,332.37845,667.8375,614.23914,562.95917,653.5685,689.1409,606.0455,543.29443,648.65234,662.9214,573.271,569.51404,612.6004
0.8713813515809866,623.9417,69.51643,637.01294,54.81131,610.8705,56.445213,654.98584,66.24863,591.2637,67.88253,687.66394,147.94376,563.4873,159.38107,705.63684,247.61183,555.3178,263.95084,720.342,332.57477,547.14825,342.37817,666.42316,342.37817,594.53143,342.37817,668.05707,469.8226,584.728,474.7243,671.3249,564.5889,566.7551,600.5348,620.6739,13.963742,625.5756,120.16742,628.84344,329.30695,666.42316,613.606,558.5856,651.1858,687.66394,607.07043,538.97876,644.65015,664.7893,574.39233,571.6568,611.9721
0.8550457381285154,628.1779,67.74139,639.3704,54.949966,613.78754,54.949966,655.3597,66.14246,593.0015,66.14246,688.9372,147.68779,565.8197,158.88028,706.5254,245.2224,557.8251,261.21167,724.1136,329.96558,548.2315,339.55914,668.1511,341.15808,596.19934,339.55914,668.1511,469.0723,585.00684,473.86908,671.349,563.40906,567.41864,596.9866,623.3811,13.377837,626.579,120.50601,631.3758,328.36664,666.5522,612.9758,559.424,648.1522,688.9372,604.9812,540.2369,640.1576,664.95325,573.0026,573.8144,608.179
0.8502537974944482,630.71454,69.07979,643.3778,54.833595,616.4684,54.833595,659.2069,67.49688,594.3076,67.49688,690.8652,146.64241,568.981,157.72278,709.86005,244.78287,559.4836,255.86324,732.0208,330.26004,546.8203,330.26004,668.7044,339.7575,597.47345,339.7575,668.7044,466.39032,584.8101,469.55615,671.87024,562.9479,570.56396,588.2745,627.5487,15.260832,629.13165,119.732925,632.2975,328.67712,668.7044,612.0181,561.06647,640.5105,690.8652,604.1036,542.07153,631.01306,665.5386,572.4453,578.4785,599.3548
0.8592707698161786,632.4472,68.93648,645.03613,56.34754,618.28467,56.34754,659.19867,67.36286,596.254,67.36286,690.671,147.61731,571.0762,158.63263,714.27527,245.18155,558.48724,254.62325,739.4531,330.15686,542.75104,327.0096,668.6404,339.59854,597.82764,339.59854,668.6404,465.48788,585.2387,467.06152,671.78766,563.0521,572.6498,581.93555,627.7264,15.433506,629.3,120.86583,632.4472,330.15686,668.6404,611.8342,563.20807,633.86487,689.0974,603.9662,544.3247,624.42316,665.49316,572.49384,580.5179,592.95087
0.8726399288727686,629.4288,69.62995,643.4784,55.580315,615.3791,55.580315,660.65015,68.06888,596.64624,68.06888,693.4327,152.3667,570.10803,158.61098,716.8487,250.71416,556.0584,253.83629,749.6312,333.4509,531.0813,324.08447,666.8945,339.6952,598.20734,339.6952,668.4555,463.01978,584.1577,459.8976,670.0166,561.3672,576.35236,572.29474,627.8677,16.553549,630.9898,121.14529,632.5509,328.76767,666.8945,611.3215,565.42487,628.4932,688.74945,603.5161,546.692,617.56573,665.3334,570.73364,584.1577,580.10004
0.8809083585555737,629.9503,69.94794,644.00476,55.893517,615.89594,57.45512,661.1824,68.38633,597.1567,68.38633,692.41437,151.15121,570.60944,158.95923,717.4,246.40892,550.30865,254.21692,753.31683,326.0506,519.0766,322.9274,667.4288,340.105,598.7183,340.105,668.99036,461.90994,584.6639,461.90994,670.55194,560.29083,578.4175,568.0989,628.38873,16.853477,629.9503,123.04239,633.07355,329.1738,668.99036,611.8237,567.48627,624.3165,689.2912,604.0157,548.7471,613.3853,665.8672,569.66046,586.22546,575.90686
0.8914499993507679,630.27545,70.86702,642.6839,58.45855,616.3159,58.45855,661.29663,69.315956,597.70325,69.315956,692.31775,151.52205,571.3352,159.27734,720.2368,246.1366,546.5183,255.44295,763.66644,323.6895,507.74185,323.6895,667.50085,339.2001,597.70325,339.2001,669.0519,461.7337,586.8458,460.18265,670.60297,561.00146,580.6416,565.6546,628.72437,18.131035,630.27545,122.05194,633.37756,328.34268,669.0519,610.6353,569.7842,621.49274,690.7667,604.4311,551.17145,610.6353,667.50085,570.3078,586.8458,573.4099
0.8946817929928119,631.1484,71.722305,645.025,57.845703,617.2718,57.845703,661.9853,68.63862,597.2278,68.63862,694.364,153.44008,571.0164,159.60747,726.7428,245.95078,540.17957,253.66,772.9981,318.41748,498.54974,323.04303,668.15265,338.46146,597.2278,338.46146,668.15265,461.80905,586.4349,460.2672,669.6945,560.4871,581.8093,562.029,629.60657,17.757736,631.1484,124.14503,631.1484,327.66855,666.61084,611.368,572.5583,619.0772,689.7385,603.65875,554.05615,606.7425,666.61084,568.19635,587.97675,569.7382
0.8731129444562472,631.9686,68.8393,645.80554,56.53985,618.1318,56.53985,661.1799,67.301865,596.6077,67.301865,691.92847,153.39803,568.93396,158.01033,738.0514,241.03163,525.88586,251.79364,796.4738,307.14117,475.15063,316.36575,665.7921,336.3524,598.14514,336.3524,667.3296,463.9592,588.9206,457.80945,670.4044,563.8922,582.7709,560.8174,630.4312,16.566628,630.4312,121.11197,630.4312,325.59036,668.867,614.6275,572.00885,616.1649,691.92847,606.9403,553.55963,605.4029,665.7921,574.65424,590.458,570.04193
0.8752512267002692,631.2431,71.168365,643.53687,57.337887,617.41266,57.337887,660.4408,68.094925,597.4353,68.094925,692.7119,151.07779,568.2376,157.22467,741.8869,238.6708,520.5993,244.81769,806.42914,301.6763,463.74066,304.74976,666.58765,335.48416,597.4353,335.48416,666.58765,461.49515,589.7517,459.95844,669.66113,561.38196,583.6048,561.38196,628.1697,17.383173,629.7064,121.88011,631.2431,324.7271,668.1244,612.0937,572.8478,616.70386,689.6385,604.4101,554.4071,604.4101,666.58765,570.60223,591.2884,570.60223
0.8658550427510188,631.4322,69.68452,643.73145,57.38527,616.05817,55.847862,660.6429,68.14711,594.5345,66.6097,689.85364,154.24184,566.86115,155.77924,749.81244,238.79916,516.1268,240.33656,822.0705,300.29538,453.09314,298.758,663.7177,335.65573,596.07184,335.65573,665.2551,460.1856,591.45966,461.723,669.8674,564.7292,585.31,561.65436,628.35736,15.875311,628.35736,121.956314,629.8948,326.4313,668.32996,610.8514,573.0108,615.46356,691.39105,604.7017,554.5619,606.23914,665.2551,572.4162,591.45966,569.34143
0.8531540678097651,628.57153,71.45758,641.35443,58.674667,614.19073,58.674667,658.93097,66.66399,595.01636,68.261856,692.4861,156.14438,566.2548,156.14438,757.99854,236.0376,511.92746,236.0376,834.696,296.75644,446.415,285.57138,662.1267,333.5073,595.01636,330.31158,663.72455,458.14072,588.62494,458.14072,668.5181,562.0019,582.23346,563.59973,626.9737,17.130201,628.57153,120.99137,628.57153,323.9201,666.9203,611.53564,572.6463,614.7314,689.29034,606.74207,553.4719,606.74207,665.3224,569.9912,590.2228,571.58905
0.8376545585118808,629.2486,68.30199,641.55194,55.998653,613.86945,54.460735,658.469,65.22615,593.8765,63.688236,689.2273,151.34947,564.65607,152.88739,752.2819,223.63155,506.21527,229.7832,827.63983,268.2311,440.08484,275.92072,663.08276,328.20987,595.4144,326.67194,663.08276,458.93277,587.72485,458.93277,670.77234,565.049,581.5732,565.049,627.7107,14.474909,627.7107,119.05322,629.2486,318.98236,667.6965,614.2623,572.34564,617.33813,689.2273,606.57275,552.3528,606.57275,666.15857,574.2765,589.26276,574.2765
0.8459794888129601,624.8772,69.28937,638.04785,56.11867,611.7065,56.11867,654.5112,65.9967,591.95044,65.9967,687.438,148.31357,560.67004,153.25258,758.2305,210.87439,494.81653,220.75241,840.54736,248.74014,422.3777,260.2645,659.45026,324.47168,591.95044,322.82532,661.0966,459.47134,585.36505,457.82498,670.9746,564.8369,582.0724,563.1906,624.8772,14.960237,624.8772,117.03316,624.8772,316.24,667.68195,614.22705,573.8407,614.22705,690.73065,607.6417,554.08466,605.99536,666.0356,574.71497,588.6578,571.4223
0.8750084203023177,622.19214,69.563156,635.9402,57.53359,610.16254,55.81508,651.4068,66.12614,591.259,66.12614,685.777,146.89612,558.60724,155.48866,756.2359,203.60695,489.86685,219.07355,838.7244,232.82162,412.53387,251.72523,656.5623,327.3397,589.5404,327.3397,659.9993,457.94644,586.1034,457.94644,670.3104,562.7756,580.9479,561.05707,622.19214,16.289345,622.19214,119.399956,622.19214,315.31012,666.8734,614.3309,577.51086,614.3309,689.21405,607.45685,556.88873,607.45685,666.8734,571.3681,587.8219,571.3681
0.8745263104255383,621.67725,66.45798,633.8666,54.26866,607.7466,56.00999,653.0212,64.716644,590.3333,66.45798,686.10645,146.55917,558.9893,153.5245,757.50104,198.79909,484.11212,216.2124,839.34357,223.17772,404.01093,247.55635,656.50385,324.1749,588.592,324.1749,659.9865,456.51602,585.1093,456.51602,670.4345,564.4785,583.368,562.7372,619.9359,15.95939,621.67725,118.69789,623.4186,311.98557,670.4345,614.9771,579.8853,614.9771,691.33044,608.0118,558.9893,608.0118,666.95184,574.92645,590.3333,573.1852
0.8823333107508146,621.5606,68.27684,634.2786,55.558807,607.0257,55.558807,650.6304,64.64312,590.67395,66.459984,686.96765,144.58505,556.15356,153.66936,756.0084,197.27405,481.66223,213.62581,837.7672,220.89326,398.08658,240.87874,656.081,324.4544,587.0402,324.4544,659.7147,458.9022,583.4065,458.9022,670.6159,566.09705,583.4065,567.91394,619.7438,15.587843,621.5606,117.33212,621.5606,313.55322,668.799,615.15234,577.95593,616.9692,690.6014,607.8849,557.97046,609.7018,666.9822,575.1814,590.67395,576.9982
0.8772741212294652,619.97955,66.9395,632.68427,56.049747,607.27484,56.049747,649.01886,65.12454,589.12524,65.12454,685.31805,144.9827,554.64105,152.24254,759.7313,193.98657,478.4128,210.3212,839.5895,215.76607,393.10977,237.54556,654.46375,326.47852,585.49536,328.2935,659.9086,458.97046,583.68036,460.78543,670.7984,564.23804,581.8654,567.868,619.97955,16.120667,619.97955,117.75832,619.97955,315.58878,668.9834,613.24194,578.23553,615.0569,690.76294,605.9821,556.456,609.612,665.3535,575.1278,590.94025,576.94275
0.9008021102501795,619.8145,68.71578,632.591,55.939285,607.038,55.939285,649.0179,65.06535,588.7859,66.890564,685.52216,145.37474,552.2816,152.6756,756.7055,192.83029,475.62262,207.432,833.36444,211.08243,393.48804,231.15977,652.66833,331.5465,585.13544,331.5465,658.144,459.31146,583.31024,459.31146,669.0953,565.1738,581.485,565.1738,617.98926,17.609802,619.8145,119.821754,619.8145,318.77002,670.9205,614.4546,574.18414,614.4546,690.9978,605.32855,554.1068,607.15375,663.6196,574.2999,588.7859,574.2999
0.8950644204249749,617.9756,67.86916,631.0019,54.842873,604.9493,54.842873,647.74994,64.14736,586.34033,66.00826,683.107,144.16599,552.8442,149.74867,755.682,192.54933,476.54733,203.71472,835.7006,207.43651,394.66782,226.04549,651.47174,328.3949,582.6185,328.3949,658.91534,458.65775,582.6185,458.65775,670.08075,564.72894,580.7576,564.72894,616.1147,15.764016,617.9756,118.1134,617.9756,315.3686,670.08075,613.1123,575.1749,614.9732,690.5506,605.6687,556.5659,605.6687,664.49805,574.03345,588.20123,574.03345
0.8997862178545731,616.1679,68.50951,629.254,57.292862,603.08185,55.42342,646.079,64.77062,586.25684,66.64007,681.5983,145.15657,550.7375,150.7649,756.376,191.8926,475.95987,203.10924,833.023,208.71756,393.70447,223.67308,649.8179,326.4923,582.518,326.4923,657.2956,457.35318,582.518,457.35318,668.51227,563.91125,582.518,563.91125,616.1679,16.165167,616.1679,118.984406,616.1679,315.27567,668.51227,612.5167,578.7791,614.38617,689.0761,605.039,558.2153,605.039,664.7734,573.2585,589.9957,573.2585
0.9066323752586658,616.092,68.41858,629.18365,57.19716,603.0003,57.19716,646.01575,66.54834,584.298,66.54834,681.5503,145.09828,548.7635,150.709,754.4895,191.8542,475.82422,203.07562,831.1692,210.55658,393.5338,225.51846,649.7562,328.3815,582.42773,328.3815,657.2372,457.42783,582.42773,457.42783,668.4586,564.0313,582.42773,564.0313,616.092,17.922186,616.092,118.91497,616.092,317.16006,670.32886,612.6575,576.817,612.6575,690.9014,605.1765,558.1146,605.1765,664.71814,573.3825,589.9087,571.51227
0.8918017148971558,615.37427,67.3212,628.5111,56.061054,602.2374,56.061054,645.40137,65.44451,583.4705,67.3212,681.0585,144.26553,549.6901,151.7723,754.24945,193.0595,474.62247,202.44295,829.3171,209.9497,390.17136,226.83994,649.1547,324.42786,581.5939,322.55118,658.5382,457.6729,583.4705,457.6729,669.79834,564.6443,581.5939,562.76764,615.37427,16.650541,615.37427,117.99185,615.37427,313.16772,669.79834,613.4383,577.84045,613.4383,690.44196,605.9315,557.19684,605.9315,666.0449,574.0278,589.1006,572.15106
0.8950579166412354,613.7987,68.08352,625.1881,56.69414,600.5111,56.69414,644.1704,64.287056,583.42706,68.08352,680.23676,142.11447,551.15717,149.7074,754.2677,191.46844,475.22794,202.85783,832.09515,214.24721,389.80762,227.53482,649.8651,322.4463,581.5288,322.4463,657.458,457.2206,583.42706,459.11884,670.7456,565.4197,581.5288,563.5215,613.7987,14.933086,613.7987,115.53926,615.69696,311.05692,668.8474,612.8754,577.73236,614.7737,689.7279,607.1808,558.75006,607.1808,666.94916,573.01263,589.1217,571.1144
0.9018947459184207,612.79913,67.73075,626.00464,56.411724,599.5936,56.411724,644.8697,65.844246,582.61505,67.73075,680.71326,143.19092,548.658,150.73694,754.2869,192.24002,475.08432,205.44556,831.6336,212.99158,390.19165,229.97011,648.6427,328.06833,580.7286,328.06833,658.07526,458.23712,582.61505,458.23712,669.3943,563.88135,580.7286,563.88135,612.79913,16.795135,614.68567,118.66636,614.68567,314.8628,667.50775,612.9305,576.95557,612.9305,690.1458,605.38446,556.204,603.4979,665.6213,571.42737,590.1611,571.42737
0.9070772001376519,611.61566,68.10182,624.7981,56.802574,598.43317,56.802574,643.6302,66.21861,581.4843,68.10182,681.2944,145.31339,547.58655,152.8462,756.6227,192.3936,474.14142,205.57605,833.8342,214.9921,391.2802,230.05777,649.2798,327.98462,581.4843,327.98462,656.8126,457.92603,583.3675,457.92603,669.9951,563.3857,581.4843,561.5025,611.61566,17.255192,613.49884,118.948456,613.49884,314.80215,668.1119,612.3491,575.83466,612.3491,690.7104,604.8163,557.00256,602.9331,666.2287,572.80176,589.01715,570.9185
0.906730477626507,613.0839,68.11291,626.262,56.817398,599.9059,56.817398,643.2053,66.23032,582.9626,68.11291,680.857,145.29889,549.07605,150.94664,754.27783,192.36351,473.77267,207.4242,833.3464,213.07195,390.93893,231.8978,648.8531,327.90964,581.08,327.90964,658.266,457.80798,582.9626,457.80798,669.5615,563.2327,581.08,563.2327,613.0839,17.283115,614.96655,118.9427,614.96655,316.6141,667.6789,612.17993,577.3148,612.17993,690.26996,604.6496,556.6064,602.767,665.7963,570.76306,588.61035,570.76306
0.9016791765506451,612.4167,66.60402,625.7657,55.162052,600.97473,55.162052,642.9286,64.69702,583.81177,66.60402,679.1615,142.88379,549.4859,150.51176,753.5343,192.46564,475.1131,205.8146,827.90704,213.44258,389.29837,234.41953,648.6496,325.95526,581.9048,325.95526,658.1846,455.63086,581.9048,459.44485,669.6265,564.3295,581.9048,564.3295,612.4167,15.11517,614.32367,116.18587,616.2307,312.6063,667.71954,613.9114,579.9978,615.81836,688.6965,606.2834,559.0209,608.1904,665.81256,571.9575,589.5328,571.9575
0.8984582332464365,613.43726,68.10019,626.4225,55.11496,600.452,55.11496,644.97284,64.39012,583.7567,68.10019,682.0735,144.15654,550.36615,151.57668,756.2748,194.24243,472.45474,207.22766,836.0412,212.79276,390.8333,233.19812,650.5379,327.8048,581.9017,327.8048,657.95807,457.6571,583.7567,457.6571,669.08826,563.394,581.9017,563.394,613.43726,18.0143,615.2923,118.18608,615.2923,314.81958,670.9433,611.6248,574.48157,615.3349,691.34863,604.2047,555.9312,606.05975,663.52313,572.6691,591.1769,572.6691
0.8973236611256232,613.92993,68.902954,627.0746,55.7583,600.7853,55.7583,643.97485,65.14734,583.885,67.02515,681.531,144.01526,548.20667,151.52649,754.7655,192.83826,474.97217,207.86072,828.0,207.86072,390.47083,232.27222,649.6083,324.2848,582.0072,326.1626,657.1195,457.60913,583.885,457.60913,670.26416,564.64417,582.0072,562.76636,613.92993,18.202148,613.92993,117.72595,615.80774,313.01794,668.38635,613.46716,578.2516,613.46716,690.92004,605.95593,557.5957,605.95593,666.50854,572.1554,589.51843,572.1554
0.8924235586936657,614.1247,67.16647,627.27374,55.895855,600.97565,55.895855,644.1797,65.28803,584.06976,67.16647,681.7484,144.18236,550.2579,151.6961,755.00745,193.0217,475.12042,208.04918,832.0233,206.17075,392.46924,232.46886,651.6934,322.6338,582.1913,324.51224,659.2072,456.00278,584.06976,457.8812,670.4778,563.0736,582.1913,563.0736,614.1247,18.32713,616.0032,117.88425,617.8816,313.2416,668.59937,613.7914,578.43445,613.7914,689.26215,606.27765,557.7716,606.27765,664.84247,572.4658,589.7051,572.4658
0.8980832787660452,613.46857,67.51827,626.5988,56.26376,600.3383,56.26376,645.3563,65.64252,583.45654,67.51827,682.8714,144.4241,549.693,151.92711,756.0257,191.31789,474.66293,208.19966,834.8073,208.19966,392.12985,232.58443,650.9836,324.49628,583.45654,326.37204,658.48663,455.7989,585.3323,457.67465,669.74115,562.71674,581.5808,564.5925,613.46857,16.87297,615.3443,118.16357,617.2201,313.24176,669.74115,613.36206,579.705,613.36206,690.3744,605.8591,559.0718,605.8591,665.9896,572.0955,589.0838,573.97125
0.8927988983117617,616.83466,67.73531,629.68884,54.881126,603.98047,54.881126,646.21564,65.899,585.6173,67.73531,681.1056,143.02414,550.72736,152.2057,758.2307,192.60458,475.43854,209.13141,840.8648,210.96773,390.96817,234.83978,653.5609,326.65543,585.6173,328.49176,659.0698,458.86996,585.6173,460.70627,670.0877,565.3761,581.9447,567.2124,614.99835,18.154867,616.83466,119.15208,620.50726,315.63754,670.0877,614.95654,576.4358,616.79285,690.2872,605.77496,556.2363,609.44763,666.4151,574.5577,589.29,576.394
0.9001997663424566,616.58704,69.193886,629.5648,56.216095,603.60925,56.216095,646.25055,65.48595,585.0695,67.33991,683.32996,145.20667,551.69806,154.47652,757.4888,193.40988,475.68527,210.09561,837.2095,208.24165,390.40265,237.90517,653.66644,330.60367,586.92346,330.60367,659.22833,458.52762,585.0695,458.52762,670.3522,564.2039,583.2156,564.2039,614.73303,17.28272,616.58704,121.10505,620.295,317.6259,670.3522,612.40717,579.5076,614.2611,690.74585,604.9913,559.11395,606.8452,664.7902,571.6198,590.6314,573.47375
0.8933669236990122,617.8709,68.430504,630.78986,57.35711,603.1064,57.35711,647.3999,66.58494,586.4963,68.430504,684.3112,145.94424,551.43054,155.17206,758.13385,193.92894,475.76236,210.53902,839.3387,212.38458,392.71194,238.2225,654.78217,330.50076,586.4963,330.50076,660.3189,457.84476,586.4963,459.69034,669.5467,561.1964,582.8051,564.8875,616.0253,16.754675,617.8709,120.10632,621.562,317.58182,669.5467,612.87225,579.114,616.56335,689.8479,605.49,558.8128,607.3355,667.7011,570.42426,590.1874,575.96094
0.8912145426640143,620.26373,67.85029,633.1051,56.843365,607.4223,56.843365,647.781,66.0158,589.07745,67.85029,686.30524,144.89874,552.3877,154.07118,759.68475,196.26439,479.0082,212.77477,842.23663,216.44374,396.4563,242.12656,656.9535,326.51297,589.07745,326.51297,660.62244,456.76154,587.2429,458.59604,669.79486,561.32733,583.574,564.9963,618.42926,16.48465,618.42926,119.21593,622.0982,313.67157,669.79486,610.85846,579.905,614.52747,689.97424,603.5205,557.8912,607.1895,666.1259,570.49976,590.9119,576.00323
0.8547046918135422,627.20105,68.27322,639.1736,54.590305,611.80774,56.30067,656.2772,64.852486,591.2834,66.56285,687.0638,143.52922,558.7865,153.7914,757.18866,198.26086,485.24084,218.78522,840.9965,223.91632,404.85376,252.9925,659.69794,319.6967,592.9938,323.1174,661.4083,456.5258,587.8627,456.5258,669.96014,564.2787,581.02124,562.56836,620.35956,15.251939,622.06995,116.1634,627.20105,314.56558,668.24976,613.8793,579.31085,615.5896,688.7741,607.0378,555.3658,607.0378,666.5394,572.8305,587.8627,572.8305
0.8438915289365329,630.3762,68.089066,642.0035,54.800747,615.4269,56.46179,656.9529,64.76698,593.8333,66.428024,688.51263,144.4969,558.9515,154.46315,758.2763,204.29434,487.52676,224.22682,844.6504,235.8541,407.79684,262.43076,661.936,322.22818,592.1723,323.88922,661.936,456.7724,588.8502,458.43344,670.24115,563.079,582.20605,564.74,623.73206,14.935788,622.071,117.920265,628.71515,315.584,670.24115,612.91016,580.545,614.5712,690.17365,606.266,557.29047,606.266,665.25806,573.0452,588.8502,573.0452
0.8561972563083355,637.2359,69.26413,647.18463,55.999184,620.6547,57.657303,658.79144,65.94789,594.1249,67.60601,690.2957,148.8538,560.96246,157.1444,758.27856,210.20418,494.63776,226.78537,839.52637,245.02466,420.02243,266.5802,662.1077,327.93057,594.1249,327.93057,663.7658,458.9219,589.1505,460.58005,670.3983,561.7252,582.518,563.38336,625.6291,14.5462265,623.971,119.007675,628.9453,317.98187,667.08203,611.4688,577.5437,613.1269,688.6376,604.8363,554.33,604.8363,667.08203,571.67395,587.4924,571.67395
0.8423631558051476,642.02203,70.82507,651.6266,58.019012,626.01447,58.019012,659.6304,66.0228,597.20087,67.62356,691.6455,149.26218,561.9842,155.6652,754.0751,214.89322,499.55466,230.9008,834.1129,251.71063,429.12134,277.32275,664.4327,326.94623,597.20087,326.94623,664.4327,458.2083,590.79785,456.60757,670.8357,562.25757,581.1933,562.25757,627.61523,16.399324,626.01447,120.44855,629.216,317.34167,666.03345,613.48175,573.1895,615.0825,688.44403,607.07874,553.9804,605.47797,666.03345,570.26135,587.5963,571.86206
0.8382743092683645,650.70276,69.87006,656.85706,56.02289,633.77844,56.02289,663.01135,65.25434,598.39124,66.792915,690.7057,149.87596,563.00397,159.1074,755.32587,217.57326,502.99957,237.57474,829.1774,262.19193,436.84085,289.8863,666.0885,329.88922,599.9298,328.35065,664.5499,459.12952,592.23694,460.6681,670.7042,566.8298,583.0055,563.7526,629.1627,12.942791,626.0856,119.10446,633.77844,320.65778,667.6271,612.987,575.31256,614.5256,690.7057,606.8327,555.3111,606.8327,664.5499,574.52264,589.1598,571.4455
0.8398841138069446,655.69275,70.53202,661.8714,56.629993,640.24603,56.629993,664.96075,65.89801,601.62933,65.89801,689.6755,149.31018,563.0126,160.12288,751.4623,223.45433,507.40445,241.99037,825.60645,274.42844,444.073,296.05383,668.0501,326.9472,600.08466,326.9472,664.96075,458.24417,592.36127,459.78882,671.13947,564.82635,584.63794,563.28174,630.978,14.923905,626.344,118.41679,634.0674,317.6792,668.0501,612.7111,573.82526,614.2558,689.6755,606.5325,553.74457,604.9878,666.50543,572.54974,590.8166,571.00507
0.8426527839440566,664.2308,72.90558,668.8687,58.991863,648.7711,58.991863,671.96063,66.7217,608.5759,68.26767,692.0582,150.20398,565.2888,157.93382,746.1671,229.04836,517.36383,246.05402,814.1897,289.34113,460.163,310.98468,670.4147,327.99033,600.8461,329.5363,668.8687,460.9436,591.5703,460.9436,670.4147,564.52344,583.84045,562.9775,636.4034,15.704755,628.6735,120.83059,634.8574,320.2605,667.32275,613.99445,573.0187,618.6323,690.51227,607.81055,554.46704,606.2646,665.7768,572.2533,591.5703,572.2533
0.8439204899164346,667.78314,74.24625,672.4246,60.321873,653.85876,60.321873,672.4246,68.05763,612.0857,68.05763,690.9904,150.05672,567.21826,159.33963,738.95215,228.96149,519.25653,247.52731,802.38544,287.75327,466.65335,315.60202,670.87744,327.97925,601.2556,329.5264,669.3303,459.48718,593.51984,459.48718,670.87744,566.2407,584.23694,561.59924,639.9344,17.001604,629.1044,120.66081,636.8401,320.24347,667.78314,614.20245,574.95404,617.29675,690.9904,608.0138,557.93536,604.9195,666.236,575.5236,591.9727,569.335
0.8314169278511634,671.8997,74.255035,674.9949,61.87433,657.97144,61.87433,673.4473,68.06468,616.1865,68.06468,688.92316,150.08685,566.6637,159.37238,736.89844,232.10901,523.33124,250.68007,795.7067,294.01254,473.80844,321.8691,671.8997,329.60706,603.80585,328.05948,668.80457,461.15204,596.0679,461.15204,670.3521,566.388,583.6872,566.388,640.94794,16.994278,628.56726,119.135086,637.8528,320.32153,667.25696,614.3632,583.6872,615.9108,688.92316,606.6253,563.56854,608.1729,664.16174,575.6735,586.78235,574.126
0.8336542134101574,674.0897,74.53839,677.18536,62.155704,661.70703,60.60787,675.6376,68.34705,618.3676,66.79922,688.02026,147.2867,565.7412,159.66939,729.8118,230.86984,525.49744,254.08739,782.43823,292.7833,482.15805,325.28784,669.4462,333.02704,602.8893,331.4792,669.4462,459.94962,598.2457,459.94962,670.994,565.20245,584.31525,565.20245,643.133,17.268456,627.65466,119.425644,636.94165,323.74002,667.8984,614.7332,590.5066,614.7332,689.56805,606.994,568.83685,608.5419,664.8027,571.3938,585.86304,571.3938
0.8257428270119888,675.49255,73.79804,678.58417,61.431595,663.1261,61.431595,675.49255,67.614815,621.38934,66.06901,686.31323,147.99672,567.2862,158.81735,726.50415,233.01602,530.1868,253.1115,777.51575,299.48566,486.90427,328.856,669.3093,327.31018,602.8397,327.31018,667.76355,461.79526,599.7481,461.79526,670.85516,568.4559,585.8358,566.91003,647.6681,18.149035,629.1184,118.6264,636.8474,319.58115,669.3093,614.83,599.7481,617.92163,690.9506,607.101,578.1068,613.28424,663.1261,577.7307,582.7442,571.5475
0.8331177440973428,678.3238,73.90936,678.3238,59.99611,665.9564,59.99611,673.68604,69.27161,622.6708,69.27161,684.50745,146.56746,567.01776,157.38887,718.51764,236.23064,531.4617,254.78165,760.2574,308.88873,494.35968,336.71524,667.5024,333.6234,599.482,335.1693,669.0483,463.48044,601.02795,465.02634,672.14014,563.965,588.6606,567.0569,644.3136,18.256351,628.85443,118.74095,635.0381,327.43973,670.5942,614.9803,613.39526,616.5262,692.237,605.7048,587.1147,614.9803,667.5024,573.24054,580.931,574.78644
0.8030045078350947,677.24207,74.07944,678.78253,61.75536,664.91797,60.21485,674.161,69.45791,624.86475,67.9174,683.40405,151.10492,566.3254,155.72644,709.5928,243.53549,537.05566,254.31906,738.8624,319.02045,512.40753,329.80402,664.91797,332.88504,598.6761,334.42557,666.4585,462.28784,603.2976,465.36887,671.08,565.502,589.433,568.583,647.97235,18.621092,627.94574,118.75421,632.56726,326.72302,672.62054,614.7983,620.24316,614.7983,692.64716,605.55524,595.59503,614.7983,667.99896,576.2856,578.6494,577.82605
0.791047419493015,679.0978,77.584435,679.0978,63.7208,666.7746,62.180393,674.4766,69.882416,625.18365,69.882416,683.719,154.60466,566.6483,154.60466,705.28467,245.48851,538.921,251.65013,729.93115,317.8875,520.43616,328.67035,663.6938,333.29156,597.45636,336.37238,665.2342,464.22592,603.618,465.76633,671.3958,564.3522,588.2139,568.9734,649.83014,20.589478,628.26447,120.71576,631.3453,327.12994,671.3958,613.64514,620.56244,615.18555,691.421,604.4027,595.91595,615.18555,666.7746,573.5946,577.43115,578.2158
0.7881958461724795,678.059,75.78868,678.059,61.902473,667.25867,61.902473,673.4303,68.07412,624.05707,69.617035,682.68774,154.47722,565.4264,152.93431,701.2027,247.05197,543.8256,253.22362,721.26056,319.56885,536.1111,328.82632,662.6299,333.45508,596.28467,336.5409,667.25867,463.05972,602.4563,464.60263,671.8874,564.89197,590.11304,571.0636,647.2008,18.700924,627.14294,118.990234,630.22876,327.28342,671.8874,612.7222,619.42834,615.80804,691.94525,603.4648,594.74176,615.80804,664.1728,572.6065,580.8555,578.77814
0.798509017779277,679.3463,78.823395,679.3463,64.913605,666.98206,64.913605,673.1642,71.09573,626.7982,71.09573,677.8008,154.55447,563.4314,154.55447,694.80164,247.2864,541.79395,255.01407,711.8025,319.92642,538.7029,341.56387,660.7999,335.38174,595.8876,338.4728,663.891,462.1154,602.0697,465.20645,671.61865,564.1205,589.70544,567.21155,648.43567,20.09317,625.2527,120.552765,629.8893,329.19962,671.61865,613.5775,620.6161,615.12305,691.7106,604.3043,595.8876,615.12305,666.98206,573.3937,578.8867,574.9392
0.8025421454356267,678.24744,79.252884,678.24744,65.37548,667.4539,65.37548,672.0797,70.00128,627.36365,70.00128,672.0797,153.26567,564.1444,154.8076,685.9571,245.78165,545.6412,259.65906,702.9184,318.2525,548.72504,352.17502,658.20233,336.7557,594.98303,338.29764,664.37006,461.65228,599.6088,467.82,670.5378,563.41986,588.8153,568.04565,648.9507,19.11749,624.2798,120.88507,628.9056,329.04602,672.0797,614.30365,622.73785,617.3875,692.1248,603.51013,596.52496,615.8456,665.912,571.1295,578.0218,575.7553
0.7873764886305883,679.2576,81.698006,677.7133,67.79931,668.4475,66.25501,669.9918,70.88791,629.84,69.34361,666.9032,151.19147,564.97943,154.28006,669.9918,243.84943,546.4479,263.92532,682.3462,316.4315,561.89087,353.49466,656.09314,336.5074,597.4097,341.1403,662.2703,458.50702,600.49835,467.77283,669.9918,557.34216,588.1439,568.1523,649.9159,16.837435,622.1185,118.761185,626.7514,328.7859,682.3462,609.8483,622.1185,617.5698,699.3335,599.03827,597.4097,617.5698,663.81464,565.06366,577.33386,577.4181
0.7815468425934131,676.74097,82.13015,676.74097,68.295616,665.9808,66.758446,670.5923,71.36996,629.0887,69.83279,664.4436,151.30283,564.5275,155.91434,665.9808,246.6074,552.23016,268.1278,679.8153,318.85443,575.2877,357.2837,655.2206,338.83765,596.8081,341.912,662.90643,457.1998,599.88245,466.42282,670.5923,557.1159,589.12225,567.8761,649.0719,20.643326,622.94,119.02225,627.5515,329.61462,690.5755,607.8425,621.40283,613.9912,704.41003,595.54517,595.27094,613.9912,662.90643,566.3389,578.36206,577.0991
0.7800163764220017,680.4997,82.526375,678.9721,67.25056,669.80664,67.25056,671.3342,70.305725,628.5619,71.833305,660.6411,148.21239,568.9862,155.8503,660.6411,245.97763,564.4035,273.4741,680.4997,316.2464,598.01025,360.54626,656.0584,342.21527,601.0654,345.27045,665.2239,455.25635,599.53784,467.477,669.80664,553.02155,588.8448,568.29736,649.94806,19.895521,623.9792,117.66076,630.0895,331.52222,704.94104,594.2663,617.86884,612.5973,711.05133,582.04565,593.42755,614.1248,657.586,565.24225,579.6793,577.4629
0.7881285479435554,679.9373,81.916466,679.9373,65.20675,670.82294,66.725815,672.34204,69.76395,629.80817,71.28301,661.70856,147.23625,573.6028,154.83157,666.26575,242.93735,570.56464,274.8377,682.97546,314.3334,607.0222,356.86722,657.15137,338.63843,600.946,340.1575,666.26575,451.04922,600.946,464.72083,667.7848,548.2694,588.79346,566.49817,652.5942,22.672935,625.251,118.37402,631.3273,329.52405,708.79956,586.24603,619.17474,609.032,711.8377,575.61255,594.8697,610.551,655.6323,560.42194,579.6791,575.61255
0.7827059603654422,681.3207,81.43759,681.3207,66.225555,670.6723,67.74676,673.71466,69.26796,631.121,70.78916,661.54504,146.84933,574.8364,154.45535,664.58746,242.68517,574.8364,276.15164,681.3207,312.66052,614.38776,355.2542,656.98145,336.9998,600.6969,338.521,667.6299,449.56885,600.6969,464.78088,666.10864,545.40466,588.5273,566.70154,652.41785,22.110651,626.5574,117.94647,631.121,327.87256,710.2236,580.39233,618.95135,607.774,713.266,571.26514,594.6121,609.2952,653.939,559.0955,577.87885,575.82874
0.7738674947848687,681.9245,83.542946,681.9245,68.15906,671.15576,69.69745,675.77094,71.23584,631.15765,72.77422,661.9254,148.15524,577.3141,157.38557,666.5406,243.53532,581.92926,277.37985,683.4629,311.2244,621.92737,357.37604,658.84863,337.377,603.4667,340.4538,669.6174,446.60257,601.9283,465.06323,665.0022,543.52106,589.6212,566.59686,655.7719,25.08419,626.5425,118.92587,632.69604,329.68506,712.69226,574.2888,621.92737,606.595,712.69226,563.5201,597.3131,609.67175,652.6951,557.3665,578.8525,575.8272
0.77324290229724,682.3096,83.51617,683.8309,68.30317,673.1818,69.82447,676.2244,69.82447,633.628,72.86707,661.0114,145.88948,583.4251,155.01727,665.5753,240.21008,591.0316,273.67868,685.3522,310.18988,638.1919,349.74368,659.4901,331.48807,603.202,334.53067,670.1392,441.0217,603.202,460.79858,661.0114,536.8636,587.989,567.2896,659.4901,22.664167,627.5428,116.98477,633.628,323.8816,711.2143,561.2044,619.9363,608.3647,709.693,550.5553,597.1168,611.4073,647.3197,550.5553,577.3399,574.8961
0.7739433898375585,682.54614,83.795425,682.54614,68.40194,673.31006,69.941284,676.38873,71.48064,634.8263,73.01999,660.99524,149.98743,587.1065,156.14484,662.5346,243.88773,591.72455,273.13535,685.6248,310.0797,644.0624,348.56345,657.91656,333.16995,604.0393,334.70932,670.2313,439.38504,604.0393,460.9359,659.4559,536.364,588.6458,565.61163,656.3772,23.760818,630.20825,117.6611,631.7476,325.4732,708.715,557.9149,622.51154,607.1741,705.63635,548.67883,597.88196,608.71344,647.1411,551.7575,577.8704,574.8477
0.7560565288250263,684.2586,85.27673,685.79694,69.89343,673.4903,69.89343,678.1053,72.97009,635.03204,72.97009,659.6453,151.42493,588.88214,156.03992,659.6453,245.26306,598.1121,274.49133,684.2586,309.87292,650.41534,351.40784,658.107,332.94788,605.8038,332.94788,668.8753,439.09265,604.26544,459.09094,656.56866,536.00745,588.88214,568.3124,661.18365,25.28186,630.41705,119.119995,633.4937,325.25623,705.7952,556.00574,621.1871,608.30896,701.18024,546.77576,598.1121,611.3856,645.80035,549.8524,576.5755,577.54236
0.7607479462256799,685.61163,85.41201,687.15125,70.01554,676.3737,71.55519,679.453,74.63448,637.88257,73.09483,660.9773,150.07718,593.2328,153.15648,662.5169,242.456,600.931,268.62997,685.61163,308.6608,653.27905,345.61234,659.4376,330.21585,608.6293,330.21585,667.13586,437.99115,607.08966,458.00656,654.81866,534.9889,588.6139,567.3215,665.5962,29.984722,633.2636,119.28424,634.8033,325.59692,704.0874,553.46466,622.4861,607.3523,701.00806,544.22675,597.85175,610.4316,644.04114,548.8457,576.2967,578.099
0.7636231665427868,686.41064,85.594505,687.95026,70.19823,675.63324,71.737854,681.79175,73.27748,638.6822,73.27748,658.6973,151.7985,597.11224,154.87775,660.237,244.17615,606.35004,268.81018,683.33136,310.38013,654.0785,345.79156,660.237,333.47455,614.04816,333.47455,664.85583,436.62958,609.42926,456.64474,655.6181,535.1658,589.4141,567.4979,664.85583,27.088655,634.0633,119.46631,637.1426,328.85565,706.4258,553.6413,623.2859,607.52826,701.80695,544.4035,600.1915,610.6075,644.8407,550.562,577.0971,578.2753
0.7659213015666375,686.9996,85.442085,688.5367,70.07093,677.7769,71.60805,679.314,73.145164,640.8861,73.145164,657.7944,153.07518,599.384,156.14941,657.7944,246.83925,611.6809,271.4331,682.38824,316.00946,656.25726,352.90024,660.8686,337.52908,617.8294,337.52908,662.40576,440.51584,611.6809,460.49835,656.25726,537.3541,590.1613,566.5593,662.40576,25.494572,634.7377,119.25864,637.8119,329.8435,706.9821,552.7253,623.97784,604.98724,702.3707,543.5026,600.9211,608.06146,647.0346,552.7253,577.8644,575.78204
0.7475088720138257,689.85876,83.992294,691.39655,68.614265,679.0941,70.15207,680.63196,71.689865,642.1868,71.689865,656.0271,150.11784,608.35516,153.19344,652.9515,243.92384,619.1198,265.4531,676.01855,319.27618,660.6405,353.10788,660.6405,334.65424,623.7332,333.11642,662.1783,439.22485,623.7332,459.2163,656.0271,537.6443,591.43933,565.3247,665.2539,24.017967,639.11127,116.28616,640.64905,325.4274,708.3124,553.0223,626.80884,608.38324,702.1612,543.7955,603.74176,611.4588,648.3381,553.0223,577.5991,576.08936
0.7451427452839338,689.94995,82.45733,691.4849,68.64221,680.73987,68.64221,677.66986,71.712234,643.89954,71.712234,654.64465,146.92787,613.1993,151.53291,650.0396,243.63368,619.33936,260.51883,674.5998,317.3143,660.78467,343.40952,660.78467,334.19946,628.54944,334.19946,663.85474,438.58032,628.54944,460.07053,656.1797,538.3562,593.24414,564.4514,665.3897,22.591822,640.8295,114.6926,642.36456,326.52438,709.9051,552.17126,630.0844,605.8967,700.695,544.4962,607.05927,608.9668,648.5046,553.7063,577.894,575.1965
0.7335970676862277,691.8403,82.461365,691.8403,67.10786,681.09283,68.6432,679.5575,71.71391,644.2444,71.71391,653.45654,146.9461,616.6081,153.0875,648.85046,245.20856,625.8202,266.70346,673.4161,317.37003,662.66864,348.07706,658.06256,332.72354,630.4263,334.2589,662.66864,440.1981,633.49695,457.08698,656.5272,538.4606,595.11316,563.0262,665.7393,22.582684,641.1737,114.703735,642.70905,325.04678,710.26447,552.2787,635.0323,601.4099,701.05237,544.6019,612.002,606.016,648.85046,553.8141,578.2243,575.30896
0.7203216862220031,690.9215,82.36688,692.4515,67.06701,681.7416,68.597,638.9019,70.12698,646.5519,70.12698,652.6718,145.09636,620.5421,149.68633,649.6119,238.4256,628.192,261.3754,672.56165,310.335,663.3817,340.93475,658.79175,328.69485,631.252,328.69485,664.91174,435.79395,640.43195,452.6238,657.2618,538.3031,597.5923,561.2529,667.9717,22.697376,643.4919,112.96663,643.4919,321.04492,710.81134,555.133,640.43195,599.5026,703.1614,545.95306,620.5421,604.0926,648.08185,553.60297,579.2324,573.4928
0.7275020491618377,691.8115,81.52643,691.8115,66.39135,682.73047,67.90486,640.3523,70.93187,649.43335,69.418365,652.4603,142.06674,620.6767,148.12077,655.48737,232.87721,631.27124,257.09332,672.1359,297.95804,663.0549,331.25522,657.00085,325.2012,631.27124,325.2012,666.0819,434.17377,644.8928,450.82233,658.51434,537.0923,599.48755,561.3084,670.62244,24.01313,641.8658,113.31009,643.3793,317.63367,711.4871,553.74084,643.3793,599.1461,702.4061,544.65985,626.7307,605.20013,650.94684,552.22736,581.32544,574.93
0.7155574789414039,692.5855,80.63309,692.5855,65.64132,683.59045,67.140495,640.1143,70.138855,650.6086,70.138855,652.1077,139.10098,626.6217,146.59686,650.6086,233.5491,634.1176,259.0351,670.09784,305.50958,665.60034,335.4931,652.1077,322.00052,634.1176,322.00052,667.0995,431.44043,652.1077,446.4322,658.10443,533.3844,607.13245,563.368,671.59705,23.664377,644.6119,110.61662,641.61346,316.0038,709.0764,552.8737,653.60693,594.85065,701.58057,543.87866,640.1143,600.84735,649.1094,546.877,587.6431,576.86053
0.7180678156706003,693.19,80.43844,694.68604,66.97405,684.21375,66.97405,642.3246,69.96614,652.7969,69.96614,652.7969,138.7841,627.36414,144.76826,655.78894,233.03479,633.3483,255.47542,670.7494,304.84482,667.75726,333.26965,651.30084,324.2934,636.3404,324.2934,666.2612,433.5045,652.7969,446.96887,657.285,533.7393,610.90765,563.6602,673.74146,23.588818,645.31665,110.35929,642.3246,316.81317,708.15045,554.68396,657.285,593.58105,702.16626,544.2117,643.8206,601.0613,649.80475,547.20374,591.4591,577.1246
0.7162241637706757,695.1419,80.54324,695.1419,65.59517,684.6783,67.08998,638.33923,68.584785,653.28735,68.584785,653.28735,137.3459,629.3704,143.32513,654.78217,233.01355,636.8445,256.93048,672.71985,306.2591,671.22504,336.15524,653.28735,322.70197,636.8445,322.70197,666.7406,433.3177,653.28735,446.77097,657.7717,533.4698,612.92755,566.3555,675.7094,23.740576,645.8133,108.94457,642.82367,316.72275,707.1004,555.89185,665.2458,593.262,702.61597,545.4282,648.8029,600.7361,648.8029,546.92303,594.98987,579.8088
0.7200820537713858,695.86615,80.04353,695.86615,66.658676,685.45575,66.658676,639.35236,69.63309,655.7116,69.63309,654.2244,138.04457,628.9419,143.9934,655.7116,234.71298,639.35236,255.53386,673.5581,306.09888,672.07086,334.3558,652.7372,323.94534,637.8651,322.45816,666.1221,433.99863,652.7372,447.38345,658.68604,532.15424,617.04425,564.87274,675.0453,23.529696,646.7884,109.78766,643.81396,315.02213,707.7638,554.46234,672.07086,590.1553,703.3022,544.0519,655.7116,599.0785,649.76276,545.53906,599.19775,581.23206
0.7265294927817124,694.7769,79.85677,696.25977,65.0284,685.8799,66.51123,639.9119,69.47691,656.22314,67.99407,653.25745,137.68745,629.53204,143.6188,653.25745,237.0376,638.4291,254.83165,675.50006,309.69666,674.0172,336.38773,653.25745,324.52502,638.4291,324.52502,666.603,435.73788,653.25745,447.6006,657.706,529.1567,619.1522,564.74475,674.0172,23.508934,647.3261,109.513535,644.3605,315.628,705.1568,554.3649,674.0172,588.47015,700.7083,543.98505,656.22314,597.3672,647.3261,542.5022,601.35815,579.5732
0.7166222758018054,694.3324,79.689644,695.8086,66.40335,686.9511,67.87961,639.71094,69.355865,655.94977,69.355865,654.4735,137.26357,630.85345,143.16858,654.4735,234.69637,638.2347,253.88766,676.6173,305.55658,675.14105,332.12915,652.99725,321.79538,636.7584,321.79538,667.75977,436.94324,654.4735,447.277,657.426,529.94727,620.51965,563.9011,675.14105,23.591974,647.0922,109.21474,644.1397,314.4141,706.1424,553.5673,676.6173,586.0449,700.23737,543.2335,657.426,593.4262,647.0922,543.2335,604.2808,578.66364
0.7231356054544449,694.19586,79.572296,695.6626,66.37157,686.8621,67.83832,639.9262,69.30507,657.52716,69.30507,651.66016,138.24219,629.659,142.64243,651.66016,235.04752,641.39294,252.64847,678.06165,306.91812,678.06165,333.31958,650.1934,321.5856,636.9927,321.5856,664.8609,434.52515,653.12695,444.79236,657.52716,531.33044,620.85846,563.5989,672.19464,23.8359,645.7932,108.90724,642.8597,314.25186,704.4631,553.33167,679.5284,584.13336,700.06287,544.5312,661.9274,591.4671,647.25995,545.9979,606.19104,578.26636
0.7153150553886707,693.72986,80.76547,693.72986,66.09455,686.3944,67.561646,636.5133,69.02874,657.0526,67.561646,651.1842,136.51495,627.71075,140.91623,651.1842,233.34299,640.9146,252.41518,677.59186,306.69757,677.59186,331.63812,648.25006,318.4343,635.0462,318.4343,664.38806,431.40036,652.6513,443.1371,657.0526,531.1626,621.8424,563.4386,671.7235,23.548899,645.31586,108.64021,640.9146,312.56595,703.9995,553.16895,687.8615,583.9779,701.06537,544.3664,668.7893,591.31335,648.25006,545.8335,607.1715,576.6424
0.7111951445157711,691.64185,80.72212,691.64185,67.49638,684.2942,67.49638,637.26935,68.96591,654.9037,68.96591,650.4951,136.56412,628.4522,140.9727,649.0256,230.6138,643.14746,249.71764,675.47705,305.55963,676.9466,330.54156,646.08655,318.78537,632.8608,318.78537,663.7208,431.93887,650.4951,442.22556,657.8427,531.86664,622.5741,561.2572,669.59894,23.410603,644.617,108.64312,638.7389,311.43774,704.86755,553.90955,690.1723,583.30005,700.459,545.0924,671.0685,590.6477,650.4951,548.03143,607.87885,575.95245
0.7041496886656835,691.9389,80.678215,691.9389,67.4567,683.1246,67.4567,636.11475,68.92576,653.7434,68.92576,649.33624,136.50238,628.7695,140.90955,647.8672,230.52202,643.46,248.1507,674.31024,305.4439,677.24835,330.41788,644.9291,318.66544,631.7076,318.66544,662.55774,430.31375,647.8672,442.0662,658.1506,531.67865,622.89325,562.5289,668.43396,23.384998,643.46,108.590294,637.5838,311.32013,703.69135,553.71454,691.9389,581.6266,699.2842,543.4311,672.8412,588.97186,650.8053,547.8383,608.20264,577.2194
0.7203952096975766,690.5391,81.989174,690.5391,67.31808,683.2036,67.31808,639.1903,68.78519,652.3943,68.78519,649.4601,137.73935,627.4534,142.14069,646.5258,233.1015,640.6574,249.2397,672.93384,306.457,675.86804,329.93076,643.5916,319.66098,630.38763,319.66098,664.13116,429.6942,645.0587,442.89822,658.2627,532.3919,623.05206,563.20123,668.5325,23.30478,642.1245,108.397156,636.25604,312.32544,705.21027,552.93146,693.4734,580.8065,699.3418,544.1288,672.93384,588.1421,650.9272,548.53015,608.381,577.8723
0.7210425046774057,689.8599,80.358215,689.8599,67.15883,682.5269,67.15883,639.99554,68.62543,653.19495,68.62543,647.32855,137.55556,626.79614,141.95535,644.3954,232.88448,638.52893,249.01706,672.26074,304.7478,673.72736,328.21338,644.3954,317.9472,629.7294,317.9472,666.39435,427.94208,642.9288,441.14148,657.5947,532.0706,622.39636,562.86914,666.39435,23.160866,641.46216,108.22359,635.59576,312.0808,704.5259,552.60297,691.32654,580.4683,700.1261,543.8034,670.7941,587.80133,651.72833,546.7366,609.19696,577.53516
0.7104511260986328,687.6696,78.867935,689.1362,65.6683,680.3365,65.6683,637.8043,68.60155,652.4706,67.13492,648.0707,134.59975,626.0713,138.99962,646.60406,231.3971,636.33765,248.99661,673.00336,304.72842,671.5367,328.19446,645.13745,316.46143,627.5379,316.46143,670.07007,424.9918,642.20416,438.19144,658.33704,533.52216,621.6714,561.38806,668.60345,23.136126,640.73755,106.73384,634.87103,312.06155,705.2691,552.5883,692.06946,580.4542,700.86926,543.7885,670.07007,587.78735,651.0039,548.1884,608.47174,576.0543
0.7310894509920707,690.3751,79.186516,688.90375,65.94379,683.01807,67.4152,638.8757,68.88661,653.5898,68.88661,647.70416,138.04309,624.1615,142.45734,643.2899,235.15643,634.4614,251.342,672.7182,308.72714,668.30396,332.26978,643.2899,319.02704,625.63293,320.49847,674.1896,426.4403,638.8757,441.15445,655.0612,533.8535,622.69006,563.2818,666.8325,23.27277,641.8185,108.6148,632.99,313.1414,705.0893,552.98193,687.4323,580.9388,700.67505,544.15344,663.8897,589.7673,649.17554,547.09625,609.4474,576.52454
0.7380415934782761,689.9608,79.333115,688.49,66.095436,682.60657,66.095436,638.48096,69.03714,651.7187,69.03714,647.3061,141.10895,622.3016,144.05066,642.89355,235.24356,632.5976,251.42294,670.8398,308.78622,666.4272,330.849,644.3644,324.9656,625.2433,324.9656,673.78143,427.92532,637.01013,444.1047,653.1895,530.8851,620.83075,561.77295,663.4855,23.440691,639.95184,108.750175,634.0684,316.14047,703.19855,552.9479,685.5483,580.89404,698.78595,542.65186,663.4855,589.7192,647.3061,544.12274,607.5931,576.4815
0.7250104042199942,688.4611,79.56228,686.98926,66.315834,681.102,66.315834,635.47534,69.25948,650.1936,69.25948,645.77814,139.90721,622.2289,144.3227,642.8345,235.57599,632.5317,251.7661,667.8555,307.69556,663.44006,331.24478,642.8345,323.88565,623.7007,323.88565,673.74286,426.91357,635.47534,441.63184,651.6654,531.4133,620.757,562.3217,661.9682,22.161007,639.8908,108.998825,631.0598,315.0547,701.7076,553.4907,686.98926,579.98364,697.29205,543.1879,666.38367,588.8146,644.3063,543.1879,607.5106,575.5682
0.7112761185719416,685.908,80.97733,684.43427,66.239845,678.53925,66.239845,629.9055,69.18734,649.0643,69.18734,644.64307,139.9273,622.5368,145.8223,643.1693,237.19475,634.3268,256.3535,663.80176,310.8822,662.328,337.4097,643.1693,324.14594,625.4843,324.14594,674.11804,427.30838,635.80054,439.0984,649.0643,527.5233,621.06305,561.41956,662.328,23.501118,638.74805,108.97857,631.3793,316.7772,699.17175,552.5771,687.3818,580.5783,694.7505,542.2608,666.74927,589.4208,641.69556,540.78705,607.7993,574.6833
0.7295938799014459,686.7163,80.916435,686.7163,67.648994,679.3455,67.648994,635.1207,69.12315,648.3882,69.12315,643.9657,142.83115,620.37915,147.25363,641.0174,238.65155,633.64655,259.2898,661.6556,316.782,658.7073,343.3169,642.4915,327.10114,626.27576,327.10114,673.4489,427.34402,635.1207,440.61145,645.4398,524.6386,621.8533,561.49255,661.6556,23.424196,638.06903,110.399635,632.1724,318.2562,695.5613,551.17346,683.768,582.1308,691.1388,539.3802,663.12976,590.97577,636.5949,536.4319,607.1117,574.76
0.7324817077471659,686.0705,82.23201,686.0705,67.514114,678.71155,67.514114,634.55786,70.457695,647.80396,70.457695,644.86035,142.5754,619.83997,146.99077,638.9732,238.24173,630.14246,257.375,661.05005,316.24658,655.1629,344.2106,640.445,326.54913,625.7271,328.0209,671.3526,426.63083,634.55786,439.87695,643.3886,523.769,619.83997,562.0355,661.05005,23.36042,637.5014,110.19602,631.61426,317.71838,690.48584,545.8458,680.18335,584.11237,686.0705,535.5433,662.52185,591.4713,634.55786,537.0151,605.1221,575.2816
0.7322575805278925,684.29456,80.76178,684.29456,67.52046,675.467,67.52046,631.3293,70.46298,644.5706,70.46298,640.15686,141.08331,616.6167,146.96835,635.74304,236.71503,623.973,255.84137,657.8119,313.2204,650.4556,339.70303,637.2143,327.93298,623.973,327.93298,666.63947,426.5072,634.2718,439.7485,637.2143,522.1389,618.08795,561.86285,659.2832,23.382753,634.2718,110.18692,629.85803,316.1629,684.29456,545.679,678.4095,582.46045,678.4095,533.90894,660.75446,591.28796,623.973,533.90894,604.8467,575.1042
0.7225540291804534,682.866,80.58967,682.866,65.901054,675.5217,65.901054,629.98706,68.83878,643.2068,68.83878,640.2691,140.81297,616.7673,145.21956,635.8625,231.88235,624.11163,252.44641,657.8954,312.6697,649.0822,337.64035,637.33136,325.88947,624.11163,327.35834,663.7709,427.24088,634.3936,440.46063,635.8625,522.71686,619.705,562.3761,657.8954,21.835224,632.92474,109.96689,631.45593,315.60745,681.3972,549.1564,678.4595,582.9402,675.5217,535.9366,660.8331,591.75336,622.64276,534.4678,605.0164,575.5959
0.717925890133931,681.9227,80.86567,681.9227,66.14735,673.09174,66.14735,627.46497,67.61918,640.7114,67.61918,637.76776,139.73895,617.1622,145.62628,633.3523,230.99254,627.46497,251.59819,655.42975,308.99963,649.5424,336.96445,636.29596,326.66162,624.5213,328.13345,659.8453,429.68985,633.3523,441.4645,633.3523,525.35895,618.634,563.6266,655.42975,21.992386,631.88043,110.30231,628.93677,314.88696,678.97906,550.38007,678.97906,584.23224,671.61993,537.1336,661.3171,593.06323,620.10583,538.6054,605.3875,578.3449
0.7203104908649738,680.5267,79.70434,679.0536,66.44614,673.161,66.44614,627.4939,67.91927,640.7521,69.39241,634.85956,138.62967,617.18195,145.99535,633.3864,231.43707,627.4939,252.06094,658.4297,308.04,648.11774,338.9758,634.85956,328.66388,626.02075,330.137,651.064,431.7832,634.85956,443.56827,633.3864,527.53687,618.6551,564.36523,655.48346,22.25214,630.4402,110.64014,628.96704,316.8788,679.0536,552.58014,677.58044,584.9891,673.161,537.8488,661.376,593.8279,621.6014,539.32196,605.3969,579.09656
0.7333642771610847,679.1256,79.56903,676.181,66.318436,670.2919,66.318436,626.1232,67.790726,637.90155,69.26301,633.4847,142.87743,614.3449,148.76657,633.4847,237.10387,621.70636,257.7159,657.04126,315.13516,646.7353,344.5809,636.42926,334.2749,629.0678,337.21948,643.7907,435.8628,632.0124,447.64108,633.4847,527.14465,617.2895,565.42413,652.62445,22.149786,629.0678,111.959366,632.0124,321.0243,680.5979,550.7013,679.1256,586.0362,673.23645,537.4507,661.4581,594.86993,621.70636,538.923,605.51117,580.14703
0.7383530369171729,676.24994,78.95059,674.7755,65.68052,667.4032,65.68052,624.6441,68.629425,636.43976,68.629425,633.49084,143.82648,612.8485,151.19873,630.54193,241.1403,618.7463,258.83374,657.08203,317.81183,643.812,345.82642,636.43976,332.55634,627.593,336.9797,642.3375,437.24243,632.01636,449.03806,633.49084,525.70953,618.7463,565.5198,649.7098,21.44696,629.06744,111.388535,630.54193,320.7607,682.14777,552.2497,679.19885,584.6876,673.301,537.5052,664.45435,593.53436,621.6952,537.5052,606.9507,580.2643
0.7340761744059049,675.7011,77.39794,674.2283,64.142296,666.864,64.142296,625.6242,70.03369,635.93414,70.03369,632.98846,145.14905,612.3685,152.5133,631.5156,240.88431,615.3143,258.5585,658.0269,323.36392,644.77124,345.45667,638.8798,332.20102,628.5699,336.61957,641.82556,436.77338,634.4613,450.02902,632.98846,525.14435,618.25995,564.9113,647.7169,21.429642,628.5699,112.746346,631.5156,321.89105,681.5925,551.6557,678.6468,584.05835,674.2283,536.9272,663.9183,594.36835,622.67847,536.9272,606.4772,581.1127
0.7436096737017999,675.7822,77.367516,674.3073,64.09283,666.9325,64.09283,627.1084,68.51772,635.9582,69.99269,634.4832,145.21593,612.35876,151.11578,631.5333,239.61371,613.83374,257.3133,658.08264,322.21176,641.85803,344.33624,638.90814,329.58658,628.5834,334.01147,643.333,437.25906,634.4832,447.5838,634.4832,525.75696,618.2586,564.1061,647.75793,21.318832,628.5834,112.766685,631.5333,319.26184,681.6821,550.83136,677.2572,584.7556,674.3073,537.5567,662.50757,593.6054,622.6835,537.5567,606.45886,580.3307
0.7455518876130764,675.41077,77.31027,673.93726,62.57483,666.5695,64.04837,626.7838,68.46901,635.62506,68.46901,634.15155,143.61977,612.0484,150.98749,631.20447,240.87369,613.5219,255.60913,657.7283,321.9186,641.5192,342.54825,637.09863,329.28635,628.2574,333.70697,641.5192,436.85507,632.678,447.16986,634.15155,528.2148,619.4161,563.5799,647.41345,21.31559,629.7309,111.20179,631.20447,318.97153,681.30493,551.7915,678.35785,584.2095,673.93726,538.5296,662.14886,593.0508,623.83673,540.0032,606.1542,579.7889
0.7499892012431071,675.56506,76.20172,674.0925,62.948914,666.72986,62.948914,626.97144,68.83905,634.3341,68.83905,635.80664,143.9383,612.2461,149.82843,631.38904,239.65302,610.77356,255.85089,657.89465,322.11493,640.22424,342.7304,638.7517,329.4776,626.97144,333.8952,644.64185,436.9726,632.8616,447.28033,634.3341,528.2697,618.1362,565.08307,646.1144,21.717957,629.9165,111.54254,631.38904,319.16986,681.4552,553.3028,677.0376,584.226,674.0925,540.05,660.8397,594.53375,624.02637,540.05,606.35596,579.8084
0.7525143439953144,675.07574,75.41066,673.6077,62.19818,664.7994,63.666233,626.63,68.0704,632.5022,69.53845,633.9703,144.40918,611.94946,150.28139,631.0342,241.3007,613.41754,255.98123,655.9911,324.97974,641.31055,344.06445,638.37445,330.85196,628.0981,335.25613,641.31055,436.55182,633.9703,446.8282,633.9703,527.5711,619.28973,562.8044,645.7147,21.092684,629.5661,112.112,631.0342,319.10754,680.948,548.1239,678.0119,583.3572,673.6077,536.37946,661.8633,592.16547,623.6939,539.31555,606.0773,578.953
0.7533491311165003,674.987,77.07731,673.51886,62.396103,664.71014,63.864223,626.539,68.268585,632.4115,69.73671,635.3477,144.61086,610.38965,151.95146,632.4115,241.50682,611.8578,257.65616,655.9014,325.1897,639.7521,344.27527,638.284,329.59406,628.00714,333.99844,641.2202,435.29877,632.4115,448.51184,633.8796,526.32227,619.1984,564.4934,647.0927,21.288723,628.00714,112.3122,630.94336,319.31723,680.8595,548.34406,677.9232,582.11084,673.51886,535.131,663.242,592.3877,625.07086,536.59906,605.9853,579.17456
0.7565730420442728,674.80023,77.335014,673.3336,62.6685,664.5337,64.13515,626.40076,68.5351,632.26733,70.001755,635.2007,144.80098,608.80096,152.13423,632.26733,241.59998,611.73425,259.1998,655.73376,325.1991,639.60065,344.26556,638.134,332.53235,627.86743,336.9323,641.06726,436.6646,632.26733,449.86447,633.734,524.6637,619.0675,564.2633,645.4672,21.602257,627.86743,112.534645,630.8007,320.79916,680.6669,546.66345,677.7336,583.3298,673.3336,533.4636,663.067,593.5963,623.46747,534.93024,605.8676,580.3965
0.7559545842500833,673.6641,77.724014,672.19867,63.069347,664.8713,64.53481,628.2346,68.93121,632.63104,70.39668,632.63104,145.1355,609.18353,152.46283,631.1656,243.3218,610.64905,257.97644,656.0785,325.38794,639.9584,344.439,638.4929,334.18073,628.2346,338.57715,639.9584,438.22888,631.1656,449.95264,632.63104,526.1569,619.44183,564.25903,645.82025,23.50174,628.2346,112.895226,631.1656,322.457,680.99146,548.1389,678.0605,583.3101,673.6641,534.9497,661.94037,593.5684,623.83826,536.41516,606.2526,580.3792
0.7580551356077194,673.48,75.99997,672.0159,62.823223,663.2314,62.823223,626.62933,68.67956,632.48566,70.14364,633.94977,144.81187,609.06036,152.13228,632.48566,242.90543,610.5244,257.54626,655.911,324.89407,639.8061,343.92715,639.8061,333.67856,628.09344,338.07083,641.27014,437.62845,631.0216,450.8052,632.48566,524.00934,619.3089,563.5396,645.6624,23.292984,628.09344,112.60204,632.48566,321.9659,680.8004,547.4347,679.3363,584.03674,673.48,534.25793,663.2314,594.28534,622.23706,535.72205,606.13214,579.64453
0.7614665959890072,673.2867,77.25111,671.8205,64.05569,663.02356,64.05569,626.3696,68.454155,630.7681,69.92032,633.70044,144.69435,607.3096,152.02513,632.23425,241.46075,610.2419,257.58847,655.6928,323.56558,638.0989,344.09177,639.56506,332.36252,627.8358,338.22714,641.0312,436.45972,632.23425,451.12128,633.70044,524.42914,619.0388,564.0154,645.4297,23.003273,626.3696,113.905045,632.23425,322.09943,682.0836,547.8877,679.1513,583.07544,673.2867,533.2261,663.02356,593.33856,623.4373,536.15845,607.3096,580.1431
0.757708666416315,673.3327,75.41999,671.86945,62.250633,663.08984,62.250633,626.5083,69.56694,630.8981,69.56694,633.8246,144.1933,607.4859,152.97287,632.3613,242.23184,610.4124,258.32773,655.77356,324.1745,638.2144,344.66016,639.6777,332.95407,627.97156,337.34387,641.1409,436.84567,630.8981,451.47827,633.8246,526.1046,619.192,564.1495,644.06744,22.742563,626.5083,113.4648,632.3613,322.71124,682.11224,548.0536,677.7225,583.1719,674.79596,534.8842,661.6266,593.4147,625.04504,536.3475,606.02264,580.2453
0.7634628460957453,674.19415,75.05034,672.733,61.899612,663.9658,61.899612,625.97485,67.74438,633.2808,69.205574,637.66437,145.18753,606.9794,152.4935,637.66437,244.54857,612.82416,260.62167,656.65985,329.2977,636.2032,348.29318,643.50916,332.22006,627.43604,336.60364,643.50916,437.42587,631.81964,450.5766,634.742,522.175,620.13007,564.54956,644.97034,23.90863,627.43604,113.04132,633.2808,321.99173,682.9613,547.01526,678.57776,585.0062,674.19415,533.8645,662.50464,595.23456,624.5137,533.8645,606.9794,580.6227
0.7640186513845737,672.24445,76.75752,672.24445,63.671482,663.52045,63.671482,625.7163,69.4875,631.53235,69.4875,635.89435,145.09572,606.8143,155.27376,634.4403,245.42201,611.1763,264.32407,656.2504,331.20828,635.89435,348.6563,643.16437,332.66226,627.1703,337.0243,643.16437,440.2586,631.53235,451.89062,632.9863,523.13684,619.90027,565.303,644.61835,24.413366,627.1703,114.56163,632.9863,322.48425,682.4225,546.4009,679.51447,585.659,673.6984,533.3149,663.52045,595.83704,622.8083,534.76886,608.26825,581.297
0.7645873771264002,672.1864,76.525894,672.1864,63.4185,661.99176,63.4185,625.58234,69.244,631.40784,70.700386,637.23334,144.97563,608.10583,153.71388,634.3206,245.46565,609.5622,264.39856,656.16626,331.3919,632.8642,350.32483,643.05884,332.8483,627.0387,337.21744,643.05884,440.6202,631.40784,452.27124,632.8642,523.6337,619.75684,565.86865,644.51526,24.096312,627.0387,114.3917,634.3206,322.65366,682.38104,546.9357,679.4683,584.8016,675.0992,533.82837,661.99176,594.9962,622.66956,535.2847,608.10583,581.8888
0.7692950574251322,671.8149,75.6396,671.8149,62.550106,661.63416,64.00449,625.2744,69.82205,629.6376,69.82205,638.3639,145.45027,606.3674,152.72221,634.00073,244.34871,609.2761,261.8014,657.271,333.06644,632.5464,350.5191,642.72705,331.61203,626.7288,334.5208,642.72705,439.23682,631.092,450.87192,634.00073,522.13696,618.00244,565.7687,644.18146,24.735994,626.7288,113.45371,634.00073,321.43134,681.9956,546.8616,679.0868,586.13007,674.72363,533.7721,661.63416,594.85645,625.2744,535.2265,606.3674,581.7669
0.7687782461826618,671.96185,75.241516,670.5049,63.58549,661.7629,63.58549,623.88074,69.413506,631.1658,70.87051,636.9938,145.17767,606.3967,152.46269,632.6228,244.25389,607.85376,258.8239,655.9348,330.21707,628.2518,344.7871,644.2788,328.76007,626.7948,331.67407,642.8218,438.0353,629.7088,449.69135,634.0798,522.5415,618.05273,564.7946,644.2788,24.246405,626.7948,114.580605,634.0798,320.01807,682.1609,544.39655,677.7899,583.73566,676.3329,532.74054,661.7629,593.9347,625.33777,534.1975,606.3967,580.82166
0.7675294073728415,671.3602,75.70993,671.3602,62.621613,662.63464,64.075874,623.3697,69.8929,630.641,69.8929,637.9123,145.51428,607.37286,151.3313,632.0953,244.40376,607.37286,257.4921,655.3634,330.20496,626.27826,343.29327,645.1836,328.7507,626.27826,331.6592,642.2751,439.27423,629.18677,450.9083,633.5495,523.62115,619.00696,565.7946,643.7293,23.356668,627.7325,113.520615,635.0038,318.5709,682.99426,545.435,678.6315,584.69995,675.72296,533.80096,662.63464,594.87976,626.27826,535.25525,607.37286,581.79144
0.764076598561727,671.5912,76.68957,670.1393,63.622623,661.428,63.622623,623.679,69.43015,629.4866,70.88204,636.746,144.92807,606.2565,150.73561,630.9385,242.20424,604.80457,252.36742,654.1686,322.0578,623.679,333.67288,644.0054,327.86536,628.03467,330.7691,641.1016,438.20847,629.4866,449.82352,633.8422,523.86957,619.32336,564.5223,642.5535,22.969896,626.5828,114.43853,635.2941,317.70215,681.75433,545.6478,677.3987,584.84863,675.94684,534.0327,662.8799,595.01184,625.1309,536.9365,606.2565,581.9449
0.7552616183574383,670.32996,76.70467,670.32996,63.59151,660.13086,63.59151,623.7054,70.8766,629.53345,70.8766,636.81854,142.27048,606.2212,148.09854,632.4475,234.0626,603.3071,244.26173,654.3028,312.74158,619.33435,320.02667,644.10364,322.9407,628.0765,325.85474,642.6466,435.13107,629.53345,448.24423,633.90454,522.5521,619.33435,564.80566,644.10364,22.79501,626.61945,113.13012,635.3615,314.19858,683.4431,541.4934,677.61505,585.2039,676.158,529.8372,663.04486,593.94604,626.61945,534.2083,607.6782,580.8329
0.7422034167326413,669.801,77.607254,669.801,64.51397,659.6174,64.51397,626.15674,70.333206,629.06635,70.333206,636.3404,141.61884,604.3346,144.52846,636.3404,225.99776,599.97015,234.72661,652.3433,295.82858,617.42786,295.82858,642.1596,320.56033,627.6116,323.46994,640.70483,432.5806,631.97595,445.6739,633.4308,521.324,618.8827,563.5134,643.61444,23.779324,626.15674,112.52266,634.8856,311.83148,681.43945,541.6913,678.52985,583.88074,675.62024,531.5076,663.98175,592.60956,624.7019,532.9624,608.69904,579.5163
0.7288123380679351,669.53296,77.18199,669.53296,64.08522,659.3466,64.08522,625.8771,69.906006,628.7875,71.3612,636.0635,141.21063,605.50433,141.21063,634.6083,221.24646,601.13873,228.52243,652.0706,283.81992,617.1459,283.81992,641.8842,318.74463,628.7875,321.65503,640.429,430.79477,631.6979,445.34674,633.1531,521.01697,620.0563,563.21765,643.3394,23.339714,627.3323,112.106705,634.6083,308.55826,681.17456,539.9345,678.26416,585.0456,675.35376,529.7481,663.7122,592.3216,625.8771,532.6585,608.41473,579.2248
0.7356356267745678,669.7868,76.35355,669.7868,63.276196,659.61554,63.276196,627.6487,69.088356,629.1017,70.54139,634.9139,140.28728,605.8531,140.28728,630.55475,220.20445,600.0409,226.01662,650.8973,272.5139,618.9304,273.96692,642.1791,317.5581,629.1017,321.9172,640.726,429.44214,632.00775,443.97253,633.4608,520.9836,618.9304,563.12177,642.1791,22.591093,626.1956,112.679535,634.9139,308.83984,681.41113,542.7792,678.50507,584.91736,675.59894,531.1549,663.9747,593.63556,624.74255,532.6079,608.75916,579.10516
0.7370830957706158,669.7665,75.98314,669.7665,62.91007,659.5985,64.36263,627.64215,68.72032,629.0947,70.17288,634.90497,139.8959,605.8537,138.44334,627.64215,216.88176,600.04346,221.23944,650.8831,259.00607,620.37933,261.9112,642.1678,318.56116,627.64215,321.46628,642.1678,430.4085,631.9998,443.4816,634.90497,521.92,618.92676,564.0443,642.1678,23.690866,626.1896,112.29721,634.90497,308.39322,681.38696,543.70844,678.4818,585.83276,674.12415,532.08795,663.95624,593.0956,624.737,534.99304,608.7588,580.0225
0.7341994482737321,671.6611,75.94576,670.20856,62.873634,661.49384,64.326096,626.6348,68.68347,630.9922,70.135925,632.44464,136.94902,606.3004,136.94902,626.6348,213.92932,601.94305,216.83423,651.3266,253.14569,620.825,248.78833,642.6119,318.50632,628.0873,321.41125,641.1594,430.34564,632.44464,443.41776,633.8971,524.75543,619.37256,562.51935,642.6119,22.204796,626.6348,110.80476,635.34955,306.88666,680.3758,547.99475,678.92334,584.3062,674.566,534.92267,664.39874,591.56854,625.1824,536.3751,607.75287,578.4964
0.7179543547905408,671.222,74.84697,669.7676,61.75741,662.4956,63.211803,623.22687,66.1206,631.95325,69.02939,630.49884,133.02281,607.2285,135.93161,629.0445,213.01459,602.86536,217.37778,650.8604,246.4657,617.4093,240.64812,643.58844,319.1855,627.5901,322.0943,643.58844,432.6284,633.40765,444.26355,633.40765,524.2553,620.3181,563.52405,642.13403,21.034319,626.1357,108.29808,634.86206,309.00473,679.9483,547.5257,679.9483,583.88556,672.67633,534.4361,663.94995,592.61194,624.6813,534.4361,607.2285,579.5224
0.7146143970581201,671.37823,75.117836,669.9206,61.99905,662.6324,63.45669,623.276,66.37198,633.4795,69.28726,630.5642,131.96591,607.24194,133.42355,627.6489,207.76334,602.869,201.93277,650.9712,244.2044,614.53015,234.00092,642.22534,317.08655,627.6489,320.00183,643.683,430.7827,633.4795,443.9015,633.4795,522.6142,618.9031,564.88586,643.683,22.64269,626.1913,108.64362,633.4795,308.3407,680.1241,547.39417,678.66644,583.8352,672.8359,534.2753,664.09,592.58105,623.276,534.2753,607.24194,580.9199
0.7169842307384198,671.3769,75.28532,669.9202,62.175674,661.1805,62.175674,623.30817,68.00218,632.048,69.45881,632.048,132.09378,607.2853,132.09378,627.67804,206.38176,602.9154,199.09862,652.44073,244.25406,614.5684,232.60104,642.2443,318.54205,626.22144,321.4553,642.2443,430.70233,633.5046,443.81198,633.5046,522.46985,618.9383,564.71204,642.2443,21.390114,626.22144,108.78774,633.5046,308.34567,680.11664,545.7759,678.66003,583.6482,672.8335,532.66626,665.55035,592.38794,623.30817,534.12286,607.2853,580.7349
0.7211513633911426,670.01154,76.54556,668.5534,61.96399,661.26263,63.422146,623.3505,67.796616,632.0995,70.71293,632.0995,131.95554,607.3108,133.4137,627.725,206.32156,601.47815,200.48894,652.5137,244.23366,614.60156,234.02655,642.3066,320.05783,626.26685,321.516,642.3066,432.33594,633.5576,445.45935,633.5576,522.7417,618.9761,563.5701,642.3066,22.59374,626.26685,108.62502,633.5576,309.85074,680.2187,547.5304,678.7605,583.9843,672.92786,534.407,664.17896,592.7332,624.8087,532.9488,607.3108,581.068
0.7174402498281919,671.1598,76.630775,669.7022,62.055435,660.95703,63.51297,624.5187,67.885574,631.80634,69.34311,630.3488,133.47462,607.02826,134.93216,627.4337,210.72395,604.11316,212.18149,650.7543,247.16231,617.231,241.33217,640.5515,318.58148,627.4337,321.49655,642.0091,430.81165,633.26385,443.92944,633.26385,522.6363,618.68854,563.44727,642.0091,22.702003,625.9762,108.69653,633.26385,308.37875,679.90497,545.95685,679.90497,583.8528,674.0748,532.83905,665.32965,592.59796,624.5187,532.83905,607.02826,580.9377
0.7229230231963671,670.76855,75.53867,669.30646,62.37994,660.534,62.37994,616.6716,66.76618,628.36816,69.690346,629.83026,135.484,606.43695,136.94608,626.9061,214.43639,604.9749,220.28471,651.7615,250.98842,619.5957,245.14009,640.0648,322.6304,625.44403,324.09247,640.0648,435.21063,631.29236,445.44522,632.75446,524.3976,618.1336,563.8738,640.0648,21.441668,623.98193,109.16654,632.75446,309.47165,681.0031,547.7909,679.541,582.88086,673.6927,534.63214,664.9202,593.1154,625.44403,534.63214,606.43695,581.41876
0.7256320829574878,670.267,76.262054,668.80786,61.670536,660.053,63.12969,622.11505,67.50715,629.41077,68.9663,629.41077,134.62814,607.5235,134.62814,625.0333,211.9632,601.6869,209.0449,651.29803,248.442,617.73755,248.442,641.084,319.94046,625.0333,322.85876,641.084,433.75433,632.3291,445.42755,633.7882,522.7626,617.73755,565.078,641.084,20.814278,625.0333,108.3634,632.3291,309.72638,680.4811,544.6499,677.5628,584.047,673.18536,532.9767,664.4304,592.8019,625.0333,532.9767,606.06433,581.12866
0.7232477859808848,670.16,76.047195,668.70026,62.90998,659.94214,62.90998,620.53046,67.289055,629.28864,70.208435,629.28864,135.8945,605.9336,135.8945,624.90955,213.2581,603.01416,211.7984,649.7243,248.29066,617.6111,245.37129,639.5065,321.2752,624.90955,324.19458,640.9661,432.21167,632.208,445.34888,632.208,522.71246,617.6111,565.0435,640.9661,22.03865,623.4498,109.62008,632.208,309.59766,680.3778,544.60785,678.9181,584.0195,673.07935,532.9303,664.32117,592.7776,623.4498,532.9303,605.9336,581.1001
0.7230970103007096,668.717,77.23805,667.2555,62.62312,659.94806,64.08461,620.48773,68.46909,629.25665,69.93059,629.25665,135.69778,605.8728,137.15929,626.3337,213.15694,602.94977,217.54141,649.7176,248.23277,619.02625,248.23277,639.4871,321.30743,624.8722,324.23044,640.9486,433.84244,632.1797,445.5344,632.1797,522.9935,617.5647,565.37683,640.9486,21.701303,623.4107,109.39091,632.1797,309.6155,680.40894,544.91595,677.48596,584.3763,673.1015,533.224,664.3325,593.1452,624.8722,533.224,605.8728,581.45325
0.7243095223720257,670.15594,76.323395,668.6965,61.72881,659.9397,63.188267,621.9938,67.56664,630.75055,69.0261,630.75055,136.1612,605.93976,136.1612,624.9127,213.5125,601.5614,214.97195,649.7235,248.53949,619.0749,249.99895,640.96674,320.05295,624.9127,322.97186,640.96674,432.43127,630.75055,445.56638,633.6695,522.91766,617.6154,565.242,640.96674,20.863972,623.45325,109.89094,632.21,309.83676,680.37213,546.26904,677.45325,584.21497,673.0748,533.1339,662.85864,592.9717,624.9127,533.1339,605.93976,581.296
0.7273054547034777,669.68054,77.9445,668.22375,63.3768,659.48315,64.83357,621.6071,69.20388,630.3477,70.66065,631.8045,136.21533,605.58264,136.21533,628.8909,210.51064,602.66907,210.51064,649.2857,246.9299,618.69354,245.47313,642.0019,318.31168,624.5206,321.22522,642.0019,430.483,631.8045,443.59393,633.2612,523.7163,618.69354,564.5059,642.0019,21.13045,624.5206,109.99346,633.2612,309.57104,681.33466,545.5679,676.96436,584.9007,674.05084,532.457,662.39667,593.6413,627.43414,533.9137,607.03937,580.5304
0.7297067092015193,670.0318,76.415634,668.5807,63.355675,659.874,63.355675,622.14526,69.1601,630.8519,69.1601,630.8519,135.911,606.1831,135.911,626.4986,209.91742,603.2809,205.56409,651.1674,249.09729,619.24304,244.74396,641.00964,320.2015,625.0475,321.6526,641.00964,430.48557,630.8519,444.99664,632.30304,521.9053,619.24304,565.4385,641.00964,21.273594,623.5964,109.79108,632.30304,308.59265,680.1895,543.6719,677.2873,585.75397,672.934,530.6119,662.77625,594.4606,623.5964,533.5141,607.6342,581.40063
0.7413660242007329,669.1923,77.394264,667.7374,64.30019,660.4629,64.30019,625.5454,70.11978,629.9101,70.11978,634.2748,138.49991,605.1769,135.59012,629.9101,212.69962,599.3573,215.60942,653.1884,256.34653,628.4552,259.25632,640.09436,315.99725,624.0905,318.90704,641.54926,429.4792,629.9101,444.02814,632.8199,519.68274,619.7258,563.32965,641.54926,23.5631,625.5454,110.85688,631.365,307.26788,679.3766,540.0513,677.9217,583.6982,673.557,528.4121,663.37274,592.42755,625.5454,531.3219,608.0867,580.7884
0.7417934376459855,669.00024,77.27565,669.00024,64.186035,660.2738,64.186035,625.36816,71.458046,631.1858,71.458046,635.54895,139.81494,605.00653,138.36053,632.6402,216.89824,600.6433,219.80704,653.00183,263.43912,629.7314,269.2567,639.9122,317.25198,623.91376,320.16077,641.3666,430.69534,629.7314,445.23935,632.6402,519.4139,619.55054,564.5003,641.3666,23.462778,625.36816,112.1813,631.1858,308.52557,679.181,539.77545,677.7266,583.40753,673.3634,529.59467,663.1826,592.134,623.91376,529.59467,607.91534,580.4987
0.742980441221824,669.6369,76.89212,668.1823,63.80075,660.9093,63.80075,625.999,71.07373,631.8174,71.07373,636.1812,139.43976,605.6347,139.43976,639.0904,220.89716,601.2709,226.71553,656.54553,281.9902,628.9082,284.89938,640.545,318.3551,625.999,321.26428,640.545,430.359,628.9082,443.45038,633.27203,520.544,620.18066,562.7273,641.9996,23.072054,625.999,111.80243,631.8174,308.1729,679.8191,540.9083,678.3645,583.0916,675.4553,529.27155,663.81854,591.8192,625.999,532.1807,608.5439,578.72784
0.7465524639074619,668.4947,77.25218,667.03705,64.13378,659.7491,65.591385,624.76666,71.42178,632.0546,71.42178,634.96985,141.38661,604.3602,141.38661,640.80023,225.92744,602.90265,231.75784,656.83386,291.51947,630.59705,295.89227,639.34265,320.67148,623.309,323.5867,640.80023,431.44913,629.13947,444.56754,633.51227,521.8204,620.39386,562.6332,642.2579,23.320965,624.76666,112.234604,630.59705,311.92587,680.15546,540.76917,677.24023,583.0396,674.3251,529.1084,664.1219,591.7852,624.76666,533.4812,608.73303,578.6668
0.7516283610692391,668.63086,77.084564,667.1709,63.945343,659.87134,65.40526,624.83344,71.24491,630.6731,71.24491,635.0528,142.7807,602.9347,142.7807,639.43256,228.91562,604.39465,236.2152,656.95154,304.83115,633.5929,307.75098,639.43256,320.8902,623.37354,323.81003,640.89246,431.84366,627.75323,446.4428,633.5929,522.35834,620.4537,563.2359,642.3524,23.06775,624.83344,112.122505,630.6731,312.1307,680.3101,541.3372,677.3903,583.67474,674.4705,529.6579,664.2511,592.4342,626.29333,532.5777,608.77435,579.295
0.7574620854396087,668.1783,78.483986,668.1783,65.33744,659.41394,66.798164,625.8172,71.18034,628.73865,71.18034,636.0423,142.756,602.44556,144.21672,637.503,233.3211,603.9063,242.08548,657.9532,310.73965,637.503,316.58258,638.96375,323.88623,622.89575,326.80768,641.8852,433.4408,627.27795,446.58734,633.12085,522.54517,619.9743,564.90625,643.34595,24.437065,624.35645,113.54145,630.1994,315.12186,681.3248,541.5346,678.4034,582.435,674.0212,531.3095,663.79614,592.6601,625.8172,534.231,608.28845,580.97424
0.7628887249873235,667.9709,78.20061,667.9709,65.04541,659.20074,66.5071,624.12024,70.892166,629.967,70.892166,635.8137,145.43828,603.65656,148.36166,632.8904,241.90973,608.0416,253.60323,659.20074,319.3792,641.66046,331.07272,640.1988,329.61102,622.6585,332.53442,641.66046,436.3143,627.0436,449.46948,632.8904,524.0156,619.73517,564.9429,643.1222,24.118134,624.12024,113.281136,631.42865,319.3792,681.1261,544.47925,678.2027,582.48315,675.2793,531.32404,663.5858,592.71497,625.5819,535.7091,608.0416,581.0215
0.7756876062888366,669.62976,79.114555,669.62976,65.96365,660.86255,65.96365,627.25464,71.8085,628.7159,71.8085,637.48315,147.79146,603.8753,153.6363,634.5607,247.1538,609.72015,260.3047,657.9401,330.4428,643.328,342.1325,640.4056,333.36523,622.87103,336.28766,641.86676,437.1112,628.7159,450.26212,633.0995,523.32263,618.4874,562.7753,643.328,26.510962,625.79346,115.64482,630.17706,323.13675,681.31946,545.2408,676.93585,581.77106,675.4746,532.0899,662.3237,591.9996,625.79346,535.0123,606.7977,578.84863
0.7740552838032062,671.1928,78.79124,669.73755,65.69382,661.0059,65.69382,624.6242,71.51489,630.4453,71.51489,634.8111,145.73361,605.7057,150.09941,631.9006,246.14716,611.5268,262.15512,658.0954,327.6422,644.998,345.10544,639.1769,333.4633,621.7137,336.37384,642.0874,439.6979,628.99,449.8848,633.35583,524.1035,618.8031,563.39575,642.0874,24.94629,624.6242,113.71769,628.99,320.36588,679.92444,545.93256,677.0139,583.76953,674.10333,532.83514,662.4612,593.9564,624.6242,535.74567,605.7057,580.859
0.7684537447415866,669.84937,78.46187,668.38574,65.28944,659.6041,66.75304,625.9413,71.14385,628.86847,72.60745,634.7229,144.324,606.9144,151.64201,631.7957,245.3126,611.30524,259.94864,656.67694,330.2016,642.0409,346.3012,640.57733,331.6652,624.47766,336.056,643.5045,438.5082,630.3321,450.21704,634.7229,524.8608,618.6233,562.9145,642.0409,25.772156,625.9413,115.05194,631.7957,321.41995,680.0946,546.8148,677.1674,583.4049,674.2402,533.6424,661.06775,593.65015,625.9413,538.0332,606.9144,579.0141
0.7733994183632044,671.3561,79.51805,669.8971,66.387375,661.1433,66.387375,627.58716,70.76427,629.0461,72.223236,634.88196,146.6304,608.6206,151.0073,631.96405,244.381,614.4565,258.97064,656.7664,329.00092,642.17676,345.04953,640.71783,331.91885,626.1282,336.29575,642.17676,438.42322,631.96405,448.636,633.423,524.50214,618.8334,562.4352,643.63574,26.995346,626.1282,114.533195,631.96405,320.24713,680.10986,547.8455,677.1919,584.31964,672.815,534.71484,661.1433,594.5324,623.21027,537.6328,607.1616,578.48376
0.7437993769462292,670.33594,79.81131,668.887,66.77114,661.6425,68.22005,625.4198,71.11787,631.21545,71.11787,632.66437,142.11435,610.9307,147.90997,629.76654,242.08897,615.27747,256.57806,657.2958,324.67673,641.3578,346.41034,639.9089,326.12564,628.3176,329.02344,645.7045,433.3448,635.56213,444.93607,634.1132,530.42163,619.62415,562.2976,645.7045,27.650633,626.8687,113.13619,632.66437,318.88107,680.4783,547.80853,679.02936,582.5823,673.23376,537.66614,663.0914,592.7247,622.522,540.56396,606.584,579.6845
0.7419785203842016,669.2853,79.93949,669.2853,66.87729,662.0285,68.32865,624.2933,71.23136,631.55005,72.68272,631.55005,142.3478,612.68243,146.70186,630.0987,238.13727,618.48785,254.10217,657.67444,319.41318,643.1609,344.08624,638.8068,326.66995,628.64734,329.57266,647.51495,435.52164,637.35547,445.68112,633.0014,531.3111,619.9392,564.6923,644.61224,27.69069,627.196,113.32067,631.55005,317.96182,679.44476,551.63007,679.44476,585.0113,672.188,540.0192,663.47986,595.1708,618.48785,544.3733,608.32837,580.6572
0.7101982820492524,669.41595,81.803314,670.8656,67.3071,662.16785,68.756714,618.6792,71.65596,631.72577,73.10558,631.72577,141.23782,617.22955,145.58669,624.47766,241.26175,627.3769,255.75798,656.3693,323.89023,650.57086,344.18494,637.52423,322.44058,627.3769,323.89023,656.3693,432.61188,643.32275,442.75925,634.625,535.53503,623.028,564.52747,646.222,28.167297,625.9273,112.245384,628.82654,316.64212,682.4625,551.4809,681.01294,584.8222,676.66406,541.33356,666.5167,593.51996,612.8807,548.58167,608.5318,580.4733
0.6938754125283315,670.8738,81.88763,670.8738,68.80953,663.6082,68.80953,617.1083,73.1689,631.6395,74.62202,627.28015,141.46562,617.1083,145.825,625.827,240.27792,630.1864,254.80914,657.7957,323.10587,653.43634,343.4496,634.5458,321.65274,628.7333,323.10587,635.9989,433.54312,649.07697,440.80875,630.1864,538.1679,622.9208,562.871,644.7176,29.575241,627.28015,112.40319,628.7333,312.93402,682.4988,558.5116,682.4988,584.6678,676.6863,551.24603,667.9675,593.38654,611.29584,555.60535,608.3896,578.85535
0.6812704893258902,672.26056,82.12689,672.26056,69.07568,663.55975,70.52582,615.7053,73.42609,633.10693,74.87622,625.85626,143.03253,620.0557,145.9328,624.4061,241.64166,631.6568,256.143,659.20935,321.39905,659.20935,343.15106,633.10693,321.39905,628.75653,322.84918,633.10693,431.60925,659.20935,438.85992,630.20667,537.46906,624.4061,560.6712,644.708,29.922058,627.3064,112.57971,630.20667,314.14838,682.4115,559.22107,682.4115,582.4232,676.61096,550.52026,667.91016,589.6739,611.3549,553.42053,609.9048,576.6227
0.6890124930785253,672.56396,82.1894,671.1241,67.79059,665.36456,70.67035,614.96875,73.55011,635.1271,74.98999,613.5289,142.66438,622.16815,146.98402,620.7283,243.45604,635.1271,257.85486,658.16516,324.08936,665.36456,342.8078,627.9277,324.08936,632.2473,326.96912,633.6872,433.5203,666.80444,440.7197,627.9277,537.1917,627.9277,558.7899,643.76636,28.91381,627.9277,113.866776,630.80743,316.88995,681.20325,558.7899,684.083,578.94824,675.4437,551.5905,671.1241,586.14764,610.6491,553.0304,610.6491,574.6286
0.6875932056170243,673.56067,81.959366,673.56067,67.7769,666.4695,70.613396,613.9943,73.44989,638.10455,74.86813,605.48486,141.52571,623.92206,147.1987,615.4126,242.22119,636.6863,253.56717,656.54175,320.22473,670.7242,338.66193,618.2491,320.22473,633.8498,324.4795,632.4316,433.68445,674.97894,439.35742,622.50385,538.63464,635.26807,557.07184,646.614,26.64776,628.1768,113.16078,628.1768,314.55176,682.0702,561.3266,687.74316,572.67255,672.14246,555.6536,676.3972,579.7638,611.15784,552.81714,616.8309,571.25433
0.6956194604818637,672.89343,80.03938,672.89343,67.31623,665.825,68.72992,614.93243,71.55728,636.1377,72.97097,602.2093,142.24147,626.2419,147.8962,606.4503,242.613,644.61975,253.92247,653.10187,317.53824,678.54816,338.7435,614.93243,320.3656,637.55133,324.60666,631.8966,432.0466,675.7208,440.52872,622.00085,535.24554,638.965,555.0371,646.03345,26.319407,627.6556,112.55411,630.4829,314.71088,650.27454,556.4508,691.2713,569.17395,641.7924,549.3824,679.96185,577.656,610.69135,549.3824,622.00085,572.0013
0.7105602301084079,673.0262,80.62884,673.0262,66.453255,665.93835,67.87081,613.4887,70.70593,637.5872,72.12349,597.89557,143.00142,630.4994,148.67166,607.8185,243.64809,651.76276,257.82367,653.18036,315.94357,684.36664,340.04208,613.4887,320.19626,641.83984,324.44894,630.4994,430.76584,677.2788,437.85364,620.5765,532.8301,644.675,554.09344,646.0925,25.344051,627.6643,113.23269,630.4994,314.52603,648.9277,548.4232,692.872,565.4339,639.00476,542.753,682.9491,573.9393,612.07117,547.0056,627.6643,569.6866
0.7373158633708954,672.53174,79.7636,673.95044,66.99515,668.2756,68.413864,611.5269,69.83258,641.31995,72.67001,593.0836,142.18713,637.0638,149.28073,601.5959,242.91603,664.0194,255.68448,638.48254,309.59573,698.0686,336.55133,612.9456,323.7829,654.08844,328.03903,628.5515,430.18665,675.36914,441.53638,622.87665,528.0781,654.08844,555.03375,644.1574,24.433647,627.1328,112.39409,632.8077,316.6893,652.6697,533.753,698.0686,555.03375,638.48254,528.0781,692.39374,567.8022,614.3643,545.1027,639.90125,573.47705
0.7421308148365754,671.46466,80.989105,672.8902,68.1592,667.188,69.58475,610.1662,71.01029,642.95374,73.86138,590.20856,143.7131,642.95374,149.41528,595.91077,242.07571,667.188,256.33118,634.40045,306.22525,704.2522,333.3106,613.0173,323.3318,655.7836,327.60843,628.6983,430.24768,672.8902,441.65204,622.9961,527.18475,658.63477,555.6957,644.3793,25.392845,627.27277,112.351105,632.9749,316.20407,657.20917,530.0358,695.6989,551.419,640.10266,527.18475,694.2734,564.24896,615.8684,542.8658,645.8048,572.8022
0.739087951871065,671.947,80.34841,673.3743,67.50267,667.6651,68.92998,609.1456,70.35728,644.82825,71.784584,587.736,144.57713,644.82825,147.43175,594.87256,241.63388,671.947,254.47961,627.70056,303.008,707.62964,331.55408,612.00024,322.99026,659.1013,325.84488,627.70056,430.03815,673.3743,442.88388,623.41864,527.09485,661.9559,552.7864,644.82825,23.256214,626.27325,110.321815,634.8371,315.85373,653.3921,528.52216,691.9293,548.50446,639.119,525.66754,693.3566,561.3502,617.7095,542.7952,651.9648,572.7686
0.732262610242917,670.2096,78.51801,671.63354,68.55054,667.36176,68.55054,607.55695,69.974464,648.85077,71.39839,587.622,144.01854,648.85077,145.44246,593.3177,239.4215,675.90533,250.81288,627.4919,302.07416,714.35126,330.55267,610.4048,317.73734,658.81824,319.16125,628.91583,428.80347,673.0575,440.19485,621.7962,525.6303,664.5139,555.5327,644.579,22.984953,626.06793,109.84435,633.18756,312.04163,651.6986,528.47815,691.5685,548.41315,637.45935,525.6303,694.4163,562.65234,614.6766,542.7174,654.54645,575.4677
0.7231396895188552,669.8528,75.57242,672.6882,65.64842,668.43506,65.64842,603.2202,69.901566,651.4225,69.901566,586.2077,145.04036,652.8402,145.04036,587.62537,242.86258,684.0299,252.78658,617.39734,305.24197,722.30817,333.59622,610.3088,315.16595,661.3465,318.00137,628.7391,427.1653,672.6882,441.34244,621.6505,526.4052,667.01733,554.7595,645.75165,21.69931,627.32135,109.597534,635.82764,312.33054,650.00476,529.24066,686.8653,550.50635,638.6631,524.98755,691.11847,561.8481,614.56195,543.4178,657.0933,573.18976
0.7263868336494153,670.8368,77.3308,672.27386,65.834114,667.9626,67.2712,603.2937,71.58246,652.15466,71.58246,584.61163,146.31093,657.903,143.43675,584.61163,242.59569,689.51886,252.65529,611.91626,307.26456,728.3202,333.1321,610.4792,314.44998,663.65137,314.44998,627.7242,426.5427,672.27386,440.91354,621.9758,525.70166,667.9626,555.88043,644.96924,24.158623,626.2871,110.38378,634.9096,311.5758,649.28046,530.0129,683.77057,554.44336,636.3467,525.70166,689.51886,565.94006,616.2275,540.0725,657.903,574.56256
0.7316231521276327,673.41125,77.487114,671.97626,67.44204,670.54126,67.44204,604.5308,73.18208,657.62616,73.18208,583.0057,150.6726,667.67126,146.36758,577.2656,248.25328,699.24146,251.1233,587.31067,315.69873,735.1167,327.17883,616.01086,325.7438,664.8012,324.3088,627.49097,429.0645,671.97626,443.4146,623.1859,525.2102,666.2362,555.3454,640.40607,22.956738,630.36096,110.49234,637.536,314.26373,647.5811,529.5152,684.89136,556.7804,630.36096,526.6452,689.1964,566.82544,617.4459,539.5603,657.62616,574.0005
0.7329623148991511,672.34064,76.43516,672.34064,66.389565,672.34064,66.389565,606.3267,73.56499,660.8599,73.56499,583.36536,151.05954,673.7757,146.75429,573.3198,248.64528,703.9125,251.51544,580.49524,318.96442,738.3545,330.4451,613.50214,323.26965,666.6003,323.26965,626.4179,429.4659,670.9055,442.38165,623.5477,524.18146,666.6003,554.31824,640.76874,23.337036,630.72314,110.87718,639.3337,313.22406,645.07404,529.9218,685.25635,555.75336,627.853,525.6166,688.1265,565.7989,617.80743,539.9674,657.98975,572.97437
0.7259216285668887,670.58954,71.58223,669.1555,62.978012,672.0236,64.41205,607.49194,71.58223,663.4194,71.58223,583.11334,150.45425,679.1938,147.58618,573.0751,249.40279,707.8745,249.40279,578.8112,316.80252,742.2914,331.14288,614.6621,322.53867,667.7215,323.9727,626.1344,430.0914,670.58954,441.56372,623.26636,524.73785,666.2875,554.8526,639.0408,21.390945,633.3046,108.86719,640.4748,313.93445,641.9088,530.474,686.36395,554.8526,626.1344,526.1719,689.23206,564.89087,618.96423,540.51227,659.11725,573.4951
0.7181344009362735,667.248,70.82276,662.95337,60.802067,672.9741,62.233597,609.9869,70.82276,665.81647,70.82276,582.78784,149.55681,682.9948,146.69376,574.19867,248.33224,710.19385,246.90073,577.0617,312.751,743.11896,329.92935,612.8499,321.34018,668.6795,322.7717,624.3021,428.70477,671.54254,443.02008,622.8706,521.7541,667.248,554.67926,640.04895,20.71928,635.7544,108.042496,640.04895,312.751,640.04895,527.4802,684.42633,556.1108,622.8706,524.6172,688.7209,564.69995,620.00757,537.5009,660.09033,571.8576
0.7178884446620941,660.68286,67.6777,659.2466,60.49636,670.7367,61.93263,611.8498,69.11396,667.8642,69.11396,584.5607,148.10863,686.53564,145.2361,574.50684,247.21103,712.3884,242.90222,575.9431,314.71555,745.4226,327.64197,613.2861,321.89688,669.3005,323.33316,623.3399,429.61688,672.173,442.5433,624.7762,522.97424,667.8642,556.00836,642.01135,20.280893,637.7026,106.456894,640.57513,313.2793,639.13885,527.283,682.22687,558.8809,620.4674,524.41046,689.4082,567.4985,621.9036,537.3369,660.68286,573.2435
0.7025409845205454,656.56396,65.240074,652.2725,56.657097,672.29944,59.51809,615.0796,68.10107,669.4385,68.10107,585.0392,145.34787,690.89594,143.91737,575.0257,244.05212,716.64484,239.76064,575.0257,311.28546,746.6853,324.15994,610.7881,321.29895,670.86896,322.72943,620.8016,431.44717,670.86896,441.46063,622.23206,528.72095,668.008,554.46985,642.25903,19.464188,639.398,105.293976,640.82855,312.71597,635.10657,535.8734,676.59094,561.6223,615.0796,533.0124,688.0349,568.77484,620.8016,544.45636,662.286,573.06635
0.7095375106884882,658.2696,64.29905,652.5136,57.10407,672.6596,58.543064,615.09973,67.17704,669.7816,67.17704,584.8808,144.88283,691.3665,144.88283,574.80786,242.73456,717.26843,241.29556,576.2468,311.80637,746.0484,323.31833,610.7828,320.44034,669.7816,323.31833,619.41675,431.24304,671.2206,441.316,619.41675,531.9728,668.3426,554.9967,641.00165,18.251173,639.5627,104.590935,639.5627,311.80637,630.9287,534.85077,681.2936,559.3137,612.22174,533.41174,689.92755,566.50867,617.9777,547.80176,662.5866,572.26465
0.7068070562986227,656.75696,62.795216,652.42596,55.5768,671.1938,57.020485,613.4465,65.68258,668.30646,65.68258,586.01654,143.64145,691.4054,143.64145,575.91077,241.81187,715.948,240.3682,575.91077,311.10864,741.93427,321.21445,610.55914,321.21445,669.7501,324.1018,617.7775,433.8217,671.1938,442.4838,616.33386,533.4358,668.30646,555.09106,640.87646,16.597364,639.4328,103.21833,640.87646,312.55234,623.5523,537.76685,678.41223,560.8658,606.2281,534.8795,688.518,566.6405,614.8902,550.76,662.53174,572.4152
0.7113523872999045,651.5607,61.580418,642.86957,54.337784,667.4945,55.786312,612.4505,64.47747,666.04596,65.925995,584.92847,142.6979,690.6709,142.6979,576.2373,239.74918,716.7444,238.30064,574.7888,310.727,741.3694,320.86667,608.1049,315.07254,670.39154,316.5211,615.34753,435.30026,668.94305,442.54288,609.55347,539.5942,667.4945,559.87354,638.524,16.676096,638.524,103.587685,638.524,309.27844,619.6931,546.8368,681.9798,561.3221,603.75934,543.93976,690.6709,567.11615,608.1049,556.9765,661.7004,575.8073
0.7169314966751978,648.1981,60.216255,638.0091,54.393948,665.66504,55.849525,610.35315,64.582985,664.2095,64.582985,582.69714,143.18414,690.40985,143.18414,576.8749,239.25221,713.6991,237.79663,576.8749,312.03107,738.4439,314.9422,608.8975,314.9422,670.0318,317.85336,613.2643,435.7551,668.5762,443.033,604.5308,543.4678,667.1206,559.4791,638.0091,16.54895,636.5535,103.88356,638.0091,309.1199,613.2643,553.6568,680.2208,562.39026,598.7085,552.20123,688.9543,568.2126,603.07526,562.39026,662.7539,575.4905
0.7123626000606097,643.82153,60.64331,626.3392,53.35897,664.2177,56.272705,608.85675,65.01391,664.2177,65.01391,582.6331,143.68475,690.44135,143.68475,575.3488,239.83803,712.2943,239.83803,573.8919,308.3108,734.14734,315.59512,608.85675,315.59512,670.04517,317.052,611.77045,437.97202,668.5883,443.79947,600.11554,548.694,667.1315,560.3489,635.0804,16.93728,635.0804,104.349335,639.451,308.3108,604.48615,557.4352,675.8726,564.7195,591.3743,557.4352,686.07074,569.0901,598.6587,567.63324,662.76086,577.8313
0.7168980355446155,638.65924,60.91013,616.6686,53.579903,654.7857,56.511993,604.9402,65.308266,659.18384,65.308266,580.0174,144.47472,688.50476,143.00867,574.15326,239.76767,707.56335,238.30162,571.2211,310.13785,725.1559,314.53598,607.87225,317.46808,670.91223,318.9341,606.40625,442.08194,669.44617,446.48007,594.67786,556.4335,669.44617,560.8316,632.79504,16.928768,631.329,103.425446,638.65924,308.6718,594.67786,569.62787,673.8443,569.62787,584.4155,569.62787,687.0387,574.026,593.2118,575.49207,665.04803,576.9581
0.7116530422980969,635.8904,59.75124,615.32526,53.875492,654.9866,55.34443,602.10486,64.15805,657.92444,64.15805,577.13293,143.48067,685.8343,142.01173,572.7261,240.43054,704.9305,238.96161,569.7882,312.40848,724.0267,312.40848,606.51166,318.2842,669.67596,318.2842,605.0427,443.1439,669.67596,446.0818,591.82227,559.18994,669.67596,560.6589,630.01465,15.683119,630.01465,102.350426,637.3593,309.4706,591.82227,575.34827,675.5517,572.4104,581.53973,575.34827,687.3032,575.34827,591.82227,578.28613,666.7381,576.8172
0.7176715754545652,632.37665,59.85584,616.14575,53.9537,654.50964,55.429237,601.3904,64.28244,655.98517,64.28244,576.30634,142.48576,684.0203,142.48576,568.92865,241.34657,701.72675,239.87103,567.4531,310.6967,719.43317,315.1233,604.3415,318.07437,669.265,318.07437,601.3904,443.49478,667.7894,446.44586,591.06165,560.062,669.265,563.01306,627.95,17.06534,627.95,102.64634,635.3277,309.22116,588.1106,573.3418,682.5448,567.4397,577.78186,574.8174,692.87354,573.3418,589.5861,577.76843,666.3139,579.24396
0.7152809454844549,626.4752,59.61725,610.2499,53.717125,648.60065,55.192154,598.4496,64.04234,653.02576,64.04234,573.3741,142.219,681.0514,140.74396,565.9989,239.57104,697.27673,239.57104,561.57385,307.4225,714.97705,316.27267,601.39966,314.79764,666.301,314.79764,598.4496,446.0754,667.77606,447.55045,588.1244,564.0779,670.72614,564.0779,625.0002,16.841347,625.0002,102.39315,632.3753,308.89752,588.1244,578.8282,675.15125,572.9281,576.32416,580.3032,688.4265,575.8782,586.64935,583.2533,667.77606,580.3032
0.7030104352877691,632.47174,63.10919,602.9154,55.720097,648.7278,58.675735,592.5706,66.064835,647.24994,66.064835,565.9699,144.38927,676.80634,142.91144,560.0586,241.92535,693.0624,240.44753,560.0586,308.42722,709.31836,314.3385,597.0041,323.2054,662.02814,321.7276,595.5263,450.29788,664.98376,448.82007,585.1815,568.52344,670.8951,559.65656,619.1714,17.296791,619.1714,103.010315,628.0383,314.3385,588.1372,580.346,679.76196,565.5678,576.31464,584.7795,691.58453,570.0013,585.1815,589.2129,667.93945,578.86816
0.7005104227707937,629.30963,63.299107,596.74457,55.89796,647.0724,57.378193,587.8632,66.25957,644.11194,64.779335,562.69934,144.7117,670.75604,143.23148,555.29816,243.88705,688.5188,242.40681,558.25867,311.97757,703.3211,316.41827,595.26434,323.81943,660.3945,320.85895,593.7841,452.59933,663.3549,448.15866,584.9028,573.97815,670.75604,560.65607,614.5073,15.931779,615.98755,103.26529,626.3492,313.45782,587.8632,581.3793,678.15717,565.09674,574.54114,584.3397,691.47925,569.5374,584.9028,593.22107,667.7956,578.4188
0.7045493825123861,635.6966,66.29562,626.8181,57.417133,646.0549,58.89688,583.9054,67.775375,640.13586,66.29562,557.26996,144.72229,666.77136,141.7628,551.35095,245.3452,684.5283,240.90594,557.26996,313.41364,699.3258,314.89337,591.30414,320.81238,657.8928,319.3326,592.78394,453.98972,660.85236,449.55048,585.3852,576.80884,669.73083,563.4911,612.0206,17.463924,612.0206,104.76909,623.85864,314.89337,591.30414,581.2481,677.1296,566.4506,576.50665,584.2076,690.4473,569.4101,583.9054,594.56586,668.2511,581.2481
0.7055298663102664,636.8404,67.84772,632.398,58.96285,645.7253,60.44366,582.0504,67.84772,636.8404,67.84772,552.43414,146.3307,663.495,144.8499,543.5493,244.06425,679.78394,242.58344,552.43414,304.77753,694.59204,315.1432,587.97363,326.9897,654.61017,324.02805,590.93524,454.33945,660.5334,448.4162,585.012,575.766,669.4183,559.47705,607.2242,18.980944,608.705,104.868,620.5515,315.1432,590.93524,583.17004,678.3031,565.40027,576.12714,587.6125,690.1496,568.36194,586.49286,593.5357,667.93744,578.7276
0.7154521460716541,643.0088,71.53484,637.0957,61.186893,645.96533,62.665173,579.4428,70.056564,634.1391,70.056564,546.9207,143.97049,659.26984,145.44876,535.0945,243.01514,677.0092,243.01514,549.87726,303.62454,691.792,313.9725,583.8777,322.84216,650.4002,319.88562,588.3125,455.88724,657.79156,448.49585,585.35596,575.6278,669.6178,557.8884,609.0084,21.273378,606.0518,107.01353,616.3998,315.45078,594.2256,583.01917,678.4875,565.27985,577.96454,587.454,688.83545,566.7581,585.35596,593.3671,666.66125,578.58435
0.7243446088754214,643.1493,73.31198,638.7171,62.970253,643.1493,64.44764,576.66675,70.3572,629.8528,70.3572,542.68677,144.2267,653.491,142.74931,530.8676,246.1666,671.21967,240.25705,550.0737,303.78482,687.47095,314.12653,579.6215,321.5135,646.10406,318.55872,585.53107,454.47858,656.4458,448.56903,584.05365,574.14716,668.2649,560.85065,609.1693,21.603333,601.78235,107.29195,612.1241,314.12653,594.3954,584.4889,678.6066,568.2376,578.1441,587.44366,690.4258,569.715,585.53107,591.87585,666.78754,580.0567
0.7263222886965826,642.9208,75.48061,639.9643,63.654495,641.4425,65.13276,574.92065,69.56755,626.6599,71.045815,539.4423,144.95903,650.31213,143.48076,526.13794,245.48099,666.573,241.0462,548.3119,297.22025,685.79047,312.0029,576.3989,323.829,641.4425,320.87247,583.7902,455.3945,654.7469,446.52493,585.2685,576.6122,668.0513,560.35126,608.9207,22.2631,598.5729,106.52416,607.44244,314.9594,595.61633,586.96,678.3991,567.7426,577.8772,591.39484,690.2253,570.6991,586.74677,594.3514,666.573,581.047
0.7237989856646612,636.63983,76.29493,635.1591,64.44943,635.1591,65.93012,571.4896,68.891495,620.3523,71.85287,534.4725,142.92581,644.0433,141.44513,522.62695,242.1318,660.3308,240.65112,556.68274,296.9172,679.5797,314.68546,571.4896,322.08887,636.63983,319.1275,583.3351,453.86996,652.92737,444.98584,584.8158,578.2476,669.2149,558.9987,607.0261,21.50953,592.21924,105.90865,602.58405,311.72406,596.6613,584.17035,679.5797,567.8828,577.41235,588.6124,691.42523,570.8442,586.2965,596.01587,666.25354,581.209
0.7252756838615124,634.9947,75.20964,634.9947,64.83577,634.9947,66.31775,569.7875,69.281715,618.6929,70.763695,532.738,143.38078,642.4046,141.8988,520.8821,244.15552,660.18835,241.19156,541.6298,301.9528,677.9721,315.29062,569.7875,321.21857,634.9947,319.73657,581.6433,456.07886,651.29645,447.18698,584.6073,579.0833,667.59827,561.29956,606.83704,21.85831,590.5352,106.33125,600.9091,313.80865,594.9812,585.0112,677.9721,568.7095,577.1974,589.4572,689.828,571.6734,586.0893,596.86707,666.1163,582.0473
0.7285127227122967,634.75244,74.78468,633.2636,64.36278,633.2636,65.851616,569.24335,68.82931,616.88635,70.318146,532.0222,141.78265,640.7078,140.29381,521.60034,243.02405,657.08514,240.04636,543.933,299.6001,676.44006,315.9774,567.7545,321.93277,634.75244,318.95508,581.15405,454.43988,649.6409,446.99567,584.1318,579.50275,666.0182,564.6143,606.4644,24.163988,588.5983,106.0504,599.0202,312.9997,596.04254,580.99164,677.92896,569.0809,576.68756,586.94696,689.83966,573.54736,587.10944,597.3689,664.52936,585.4581
0.7314455325786884,633.0047,74.43103,633.0047,63.991005,633.0047,65.48244,567.3817,66.97387,616.59894,69.95673,530.0959,141.54549,638.97046,140.05406,519.6558,242.96289,655.3762,239.98003,534.5702,305.60306,674.76483,316.0431,565.89026,322.00882,633.0047,319.02594,579.3132,456.23773,647.91907,448.78058,583.7874,577.04376,664.32477,568.09515,606.15894,22.230896,588.2617,105.751114,598.7018,314.55167,594.2275,581.51807,676.2563,571.078,574.83887,587.48376,686.6963,575.5523,585.2789,594.9409,661.3419,587.48376
0.7277551453847152,632.78033,76.01512,631.28284,64.03539,631.28284,67.03033,565.39435,68.527794,614.8107,71.52273,527.9577,143.4011,638.7702,141.90363,517.47546,243.73131,653.7448,242.23384,527.9577,308.12234,673.2119,317.10715,565.39435,326.09195,631.28284,324.59448,578.8715,456.3715,646.2575,451.8791,583.36395,577.6662,661.2322,570.1789,602.831,20.608883,587.8563,105.96444,596.8411,317.10715,593.8462,582.1586,676.20685,573.1738,575.8766,588.1485,686.6891,577.6662,584.8614,594.13837,658.23724,591.14343
0.7330041940395648,631.34045,73.74747,628.3431,63.25672,629.8418,66.254074,563.8999,67.752754,613.3563,70.75011,526.433,144.18535,637.33514,142.68666,515.9422,246.09546,653.8206,243.0981,521.93695,307.54126,673.30347,318.032,563.8999,328.52277,631.34045,325.5254,577.38806,457.4091,646.3272,454.41174,584.8814,580.3007,656.818,574.30597,599.8682,19.795052,584.8814,106.71838,595.3722,319.5307,592.3748,587.79407,671.80475,577.30334,575.88934,592.2901,682.29553,581.7994,586.3801,598.28485,653.8206,595.2875
0.7357830634483924,629.9519,75.28089,628.4515,63.27733,628.4515,66.27822,562.4318,67.77866,613.447,70.77956,524.9207,144.30139,635.9537,142.80095,514.4176,246.3317,653.95905,241.83035,518.91895,309.3504,671.96436,316.85263,563.9323,328.8562,629.9519,325.85532,577.4363,457.89453,643.45593,456.39407,584.93854,580.9311,653.95905,576.42975,598.44257,19.764408,584.93854,106.79025,595.44165,319.85352,592.44073,589.9337,668.9635,579.4306,575.93585,594.43506,677.9662,583.93195,586.43896,598.9364,652.45856,598.9364
0.7289750919892237,628.03033,76.6999,625.02734,64.68792,626.5288,67.69091,561.9644,69.19241,611.51385,72.195404,524.427,147.2703,635.53784,145.76878,512.41504,249.37213,652.05426,244.86763,510.9135,315.43802,673.07526,319.9425,563.46594,333.456,628.03033,328.9515,576.97943,459.5818,640.0423,458.0803,584.4869,579.7016,652.05426,575.1971,596.4989,21.144485,582.9854,108.231346,594.9974,321.444,591.9944,590.2121,664.0663,578.20013,575.4779,594.71655,674.5768,582.7046,585.9884,597.7196,649.0513,597.7196
0.7329801802451794,628.38116,74.67786,625.37524,64.15728,626.8782,65.66022,560.7489,70.16904,611.8488,71.671974,523.1754,148.32185,635.8958,145.31598,512.65485,250.5217,653.9311,246.01288,511.15192,318.15396,673.4693,324.1657,563.75476,331.6804,628.38116,328.67453,577.2812,459.4302,640.40466,459.4302,584.7959,581.1683,652.42816,576.6594,595.31647,19.069115,583.29297,109.245445,595.31647,322.66278,592.3106,588.6829,662.9487,578.16235,577.2812,593.1918,674.9722,582.6712,586.2988,597.70056,649.4223,599.2035
0.7250083753695855,629.0558,74.47079,626.04865,63.94592,627.55225,65.44947,561.39594,68.45657,612.5167,71.46368,523.8071,148.14484,636.57355,145.13774,514.7858,250.3864,653.1126,244.37218,513.2823,319.5498,672.65875,321.05334,564.403,333.08176,629.0558,330.07465,577.935,459.38016,641.08417,457.8766,583.9492,579.6643,653.1126,576.6572,595.9776,20.342905,583.9492,107.548935,595.9776,322.5569,591.467,588.6856,662.1339,579.6643,576.43146,593.1963,674.16235,584.175,585.45276,596.20337,650.1055,599.2105
0.7261507694537823,627.4215,73.88417,625.9167,63.35038,627.4215,64.85521,561.2091,67.86486,612.3732,70.87452,523.5884,146.1159,634.9457,144.61107,514.55945,249.949,654.5084,245.43452,516.0643,316.1614,674.07117,320.6759,562.7139,329.70486,628.92633,326.69522,579.267,459.12006,640.96497,457.6152,585.2863,581.0111,653.0036,574.99176,597.32495,19.710379,583.7815,108.49521,595.8201,322.18073,594.3153,590.04004,662.03253,578.0014,577.7622,593.0497,674.07117,582.5159,585.2863,597.5642,651.4988,597.5642
0.7339236163176023,629.8857,74.301155,626.8809,62.28198,628.3833,65.28677,560.77545,68.291565,613.3593,69.79396,524.71796,146.41618,637.39764,141.909,515.70355,250.08154,653.924,244.07195,518.7084,316.18698,673.4552,322.19656,562.27783,329.70856,629.8857,326.70377,578.8042,458.91464,641.90485,458.91464,584.8138,580.60876,652.42163,576.10156,598.3354,20.21488,584.8138,107.353874,595.33057,320.69418,595.33057,589.62317,662.9384,580.60876,575.79944,592.6279,671.95276,585.11597,586.31616,598.6375,650.91925,600.1399
0.7321078227116511,629.035,73.75423,627.52997,61.714256,627.52997,64.72425,561.3101,67.734245,612.48004,69.23924,525.1902,145.99408,638.06494,141.4791,517.6652,251.34386,654.61993,243.81888,525.1902,316.05872,674.1849,320.57373,562.8151,331.1087,630.54,326.59372,577.8651,459.03345,642.57996,457.52844,583.8851,580.9382,651.6099,574.9182,597.43005,19.574343,585.3901,106.86416,595.92505,320.57373,594.42004,586.9582,663.6499,579.43317,576.3601,591.47314,672.6799,583.9482,585.3901,597.49316,650.1049,597.49316
0.7276746951616727,629.4472,74.31546,629.4472,62.265636,629.4472,65.27809,561.66693,68.29055,611.37244,69.796776,525.51746,146.61443,638.48456,140.58951,519.49255,249.03796,656.5593,241.50682,531.54236,313.8058,677.6465,319.8307,564.6794,327.36185,632.45966,325.85562,578.2354,456.8975,643.00323,456.8975,579.74164,580.4082,653.5469,575.8895,600.82886,23.103695,584.2604,107.45249,597.8164,321.3369,593.2977,581.9144,662.5842,574.3833,572.2105,586.4331,673.1278,580.4082,579.74164,598.483,652.04065,596.97675
0.7258556462251223,629.7654,74.21491,628.2588,62.162117,628.2588,63.668716,561.96844,68.188515,611.6862,68.188515,525.81006,146.53168,638.805,140.50528,521.2903,247.47385,656.8842,242.95404,536.35626,315.2708,677.97656,321.2972,564.9816,328.8302,632.7786,325.81702,578.541,456.89117,643.3248,456.89117,577.0344,578.9257,652.3644,574.40594,599.6334,21.483932,584.56744,107.3601,596.62024,321.2972,592.1004,578.9257,662.9106,572.8993,569.50146,584.95215,673.4568,578.9257,577.0344,597.0049,650.8578,597.0049
0.7223741480937371,630.3675,73.98009,628.8587,61.909798,628.8587,63.418583,560.9633,69.45373,612.2621,67.94494,526.2613,146.4018,639.4202,140.36665,521.7349,247.49045,659.0344,242.96408,541.3491,312.36823,680.1574,321.42093,563.9809,325.9473,633.3851,324.4385,577.56,455.70288,643.94653,457.21167,574.5424,579.4233,652.99927,574.897,600.1918,21.172585,585.10394,107.17337,597.1742,319.91217,591.13904,579.4233,660.5432,573.3882,568.50726,583.94965,671.1047,579.4233,573.0336,597.52875,651.4905,596.01996
0.7159770887631637,630.9177,74.12351,630.9177,62.068535,629.4109,63.575405,561.6016,68.09602,612.83527,69.60289,526.94354,146.45337,639.959,140.42589,522.423,247.41382,659.54834,242.89319,554.06726,306.18182,682.15137,322.75742,566.12225,328.7849,633.93146,327.27805,575.16345,456.86905,644.4796,456.86905,572.1497,577.4188,653.5208,575.9119,600.7803,21.382984,584.2047,107.2747,599.27344,321.25055,590.2322,577.4188,661.0552,572.8982,567.6291,580.43256,671.6033,580.43256,572.1497,597.0082,650.5071,598.515
0.7152483600836533,630.30414,74.07247,630.30414,63.508533,628.795,63.508533,560.884,69.54507,612.1945,68.035934,526.17395,146.51088,639.35895,138.96521,521.64655,246.11368,661.9959,243.09541,556.35657,300.44247,684.63293,323.0795,565.4114,326.09775,634.83154,324.58862,575.97534,457.39236,645.39545,458.9015,571.44794,578.12305,654.45026,578.12305,600.12146,22.76193,585.03015,107.27341,598.6123,318.5521,592.5758,578.12305,660.4868,573.59564,566.92053,579.6322,672.5599,579.6322,571.44794,597.74176,652.94116,599.2509
0.7080769195006444,629.6055,74.11044,628.0966,63.547974,628.0966,65.0569,560.195,69.58367,613.0074,68.074745,526.9987,148.04771,640.168,140.5031,523.98083,250.65456,664.3108,243.10992,546.61475,309.5026,686.94464,323.08292,566.2307,327.60968,635.64124,326.10074,575.2843,458.88605,644.69476,458.88605,573.7753,579.6,653.74835,576.58215,597.91815,21.2981,584.3378,107.30677,599.42706,321.57397,587.35565,578.09106,661.29297,572.05536,564.7218,582.61786,673.3643,578.09106,573.7753,597.7071,652.2394,597.7071
0.6994478370134647,630.08966,72.576416,628.5808,62.014534,628.5808,63.523373,560.683,69.55873,613.49243,68.0499,528.9973,146.5096,640.65155,138.9654,522.962,250.6196,664.79297,243.0754,536.54156,312.48206,691.95215,323.04395,566.7184,324.5528,636.125,324.5528,577.2802,458.8396,645.17804,458.8396,574.2626,581.05566,654.2311,575.0203,596.89514,21.275837,586.33325,107.27975,599.91284,320.02628,581.80676,579.5469,660.2665,572.0026,565.20953,584.07336,673.846,578.038,572.7537,597.65295,652.7223,594.63525
0.6928809216389289,629.26495,75.164246,629.26495,63.113514,627.7586,64.61986,561.4796,70.64522,612.6952,69.13888,529.84644,145.96228,641.3157,139.9369,523.82104,249.89981,665.4171,242.3681,537.3781,310.15344,695.54395,319.1915,567.50494,328.22955,635.2903,328.22955,576.543,457.77487,644.32837,457.77487,573.53033,578.28217,653.3664,572.25684,597.6318,20.935965,585.58105,106.79741,599.1381,322.2042,584.0747,578.28217,659.3918,572.25684,564.49225,582.8012,672.94885,578.28217,572.024,596.3583,651.86005,591.83923
0.6890656352043152,627.7107,73.0074,626.2018,62.445026,627.7107,62.445026,561.3186,68.48067,614.1305,68.48067,529.6315,146.94402,641.2909,142.4173,522.0869,251.05885,666.9424,242.00539,520.578,314.4331,700.1384,318.95984,567.35425,328.0133,635.25525,328.0133,576.4077,459.2885,644.3087,457.7796,573.3899,580.0014,653.3622,572.45685,596.02356,18.686615,586.9701,106.20343,600.5503,320.46875,583.9523,581.5103,660.90674,572.45685,564.3364,586.03705,674.48694,578.4925,571.881,599.61725,651.8533,590.5638
0.6819883768375103,626.8155,71.309006,623.797,62.253582,626.8155,62.253582,561.9183,69.799774,614.7416,68.290535,530.22424,148.28014,641.90784,142.2432,518.1503,250.90831,670.5834,240.34366,507.5857,317.3148,709.82355,318.82404,567.9552,326.3702,635.8709,327.87946,575.5014,457.67392,644.92633,457.67392,572.4829,579.9222,653.98175,572.376,593.61224,19.99492,586.06604,106.02148,601.15845,320.33325,580.0291,582.9407,657.00024,573.88525,561.9183,587.4684,673.60187,576.9037,572.4829,599.5423,652.47253,590.4868
0.7104219840123103,628.4816,74.010735,628.4816,63.45465,626.97363,63.45465,557.6051,70.994705,610.3855,69.486694,527.4448,149.41132,642.0537,141.87126,506.33267,247.43208,676.738,238.384,488.23654,310.76855,729.51843,309.26056,565.14514,324.34067,636.02167,322.83267,575.70123,458.5537,645.06976,460.06174,572.6852,577.68665,654.11786,576.17865,596.8134,21.230324,586.2573,108.695,599.8294,319.81665,580.2253,583.7187,652.6098,576.17865,563.63715,588.24274,672.214,582.2107,571.1772,598.7988,652.6098,594.2748
0.7083474328884711,629.21564,72.50535,627.70795,60.44373,629.21564,61.95143,558.35364,69.489944,614.1386,69.489944,526.6919,150.90588,644.29266,144.87506,498.04553,248.90654,680.47754,241.36803,467.89148,310.72235,737.77026,306.19922,565.89215,328.81476,636.75415,325.79938,574.93835,461.49258,645.8004,461.49258,571.923,582.10876,653.3389,574.57025,594.5385,18.22806,585.4923,107.1825,600.56934,321.27625,580.9692,585.1242,656.3543,576.078,562.8768,589.6473,674.4467,580.6011,571.923,600.20123,651.8312,592.6627
0.7247785352743589,627.5874,70.91394,624.5636,60.330738,627.5874,61.842625,559.5525,69.402054,612.4685,69.402054,526.291,149.53201,644.21814,143.48447,493.0295,244.78084,689.5747,240.24518,455.23236,302.2325,747.02637,300.72064,565.60004,318.86325,638.1706,315.83948,574.6714,460.98056,645.73004,460.98056,571.6476,581.93146,653.2894,577.3958,594.32587,19.509811,585.2546,108.71109,600.3734,317.35138,582.2308,586.4671,656.31323,575.8839,564.08813,591.00275,674.4559,581.93146,571.6476,600.0741,653.2894,595.53845
0.7011743142054632,627.26074,70.83734,622.739,60.28666,627.26074,61.7939,559.43494,69.3301,613.69556,69.3301,524.7684,149.21382,645.3476,143.18486,487.0874,236.63373,693.5793,239.64821,444.88467,293.90884,761.4051,295.41608,565.46387,321.03915,636.30414,318.0247,574.5073,459.70523,645.3476,459.70523,571.49286,581.7917,654.39105,574.2555,594.10144,19.591179,585.058,107.01109,600.1304,318.0247,582.0435,586.3134,655.89825,577.26996,563.95667,590.83514,673.98517,581.7917,569.9856,599.87854,652.8838,592.34235
0.7111983998463705,629.7427,70.54571,625.1979,59.94117,628.2277,61.456104,558.5408,69.03078,614.5933,69.03078,523.6973,149.32227,644.892,143.26253,479.76425,231.12868,699.4296,235.67348,432.8013,282.6364,766.08673,287.1812,566.1155,318.99484,638.8323,315.96497,573.6901,461.3986,644.892,461.3986,572.1752,582.5933,653.9816,576.53357,593.3843,19.03796,584.2947,108.41905,600.9589,317.4799,584.2947,590.16797,655.4966,582.5933,564.6005,593.1978,675.1907,587.1381,572.1752,600.7725,653.9816,596.2277
0.7269767820835114,624.6808,67.22147,615.5966,56.62326,624.6808,58.13729,556.54944,67.22147,615.5966,67.22147,523.2407,150.49318,647.39124,144.43704,471.76367,229.22278,698.8683,229.22278,421.80066,271.61563,763.9716,274.6437,565.6336,324.60672,636.793,315.52252,574.7178,459.35547,644.3632,460.86948,573.20374,580.4779,653.4474,574.4218,591.37213,15.74443,585.316,106.58628,600.4563,317.03656,582.2879,597.13226,657.98944,589.56213,565.6336,598.6463,673.12976,589.56213,574.7178,595.6182,650.4193,595.6182
0.7326885805680201,627.42554,68.13476,624.3993,57.542988,622.8862,59.0561,553.28314,66.62165,612.29443,65.108536,519.9947,148.3296,647.09595,143.79027,459.47028,225.49823,703.08105,223.98512,398.9459,260.29977,780.2497,255.76044,565.388,320.8242,636.5042,313.25864,572.95355,460.03033,644.06976,457.0041,571.4404,581.07916,654.6615,572.0005,591.1109,16.689009,583.54535,107.475624,600.1896,316.28485,579.006,597.7233,660.714,585.61847,565.388,600.7496,674.332,584.10535,572.95355,599.23645,654.6615,593.184
0.7249247064957252,627.3419,68.73992,622.81,56.65478,622.81,58.165424,553.32043,65.718636,612.23553,64.20799,520.0863,147.29333,646.9803,142.76141,456.63934,221.31482,708.9166,222.82545,393.19235,251.52766,792.00195,251.52766,563.89496,317.99594,633.3845,311.95337,572.9588,459.99634,645.46967,458.4857,571.4482,580.8477,654.5335,571.7839,589.57587,14.356791,585.04395,106.50598,598.6397,314.97464,582.02264,601.9967,660.57605,589.9116,566.91626,603.5074,674.1719,588.40094,571.4482,598.97546,654.5335,592.93286
0.73528175170605,625.79956,67.8887,619.38477,56.662865,624.19586,59.870247,556.8408,67.8887,612.97003,67.8887,515.1449,148.07326,645.0438,143.26218,454.2046,217.03198,715.60626,218.63567,388.45328,244.29472,803.80927,245.8984,563.2556,316.46082,635.4217,310.04605,574.48145,460.79303,643.4402,459.18933,574.48145,584.2772,653.0623,573.0514,593.7257,16.570587,582.4999,109.58467,598.5368,313.25345,584.1036,592.2957,657.87335,584.2772,563.2556,595.50305,670.7029,585.8809,574.48145,603.52155,653.0623,592.2957
0.7119419070390555,620.0863,65.83784,592.8253,56.750847,620.0863,58.265347,551.9339,65.83784,612.5138,65.83784,520.12946,146.1062,647.3472,141.56271,450.4626,212.7441,715.49963,215.77309,380.7957,236.97606,815.4565,238.49055,564.04987,320.2734,635.23126,311.18643,573.13684,461.12167,644.31824,459.60718,571.6224,580.76697,653.4052,573.1945,588.28186,17.373913,583.73834,106.72926,598.8833,314.21542,577.68036,597.42645,660.9777,589.854,565.5644,598.941,670.0647,588.3395,573.13684,597.42645,653.4052,594.39746
0.7124219720180218,622.4379,66.03433,595.03784,55.378735,620.9157,56.900963,550.8932,66.03433,611.78235,66.03433,517.4042,146.71246,645.27136,142.14577,445.8594,210.64606,718.3383,210.64606,375.83688,228.91281,814.2388,230.43504,564.59326,323.291,634.6158,314.15762,573.7266,460.29156,643.74915,458.76935,572.2044,580.54767,654.4047,572.9365,587.4267,15.800788,582.86,107.134514,599.6045,315.67984,576.77106,597.2922,662.01587,588.1588,566.1155,600.3366,671.14923,586.63654,572.2044,598.8144,654.4047,595.76996
0.7182663266475384,626.2365,68.50131,604.7641,57.765095,623.169,59.298843,551.083,66.96757,610.89905,66.96757,514.27313,149.78981,646.17523,142.1211,443.72083,208.07213,719.795,206.53839,373.16855,221.87584,810.28595,224.94333,564.8867,324.63678,633.9053,315.4343,572.5554,458.07263,644.6415,459.60635,572.5554,579.23846,653.84393,574.63727,589.42664,16.353973,581.75793,106.84495,598.6291,316.96805,578.6904,594.5759,663.0464,585.3735,566.4205,596.1097,672.2489,586.9072,572.5554,596.1097,652.3102,596.1097
0.7365683202560132,620.61194,67.70821,613.70953,57.354652,618.88635,60.80584,556.76495,67.70821,611.98395,67.70821,515.3507,145.35992,643.0446,138.45755,442.8758,202.3045,725.8731,197.12773,368.67526,216.10925,813.8784,210.93248,563.66736,312.7425,634.4167,307.56573,572.2953,461.14355,643.0446,454.24118,574.0209,581.9351,653.3982,569.85596,593.00244,15.940407,582.64886,109.12246,598.1792,307.56573,580.9233,587.1119,658.57495,580.2095,560.2161,592.28864,672.3797,581.9351,574.0209,600.9166,653.3982,587.1119
0.7116748759379754,622.3019,65.60763,597.14056,54.599545,622.3019,57.744713,549.963,65.60763,611.2938,65.60763,510.64844,148.95456,649.0358,141.09164,438.3096,202.4224,732.38275,196.13206,369.11594,211.8579,822.02,205.56757,564.1163,328.2291,633.30994,317.221,571.9792,460.3261,644.31805,458.7535,571.9792,579.84247,652.18097,573.5521,586.13245,13.712372,579.8421,108.06738,598.71313,318.79358,578.26953,586.1328,664.76166,579.84247,565.6889,592.4231,674.19714,582.9876,571.9792,598.71344,650.6084,598.71344
0.7358731283591344,625.3794,71.06756,615.5193,59.56412,623.736,61.20747,554.7154,67.78086,610.58923,67.78086,510.34503,146.66154,648.3862,140.08815,438.03775,200.89201,738.7703,191.03194,370.6605,209.10875,830.7978,199.24867,562.9322,327.42978,630.3094,317.5697,572.79224,458.89758,641.81287,458.89758,572.79224,582.1487,653.3163,573.93195,589.2257,13.550388,579.36566,108.86455,597.44244,315.92636,584.29565,587.07874,659.88965,577.2186,564.5755,593.6521,673.03644,580.5053,574.4356,601.86884,651.6729,593.6521
0.69329634308815,624.60114,70.17179,619.1694,59.30823,620.98,61.118828,553.988,66.550606,610.1164,66.550606,508.72314,146.21672,648.13885,138.97435,438.11002,198.72394,738.6685,186.04979,372.92862,204.15572,825.577,193.29216,563.04095,314.60193,631.8435,312.79135,570.2833,466.6918,642.7071,457.63882,572.09393,582.56976,653.5706,571.70624,592.01044,14.043392,581.1469,106.38367,595.63165,310.98074,579.3363,591.62274,660.813,582.56976,563.04095,595.24396,669.86597,582.56976,572.09393,598.8651,653.5706,584.3804
0.7204013856557699,618.4951,66.21261,604.7904,57.64718,620.2082,57.64718,555.11096,66.21261,611.64276,66.21261,510.5707,145.01454,647.61755,138.1622,440.3342,199.83328,745.2634,184.41551,368.3846,203.25945,834.3439,191.26785,563.6764,318.0362,632.19977,311.18384,572.24176,461.93536,642.4783,456.7961,573.9549,581.8514,652.75684,573.28595,589.3726,11.393869,580.8072,109.03974,597.93805,311.18384,582.5203,593.84296,659.60913,581.8514,563.6764,597.2691,673.31384,583.56445,573.9549,602.4084,652.75684,592.1299
0.7051643293637496,622.3387,70.43588,615.1045,57.776028,618.7216,61.393127,555.4223,68.627335,609.67883,66.81878,510.20856,146.39502,647.65845,139.16081,443.29218,195.22589,741.70306,180.75748,374.56723,202.4601,830.3221,184.37459,562.65656,314.59024,633.19,312.7817,571.6993,464.69995,642.2328,457.46576,573.5078,578.6387,653.08405,571.4045,591.5933,16.17936,580.74207,106.6069,595.21045,309.16458,582.5506,591.2985,660.3183,580.4472,564.4651,593.10706,672.97815,584.06433,571.6993,596.7242,653.08405,587.6814
0.7245953369599122,622.36743,67.987785,615.4104,57.55225,620.6282,59.291504,552.7972,66.24853,608.45337,66.24853,511.05502,146.2543,644.9777,139.29727,439.74554,198.43198,744.1153,181.03941,368.43604,201.91049,822.38184,182.77867,563.2327,314.96213,632.8029,309.74435,571.92896,462.7989,643.23846,455.84186,575.4075,582.80756,653.674,570.63275,591.0608,10.59234,578.886,109.72993,598.0178,309.74435,584.10376,589.7645,658.8918,581.0683,561.49347,593.24304,672.80585,582.80756,575.4075,601.93933,653.674,589.7645
0.7222011226874131,621.28644,68.04338,614.3839,59.41521,619.5608,61.140842,553.9867,66.31775,609.20703,66.31775,509.12024,147.42255,643.71967,137.06874,441.8205,199.19157,743.80646,180.2096,369.34387,200.9172,828.36255,183.66086,564.3405,319.98596,633.3659,313.08344,571.24304,461.48795,641.9941,456.31107,574.69434,582.28235,654.0735,571.9285,590.22504,11.097455,579.8712,109.458595,598.8532,311.3578,581.59686,592.63617,660.976,578.83105,560.8892,596.0874,673.0555,582.28235,574.69434,602.9899,652.34784,589.1849
0.723024437060723,623.1392,67.804054,612.9114,59.28085,621.43463,60.98549,554.9536,66.09941,609.50214,67.804054,508.92828,146.21754,645.29956,137.69435,439.038,200.76607,745.8734,182.01501,370.85236,202.4707,831.10547,183.71965,563.4768,321.7956,633.3671,314.97702,572.0,461.57617,641.8903,456.46225,573.70465,582.6057,653.8228,574.0825,590.75104,11.550894,578.8186,107.0108,597.56964,313.2724,583.9325,591.1289,660.64136,577.49176,563.4768,594.5382,675.98315,580.90106,573.70465,603.0614,652.11816,591.1289
0.7205741921296487,624.7661,70.46589,619.7809,60.495396,621.4426,60.495396,551.6492,67.14239,606.4869,67.14239,508.44366,148.56808,646.36884,140.25935,435.32672,201.74406,746.0738,181.80307,373.842,203.4058,827.4995,183.46483,564.9431,328.037,633.0748,321.38998,573.2519,462.63864,643.04535,457.6534,573.2519,582.2846,653.01587,572.3141,589.8694,12.304674,578.2371,108.68612,598.1781,318.0665,584.88416,590.5933,662.9863,578.96106,563.2814,595.57855,674.6186,582.2846,574.91364,603.8873,651.35406,592.25507
0.7145245533723098,624.6289,69.16914,617.75806,58.862873,621.1935,58.862873,552.485,67.45143,609.1695,67.45143,507.82452,148.18387,645.24146,139.5953,442.55148,199.71521,744.8687,182.5381,375.56073,206.58606,827.31885,184.25581,564.509,319.95502,634.9352,313.08417,573.09753,462.52505,643.52374,457.37192,573.09753,582.7649,653.83,570.7409,590.27466,10.766952,578.2507,108.676506,598.8632,311.36646,585.1215,591.3534,660.7008,579.32947,562.79126,596.50653,672.7248,581.0472,573.09753,603.3774,653.83,587.91797
0.7184469447686122,621.1029,68.17389,611.0434,59.790947,619.42633,59.790947,555.716,66.4973,609.3668,66.4973,510.4481,145.29695,646.2518,138.59059,441.70798,200.62436,745.1705,183.85847,374.64447,207.3307,828.9999,185.53506,564.09894,321.3387,632.83905,316.30893,574.15845,460.4955,642.89856,457.14233,574.15845,582.8865,652.9581,572.8269,589.24774,12.846479,579.18823,106.73542,597.6307,312.95575,582.5414,591.2694,661.34106,579.53326,562.42236,596.2992,676.43036,582.8865,574.15845,604.6821,652.9581,592.946
0.7422688259528234,620.1485,69.14222,613.6806,57.82338,618.53156,59.440353,555.4694,67.52524,607.2127,67.52524,510.1941,146.75711,642.7862,138.67223,443.898,203.35132,736.57086,187.18155,380.8359,211.4362,822.2706,193.64946,561.9374,316.5397,633.08435,310.0718,573.25616,458.8337,642.7862,455.59973,573.25616,586.5749,652.48804,573.6391,592.6599,14.164996,576.4901,107.94967,597.51086,311.68878,582.95807,596.27673,654.10504,589.80884,561.9374,601.1277,671.8918,589.80884,574.87317,605.97864,652.48804,593.0428
0.7244299180232562,621.1035,67.26706,612.8478,59.01129,619.4524,59.01129,555.05743,67.26706,609.5455,67.26706,510.4763,148.17355,644.21967,138.26663,444.43018,202.6616,735.0331,191.10353,381.68637,214.21967,825.8465,199.3593,563.3132,319.89346,632.6616,313.28885,573.2201,461.8926,642.56854,455.288,573.2201,584.07794,654.1266,574.171,589.7316,12.779008,578.1736,106.89473,596.33624,311.6377,584.7782,592.3337,659.0801,580.77563,561.66205,597.2872,673.9404,584.07794,573.2201,605.5429,652.47546,593.98486
0.7238327402334946,623.62274,67.86874,612.90485,57.150883,620.5605,58.682007,550.12885,67.86874,609.8426,67.86874,510.31967,149.01822,646.58954,138.30035,447.54367,205.66974,727.739,196.483,389.36102,216.38759,818.07526,207.20087,563.90894,328.15952,632.80945,318.97278,573.0957,459.83603,643.5273,461.36716,574.62683,583.85693,652.71405,574.67017,586.8758,15.810583,579.22015,107.67792,597.5936,318.97278,579.22015,594.57477,664.963,583.85693,565.44006,596.1059,675.68085,586.9192,574.62683,600.6993,649.6518,597.637
0.7215572182948773,624.3814,67.081314,616.80194,56.470074,621.3496,57.985966,551.6186,67.081314,607.7066,67.081314,512.2054,147.4236,644.088,138.32825,450.0538,211.09106,721.3985,201.99571,395.4817,224.7341,807.8044,217.15465,562.22986,323.2671,631.9609,315.68762,571.3252,459.6974,642.57214,459.6974,572.84106,582.4846,653.18335,574.9052,588.0,17.056877,578.90466,106.494514,597.09534,315.68762,583.45233,594.61176,660.7628,585.5164,565.2616,597.64355,672.88995,587.03235,574.357,599.1595,650.15155,597.64355
0.7111453517125204,620.69434,63.14294,611.6148,55.576668,619.1811,55.576668,552.5979,66.16945,608.5883,64.6562,513.2533,147.8852,643.3932,137.2924,454.23636,215.98164,716.0294,206.90211,404.29898,235.65396,805.3114,231.1142,561.6774,318.88297,632.8004,312.82993,572.2702,461.12888,643.3932,459.61563,572.2702,583.7025,652.4727,574.623,587.4028,17.745304,579.8365,107.02732,597.99554,314.3432,582.863,598.835,657.01245,589.7555,564.7039,600.34827,670.6318,588.24225,573.78345,600.34827,650.9595,598.835
0.7085551504905407,623.3734,70.63737,621.86005,60.04403,623.3734,61.55736,549.22003,69.12404,608.24005,69.12404,511.38666,150.84409,640.0201,140.25075,456.90662,226.51082,714.17346,212.89081,413.01993,243.15749,797.40686,247.6975,561.32666,315.79755,632.4534,312.77087,571.92004,461.07764,643.04675,459.5643,571.92004,582.1444,653.6401,576.09106,591.5934,20.697334,577.9734,109.98406,596.13336,315.79755,584.02673,585.1711,659.6934,577.6044,565.8667,591.2244,674.8268,580.63104,571.92004,600.3044,653.6401,594.2511
0.7183290593899213,622.52203,69.07286,616.4561,58.457466,619.4891,59.973953,551.24725,67.55637,607.3572,67.55637,514.8516,149.44655,639.20337,140.34764,470.87357,226.78728,704.41223,225.27078,431.44498,257.11697,768.1046,281.38074,558.8297,316.2599,633.13745,311.71042,570.96155,461.8424,642.2363,457.29297,570.96155,581.6447,652.85175,575.57874,589.15936,22.061834,578.544,106.98498,593.70886,314.74338,584.6099,589.2271,657.4012,580.12823,563.37915,592.2601,672.56604,583.1612,572.478,599.8425,652.85175,595.2931
0.7095366005714123,617.00995,69.06569,615.498,59.993702,618.522,61.5057,551.9941,69.06569,606.42596,69.06569,515.7061,150.71356,635.15393,140.12958,473.37018,232.36143,689.5859,226.31345,441.61826,273.18536,751.57776,289.81735,559.5541,318.54532,630.618,317.03333,571.65,462.1851,642.7139,460.6731,571.65,583.1449,654.80994,578.6089,588.28204,22.19376,577.69806,109.889626,594.33,317.03333,586.77,584.6569,657.8339,575.5849,565.60205,589.1929,675.9779,580.1209,571.65,601.2889,654.80994,596.75287
0.716785178734706,619.88446,69.522064,616.86194,60.45439,618.3732,61.965668,550.36566,69.522064,606.28296,68.01079,514.095,151.13113,634.99725,142.06346,473.2904,244.83044,680.33563,231.22893,452.1325,291.68008,731.7191,296.21393,557.92206,317.37183,630.46344,314.34927,570.01227,462.45462,641.0424,459.43207,571.52356,581.8457,654.6439,575.80054,585.12506,22.672413,576.0574,108.81532,592.68146,317.37183,583.6138,584.8682,656.15515,575.80054,563.96716,589.4021,672.77924,578.8231,571.52356,598.4697,653.1326,595.4472
0.7311018453194544,616.56464,68.16508,612.031,57.586605,618.07587,59.097816,551.58264,68.16508,604.475,66.65387,513.80237,151.28165,633.188,140.70317,477.53333,254.04395,672.47943,235.90942,460.91,308.4475,714.79333,306.9363,556.1163,325.07083,628.65436,317.51477,571.22833,462.59097,640.744,459.56854,572.73956,581.97656,652.8337,575.93176,586.34045,18.295137,575.76196,108.96776,592.3853,319.026,584.8292,588.0214,658.87854,578.95416,565.18353,591.0438,672.47943,581.97656,572.73956,598.5999,651.3225,598.5999
0.7332446345916162,616.5395,70.33309,613.52423,58.272224,616.5395,61.28744,548.6971,68.825485,602.971,68.825485,512.51447,151.74396,627.0927,141.1907,494.42316,255.76895,652.72205,243.70808,488.39273,317.5809,679.859,323.61136,556.2351,334.1646,622.5699,329.64178,569.8036,462.31134,639.15356,459.2961,572.8188,582.92004,652.72205,573.8744,583.3721,16.059181,572.8188,108.02331,587.8949,322.10373,580.3569,590.45807,667.79816,575.382,562.26556,594.9809,676.8438,581.4124,574.3264,599.5037,649.70685,594.9809
0.7226470743234341,612.9985,70.2712,609.98254,59.715446,612.9985,61.22341,548.15594,67.25527,600.93475,67.25527,510.45685,148.6854,623.55426,142.65353,499.90106,251.22704,643.1578,243.68721,505.93292,322.1014,665.7773,320.59344,555.6958,335.6731,620.5383,328.13327,569.26746,462.3422,637.1259,459.32626,573.7914,582.97943,653.71356,573.93164,581.33124,15.98445,570.77545,106.46237,585.8551,322.1014,581.33124,590.5192,665.7773,573.93164,564.7436,596.5511,676.333,578.4555,573.7914,599.567,649.18964,598.0591
0.7325639953980079,614.93976,71.263916,611.9254,60.713673,613.43256,63.728027,545.60956,68.24956,599.868,69.75674,509.43732,148.12997,622.47565,143.60844,503.4086,250.61804,639.05457,247.6037,509.43732,324.46976,654.12634,316.93387,556.1598,338.03436,617.9541,332.00565,568.2172,461.62292,637.5474,460.11572,572.7388,582.19714,652.6192,573.15405,581.78186,17.005522,569.7244,107.43618,584.7962,324.46976,580.27466,591.2402,663.16943,576.1684,562.18854,595.7617,675.22687,580.68994,574.246,598.77606,648.09766,595.7617
0.7325098170683935,616.34796,72.7962,613.3327,60.73504,613.3327,63.75033,545.48865,68.27327,598.2562,69.780914,509.30515,148.17848,619.3633,145.1632,503.27457,249.19073,637.455,252.20604,513.82806,320.05008,652.5315,318.54245,553.02686,338.14185,616.34796,333.6189,568.10333,461.76877,635.9474,458.75348,572.6263,582.38043,652.5315,571.8269,581.6721,18.520964,568.10333,107.47205,583.1798,326.08066,581.6721,589.91864,663.085,573.33453,563.5804,595.9492,675.1462,577.8575,574.1339,598.96454,649.5162,594.4416
0.7372019199224619,615.25055,72.8083,615.25055,62.259113,613.74347,63.76614,544.4203,68.28722,595.6592,69.79424,508.25168,146.65257,616.75757,143.63852,503.7306,247.6233,631.8278,247.6233,518.80084,315.43948,652.92615,316.9465,548.94135,333.52377,613.74347,330.50974,565.5187,463.12802,633.33484,460.11395,573.0538,582.18304,651.4191,574.64795,582.09595,18.55536,567.0257,107.469894,579.0819,322.9746,582.09595,586.70416,666.4894,570.12683,564.01166,592.73224,677.0386,577.662,574.5608,600.2674,648.4051,597.25336
0.7320768145414499,613.5574,74.14274,613.5574,62.0908,612.05084,65.10378,542.75226,69.62326,595.47943,71.12975,506.59644,149.46732,616.5703,144.94785,508.10294,248.89577,633.1417,248.89577,518.6484,315.1814,657.2456,315.1814,548.7782,333.2593,613.5574,328.73984,565.3496,462.8176,631.63525,458.2981,572.8821,581.83044,651.21967,572.7915,581.921,19.909035,565.3496,108.792046,578.908,322.71387,580.41455,584.8434,666.28455,569.7785,563.84314,590.8694,676.83,575.80444,574.38855,599.9083,646.70013,595.38885
0.72927908714001,613.0687,75.79602,611.5644,63.761383,610.06006,66.77004,542.36523,69.7787,592.0081,71.28303,504.757,149.50815,613.0687,143.49083,500.24402,250.2982,632.625,245.78522,515.2873,311.9757,658.19855,313.48004,545.3739,333.03632,610.06006,328.52332,563.42584,462.40863,632.625,457.89563,572.4518,581.2506,650.67694,572.2247,579.97345,21.640167,563.42584,108.89126,576.9648,322.506,579.97345,585.7636,667.22455,569.216,561.9215,590.2766,677.7549,576.7377,573.9561,599.3026,647.6683,594.7896
0.7285223305225372,610.0263,75.85265,610.0263,65.33964,608.5244,66.84149,540.94073,69.845215,592.00397,72.84894,503.39426,149.44377,611.52814,143.43634,495.88498,250.06837,635.5579,245.56279,509.4017,313.14648,664.09326,316.1502,543.94446,332.67065,608.5244,328.16507,561.9668,461.8306,632.5542,457.325,572.4798,580.4775,649.07465,571.4664,579.98914,21.785706,561.9668,108.89357,575.4835,323.6595,579.98914,587.9868,668.5988,569.9645,563.4686,593.99426,677.61,577.47375,573.9817,598.4998,646.0709,592.4924
0.7271876610242404,609.014,76.2053,609.014,65.662926,607.50793,67.168976,541.2416,71.68713,590.94135,73.19319,502.0842,150.0019,610.52,145.48375,493.04788,250.90747,637.629,244.88326,506.60236,318.67987,667.75006,318.67987,541.2416,330.7283,607.50793,327.7162,560.8203,461.7549,631.6048,458.7428,572.8687,583.74524,649.6774,574.7089,578.89294,23.493435,560.8203,110.84452,574.37476,321.69196,581.905,583.74524,667.75006,570.19073,563.8324,589.7695,676.7864,577.721,574.37476,600.3118,646.66534,597.2997
0.725926664013129,607.68524,74.30847,606.1774,63.753914,607.68524,66.7695,539.8345,69.78509,591.0995,71.292885,500.63187,148.19038,610.7008,143.667,491.58508,252.22818,637.8411,246.197,503.64743,321.5867,669.50476,318.57114,541.3423,335.15686,607.68524,330.63348,560.9436,461.81155,631.80994,455.7804,573.006,582.4351,648.3957,574.8961,576.02155,21.535679,559.43585,108.98774,573.006,323.0945,582.05273,580.9273,672.5204,570.37274,566.9748,589.97406,680.0593,577.91174,574.5138,599.0208,642.3645,596.00525
0.7197687259087195,607.0498,73.17079,605.5448,62.635906,607.0498,65.645874,537.82056,68.655846,592.0,71.66581,498.69098,148.41998,610.05975,143.90503,491.16608,250.75887,637.1495,243.23395,503.20593,318.48312,670.2591,316.97815,540.8305,333.53296,607.0498,329.018,561.9003,461.45657,631.1295,458.44662,572.4352,583.3602,643.16943,577.34033,576.95013,20.496365,558.8903,107.785416,573.9402,322.99808,582.9701,577.34033,671.7641,568.3104,566.4152,589.3802,677.78406,578.8453,573.9402,601.42004,637.1495,598.4101
0.726510015817789,606.90454,76.22686,606.90454,65.65729,605.3946,67.16723,538.9572,70.1871,588.7852,71.697044,498.18887,147.19402,608.4144,142.6642,487.6193,251.37984,637.10333,242.3202,499.69882,317.81717,671.8319,316.30722,541.9771,332.91656,608.4144,329.8967,561.6063,462.77136,629.5536,458.24155,572.1759,583.5665,635.5934,577.52673,578.21564,21.869043,558.5864,107.93559,573.68585,323.85693,587.2753,577.52673,671.8319,569.97705,572.1759,586.58636,674.8518,580.54663,573.68585,600.17584,631.06354,598.6659
0.7210216143956552,606.62445,73.54171,606.62445,63.007416,605.1195,64.512314,537.39905,67.52212,588.5656,70.53191,498.27167,147.28177,608.12933,142.76707,486.23248,251.11983,638.2273,240.58553,495.26187,318.8403,669.8302,311.3158,543.41864,332.3844,608.12933,329.37457,562.98236,461.80573,627.693,457.29102,573.51666,582.1977,623.17834,580.69275,575.02155,19.36534,558.46765,106.6495,573.51666,321.8501,588.5656,576.17804,666.8204,573.1683,569.00195,583.7026,666.8204,583.7026,572.0117,601.76135,615.6538,601.76135
0.7158618867397308,608.7637,74.999054,608.7637,64.46393,607.25867,65.96895,538.02783,68.97898,589.1984,70.484,500.4024,147.2399,607.25867,144.22986,488.36227,251.0861,638.864,243.56102,495.88736,318.8119,668.96436,312.7918,545.5529,333.86206,608.7637,332.35706,565.11816,460.28354,626.82385,458.77853,572.64325,579.17993,617.79376,579.17993,575.65326,20.818422,559.0981,106.60442,574.14825,323.32693,589.1984,577.6749,664.44934,576.16986,572.64325,583.69495,662.9443,585.2,571.13824,597.2401,608.7637,600.2502
0.7259758034577737,610.0725,77.51224,608.56866,65.481094,607.06476,68.48888,539.3895,69.992775,587.51416,73.00056,500.28833,149.69911,608.56866,143.68353,485.2494,254.97163,638.6465,241.43658,497.28055,318.13513,668.72437,310.61566,543.90125,331.67017,607.06476,327.1585,564.95575,459.5011,625.11145,456.49332,572.4752,581.31647,614.5842,579.81256,579.9947,23.372086,560.44403,109.093994,573.97906,322.64682,593.5297,579.81256,661.2049,576.80475,575.483,584.3242,659.701,585.8281,569.4674,599.36316,605.56085,599.36316
0.721294662127128,609.6437,77.41967,608.1402,63.888016,608.1402,66.89505,540.48193,69.902084,588.5945,71.4056,501.39044,149.5885,608.1402,143.57443,483.34824,251.82768,639.71405,238.29604,499.88693,316.47894,665.27386,307.45782,543.48895,331.5141,606.63666,327.00357,564.5382,457.80957,624.6789,454.80252,572.0558,581.098,612.65076,578.09094,579.57336,21.789528,560.02765,108.99354,573.55927,322.493,609.6437,578.09094,659.25977,578.09094,579.57336,584.10504,656.25275,587.11206,569.0487,599.1402,603.62964,596.1332
0.7006142941805032,611.95636,79.42642,610.45184,65.88583,608.9473,68.89485,539.73987,71.90387,589.38873,73.40838,500.62262,153.1474,608.9473,145.62486,481.064,252.44507,643.5511,235.89545,499.11813,315.6345,664.6142,302.0939,544.2534,338.20212,608.9473,332.18408,566.82104,458.56293,623.99243,457.0584,574.3436,581.93274,610.45184,575.9147,578.8572,22.255043,560.80304,112.525635,575.84814,327.67056,627.00146,578.9237,658.5962,577.4192,575.84814,584.9418,657.0917,584.9418,571.3346,599.9869,601.4248,595.4733
0.6952927765937952,611.10254,78.35004,608.0942,64.8126,608.0942,67.820915,540.407,72.3334,593.0526,73.837555,502.80298,153.55804,609.5984,146.03725,472.7198,242.3035,647.2024,228.76605,499.79465,299.46158,659.23566,290.4366,544.9195,335.56143,609.5984,329.5448,568.986,458.90256,621.63165,458.90256,573.49854,580.73956,611.10254,576.22705,579.51514,22.696112,562.9694,111.44156,575.0027,326.53647,614.11084,580.73956,653.219,577.7312,568.986,585.252,654.72314,586.75616,570.4902,600.29364,602.0776,597.2853
0.701513973566202,613.1024,78.852974,610.0914,66.80862,608.5858,69.8197,542.3418,72.830795,593.53033,74.33634,506.20874,152.6247,610.0914,148.10805,468.5701,235.42967,649.23553,230.91304,498.681,292.64038,656.76324,286.6182,546.85846,339.3123,608.5858,334.79565,570.9472,458.25037,622.13574,459.7559,573.95825,580.1995,613.1024,575.68286,579.98047,23.147806,564.925,111.97497,575.4638,330.27902,613.1024,581.7051,656.76324,577.1884,572.4527,583.2106,658.2688,587.72723,569.44165,599.7716,604.06915,596.7605
0.6967007918999746,617.52057,82.18846,614.5159,68.66776,611.51135,70.17007,542.4056,74.67696,594.986,76.17926,509.35498,152.79654,608.5068,146.78734,468.7929,230.9161,650.5711,226.40921,501.84348,283.49658,655.078,278.9897,551.4194,339.08167,608.5068,336.07706,573.95386,453.2564,620.52515,457.7633,572.45154,570.4358,613.0137,576.44495,581.46533,25.101082,566.4424,112.23445,576.95844,328.56555,597.99066,576.44495,656.5803,576.44495,572.45154,576.44495,658.08264,586.96106,566.4424,592.9703,603.9999,595.97485
0.7122099926838508,618.03827,81.70553,616.5439,69.75029,612.06067,71.2447,543.31805,74.233505,594.1278,75.72791,511.93558,151.94254,607.57745,144.4705,467.10345,226.66275,650.91516,220.68513,502.96915,278.9669,655.3984,275.9781,550.7901,334.25986,609.07184,331.27106,576.19495,452.3178,622.5215,458.2954,573.2062,571.8701,613.55505,576.35333,585.1614,24.918163,567.2285,113.08802,577.6894,325.29343,613.55505,573.36456,658.3872,574.85895,577.6894,573.36456,658.3872,586.8142,567.2285,592.7918,603.09424,597.275
0.7053932753893045,622.7115,83.62062,621.22845,71.75625,615.29626,71.75625,547.0761,74.72234,596.01666,76.20539,514.4491,150.35773,604.9149,142.94249,471.4407,225.99312,649.4063,220.06093,515.9321,270.48453,653.85547,271.96756,555.97437,335.7386,607.88104,332.7725,579.7031,449.93317,621.22845,457.34842,572.2879,565.61084,613.81323,575.9921,588.60144,25.7818,567.83875,111.798515,578.2201,323.8742,596.01666,570.05994,659.78766,573.02606,578.2201,570.05994,658.3046,584.89044,564.8727,586.3735,601.94885,595.2718
0.7012638724767245,623.4747,83.45618,623.4747,70.123665,616.06775,71.60506,547.92377,76.049225,595.32825,76.049225,515.3331,150.11876,604.2166,142.7118,473.85422,222.7069,647.17694,218.26273,512.37036,274.55557,651.6211,271.59277,555.3307,333.8112,607.1794,329.367,580.51434,447.87827,620.5119,456.7666,568.6632,558.98254,613.1049,573.79645,589.4027,25.681948,568.6632,113.08399,579.03296,321.96005,593.84686,566.3895,659.0281,572.31506,577.5516,564.90814,659.0281,584.1662,561.2563,579.72205,601.2538,594.53595
0.6964818078737992,625.9875,84.12898,627.461,70.867065,618.61975,72.34061,549.36304,75.287704,593.56946,76.761246,519.8921,148.96504,600.9372,143.07085,477.15927,221.16882,642.1965,216.74818,516.945,263.90167,643.67004,265.37524,558.20435,330.2113,605.3578,327.2642,586.2017,440.7273,618.61975,455.46277,564.0985,552.71686,612.7255,574.82007,592.0959,25.187113,569.9927,113.599915,578.834,319.89645,599.4636,561.5581,661.3526,573.3465,584.72815,558.611,658.4055,583.6613,555.2572,570.3994,599.4636,593.97614
0.6901034437693082,627.9189,83.88803,629.387,70.67501,619.1102,72.14313,551.57697,75.07935,592.68414,75.07935,520.7466,151.42125,600.0247,141.14445,478.17133,220.42259,635.25946,213.08203,528.08716,262.9979,638.1957,265.9341,558.91754,330.5311,604.4291,330.5311,586.8117,439.1715,619.1102,455.32077,563.3219,546.3438,613.23773,575.70605,592.68414,23.695377,572.13055,113.250305,579.4711,320.2543,597.0885,558.0887,661.6855,571.30176,583.8755,553.6844,660.2174,584.5148,553.0451,565.42926,601.49286,593.3234
0.6859250183288867,627.7618,82.6404,629.2253,69.46904,620.4444,70.932526,553.1241,73.8595,592.6382,73.8595,522.39087,151.4242,598.4921,142.64328,484.3403,220.20798,630.6888,220.20798,539.9527,259.72205,633.6157,268.50296,557.5145,328.50586,602.88257,328.50586,586.78424,436.8037,617.5174,452.90204,563.36847,540.7111,613.12695,574.3713,592.6382,22.637527,572.14935,111.910095,578.0033,318.26144,599.95557,553.8825,662.88544,571.44434,586.78424,548.02856,659.95844,584.61566,551.6606,558.27295,601.41907,591.9331
0.6899123386694834,628.33923,80.59296,629.79614,67.480606,619.59766,68.93753,554.0359,71.85139,591.916,73.30831,523.44037,150.52551,596.2868,141.78394,485.56027,217.5442,622.5115,219.00113,540.9235,255.42433,625.42535,268.53668,556.9497,326.8138,602.1145,326.8138,589.00214,433.16956,616.6838,450.6527,562.77747,536.61145,613.76996,573.03467,594.8299,20.858902,572.97595,112.64538,577.34674,318.07224,600.6576,549.7238,666.21936,570.1208,587.5452,543.8961,661.8486,584.69006,551.122,552.6377,600.6576,591.97473
0.6861645911748593,628.9566,82.33579,630.41187,69.238495,620.2251,70.69375,554.7386,70.69375,592.5752,73.60426,525.6334,149.27756,594.03046,143.45654,489.25204,216.21933,617.3146,236.59291,547.4623,255.51123,623.1356,267.15326,557.6491,326.81876,601.30676,328.27402,586.7542,433.05243,617.3146,451.97076,563.4701,533.4651,612.9488,572.75696,596.941,21.215054,573.6569,111.44091,576.5674,318.08722,601.30676,545.1071,663.88275,568.39124,589.66473,536.3756,660.9722,582.9438,551.82806,549.4729,599.8515,591.6753
0.6865862630880796,627.4726,84.600136,628.9332,69.994125,620.1696,71.45473,557.3638,71.45473,590.9576,74.37593,526.6911,148.8666,590.9576,144.48479,493.0973,216.05426,612.8666,235.04208,560.285,259.87228,623.0908,270.0965,555.90314,327.05997,599.7212,328.52057,585.1152,430.76266,615.7878,451.21106,563.2062,527.16235,611.406,573.9016,598.26056,23.254883,573.43036,112.35156,576.35156,316.83575,602.6424,540.30774,661.06647,569.5198,592.41815,533.00476,658.14526,584.1258,551.52136,543.22894,598.26056,591.4288
0.6954417755970588,626.8552,82.85853,626.8552,69.68814,619.5383,71.15152,555.14984,74.07827,590.2708,74.07827,528.8091,150.17381,587.34406,147.24706,498.07816,214.56233,607.83136,243.82985,562.4667,268.70724,622.4651,270.17062,561.0033,328.70563,599.0511,331.6324,584.41736,434.0687,618.07495,451.6292,565.39343,526.26135,609.29474,573.08936,596.1243,24.323498,574.1737,112.12604,577.10046,318.462,600.51447,542.3585,661.97626,571.626,590.2708,535.0416,657.5861,584.7964,552.2231,540.89514,597.5877,590.6499
0.7064279237618813,626.1811,87.33885,627.64465,72.70322,620.32684,74.16678,560.32074,75.63034,588.1284,78.557465,536.9037,148.80853,582.2742,150.2721,507.63242,219.0596,589.592,238.08594,566.175,261.50296,621.7904,258.57584,561.7843,325.89978,596.9098,330.29047,583.73773,432.73993,618.8633,451.76627,567.63855,519.0902,610.0819,573.24207,601.3005,27.332731,576.4199,116.61013,577.8835,317.11838,598.37335,524.94446,659.8431,570.31494,588.1284,524.94446,656.91595,582.02344,557.39355,535.1894,598.37335,590.8048
0.705329418182373,626.6753,89.81927,628.13556,73.75618,620.83417,76.67674,562.4229,76.67674,590.1682,79.597305,541.97894,145.30995,579.9463,149.69078,509.85278,218.32399,582.8668,230.00624,574.10516,262.13242,616.4533,262.13242,562.4229,323.4642,593.0888,327.84506,585.7874,431.525,617.9136,450.50867,568.26404,523.5227,610.6122,574.6325,601.85046,28.487473,577.0257,116.104324,577.0257,316.1628,601.85046,533.7447,661.722,571.712,591.62854,532.28436,657.3412,584.8545,558.04205,538.1255,598.92993,592.1559
0.7117632478475571,625.6862,89.05195,628.5977,74.49446,621.319,77.40595,563.089,77.40595,589.2925,78.8617,547.07574,142.91464,576.19073,150.19339,509.2263,218.61357,574.735,228.80382,579.10223,260.8303,611.1287,268.10904,561.63324,321.97174,587.83673,326.339,584.92523,431.1529,616.9517,448.62186,568.912,522.86505,609.673,573.8163,600.9385,29.36625,577.6465,116.71117,573.27924,314.693,605.3057,531.59955,662.0799,572.36053,592.204,530.1438,656.2569,585.4622,558.72174,534.51105,598.027,591.2852
0.7060536604661208,625.2342,91.1723,628.1381,75.20064,619.42633,78.10458,564.25146,78.10458,588.93494,81.00852,551.1838,141.99123,574.4153,149.25108,513.43256,216.04167,558.4436,218.94562,588.93494,252.34091,609.2625,259.60074,561.34753,316.22757,583.1271,320.58347,586.031,425.12527,615.07043,445.45282,568.60736,519.5033,610.7145,573.22614,603.45465,33.09353,578.7712,117.307755,571.51135,310.41968,602.0027,534.02295,664.4374,571.7742,590.3869,532.571,657.17755,584.8419,556.99164,532.571,599.09875,590.6498
0.7025962391724954,626.49976,90.37344,627.95184,74.400375,620.69135,77.304565,565.51166,77.304565,588.7452,80.20876,553.8949,138.29265,571.32007,147.00523,516.1403,213.80171,548.0865,216.7059,594.5536,253.00835,606.17035,263.17303,562.6075,315.44852,582.9368,319.8048,587.2931,422.90372,613.43085,443.2331,569.8679,518.7421,610.5267,573.9219,603.2662,32.289555,578.5805,116.5112,571.32007,309.64014,601.8141,534.7152,662.8022,573.9219,590.1973,531.81104,655.5417,586.9907,558.25116,531.81104,598.9099,591.347
0.7089652717113495,625.64075,88.93526,628.54535,75.864716,619.8316,77.317,567.54944,77.317,587.8814,80.221565,563.1926,136.86058,567.54944,144.122,532.6947,213.83154,537.0515,215.28383,598.0474,255.94774,599.4997,261.75687,563.1926,315.49133,579.1677,319.84818,584.97687,422.9602,611.1179,441.8399,570.45404,518.81085,611.1179,573.9976,603.8565,32.296246,579.1677,116.528625,570.45404,309.6822,609.66565,534.78595,664.8524,572.5453,593.69055,533.3337,656.1387,585.61584,558.83575,531.8814,598.0474,591.425
0.7078712124090928,623.32916,90.66525,626.2292,74.71494,617.52905,77.615,566.778,77.615,585.6284,80.51505,559.5279,138.51617,565.328,147.21635,529.07733,211.0176,534.87744,213.91765,597.22864,253.0684,598.67865,263.2186,560.9779,315.41962,575.4782,318.31967,585.6284,421.27167,610.2789,440.12204,569.6781,516.9735,608.82886,572.0746,601.57874,32.664124,576.9282,116.76576,568.2281,308.16946,601.57874,537.2739,665.37994,573.52466,587.0784,532.9238,655.22974,586.5749,558.0779,528.5738,595.7786,590.925
0.7142161761338894,623.86755,89.128,625.3163,74.64099,616.6241,77.53839,565.91956,77.53839,583.30396,81.88449,563.02216,136.93513,563.02216,148.52473,538.3942,215.16498,528.2533,216.61368,596.3423,257.1773,590.5475,274.5617,563.02216,316.57404,576.0604,319.47144,583.30396,423.7779,609.38055,438.26492,570.2656,520.8409,603.58575,571.5454,599.2397,34.077362,577.50916,118.10202,567.3682,309.33054,607.9319,542.5714,660.0851,574.4428,589.09875,535.3279,649.9442,586.0324,558.676,533.87915,589.09875,587.4811
0.709418230331861,621.4276,89.92484,624.31274,75.499146,615.6573,78.384285,566.6099,76.94171,582.4782,81.269424,569.49506,137.52966,560.83966,146.18507,562.2822,216.87102,527.6605,219.75615,598.3465,258.70554,589.69104,271.6887,565.16736,316.40836,575.2654,319.2935,583.9208,424.6011,609.887,436.14166,570.9376,519.8107,598.3465,568.8581,599.78906,33.66461,576.70795,117.33368,566.6099,310.63806,607.0019,550.1047,656.04926,577.51355,588.2485,538.56415,644.5087,589.0541,559.3971,529.90875,582.4782,584.7264
0.7048093321231695,621.3565,90.09848,622.7923,74.3049,614.1776,77.17646,566.7969,77.17646,582.59045,81.4838,573.97577,138.91501,559.6179,148.96547,563.9253,216.44714,525.15924,220.75449,596.94824,259.52057,586.89777,272.44257,566.7969,315.516,572.54,319.82333,584.0262,424.63528,609.87024,434.68576,571.1042,516.5252,592.64087,565.34174,598.38403,32.66727,575.41156,117.37831,566.7969,309.77286,624.2281,549.54816,651.5079,578.2638,591.20514,539.49774,638.5859,588.3143,559.6179,528.0115,576.8473,581.1353
0.6864834026648448,620.1635,89.35746,621.588,75.11252,613.0411,76.53702,570.3062,76.53702,581.70215,79.386,576.0042,137.79027,557.4858,146.33723,558.9103,216.13747,524.7224,217.56195,593.09814,254.59882,584.55115,270.26825,567.4572,314.42758,570.3062,315.85208,580.2777,424.11365,607.3431,434.0851,571.7307,525.25275,587.40015,562.2896,598.7961,30.953194,574.5797,116.42286,566.0327,307.3051,627.286,549.4692,644.37994,575.11005,621.588,543.7712,632.98395,585.0815,560.3348,539.4977,570.3062,577.95905
0.6900593798894149,619.44073,89.45355,620.85394,76.734726,612.37476,76.734726,568.5654,78.14793,579.87103,80.974335,578.4578,140.32887,554.4334,145.98169,561.4994,216.64186,524.7561,218.05505,595.4163,259.03796,582.69745,271.75677,571.39185,318.3925,569.97864,319.8057,579.87103,427.20917,605.3087,435.6884,577.0447,527.5466,579.87103,560.0503,596.82947,32.92542,572.80505,116.30441,567.1522,309.91327,632.1596,547.3314,639.2256,574.1823,625.09357,543.09186,626.5068,581.2483,562.9126,545.9182,564.3258,575.5955
0.6883329852269247,619.0248,89.906006,619.0248,77.2323,610.5756,77.2323,566.92175,77.2323,579.59546,80.048676,578.18726,140.60085,552.83984,144.82541,559.8808,215.2349,521.8597,219.45947,596.4937,257.4806,581.00366,268.7461,572.5545,316.62457,568.32996,318.03275,581.00366,423.64697,599.3101,433.5043,576.77905,520.8121,571.1463,556.01685,596.4937,33.578415,572.5545,116.66161,566.92175,308.1754,628.8821,537.7103,630.2903,570.0987,623.2493,529.2612,617.6166,579.95605,564.10535,534.894,557.0644,571.5069
0.6900910746592742,618.53723,88.71549,618.53723,76.09144,610.1212,76.09144,566.6383,77.49411,579.2624,80.29945,577.85974,140.61438,552.6116,144.8224,559.62494,214.95604,523.15546,219.16406,594.6918,259.84158,580.66504,272.46564,572.249,317.35117,568.041,318.7538,587.6784,425.35696,596.0945,433.77298,579.2624,520.7387,568.041,554.40283,594.6918,32.60858,572.249,116.76895,566.6383,308.93512,628.35596,537.5708,628.35596,569.8323,622.74524,527.7521,615.7319,578.2483,563.833,536.1681,554.0143,569.8323
0.6874355157980552,618.4657,89.079765,618.4657,75.02417,610.03235,76.429726,565.05444,76.429726,579.11005,79.24085,576.29895,141.08548,553.80994,145.30215,559.4322,215.58015,525.6988,219.79683,593.16565,259.1525,579.11005,273.2081,572.0822,316.78046,567.86554,318.186,587.5434,425.00854,591.7601,433.44193,580.5156,521.9922,566.46,551.5089,593.16565,32.857376,572.0822,115.7854,566.46,308.3471,626.89905,536.0478,626.89905,565.5645,621.27686,526.20886,614.249,575.40344,566.46,536.0478,552.4044,568.3757
0.7020886712349378,618.78174,89.403076,618.78174,75.318855,610.33124,76.72727,565.2617,76.72727,577.9375,79.54412,577.9375,141.51468,555.4028,145.73996,561.03644,216.16106,525.8259,218.97789,592.0217,261.23056,580.75433,273.90634,573.7123,318.97586,566.67017,320.38428,589.2049,426.01593,587.79645,434.46646,580.75433,518.9718,565.2617,552.7739,593.4302,34.474613,572.30383,116.16309,566.67017,309.1169,625.82385,533.056,625.82385,569.675,620.1902,523.197,611.7396,578.1255,572.30383,530.23914,551.1775,569.675
0.7086039059437238,619.2575,89.03212,619.2575,76.356766,610.80725,76.356766,565.7393,77.76514,579.82306,80.58188,578.4147,141.14192,555.88074,146.7754,562.92255,215.78568,524.8965,220.0108,595.3151,259.44525,579.82306,274.93735,574.1896,318.5969,567.1477,321.41364,586.8649,427.04163,582.6398,436.9002,581.23145,519.9942,564.33093,552.3868,593.9068,34.105576,572.7812,117.19958,567.1477,308.73828,626.2994,534.07794,624.891,567.8789,620.66583,524.21936,610.80725,577.7375,574.1896,532.66956,551.6556,569.2873
0.696747845182052,619.3018,87.64624,617.89166,74.954506,609.4305,76.3647,565.71454,76.3647,579.81647,79.18508,578.40625,141.23354,555.8432,145.46411,561.48395,217.3839,527.63934,221.61447,591.098,266.74063,582.63684,278.02216,572.7655,318.91772,567.12476,321.7381,586.86743,427.5025,582.63684,437.37384,581.2266,519.165,564.3043,553.0096,592.5082,34.05894,572.7655,115.850075,565.71454,309.0464,624.9426,533.2669,624.9426,567.1115,620.71204,521.98535,612.25085,575.5727,572.7655,531.85675,551.6126,569.9319
0.7058563794081028,621.05255,88.02258,619.6402,73.89917,612.5785,75.31151,567.3836,76.723854,581.507,79.54854,578.6823,140.2792,558.90955,141.69154,560.3219,215.13327,527.8381,215.13327,589.9811,265.97754,581.507,277.27628,571.6206,316.8218,565.97125,318.23416,585.744,425.57208,581.507,435.45847,580.09467,518.78656,563.1466,552.68274,594.2181,32.94128,574.4453,114.85706,564.5589,306.93542,623.87726,531.4977,623.87726,568.2185,619.6402,521.61127,611.1662,576.69257,568.79596,531.4977,551.84784,568.2185
0.7019446790218353,621.11896,88.552795,621.11896,74.4526,614.06885,74.4526,567.5382,75.86262,583.0484,78.682655,577.4083,139.3135,559.07806,142.13354,560.4881,215.45456,530.8777,218.2746,588.6885,266.21527,584.45844,276.08542,571.76825,316.97598,566.1282,318.386,584.45844,424.13748,581.6384,435.41763,578.81836,517.1988,563.30817,552.4493,595.7386,30.74199,574.5883,115.34317,564.71814,305.69583,623.93896,529.8889,623.93896,567.9595,619.7089,520.0188,611.24884,576.4196,568.94824,528.47894,550.618,567.9595
0.7051524863793299,622.5482,87.33478,622.5482,74.641846,614.08624,74.641846,568.9558,76.05217,584.4694,78.872826,578.82806,139.51685,560.49384,140.92717,560.49384,215.67444,529.4667,212.85379,588.7004,265.03586,580.2384,279.13913,571.7765,318.62823,566.13513,320.03857,584.4694,427.22336,581.64874,437.09564,578.82806,518.89453,564.72485,552.7424,598.57263,30.92174,577.4178,115.5413,564.72485,308.75595,623.9585,530.1771,623.9585,565.4353,619.72754,520.3049,612.6759,575.30756,568.9558,530.1771,552.0319,569.66626
0.7078863313564887,624.0994,87.08696,622.69147,74.41575,615.6519,74.41575,569.1908,75.823654,586.08575,78.63948,580.4541,140.58766,562.15125,143.40349,560.74335,216.61496,531.1771,216.61496,588.90155,264.484,581.862,279.97107,570.5987,319.3926,567.7829,322.20844,584.67786,429.20984,581.862,439.06525,579.0462,519.3163,564.96704,553.1062,598.75696,30.77044,577.63824,115.245224,564.96704,309.53723,624.0994,529.1717,624.0994,565.7774,619.8757,519.3163,612.8361,575.6328,567.7829,530.5796,553.70374,570.00116
0.7000161799100729,624.60486,88.14214,624.60486,75.45792,616.14874,75.45792,571.04926,76.86728,587.96155,79.686,580.91473,140.2884,562.5931,143.10712,559.7744,216.39375,530.17786,216.39375,589.3709,265.7213,580.91473,281.22424,571.04926,319.27692,566.82117,320.68628,585.1428,427.79752,582.3241,437.66302,579.5054,519.4058,565.4118,553.2304,602.0551,31.76781,579.5054,116.329315,565.4118,309.4114,624.60486,529.2713,624.60486,567.324,620.3768,519.4058,611.92065,575.78015,568.2305,529.2713,552.7276,568.73334
0.7002953027303402,626.348,87.646194,624.9361,74.93883,617.87646,74.93883,571.2828,76.35075,588.22595,79.174614,581.16626,141.29951,562.8112,144.12338,561.3993,217.54372,530.3368,217.54372,591.0498,266.96124,581.16626,281.08054,571.2828,320.6146,567.047,322.02652,585.4021,427.92123,583.9902,437.80475,579.75433,519.69666,565.6351,553.58295,602.3452,31.16901,579.75433,115.88479,565.6351,310.73108,623.5242,530.99207,623.5242,567.7023,620.7003,521.1086,612.22876,576.1738,567.047,530.99207,552.9277,569.1142
0.7064479612387143,628.9192,88.70283,628.9192,76.00531,620.45416,74.59447,572.4857,77.416145,590.8266,80.237816,585.1832,142.31459,564.0207,145.13626,564.0207,218.49973,532.9823,219.91057,593.64825,269.28983,583.7724,281.98734,575.3074,320.07993,566.8424,322.90158,592.2374,428.71426,586.59406,440.00095,582.3616,517.5969,564.0207,554.2787,603.5241,32.269394,582.3616,116.91955,566.8424,310.20407,626.0975,533.11615,624.68665,569.79785,621.865,521.82947,610.5783,578.2629,572.4857,527.4728,551.3232,568.387
0.7116849514154288,629.7319,90.72103,629.7319,76.62802,621.27606,76.62802,574.76917,78.03732,591.6808,80.85593,586.0436,142.86516,567.72266,145.68376,566.31335,218.9674,533.8994,218.9674,593.0901,271.11154,583.225,283.79523,574.76917,321.84637,567.72266,324.66498,595.9087,428.95322,588.8622,440.22763,581.8157,517.7392,564.90405,555.7903,605.7738,32.939697,584.6343,117.49774,567.72266,311.98126,626.91327,536.06006,624.09467,571.2926,622.68536,524.7857,610.0017,579.7484,570.54126,527.60425,552.22034,569.8833
0.7219306494180973,631.06067,91.9496,631.06067,77.8763,622.6167,77.8763,576.1748,80.690956,593.06274,82.09828,586.0261,144.02083,569.1381,146.8355,567.7308,221.42401,535.3622,221.42401,593.06274,274.9026,583.2114,284.7539,576.1748,325.5665,567.7308,326.97382,600.0994,432.52362,590.2481,443.78226,583.2114,519.77814,564.91614,556.3687,608.5434,34.249043,584.6188,118.68888,567.7308,314.30783,628.24603,539.4807,625.43134,571.84937,624.02405,528.2221,609.95074,580.29333,573.3601,529.62946,552.2502,570.442
0.7034238313253109,632.8986,93.52132,634.30396,79.46777,624.4665,79.46777,578.0898,82.27848,594.95404,83.68383,586.5219,146.92477,569.65765,148.33012,569.65765,222.8139,537.33453,220.00319,594.95404,279.02808,585.1166,287.4602,576.68445,326.81012,566.847,329.62082,603.38617,432.2117,593.5487,443.45453,585.1166,519.3436,565.4416,555.8829,609.00757,35.901787,586.5219,120.223045,568.2523,316.97263,628.68256,541.82935,624.4665,571.34174,624.4665,530.5865,609.00757,579.77386,575.2791,530.5865,551.38806,569.9364
0.6832524228554505,634.686,95.41824,634.686,81.44272,626.30066,81.44272,578.7839,84.23782,596.9521,85.635376,588.5668,148.5252,570.3986,151.32031,569.00104,223.99301,536.85736,223.99301,595.5545,281.29263,584.3741,289.67795,578.7839,328.80942,567.6035,331.60452,606.7349,435.02335,596.9521,444.8062,582.97656,520.274,566.20593,556.61035,610.9276,36.72106,587.1692,123.36928,569.00104,319.02655,626.30066,539.8397,624.90314,571.98346,622.10803,527.2618,609.53,580.3688,570.3986,530.0569,552.2304,570.5859
0.6523469365560092,634.58057,97.81129,635.9669,85.33414,626.26245,85.33414,579.1266,86.72048,595.76276,86.72048,587.44464,154.65164,569.4221,156.038,570.8085,232.28726,540.3088,236.44632,595.76276,283.5822,584.67194,290.51398,576.3539,332.1045,565.26306,334.8772,605.4672,436.08075,598.53546,444.39886,580.51294,520.64813,566.6494,556.69324,611.01263,40.970924,587.44464,125.53829,566.6494,321.01367,627.6488,534.5116,626.26245,571.94305,620.7171,519.2618,612.399,578.8748,572.1948,530.3526,552.7859,571.94305
0.5863180567438786,635.0231,101.785645,637.78357,87.98331,628.1219,89.36354,574.2928,93.50424,597.7568,93.50424,590.8556,154.23456,572.91254,158.37526,567.3916,230.14745,541.1671,232.90791,599.13696,275.6952,585.33466,292.258,579.8137,332.2848,564.6311,336.42548,610.17883,435.80237,601.89746,448.22446,588.0951,506.1943,566.01135,557.263,612.93933,43.815804,589.47534,129.39034,566.01135,324.0034,628.1219,503.43384,622.60095,569.6851,621.22076,488.25128,611.5591,577.9665,450.0717,372.31158,552.20905,571.0653
0.5682464041388952,640.9949,109.0401,642.3628,96.72896,634.15533,99.46477,579.43915,102.20058,604.0614,104.936386,594.4861,161.02051,578.0712,166.49213,567.128,234.88739,545.2415,240.35901,601.3256,277.29245,584.91077,299.17892,576.7033,337.4803,564.39215,341.58398,612.26886,431.86575,608.16516,449.6485,457.69556,433.23364,568.49585,554.97723,619.1084,55.6918,595.854,139.13402,564.39215,327.90494,623.2121,492.0536,621.8442,568.65625,454.95975,474.2708,610.90094,576.8637,445.3844,430.49783,553.4489,570.0242
0.5646343242663604,644.9078,113.27514,646.25714,99.78128,638.1608,102.48005,582.83606,106.528206,609.8238,109.22698,597.6793,165.90117,580.13727,168.59993,565.29407,238.76797,546.40265,242.81613,601.7275,280.5989,585.53485,300.8397,577.43854,338.6225,558.5471,342.67065,615.2213,434.42886,609.8238,450.6215,458.6926,454.66965,567.9928,555.87354,621.96826,57.950336,599.0287,141.61223,562.5953,330.52618,627.3658,497.84998,621.96826,568.018,619.2695,478.9586,611.17316,576.1143,445.19873,454.66965,553.1496,570.7168
0.571856276347087,648.37103,118.54792,648.37103,106.49352,641.67413,107.8329,585.4202,110.51166,612.2078,113.190414,597.4747,170.78366,581.4021,174.80179,566.66895,243.11006,547.91766,248.46758,600.1534,287.30954,582.7415,306.06082,577.384,343.56342,559.97205,347.58154,617.5653,434.6411,612.2078,452.053,466.2156,425.26544,569.3477,555.1851,622.92285,63.63343,600.1534,146.67485,562.6508,334.18777,626.941,490.89496,620.2441,568.5789,618.9047,474.82245,609.52905,576.6152,450.1431,385.0841,553.2752,569.9183
0.5540724786428305,649.8903,121.564,648.56195,108.28036,641.92017,109.60873,580.81537,113.59382,614.0245,114.92218,596.75574,174.69858,582.14374,180.01204,571.51685,250.41534,547.60626,253.07208,592.7706,296.9081,579.487,308.86337,570.1885,343.40085,554.2481,348.71432,625.9798,433.72964,615.35284,452.32672,422.74002,453.6551,568.8601,557.2675,629.96484,67.10107,600.74084,149.45966,559.5615,336.75903,413.44147,502.80457,623.32306,571.8795,408.12802,489.52094,612.6961,578.52136,410.78473,427.0878,555.5765,571.8795
0.550733296917035,653.65216,127.50456,652.3367,114.34966,643.12823,115.66515,581.3002,119.61162,612.87195,122.2426,601.03253,181.43965,583.93115,185.38612,576.0382,255.10709,548.41296,256.42258,591.8241,301.14923,577.3537,312.98865,574.7227,347.1914,552.35944,352.45334,628.65784,434.01373,616.8184,455.06158,415.54846,456.37708,569.4608,556.3543,631.2888,73.56947,603.6635,156.44534,560.2524,339.29846,411.602,503.7347,622.0804,572.1402,407.65552,493.2108,611.55646,577.40216,407.65552,430.06726,556.3059,570.8247
0.5535620141487855,655.79584,130.6586,655.79584,117.5655,645.32135,118.87481,582.4745,124.112045,616.51654,125.42136,602.11414,184.34029,586.4024,190.88684,575.928,257.66162,549.74176,260.28024,590.3304,307.4154,577.23724,316.58057,574.61865,349.31332,551.0511,354.55057,630.91895,433.10913,617.82587,454.0581,414.88287,457.98602,569.3814,557.4936,633.5376,78.2862,606.04205,160.77272,558.9069,341.45746,412.26425,503.81186,623.0631,573.20526,409.64563,494.6467,611.2793,579.75183,404.4084,431.79984,554.979,570.5867
0.5466751536497703,657.33,140.43742,659.8914,128.911,650.92645,130.19171,594.575,135.31456,618.90857,136.59528,603.54004,190.38525,590.7329,195.50812,568.96075,264.66666,552.31146,268.5088,590.7329,312.05307,577.9257,324.8602,571.52216,353.03592,553.59216,356.87805,630.435,436.28232,622.75073,455.493,466.50363,410.66803,570.24146,556.66943,634.27716,87.928154,609.9436,168.61313,558.715,345.35162,630.435,496.47586,621.47003,572.03796,622.75073,483.66873,611.2243,578.4415,453.6965,392.73804,556.1536,570.75726
0.5561561320836728,660.15393,145.00235,661.4219,133.59067,652.54614,133.59067,595.48773,138.66252,622.115,139.9305,599.2916,194.45299,592.9518,200.7928,566.3245,270.53088,551.10895,280.6746,587.87994,311.10577,580.27216,327.5893,571.39636,355.48453,554.91284,359.28842,633.5267,439.17023,625.9189,458.1897,577.7362,516.51605,571.39636,558.35895,637.33057,91.74782,610.7033,172.89758,559.9847,347.87674,629.7228,498.7646,623.38293,573.5745,619.57904,494.9607,613.23926,578.64636,553.6449,498.7646,556.1808,571.0386
0.5566521418782381,660.36426,147.75159,661.62524,136.40263,652.7983,136.40263,596.0535,141.44661,622.5344,142.70761,602.3585,196.93039,593.53156,203.23535,572.0946,272.59006,551.9187,280.15604,585.9656,317.98587,579.6606,330.59583,572.0946,357.07672,553.1797,360.8597,636.40533,439.04138,627.57837,459.2173,575.8776,407.5165,570.8336,557.5749,638.92737,94.7898,612.4465,175.49347,560.74567,349.51074,630.1004,493.26416,623.7954,573.96783,618.75146,485.69818,612.4465,580.2728,543.09174,402.47253,556.9627,570.1848
0.5542500185278746,660.6184,151.95457,661.8746,140.64917,654.33765,140.64917,597.81067,144.41763,624.1899,146.92995,604.09143,200.94461,592.786,207.22539,576.456,272.54544,553.8452,282.5947,589.0176,321.5355,581.48065,332.84088,575.1999,359.22015,552.58905,362.98862,636.75146,439.61407,627.9584,460.9687,577.71216,521.26416,571.4314,557.6926,641.77606,97.9399,611.62836,179.58998,561.38214,350.42706,629.21454,497.3972,624.1899,574.02264,619.1653,492.3726,612.8845,579.0473,550.0768,501.16565,557.6137,570.2542
0.5509773641824722,661.99774,154.89105,663.2423,144.93425,655.7747,144.93425,599.7677,147.42345,624.6597,151.15726,603.5015,202.18587,593.5447,213.38727,577.3649,274.37268,552.4729,288.0633,586.0771,324.15668,581.0987,334.1135,574.87573,360.2501,551.2283,365.22852,637.1057,438.6599,630.8827,462.3073,577.3649,407.54492,572.3865,558.14154,642.0841,101.37324,612.2137,183.51686,559.9405,352.7825,625.9043,489.68854,623.4151,574.32135,619.68134,482.22092,612.2137,579.29974,548.7391,397.5881,558.6959,570.5875
0.5506585137202189,662.69684,161.12798,663.92126,151.33229,656.5745,150.10783,652.9011,153.7812,625.96295,155.00568,607.59607,211.33089,592.9025,218.67766,578.209,281.12518,553.7198,290.92087,586.7802,330.10364,581.8824,337.4504,578.209,364.38855,552.4953,369.2864,639.43207,442.7541,634.5342,466.01886,576.9845,519.89514,574.5356,557.85345,644.3299,107.25168,613.7184,188.06613,561.0665,357.04178,627.18744,501.52823,624.7385,574.9959,619.8407,499.0793,612.4939,578.6693,548.8219,530.9153,559.84204,568.8736
0.5572270275308535,662.7079,166.11726,665.14343,155.15727,656.619,155.15727,654.1834,157.59282,624.9568,158.81061,609.1257,213.61055,593.2946,220.91722,578.6813,281.80606,554.32574,293.98383,585.9879,331.7349,578.6813,339.04156,579.89905,365.83264,553.108,373.1393,639.5701,442.55258,635.9168,468.12592,578.6813,521.70807,573.8102,558.2414,645.659,113.75286,613.9968,191.69058,561.6324,358.526,624.9568,514.4014,623.739,575.2903,618.8679,510.74808,612.77905,580.1614,549.45465,531.4503,559.19684,570.4191
0.5575248346878932,662.4731,166.9142,664.90686,157.17914,656.3887,157.17914,652.73804,159.6129,625.9666,162.04668,607.7133,216.80643,594.32764,225.32462,576.0744,286.1688,551.7367,299.5545,587.0263,337.2779,578.5081,342.14545,578.5081,366.4831,554.1705,373.78442,641.7861,444.36365,639.3523,468.70132,578.5081,524.678,573.6406,558.75073,645.4367,115.8051,615.01465,194.90253,561.4718,360.39868,624.7497,511.29224,624.7497,574.5702,617.4484,503.99094,612.5809,580.6546,550.51984,531.97925,559.038,569.70264
0.5554348190243428,662.9293,168.71057,664.1398,159.02701,656.8771,159.02701,652.0353,163.86879,626.61597,165.07924,609.6697,219.5493,595.14435,225.60153,578.1981,286.1238,556.4101,294.59692,587.88165,339.38342,578.1981,343.01477,576.9877,368.43414,552.77875,373.2759,641.1413,444.6922,641.1413,468.90112,576.9877,525.79205,574.5668,558.4741,645.9831,119.0823,615.7219,197.76128,560.04144,362.3819,624.19507,556.0532,624.19507,576.6308,615.7219,511.26672,613.301,581.4726,552.77875,529.4234,560.04144,569.3681
0.5711586200273954,662.1909,172.86693,663.38855,160.89073,653.8076,160.89073,658.5981,163.28596,625.0647,165.68121,613.0885,219.57413,596.32184,226.75986,584.34564,287.8385,556.80035,296.22183,591.5313,342.92902,579.5551,347.7195,584.34564,368.07904,555.6027,374.06717,644.2266,443.52914,641.8314,469.8768,574.76465,520.1768,574.76465,559.6983,644.2266,120.17163,615.48376,198.01697,563.9861,363.28857,620.27423,544.1293,623.86707,575.2674,609.49567,517.7816,611.89087,580.05786,553.20746,523.7697,557.998,568.08167
0.5657361230024924,660.5224,174.7191,661.7145,163.99065,653.3701,163.99065,658.1383,166.37476,623.56885,168.75885,612.8404,222.40115,594.9596,229.55345,585.4232,286.7719,558.00604,296.30832,590.1914,341.60626,579.46295,347.5665,585.4232,370.21548,556.81396,377.3678,645.02576,438.16238,643.8337,471.53983,575.8868,514.4537,574.69476,558.5596,640.25757,123.460915,615.2245,200.94423,563.96625,364.25522,617.6086,528.75824,623.56885,576.4403,604.49603,514.4537,609.2642,581.2085,552.0458,516.83777,558.00604,566.90393
0.5677871165367273,661.26,177.81798,662.43866,167.21002,653.00934,167.21002,656.54535,169.56735,623.5428,171.92467,611.75616,223.7858,596.4336,233.2151,583.4683,293.32687,556.3591,306.29214,589.36163,347.54532,579.9323,351.0813,581.11096,372.2972,556.3591,379.3692,645.9374,443.01694,645.9374,472.4835,574.039,521.9873,576.3963,559.70447,642.4014,125.95685,615.2922,204.92722,563.431,367.58258,617.6495,549.09656,624.7215,575.0271,608.2202,513.7367,612.9349,579.74176,554.0018,523.16595,559.8951,567.95514
0.5803876714064524,660.5125,179.14445,660.5125,167.40549,652.2953,168.57938,602.9916,169.75328,622.9478,172.10107,610.035,226.10036,595.9482,236.66544,583.0353,293.0125,556.03564,308.2732,588.9048,345.8379,580.6875,351.7074,580.6875,375.18533,557.20953,382.22873,646.4258,443.2714,647.5997,473.79272,574.818,520.74866,574.818,559.48724,639.3824,126.31907,613.55664,204.9702,563.07904,369.31586,614.7305,545.40045,625.2956,577.0957,599.46985,520.74866,612.38275,581.7913,556.03564,524.2703,558.3835,567.7045
0.5696264367837173,658.2029,178.60498,659.37866,168.02296,649.9725,168.02296,599.41394,169.19875,620.57794,171.5503,607.6444,223.2846,594.7108,235.04239,580.60144,290.30405,558.26166,303.2376,590.0077,343.2141,579.42566,350.2688,580.60144,374.96017,558.26166,380.83905,646.4451,441.9796,647.6209,473.72565,574.72253,523.1084,577.0741,560.73334,638.21466,126.870674,612.34753,204.47212,562.9648,369.08127,612.34753,545.4482,625.28107,577.1943,599.41394,519.58105,612.34753,581.8974,553.55853,524.2842,558.26166,568.9638
0.5715165321643536,657.08374,178.28996,658.26044,166.52274,650.0234,167.69946,600.6011,170.0529,620.60535,171.22963,608.83813,225.35886,593.5407,237.12608,581.7735,293.60876,555.8856,311.2596,590.01056,344.20782,578.24335,350.09146,580.59674,372.4492,555.8856,379.50952,647.67,441.8758,647.67,474.82404,575.8899,519.5395,575.8899,559.54803,639.4329,126.514175,612.3683,205.35458,561.7692,367.74228,618.2519,545.42737,625.31226,576.02216,608.83813,518.3628,613.545,580.72906,555.8856,523.06964,558.239,567.7851
0.5767976171695269,657.4462,175.28377,658.62286,164.69426,649.20996,164.69426,599.79224,167.04749,619.7946,169.40071,608.0285,223.52489,592.73254,232.93779,582.14307,290.5918,556.25757,308.241,589.2027,344.716,579.7898,350.59906,582.14307,371.77808,558.6108,378.83777,646.85675,442.37485,646.85675,472.96677,575.0834,518.8547,575.0834,558.8595,637.44385,124.68943,611.55835,202.34586,564.49384,367.07162,617.4414,542.3869,624.5011,575.33203,611.55835,517.67804,611.55835,580.0385,555.08093,522.3845,558.6108,565.9192
0.5762060846273716,654.6352,172.74194,657.00574,162.07442,647.5235,162.07442,595.3711,164.44498,619.0767,165.63026,606.03864,220.15323,591.81525,230.82077,579.9624,290.08487,556.2568,306.6788,591.81525,341.052,581.1477,349.34897,583.51825,369.49875,558.6273,376.61044,646.3382,441.80096,647.5235,472.6183,574.036,523.58545,575.2213,559.14386,635.67065,120.58955,609.5945,200.00343,564.5538,365.9429,619.0767,549.6616,625.0031,575.73785,609.5945,529.51184,611.965,580.47894,555.07153,527.1413,557.4421,567.44086
0.5826177688745352,650.9155,163.34038,653.3343,152.45584,643.6591,151.24644,595.2834,156.08401,614.6337,156.08401,602.5398,215.34428,588.02704,220.18185,577.1425,290.32666,555.3734,295.16425,591.6552,336.2836,580.7707,342.33057,583.1895,366.51843,559.00165,372.5654,646.07794,440.29144,643.6591,470.52628,574.72375,521.3208,574.72375,558.81195,630.35583,110.127075,606.16797,191.15642,565.0486,361.68088,615.8431,544.29926,625.51825,575.74347,604.95856,520.1114,612.2149,581.79047,552.95465,522.53015,556.5828,568.4871
0.584973965699856,648.21985,158.9512,649.4366,148.00034,640.91925,148.00034,643.3528,151.65062,611.7169,154.08414,604.4164,212.48877,586.1649,214.92229,578.8643,285.49454,553.3123,289.14484,592.2487,337.81534,582.51465,339.0321,582.51465,365.8009,556.9626,370.66794,643.3528,446.10724,640.91925,469.22574,575.21405,528.8471,573.9973,558.04944,626.3181,107.84715,605.6331,188.1535,566.6967,358.5003,621.45105,558.04944,623.8846,576.30084,616.584,542.2315,611.7169,581.1679,552.0956,533.7142,558.1794,567.7835
0.5851466816205245,645.4852,151.82062,646.72217,141.92488,638.0634,140.68791,639.3004,145.63579,609.6132,146.87276,604.66534,207.48412,584.87384,209.95805,579.92596,279.22818,552.7127,284.17606,593.5326,334.8917,583.6369,332.41776,583.6369,362.10495,560.1345,365.81586,641.77435,443.74475,638.0634,466.01016,577.452,529.09546,573.74115,557.5457,623.21985,99.86801,603.42834,181.50781,568.7933,354.68317,623.21985,551.3609,623.21985,574.8632,618.272,500.64523,610.85016,579.8111,552.7127,536.5173,558.8976,568.6784
0.5945485990781051,644.04926,147.91808,645.3054,136.61288,636.51245,135.35675,588.7795,137.86902,608.87756,139.12515,598.82855,200.67557,582.49884,205.7001,576.2182,276.04343,549.8394,282.3241,593.804,327.5448,583.75494,330.05707,585.0111,360.20422,561.1446,365.22873,640.2809,438.08435,635.25635,464.4631,577.4743,519.73285,572.44977,558.6729,622.695,93.904434,600.08466,175.55295,567.4253,352.66742,623.9512,542.3432,623.9512,573.7465,618.92664,510.93994,610.1337,580.02716,551.0956,529.7819,556.1201,568.722
0.5688691890010467,641.5424,139.12538,641.5424,128.97523,633.9298,127.70647,635.1986,134.05031,603.4794,135.31908,598.4043,196.21996,581.91034,200.02626,575.56647,268.53976,550.1911,277.42114,599.6731,311.6779,581.91034,324.36557,578.104,356.08478,560.34125,359.89108,636.46735,439.8235,630.12354,461.39255,575.56647,521.02466,571.7602,557.819,617.43585,88.37464,599.6731,170.84459,565.4163,348.47217,628.85474,490.57422,623.77966,575.5817,618.7046,486.7679,611.092,580.6568,548.9223,534.98114,557.8037,570.50665
0.5365260827999848,637.24677,125.53469,637.24677,112.45547,628.0913,115.07131,575.7744,117.68716,600.62494,120.303,594.0853,181.77536,575.7744,187.00705,584.9299,255.01903,549.61597,257.6349,592.7774,300.79633,579.6982,311.2597,577.08234,347.88153,557.4635,353.11322,632.0151,434.20444,620.2438,455.1312,430.59503,432.8965,567.9269,557.1492,611.0883,73.21779,594.0853,155.61691,564.0031,340.034,630.70715,502.2164,621.5517,574.15216,400.5128,491.75302,609.7804,580.6918,409.66824,428.97275,554.84766,571.5363
0.5531458648351523,636.42206,119.7157,636.42206,107.803856,627.1573,109.127396,575.5393,113.09801,598.0394,114.42155,590.0982,175.30429,575.5393,179.27492,571.56866,246.77536,546.42145,250.74597,595.39233,289.12857,579.5099,306.33456,572.8922,342.0701,560.98035,348.68777,627.1573,430.74713,616.569,451.92377,437.89133,454.57083,568.9216,556.4833,611.2748,66.77418,592.7453,150.15707,563.62744,335.4524,445.83255,495.6005,624.5102,572.3657,410.09702,479.71805,611.2748,578.9834,419.3618,438.6884,554.3627,571.0422
0.5616038504701394,635.8992,114.53282,635.8992,101.24143,627.9244,103.89971,572.1005,106.55798,596.025,109.21626,589.37933,169.02754,572.1005,173.01495,572.1005,239.47192,546.84686,246.11761,597.3541,285.9918,581.4045,300.61234,576.08795,337.82825,561.4674,343.1448,619.9495,430.86798,613.30383,449.47595,447.1614,454.7925,568.1131,555.80707,609.3164,58.70897,588.0502,143.7739,566.78394,328.52426,629.2535,502.6415,623.93695,573.0859,417.92035,484.03357,609.3164,579.73157,433.87,436.18454,553.49255,570.4276
0.5661542289532148,632.1082,109.27387,633.46387,97.07304,622.6187,99.78433,568.39276,102.49563,591.4388,103.85128,590.0831,162.14418,572.4597,166.21112,572.4597,233.99356,548.05804,239.41615,602.28394,278.72998,584.6605,297.70905,579.2379,334.31155,561.6145,338.3785,614.4848,429.20697,609.0622,446.8304,470.78604,423.7844,567.0371,553.9267,607.70654,55.047924,588.7275,137.7425,565.68146,324.82202,626.68567,490.21118,621.26306,570.19446,622.6187,472.58774,609.0622,576.9727,450.45132,433.27393,550.7693,568.8388
0.5730666300425162,629.27356,102.25193,630.648,88.507256,621.02673,91.256195,567.42255,95.37959,590.78845,96.75406,590.78845,155.85614,570.17145,161.354,574.29486,227.32843,548.18,232.8263,603.1587,271.31137,586.66504,293.30286,577.0438,331.78793,563.29913,335.91132,611.40546,432.12402,607.28204,445.86868,468.4609,506.34525,566.04803,554.4516,604.53314,47.273247,586.66504,131.11574,564.6736,322.16666,626.5246,503.59628,622.4012,568.1962,621.02673,485.7282,610.031,576.44305,445.09497,451.36655,550.9289,569.57074
0.6900600389792368,626.97675,95.06211,626.97675,81.216125,618.6692,81.216125,575.74664,83.98532,588.208,83.98532,584.0542,147.67686,568.8236,149.06146,571.59283,227.98358,543.9009,223.82979,593.7464,284.75214,586.8234,287.52133,577.1312,324.9055,564.66986,326.29007,607.5924,431.51956,596.5156,442.59637,581.28503,521.5185,563.2852,554.74884,604.8232,39.67817,582.6696,121.369484,568.8236,313.8287,624.2076,545.05664,622.823,572.74866,621.43835,536.7491,607.5924,579.67163,568.8236,535.3645,550.82385,568.59485
0.6933591090715848,627.52155,90.76591,626.1226,78.1759,619.1282,76.77701,574.3637,79.57479,588.3526,80.97368,584.15594,143.92372,565.9704,148.12039,571.5659,225.05933,540.79034,222.26155,595.34705,283.8127,582.7571,286.61047,575.76263,324.3805,567.36926,325.7794,600.9426,430.69614,592.5493,440.48834,581.35815,520.2251,563.1726,553.7984,602.3415,36.20921,582.7571,118.743706,568.7682,311.7905,624.72375,541.20844,623.3249,570.5851,620.5271,532.81506,607.9371,577.5795,568.7682,532.81506,550.5826,567.78735
0.7127363956891574,625.47314,89.48779,625.47314,75.42352,618.441,75.42352,573.4353,78.23638,587.4996,78.23638,581.8739,142.93202,563.59033,145.74487,570.62244,221.69194,541.08746,220.2855,593.1253,280.76187,581.8739,286.38757,573.4353,324.3611,566.4032,325.76755,595.9382,429.84314,588.906,439.6881,580.46747,519.8545,563.59033,553.6087,600.1574,34.637142,580.46747,116.20991,567.80963,311.70328,624.0667,542.3573,622.6603,570.48584,621.25385,532.5123,608.596,578.9244,567.80963,531.1059,550.9325,569.0794
0.7128581977807559,624.23083,86.04986,622.8223,73.37311,614.37115,73.37311,572.1153,76.19017,583.38354,76.19017,583.38354,139.5739,562.2556,142.39096,570.7068,215.63438,538.31067,215.63438,591.8347,270.56696,579.15796,281.83517,574.9324,319.86542,566.4812,321.27396,591.8347,426.9135,584.79205,438.18173,579.15796,515.65076,562.2556,553.68097,596.0603,31.117287,579.15796,114.220406,567.8897,308.5972,624.23083,541.0042,621.41376,569.1748,620.00525,531.14453,607.3285,577.626,567.8897,526.91895,549.57886,567.76624
0.7261819312205682,622.46844,87.2872,622.46844,74.58673,614.00146,73.175575,573.07776,77.40906,582.9559,77.40906,584.36707,140.91138,560.3773,143.7337,571.6666,217.11417,533.5652,215.703,595.6564,270.73834,578.7224,282.02765,575.9001,315.89557,566.022,317.30673,588.6005,421.73276,581.54474,434.43323,580.13354,512.0472,561.78845,551.55975,599.88983,32.251854,578.7224,115.51045,568.8443,306.01743,626.70197,536.0369,621.0573,568.4937,622.46844,526.1588,606.9457,576.9607,570.25543,523.3365,549.088,567.0825
0.7071836499067453,621.1295,85.23677,619.72363,72.58341,612.694,72.58341,570.5161,76.8012,581.76355,78.20713,583.1695,141.4739,559.2687,144.28577,566.29834,215.98811,531.15015,215.98811,591.60504,266.60153,577.5458,280.66083,570.5161,315.80902,563.48645,317.21497,583.1695,421.25366,580.3576,435.31293,577.5458,512.639,562.08057,552.005,595.8228,31.811491,577.5458,116.16719,564.8924,305.96753,623.9414,532.322,622.53546,566.0643,619.72363,522.48047,609.8821,574.4998,567.7043,522.48047,549.4272,566.0643
0.7280598305738889,622.4013,86.24491,620.996,73.597206,612.5642,73.597206,570.40515,76.40781,581.6476,77.81311,583.05286,141.05165,560.56805,142.45695,564.78394,215.53261,529.6514,216.93791,591.4847,268.93405,576.02637,281.58176,570.40515,316.7143,561.9733,318.1196,583.05286,422.11188,578.837,434.75958,577.43164,512.05115,560.56805,549.99426,594.2953,34.24877,577.43164,114.35094,564.78394,305.4719,623.8066,534.53595,620.996,566.8579,619.5907,524.69885,606.943,575.2897,567.59454,523.2936,549.3256,565.4526
0.7201158816997821,621.1937,86.230934,621.1937,73.54837,612.73865,73.54837,570.46344,76.366714,581.7368,79.18507,581.7368,141.18874,559.19006,144.00708,562.00836,217.28413,529.59735,215.87497,590.1919,269.42358,576.1001,280.697,569.05426,317.3355,562.00836,320.15384,583.146,424.43274,580.32764,435.70615,577.5093,516.02905,563.41754,552.6676,594.4194,32.682316,577.5093,115.82359,563.41754,307.47128,622.6029,527.3025,622.6029,565.35016,618.37537,518.8474,611.32947,575.21436,569.05426,528.7116,550.735,568.1685
0.7127000597807077,621.3698,87.233,621.3698,74.536995,612.9058,74.536995,569.1752,77.35833,581.87115,78.769,580.4605,140.83835,559.3005,145.07036,559.3005,217.01437,526.85516,217.01437,588.9245,263.5664,577.63916,279.08374,567.76447,317.17175,560.7112,319.99307,586.10315,424.38245,581.87115,435.6678,579.0498,516.0758,562.1218,552.7532,595.97784,32.21698,576.2285,115.44634,562.1218,308.70773,622.7805,525.9505,622.7805,566.85986,618.5485,516.0758,610.0845,576.7345,571.99646,527.36115,550.8365,568.2705
0.7244896441698074,621.1943,86.94238,621.1943,72.77401,611.2764,74.19085,568.7713,77.02452,581.5228,78.44136,581.5228,140.78221,558.85345,142.19905,560.27026,215.8746,527.683,218.70828,588.607,268.2976,575.85547,279.6323,570.1881,319.30374,560.27026,320.72058,587.1902,425.56656,581.5228,436.90128,578.68915,519.0778,561.68713,554.4988,595.6912,31.68572,577.27234,115.27914,563.10394,307.96906,624.02795,528.9957,621.1943,571.50085,618.3606,519.0778,607.02594,581.4187,573.0218,530.41254,548.93555,571.50085
0.7105295153764578,621.24457,86.30631,621.24457,73.447716,611.2434,73.447716,568.3815,76.30518,581.24005,79.16265,579.81134,139.16942,558.3803,142.02689,559.8091,212.03479,524.09076,213.46352,591.24115,263.46915,572.66766,279.1852,569.8102,317.761,559.8091,320.61847,588.3837,424.91595,581.24005,437.77454,579.81134,517.78357,561.2378,556.3594,596.9561,32.014473,576.95386,114.88097,562.6665,307.75986,624.10205,529.21344,621.24457,576.36163,619.8158,519.2123,605.5285,584.934,572.66766,529.21344,548.3792,572.0754
0.6952371562902744,621.2306,85.92446,621.2306,72.989334,611.1699,72.989334,566.6156,75.86381,580.9879,77.30104,579.5507,139.1022,557.9922,141.97667,557.9922,212.40126,523.4985,213.83849,589.6114,262.70453,573.80176,277.07687,568.0528,318.75674,559.4294,321.63123,586.7369,427.9867,583.8624,439.4846,578.11346,519.96985,562.3039,560.21246,596.79755,29.872242,576.6762,114.66918,560.86664,308.69608,622.6678,528.59326,621.2306,578.8965,618.3561,519.96985,608.2954,587.51996,573.80176,531.4677,549.3688,576.02203
0.702627936234841,621.9175,83.937454,620.44617,70.69575,611.61835,72.167046,567.4794,73.63834,579.24976,76.58095,577.77844,139.84688,557.18024,141.31818,557.18024,211.9406,520.3977,213.41191,588.0776,263.43613,573.36456,275.20654,567.4794,320.81683,561.5941,322.28815,585.13495,432.63568,585.13495,442.93478,580.72107,516.4998,561.5941,569.4667,593.96277,29.499329,576.3071,113.363464,561.5941,307.57513,623.3888,526.79895,620.44617,590.0649,618.97485,519.44244,605.73315,598.89264,579.24976,523.8563,548.3524,585.65094
0.7165707670725309,621.45447,84.90997,619.9671,71.52414,611.0432,73.01145,566.42377,73.01145,576.83496,75.986084,578.3223,139.94064,557.4999,142.91527,557.4999,212.81909,521.8043,214.30641,588.7335,266.36246,573.86035,275.28635,569.39844,321.3931,561.96185,322.88043,585.75885,434.42908,584.27155,446.3276,581.29694,520.69336,561.96185,575.724,593.19543,28.391994,575.34766,114.65628,561.96185,309.4946,624.4291,532.59186,621.45447,598.03375,619.9671,523.66797,605.094,606.95764,578.3223,529.61725,548.576,592.0845
0.7073336736514018,620.8437,86.32609,619.35596,71.449005,610.42975,72.936714,565.79846,72.936714,577.70013,75.91213,577.70013,139.8836,556.8722,142.85902,558.3599,214.26904,524.14264,215.75674,588.1141,264.85114,574.72473,275.2651,571.74927,322.87177,564.3107,325.8472,586.6264,437.42535,583.65094,449.327,582.16327,520.737,564.3107,580.24536,595.5526,28.30545,574.72473,114.59255,564.3107,312.45782,623.8191,532.6387,623.8191,602.561,619.35596,522.22473,607.4543,609.9996,579.18787,528.1756,549.43365,596.61017
0.7096029244936429,620.3132,87.50149,620.3132,73.898674,609.7332,73.898674,567.4133,75.410095,576.4819,78.432945,579.5047,140.4013,558.3448,143.42415,559.8562,215.97247,523.58203,215.97247,588.57324,270.3837,574.97046,280.96368,570.43616,327.8178,562.8791,329.32922,585.5504,441.17456,584.039,451.75452,582.5276,527.3257,564.3905,584.75977,594.61896,31.578821,574.97046,116.21853,562.8791,315.7264,623.336,536.3942,623.336,610.454,620.3132,527.3257,608.2218,618.0111,577.9933,533.3714,549.27625,601.38544
0.6848911115756402,620.7676,84.89384,620.7676,71.103584,610.0418,72.63583,567.1388,74.16808,576.33234,77.23258,579.39685,140.05487,559.47754,143.11937,561.0098,215.13515,522.70355,216.6674,591.65485,270.29617,579.39685,282.5542,570.2033,328.5217,564.07434,331.5862,587.0581,444.97278,583.9936,457.23077,583.9936,527.7143,564.07434,592.06885,596.2516,28.20056,574.80005,115.53886,564.07434,317.79596,623.8321,536.90784,623.8321,618.1171,619.23535,529.2466,608.5096,627.3106,580.9291,530.7788,550.28406,610.4559
0.6979270474268839,619.7027,86.18507,619.7027,70.79058,610.466,72.33003,570.44037,73.86948,576.59814,76.94837,578.1376,140.06577,558.12476,144.68411,561.2037,215.49876,525.7963,217.03821,593.5321,272.45837,579.67706,283.2345,571.9798,330.95743,564.28253,332.49686,588.91376,444.87662,582.7559,458.73166,584.2954,524.928,565.822,595.7426,596.61096,29.225464,575.0587,116.974045,564.28253,320.18127,624.32104,532.6252,625.8605,623.4527,619.7027,523.3885,608.9266,631.1499,581.2165,532.6252,551.967,612.6765
0.6655767835103549,620.2597,84.976326,620.2597,70.97713,610.9269,72.53259,568.9293,74.08806,576.70667,78.754456,579.81757,140.9731,556.4856,147.19496,565.81836,218.7464,525.3763,220.30186,596.9277,274.7432,579.81757,285.63144,573.5957,332.29544,567.37384,335.40637,590.7058,450.51083,584.48395,464.51004,584.48395,531.3951,565.81836,601.39105,596.9277,28.979546,575.1512,117.64111,565.81836,322.96262,624.9261,536.06146,624.9261,627.834,621.8151,526.7287,609.3714,635.6113,581.37305,531.3951,551.81915,618.50116
0.6595179495903162,621.427,87.44377,621.427,73.433876,612.08704,73.433876,568.5007,74.99053,577.84064,78.10384,577.84064,141.92671,559.16077,143.48337,563.83075,219.75948,526.471,218.20282,594.96387,277.3557,582.5106,286.69565,574.7273,334.95197,566.94403,339.62192,590.2939,454.81442,584.06726,468.8243,584.06726,537.31714,565.3874,602.69666,596.5205,28.290873,574.7273,118.57688,566.94403,325.61203,624.5403,538.8738,624.5403,630.7165,619.8703,527.97723,610.5304,638.49976,580.9539,537.31714,549.82086,621.3765
0.6530970025521058,622.0523,85.63201,622.0523,71.6266,612.7154,73.182755,567.58685,74.738914,578.48,77.85123,578.48,143.2098,558.24994,143.2098,564.47455,217.90529,525.5706,217.90529,598.70996,275.48306,581.5923,287.9323,575.3676,336.17316,567.58685,339.2855,592.48535,457.55334,584.7046,470.0026,584.7046,535.36115,564.47455,603.83203,597.1538,28.054226,575.3676,118.31129,567.58685,326.83624,625.1647,538.4735,625.1647,630.2867,620.49615,527.5804,609.6031,638.0675,583.14844,535.36115,548.91296,619.3936
0.6483974204613612,621.3215,84.794014,619.7662,70.79635,611.9897,72.35165,566.8861,75.462234,579.3285,78.57283,577.7732,145.45055,557.5543,147.00584,562.2202,220.10474,524.8931,220.10474,597.992,279.20596,577.7732,291.64835,577.7732,339.86252,566.8861,344.52838,593.3261,458.06497,583.9943,475.17325,583.9943,529.6086,563.7755,605.81805,594.8814,27.24807,574.6626,119.01052,566.8861,330.53073,625.98737,532.7192,624.43207,632.2581,619.7662,523.3874,608.8791,640.0346,585.5496,531.1639,549.77783,621.37103
0.6609428158173194,623.8671,86.69786,622.3089,72.67401,612.95966,72.67401,569.3299,75.79042,578.67914,77.34863,580.23737,142.79327,556.86426,145.90968,567.7717,220.70357,524.14197,222.26178,600.494,276.79898,580.23737,290.8228,575.56274,339.1272,566.2135,343.80182,592.703,459.10907,583.35376,474.69113,584.912,532.3447,564.6553,605.5804,595.8194,27.486042,575.56274,117.861984,569.3299,329.77798,623.8671,530.7865,623.8671,630.5117,619.1925,524.5537,608.28503,638.30273,583.35376,532.3447,549.07324,622.7207
0.6711706186716373,623.79443,84.677505,622.229,70.58871,614.4019,70.58871,572.1355,73.71955,579.96265,76.850395,579.96265,144.16353,558.04675,144.16353,570.5701,220.8692,522.04205,219.30379,601.87854,274.09354,578.3972,286.6169,578.3972,341.40668,565.87384,346.10294,597.18225,458.81332,583.0935,477.5984,583.0935,529.2573,564.3084,605.96295,595.6169,25.191475,575.26636,117.55136,569.0047,333.57956,623.79443,530.82275,623.79443,631.0097,619.0982,521.4302,608.1402,638.83685,581.5281,529.2573,548.6542,623.1826
0.6809352556100259,623.4802,82.191986,621.9119,68.07716,614.0704,69.64548,573.2942,72.782104,581.13574,74.35042,579.56744,141.7879,557.6111,141.7879,567.02094,220.20358,523.10815,218.63527,599.95557,273.52625,577.99915,286.07275,579.56744,342.53204,563.88434,347.237,598.3872,458.58725,581.13574,477.407,584.2724,529.1614,563.88434,606.0087,596.8189,24.164383,576.43085,115.12657,568.58923,333.12216,625.0486,532.298,625.0486,629.53345,620.3436,522.8881,609.3654,638.9433,581.13574,527.593,548.2012,623.2602
0.6941900826417483,626.60913,79.7823,623.4587,67.180595,614.0074,67.180595,571.4766,71.906235,580.9279,75.05666,580.9279,142.79083,557.29974,142.79083,569.9014,219.97627,521.0698,218.40106,602.9809,275.10873,579.3527,289.28564,579.3527,344.41812,563.6006,349.14377,598.25525,454.68304,580.9279,476.73602,585.65356,531.86847,563.6006,604.3283,595.10486,21.499413,577.7775,116.01221,568.32623,334.96683,626.60913,536.5941,625.0339,629.5317,621.8835,527.1428,609.28174,638.983,584.07837,535.0189,547.84845,620.08044
0.7055884897708893,626.25525,80.172745,623.0905,65.931435,615.17865,67.5138,567.70764,70.678535,581.9489,72.2609,578.7842,140.30273,558.2134,141.8851,564.54285,221.0035,523.4013,217.83876,602.5197,276.38638,581.9489,292.21005,577.20184,344.4282,564.54285,347.59293,596.19025,456.77634,580.3666,477.3471,585.11365,535.8947,564.54285,605.5189,596.19025,20.04276,577.20184,113.40247,567.70764,333.35162,629.42,543.8066,626.25525,629.25446,623.0905,535.8947,610.4316,638.74866,580.3666,540.64185,548.7192,621.3426
0.7130039758407153,626.21234,82.15075,624.6265,66.29232,615.11145,67.87817,569.122,69.464005,580.22296,72.6357,578.6371,139.24107,558.0211,142.41275,565.9504,221.70486,524.71844,223.29071,602.42474,277.20935,583.3946,293.06778,578.6371,342.22888,564.3645,345.40057,597.6672,453.23782,581.8088,475.43964,584.98047,537.2875,564.3645,603.8928,597.6672,20.302898,575.4654,112.281746,567.5362,331.128,629.38403,545.2167,626.21234,627.6805,624.6265,537.2875,610.35394,637.19556,581.8088,543.63086,548.5061,621.3371
0.719716720856153,627.36536,76.939964,625.7792,62.663925,617.848,64.25015,571.8475,67.4226,584.5373,69.00883,581.3648,138.80278,557.5714,140.389,571.8475,219.70032,527.4331,224.459,601.9858,276.80447,584.5373,295.83917,579.7786,341.83975,563.9163,345.0122,597.2271,454.4618,581.3648,476.66898,584.5373,544.8767,563.9163,605.1533,598.8133,16.663364,576.60614,111.83694,568.675,332.3224,630.53784,554.39404,625.7792,627.3605,624.19293,544.8767,611.5031,636.8778,579.7786,551.2216,549.6403,621.01556
0.7269018934323237,626.1381,79.97511,624.55304,65.70905,615.0423,65.70905,572.24414,68.87929,581.7549,70.4644,580.16974,138.62447,556.39294,141.7947,569.0739,225.80592,527.86084,228.97617,602.3614,278.1148,584.9251,297.13623,578.5846,344.68976,564.31854,346.27487,596.02094,458.8182,581.7549,474.66937,584.9251,547.5848,564.31854,603.0639,599.19116,19.740643,575.41437,111.67746,569.0739,333.59393,629.3084,560.26575,627.72327,626.8407,622.9679,550.755,611.8721,636.3514,578.5846,553.9253,550.0525,620.5002
0.7096335670122733,628.4959,79.854324,626.9094,63.9899,618.97723,65.57634,572.9704,68.74923,584.0755,70.33567,582.4891,141.72557,557.10596,144.89845,572.9704,225.807,526.96356,232.15277,604.6992,276.57315,588.83484,295.61047,579.31616,346.37662,566.62463,349.5495,596.767,459.014,582.4891,476.46487,585.6619,547.8548,565.0382,603.38025,599.93994,17.983076,576.1433,113.16961,569.79755,333.6851,630.08234,558.9599,626.9094,627.1769,625.323,549.4412,612.6315,635.10913,580.9026,554.20056,550.7602,620.8311
0.696236022389852,629.86005,78.1629,628.27344,63.883842,618.7541,63.883842,572.7438,67.05697,583.84973,70.230095,582.2631,140.03885,556.8782,143.21196,572.7438,224.12665,528.32,230.4729,602.8885,278.0698,588.6094,295.52197,579.09,344.7054,567.9841,347.87854,594.9556,458.9379,583.84973,476.3901,583.84973,549.37195,564.811,604.9017,601.3019,16.286966,577.5035,111.48072,571.1572,333.59946,629.86005,560.4779,628.27344,627.1135,625.10034,549.37195,612.40784,635.0463,579.09,554.13165,550.5319,620.7673
0.6707902802870824,629.11816,78.42962,629.11816,64.15264,619.6002,65.738976,570.42395,67.3253,586.28723,68.91164,581.52826,138.7102,557.7333,141.88287,572.01025,221.19942,530.7657,230.7174,605.32324,278.30734,589.4599,297.34332,581.52826,343.34692,570.42395,348.10593,595.80524,459.14908,583.11456,476.59872,584.7009,547.98364,564.0786,603.50525,603.7369,16.562708,576.7693,111.74258,570.42395,333.82892,629.11816,559.08795,625.9455,627.3002,624.3592,547.98364,611.6685,636.8182,579.9419,552.7426,548.21533,620.9549
0.7031006686962568,627.7297,76.89436,627.7297,62.633465,618.2224,64.21801,572.27057,67.3871,586.5315,67.3871,583.3624,140.27615,558.0097,141.8607,573.85516,225.84157,527.9033,232.17975,603.9615,278.13153,588.116,297.1461,584.94696,344.6824,565.93243,346.26697,596.03876,461.93872,583.3624,479.3687,586.5315,545.91956,564.3479,604.5477,603.9615,16.68167,577.02423,111.75435,572.27057,333.5906,630.89874,558.59595,627.7297,628.3159,624.56055,545.91956,611.8842,637.8232,581.7779,553.8423,548.50244,621.9777
0.688631188410979,629.0188,79.262566,629.0188,63.397755,619.4999,64.98424,570.319,68.157196,586.1838,68.157196,581.4244,142.72182,557.62714,141.13535,570.319,226.80533,530.6569,229.9783,605.22156,279.1592,589.35675,296.6105,584.5973,344.20496,568.7325,348.9644,594.1162,461.60458,583.0108,479.05588,584.5973,544.1016,562.3866,605.97437,605.22156,15.803315,578.2514,110.992195,571.90546,333.09958,632.1918,558.37994,625.8458,629.7716,625.8458,545.6881,611.5675,637.704,578.2514,552.034,548.1082,621.8392
0.6800856338097498,628.78204,79.145905,628.78204,64.85788,617.6692,66.44544,571.62994,68.033,585.91797,69.62056,582.74286,141.06068,557.3419,142.64824,573.2175,228.37639,530.35345,236.31418,606.5563,277.5907,590.68066,296.6414,582.74286,344.26813,566.8673,349.03082,593.8558,461.74744,582.74286,479.2106,585.91797,544.3005,563.6922,604.6277,604.9687,17.231133,576.39264,110.89707,570.0424,333.15524,631.9572,557.0009,627.1945,630.0286,625.60693,545.88806,611.3189,637.96643,581.15533,552.2383,547.8166,622.0908
0.683227498943989,630.7523,79.63027,630.7523,65.358,619.6517,66.94381,572.07745,68.52962,586.34973,70.115425,586.34973,143.06259,559.391,144.64839,576.8349,228.6962,534.01807,238.21106,605.3794,279.44205,591.1072,300.05756,584.7639,344.46017,567.32007,349.2176,595.86456,461.80994,583.1781,479.25385,586.34973,544.272,564.14844,602.94684,606.9652,16.19796,578.4207,112.932236,572.07745,333.35953,632.33813,556.95844,627.58075,628.31976,624.4091,545.8578,611.72266,636.2488,583.1781,552.201,548.29034,618.80493
0.6824112993020278,631.1467,79.64515,631.1467,65.38323,621.6388,65.38323,572.5144,68.55255,586.77637,68.55255,585.1917,143.03146,558.2525,144.61612,580.4377,228.60297,534.48267,241.28023,607.3769,279.312,593.115,299.91257,585.1917,344.283,567.76044,349.03696,594.69965,463.1323,583.60706,480.56354,585.1917,543.9498,563.0065,605.7515,607.3769,16.258844,578.853,112.92296,572.5144,333.19037,631.1467,558.2118,627.9774,629.52136,624.8081,545.5345,612.13086,637.44464,582.02234,551.8731,548.74457,623.18274
0.6835783513692709,630.7696,79.543335,630.7696,65.293755,619.6866,66.877045,626.0197,71.62691,584.85425,70.04362,586.43756,144.45808,559.52167,146.04137,576.93787,228.37225,532.60583,241.03854,608.6036,286.95386,591.18744,301.20343,586.43756,347.11874,567.4381,350.2853,597.52057,462.69864,583.271,480.1148,584.85425,543.4462,561.105,603.61115,607.02026,16.21188,580.10443,114.37563,575.35455,336.03574,635.5195,557.6958,626.0197,630.527,627.603,543.4462,611.77014,638.4434,578.5211,549.7794,545.2721,621.0273
0.6472480812898049,634.30096,79.36084,635.8888,65.07069,626.362,66.65848,629.5376,71.42186,589.8427,73.00966,589.8427,146.04823,562.8502,149.22383,581.90375,230.20137,537.4455,250.84271,612.07184,282.5986,594.6061,303.23996,585.07935,347.6982,566.0258,350.8738,600.9573,465.19507,586.6671,481.073,586.6671,544.58484,559.6746,606.50885,607.3085,17.436829,583.4915,115.88013,570.7892,338.17145,635.8888,558.875,626.362,631.9136,631.12537,546.1726,612.07184,638.2647,580.316,552.5238,545.38446,625.5624
0.7217104182793543,638.6855,81.68095,637.10864,67.48927,627.6475,67.48927,577.18823,70.642975,592.9568,72.21983,589.80304,144.75504,562.9966,147.90874,578.7651,236.21246,540.92065,255.13469,603.99475,289.82544,592.9568,304.0171,581.9188,352.89954,569.304,356.05322,599.26416,466.4329,588.2262,479.0477,586.64935,548.4292,564.5734,603.619,608.7253,18.606855,583.49567,114.79484,574.03455,337.131,629.22437,565.7746,627.6475,628.84863,624.49384,553.1597,607.14844,636.7329,580.342,561.044,548.80493,619.3876
0.7044082444447738,639.9989,83.24609,638.42224,69.05642,628.96246,69.05642,581.6636,72.20968,595.8532,73.78631,592.69995,146.31133,564.3206,151.04121,583.2402,236.17929,539.09454,251.94559,605.313,288.2081,594.2766,300.82114,581.6636,352.84998,569.0505,356.00323,602.1597,466.3674,591.12335,480.55707,586.39343,551.50543,564.3206,603.53424,610.0429,20.180862,584.81683,116.35535,573.7804,337.08365,630.5391,568.8484,628.96246,630.337,624.2326,553.0821,611.61957,636.6435,580.0869,564.11847,550.1309,620.8772
0.6724579987617639,642.2607,84.32922,642.2607,70.07392,632.75714,70.07392,582.07166,73.24177,599.4948,73.24177,591.5752,147.68611,566.2324,152.43788,577.3199,239.55359,539.3057,255.3928,604.2466,290.2391,594.74304,302.9105,580.48773,352.01205,570.9842,356.76382,604.2466,466.05447,593.1591,480.30975,591.5752,548.4184,564.6485,603.8557,613.75006,20.972336,586.8234,116.00767,572.5681,337.75677,629.5893,562.6737,629.5893,629.1984,624.8375,550.0023,613.75006,637.11804,585.2395,553.17017,550.3932,621.2788
0.662027521775319,643.0238,87.056854,644.60376,72.83706,633.54395,72.83706,581.40466,75.99702,600.36444,75.99702,592.46454,148.67596,568.7649,154.99588,576.66473,240.31465,540.32526,256.1144,603.52435,290.87393,594.0445,306.6737,578.24475,350.91306,571.9248,357.23297,606.6843,467.8314,597.20447,482.05118,590.8846,548.4102,565.6049,605.2894,617.74414,22.277786,589.30457,118.6564,571.9248,338.27325,628.804,556.3101,628.804,628.9891,625.64404,546.83026,613.0042,636.8889,586.1446,551.5702,551.38513,621.0892
0.6246531479633771,644.21063,88.100174,645.78845,73.89998,636.32166,73.89998,582.6765,77.05558,601.6101,78.63338,592.1433,149.63432,573.2097,154.36772,579.52094,239.56885,540.0759,253.76904,607.92126,288.48062,592.1433,307.41418,579.52094,350.01477,570.05414,356.32596,609.4991,468.34967,601.6101,482.54987,585.8321,548.8174,565.32074,605.61816,623.6993,24.988222,592.1433,121.23395,570.05414,338.97015,630.01044,542.5062,628.4327,632.44073,623.6993,537.7728,612.65466,638.75195,577.9431,544.084,549.5427,621.3961
0.6507811500475957,651.56635,99.5133,653.1287,85.45184,642.192,85.45184,593.7581,88.57661,609.38196,90.13899,600.0077,162.00865,575.0095,163.57103,593.7581,247.93976,543.76184,257.31406,606.2572,301.0608,593.7581,311.9975,582.8215,357.3066,562.5105,360.4314,618.7563,468.23587,606.2572,486.98447,590.63336,549.4798,565.63525,605.72565,628.1306,35.455563,598.4453,130.76097,570.3224,346.36993,629.693,544.79266,628.1306,630.72375,625.0058,540.1055,612.5068,638.5357,592.19574,546.35504,550.0114,621.3495
0.6216936122912627,655.6764,102.07543,655.6764,88.0796,647.90094,88.0796,644.7908,94.299965,613.6889,95.855064,601.24817,164.27914,581.0319,168.94443,581.0319,249.80927,543.7097,259.13983,607.4685,302.68243,584.14215,318.23334,584.14215,358.66577,562.37085,361.77594,623.0195,472.18756,609.0236,487.7385,587.2523,549.9422,565.481,605.92554,632.35004,39.871716,604.35834,136.28748,568.5912,349.3352,637.0153,540.61163,627.68475,630.807,626.12964,537.50146,613.6889,637.0274,593.4727,545.2769,551.48517,619.9214
0.5823658762069849,662.5271,107.68054,664.05756,95.43679,654.87476,96.96726,589.0646,101.55867,619.674,103.089134,608.9607,165.83836,586.00366,170.42976,586.00366,246.95322,549.2724,259.19696,607.43024,298.98917,586.00366,320.41574,579.8818,357.14697,556.92474,363.26886,624.2654,473.46262,613.5521,487.23685,599.7779,546.9251,564.5771,608.14386,636.50916,46.461784,607.43024,139.82039,563.04663,349.49463,634.9787,528.5595,625.79584,628.04,631.9177,513.2548,613.5521,635.6923,599.7779,539.27277,549.2724,623.44855
0.5873768547406564,665.35895,113.17665,663.84503,99.55127,656.2754,102.57913,591.17633,104.09306,619.94104,107.120926,609.3435,175.24786,585.1206,181.30359,588.14844,257.00018,550.3002,269.11163,603.2878,306.95993,588.14844,326.64105,582.0927,366.00327,557.8698,370.54507,622.9689,467.4367,613.8853,491.6596,423.12988,456.83917,566.9534,606.71844,638.1082,49.591515,609.3435,147.99709,565.43945,355.40576,639.62213,520.4243,629.0246,632.45526,406.47662,509.8268,612.37134,640.02496,409.5045,405.3655,550.3002,624.8856
0.5779292617852871,666.86566,122.306274,666.86566,107.37442,659.3998,110.360794,592.2064,110.360794,625.0565,113.34716,610.12463,179.0473,589.22003,188.00641,589.22003,261.1725,551.89044,274.61115,601.1655,310.44757,587.72687,331.35217,581.75415,365.69543,554.87683,371.66818,629.5361,470.21838,617.5906,492.61615,414.5174,450.80698,568.3155,607.59143,647.4543,58.09931,611.61786,153.66316,562.3427,356.73633,405.5583,512.0276,629.5361,632.9756,404.06512,509.0412,611.61786,640.44147,407.05148,404.51825,550.3973,625.50964
0.5742257942373936,673.22595,128.72504,671.74066,113.87228,664.3143,116.842834,600.4474,119.813385,630.1529,122.783936,613.8149,188.13611,591.5357,195.56248,584.1094,263.8852,554.4038,278.73798,597.4768,320.3257,584.1094,336.66376,578.1682,370.8251,554.4038,376.7662,628.66766,468.85336,618.2707,494.10306,426.67004,442.11838,569.2566,606.9841,643.5204,66.34343,616.7854,161.40112,560.3449,360.42816,416.2731,504.5,627.1824,632.23376,414.7878,500.04416,612.3296,639.66016,413.30255,409.4423,551.4333,624.8074
0.5514367543734037,678.4432,141.20021,676.9946,126.714424,669.7517,129.61157,606.0143,133.9573,634.98584,136.85446,614.70575,200.5919,595.8742,213.62912,592.97705,275.91797,556.76263,297.64667,597.3228,332.41254,585.7342,348.3469,578.4913,375.86987,549.5197,381.66418,633.53723,474.3732,624.84576,496.10187,407.55905,426.57013,571.2484,607.6424,653.8173,83.25707,620.50006,175.96608,558.2112,367.1784,407.55905,487.4104,626.2944,633.7168,404.6619,472.92462,610.36,639.5111,394.52185,400.4957,552.4169,625.0253
0.5405448210927156,679.6103,147.10931,678.18225,134.25685,671.042,137.11295,618.20404,139.96906,638.1968,144.2532,619.63214,205.65942,599.6394,215.65579,588.21497,278.49005,561.08203,297.05472,589.64307,341.32434,573.93445,349.89264,573.93445,377.02563,551.08563,382.73782,635.3407,468.42093,629.6285,501.2661,426.84515,434.14767,569.6503,608.37,653.90533,88.5592,622.4882,182.81061,559.65393,368.4573,418.27686,489.8417,623.91626,632.64685,416.8488,481.27338,611.06384,638.3591,422.561,404.1586,551.08563,624.07855
0.5663163833893262,682.18854,155.76817,680.7906,141.78871,673.80084,143.18666,668.20905,147.3805,640.2501,150.17639,622.0768,210.2881,605.30145,221.47168,591.32196,285.77722,560.56714,299.7567,589.924,345.88895,580.13837,355.67456,585.73016,380.83762,553.5774,389.2253,644.444,460.5206,634.6583,503.85693,574.54663,556.97894,571.75073,607.305,655.6275,97.054405,627.6686,185.12506,564.761,373.84787,622.0768,547.1933,627.6686,633.86597,615.08704,547.1933,610.89325,638.0598,547.9856,559.7748,554.97534,619.88654
0.5652460209452189,684.66156,162.12126,684.66156,149.59627,677.7032,150.98793,615.07825,153.77126,644.3032,156.5546,622.03656,213.61288,606.7283,224.74622,592.8116,287.37115,560.8033,306.8545,591.4199,347.2128,578.89496,359.7378,583.06995,383.3961,551.06165,391.7461,645.6949,465.50436,637.3449,508.64603,574.72,554.571,573.3283,608.84595,659.6116,103.671295,630.3866,191.34624,562.19495,376.43777,620.6449,551.78766,627.6033,635.2876,591.4199,547.6127,610.90326,639.4626,549.67,560.13763,555.23663,619.97925
0.5555768849758002,687.18256,169.3508,687.18256,156.95743,678.9203,158.33447,616.95337,161.08855,645.8713,163.84264,625.21564,221.67842,605.9371,232.69475,594.9207,291.90756,560.4946,313.94025,590.78955,352.49744,578.3962,362.13672,583.90436,385.54645,550.85535,393.80872,647.2483,458.5297,640.3631,509.48026,577.01917,553.5456,574.2651,607.25024,662.39575,111.51503,632.1008,198.26869,560.4946,378.66122,623.8386,545.2833,627.9697,634.7911,597.6748,531.51294,611.4452,638.92224,552.2324,559.0538,556.3635,618.2666
0.5737887242665658,688.925,175.96678,688.925,162.35071,680.7554,162.35071,678.0321,166.43553,645.3535,169.15875,630.37585,230.43112,607.2285,239.96239,594.974,301.23477,559.5722,325.7437,593.6124,358.4223,581.3579,365.23035,588.16595,392.46252,551.4025,401.99377,648.0767,465.98938,642.6303,510.92245,577.27313,551.7707,575.9115,607.5966,663.05444,114.69441,634.4607,205.92218,565.0186,384.29288,603.1437,554.4939,627.65265,637.552,603.1437,553.1323,609.9517,641.63684,554.1258,558.57874,555.48737,615.7663
0.5897664106809176,689.579,181.65704,689.579,168.1731,681.48865,168.1731,681.48865,170.86989,647.77875,173.56668,635.6432,236.94124,607.3269,243.68321,599.2366,311.10297,561.4815,332.67728,595.19135,363.69037,583.0558,369.08392,589.7978,394.70343,553.3911,405.4906,650.4755,460.77478,645.082,513.3622,576.31384,560.556,573.61707,607.7498,665.3079,122.327675,636.9916,209.97334,566.87506,389.30984,608.6753,564.6012,627.55286,637.4145,605.9785,561.9044,611.37213,642.8081,554.7395,563.2528,554.7395,615.8402
0.5668338926938864,691.59393,193.08014,691.59393,181.1938,686.3111,179.8731,681.02826,182.5145,654.6142,182.5145,636.12427,240.62553,611.0309,251.19118,599.14453,313.2643,563.48553,340.99915,596.5031,368.73395,584.61676,377.97888,589.8996,397.78946,555.5613,409.6758,651.9728,479.6732,651.9728,514.01154,576.69257,562.8776,576.69257,607.7816,674.42474,133.6484,640.0864,216.85284,566.1269,395.14804,603.1067,561.55695,628.2001,638.15784,605.74805,562.8776,612.3516,643.4407,554.24054,564.1983,554.24054,614.38513
0.5711587037031467,691.75854,196.9018,693.06494,185.14444,686.5331,185.14444,625.13354,186.4508,655.1801,189.06355,635.58453,243.93121,612.0698,255.68857,600.3125,317.0881,563.734,347.13467,599.0061,370.64938,585.9424,382.40674,591.16785,403.30872,555.8958,413.75967,653.8738,482.99744,653.8738,516.96313,576.7978,561.3798,575.4914,608.40924,674.77576,138.115,639.50366,221.72287,567.65314,399.3896,605.53796,566.6053,629.0527,638.4558,606.84436,566.6053,612.0698,644.9877,555.8958,563.99255,554.5894,614.9411
0.5747978756060967,694.33,200.6027,694.33,188.9614,687.8626,188.9614,625.77563,190.25487,656.8191,192.84183,638.7104,247.16798,612.8408,258.8093,602.493,319.60284,564.98206,348.0594,599.906,373.929,586.9712,386.86377,590.8517,406.266,555.92773,417.9073,654.2322,479.99432,655.52563,518.7987,577.9169,560.19006,575.3299,608.0488,673.63434,141.10265,640.0039,226.4723,568.8625,402.38553,605.07996,560.19006,628.36255,639.09235,606.3734,560.19006,611.5473,645.5597,555.92773,562.77704,554.6342,613.2227
0.5802767460162823,693.8122,204.64885,693.8122,193.04568,688.6552,194.33493,626.7717,195.62418,657.7135,196.9134,638.3749,251.06145,613.87933,260.08612,599.6977,321.9696,570.0452,347.75436,599.6977,377.4069,586.8053,389.01004,590.67303,409.63785,557.15283,422.53024,655.135,470.2321,656.42426,519.22314,577.78064,554.03265,576.4914,608.18066,674.4736,146.63309,640.95337,229.14438,568.756,405.77014,604.8547,564.34656,628.061,639.1224,604.8547,563.0573,611.30084,644.27936,555.8636,560.4788,554.57434,613.33765
0.5788119790645746,694.9563,205.06972,694.9563,193.54224,689.83295,193.54224,679.5863,197.38474,661.65466,198.66556,638.5997,253.74135,612.98303,265.26883,601.4555,328.0296,566.87305,356.20792,600.1747,380.5437,589.92804,390.79037,593.7705,412.5645,557.9072,424.092,656.5313,483.01028,657.81213,521.43524,577.1197,554.7369,577.1197,608.5318,674.46295,147.43228,641.1613,231.9672,570.7156,408.72202,605.29803,561.14105,627.07214,639.2718,605.29803,557.2985,610.4213,644.39514,556.6264,559.8602,556.6264,613.65515
0.5790912887224784,695.4902,207.06094,694.2199,195.62874,690.4092,195.62874,629.43744,199.43948,659.92334,200.70972,640.8696,255.33026,614.19446,265.49222,601.49207,322.65326,571.00616,351.8689,601.49207,381.08453,590.0598,392.51672,593.87054,412.84064,558.3037,424.27286,658.6531,459.83972,659.92334,522.0817,578.6276,555.1081,577.35736,608.4584,675.16626,149.89992,642.1399,233.7361,572.2764,409.0299,604.03253,562.72955,626.8969,640.21454,605.3028,560.1891,610.3837,645.2955,558.3037,560.1891,555.7632,613.53937
0.5841885747817847,694.0529,206.6129,694.0529,195.17793,688.9707,195.17793,629.2547,197.71904,661.0185,200.26015,640.6897,256.1645,615.2786,263.7878,602.57306,324.77435,572.0798,352.7265,603.8436,380.67868,589.86755,392.11365,597.49084,412.4425,561.9154,425.14804,658.4774,453.10022,661.0185,521.7101,580.9737,549.66223,578.43256,608.10767,676.26514,148.16747,643.2308,233.29453,574.6209,409.9014,605.1142,559.82666,626.71356,639.8715,606.38477,558.5561,610.1964,644.95374,559.37427,558.5561,556.8332,613.1899
0.5812823543181787,693.1611,204.45956,691.8929,193.04594,686.8202,193.04594,631.0203,195.5823,660.1884,196.85048,641.1658,255.1867,615.8022,260.25943,604.38855,327.4729,573.9523,350.3001,604.38855,379.46823,590.4386,392.15,598.04767,409.9045,560.0023,422.5863,658.9203,458.0953,661.4566,520.2361,580.2932,550.67236,577.75684,607.74036,675.4066,147.39151,643.70215,231.09131,575.22046,407.36816,605.65674,560.81775,627.2158,639.4448,606.9249,558.28143,610.7295,644.5176,560.0023,555.74506,557.46594,612.8131
0.5670302796822327,691.819,201.11223,691.819,189.6548,686.72675,189.6548,625.6204,193.47394,658.71967,194.747,635.8048,250.7611,617.9822,258.39938,598.8864,320.77875,573.4255,343.6936,601.43256,375.5198,589.9751,386.97723,595.06726,408.61905,563.2411,420.07648,658.71967,458.26794,661.2658,519.37427,578.51764,553.7465,579.7907,608.4876,672.7232,143.82506,643.4431,229.11928,573.4255,404.79993,602.70557,555.0196,628.16656,640.3138,602.70557,551.20044,611.6169,645.406,556.87585,557.5657,556.87585,616.1259
0.573151442867059,690.8873,198.84103,690.8873,187.25526,684.4508,187.25526,623.9473,191.11719,656.13,192.4045,638.10767,250.33334,616.22345,254.19527,598.2012,321.13525,575.0296,341.73218,603.3504,373.9149,589.19,386.78796,596.9138,409.9595,563.44385,420.25797,661.27924,462.73914,661.27924,519.3807,576.3169,561.8618,577.60425,606.9176,670.2904,142.1995,641.9696,225.8745,573.7423,406.0976,607.2123,570.873,627.8092,639.1003,607.2123,572.1603,612.3616,644.2495,557.0073,563.1491,555.72,613.3541
0.5652936490682455,691.3546,195.18692,690.06024,184.83188,686.1771,184.83188,620.1637,187.42064,657.70074,190.0094,633.1075,245.66777,616.2806,254.72842,598.15924,316.8587,570.97723,342.7463,602.04236,371.2227,587.8042,386.75525,592.9817,407.46536,563.21094,416.526,660.2895,478.65628,660.2895,517.48773,578.7435,557.6135,580.0379,606.8,670.64453,138.23418,639.5794,224.95767,570.97723,402.2878,604.63116,573.14606,629.22437,640.45386,603.33673,569.26294,612.3974,643.0426,558.03345,564.0854,559.3278,613.27185
0.5651152237103536,689.7921,186.791,689.7921,176.27016,684.53174,174.95505,620.0915,180.21547,652.9692,181.53058,633.24255,242.02548,612.20087,247.28592,599.0498,314.35635,568.8023,341.9736,602.9951,369.59082,588.52893,382.74188,592.47424,401.15338,563.54193,409.04404,659.5447,478.7447,658.2296,514.25256,578.00806,555.0209,579.3232,606.31,667.4353,131.55653,637.18787,217.03845,572.7477,394.57785,605.6253,570.8021,629.29724,637.87256,602.9951,565.5417,612.20087,641.8179,558.2815,561.5964,558.2815,614.2007
0.5752115157934335,688.9685,180.95059,687.64294,170.3463,682.3408,170.3463,621.3661,175.64844,650.5279,175.64844,634.62146,236.62317,610.7618,243.25085,601.48303,309.52774,568.3446,336.03848,602.80853,363.8748,586.9021,374.47906,594.85535,398.33875,564.368,406.292,657.1556,476.54547,657.1556,513.6605,577.62335,558.7288,577.62335,605.1226,663.78326,125.278015,637.2725,211.43796,576.2978,391.71106,616.0639,585.23956,629.31934,636.9355,604.1341,568.00757,612.08734,640.9121,557.7403,562.7054,557.7403,613.07587
0.5760465757204936,686.5534,176.02127,685.2156,163.98059,679.86414,163.98059,616.9851,170.66986,647.75574,172.0077,630.36365,233.5489,610.29584,238.90031,598.2552,308.46863,567.4846,331.2121,602.26874,359.30698,588.89026,374.02338,595.57947,396.76685,564.8089,403.45612,657.12067,479.71368,654.445,511.8221,578.18744,557.3091,576.84955,606.80963,661.1342,118.49363,634.3772,208.12971,576.84955,390.07758,623.6744,582.7283,629.0258,636.2424,600.9309,566.6741,612.97156,640.2559,556.7818,562.6605,558.1196,614.83673
0.5500209480524063,685.8592,168.15747,684.49475,155.8775,680.4014,155.8775,666.757,162.6997,649.0193,164.06415,627.18823,226.82849,609.45044,232.28625,597.1705,301.8728,568.5172,329.16165,602.62823,348.26382,587.6194,364.63715,593.07715,390.56155,563.05945,397.38376,657.20593,475.15695,651.74817,509.268,579.43274,559.7524,576.70386,606.1434,659.9348,112.21535,634.01044,200.90408,573.975,383.73932,621.7304,566.5746,629.9171,636.16113,598.5349,559.7524,614.9082,640.25446,557.6017,563.8457,557.6017,615.69446
0.5502301569168384,683.74786,160.87926,683.74786,149.8692,678.24286,149.8692,612.18256,155.37424,646.5889,156.75049,623.1926,215.92949,610.8063,226.93954,592.915,291.62357,568.14233,316.39618,603.92505,334.2875,587.41,361.81262,588.7862,386.58524,564.0136,392.09027,656.2227,473.28937,650.7177,504.94324,576.3999,559.99347,575.0236,605.4099,657.599,105.82902,631.45013,192.53314,573.6474,378.3277,623.1926,583.38983,630.07385,635.68756,592.915,564.12225,614.93506,639.81635,554.3798,564.12225,557.1323,615.0437
0.5376380464205375,681.17175,153.012,681.17175,141.89366,672.833,141.89366,661.71466,147.45284,640.8678,150.23242,626.96985,208.60368,610.29236,219.72203,596.3945,286.43204,568.59863,307.27893,600.56384,339.24414,582.4965,351.7523,585.2761,382.32773,561.64966,389.27667,653.3759,471.2744,649.20654,504.62943,575.54755,560.2211,572.768,604.69446,651.98615,97.42031,629.74945,186.36702,572.768,375.37875,631.1392,546.3232,628.3597,635.2699,622.8005,547.713,615.85156,639.4393,551.9211,561.6109,556.09045,615.8128
0.6122442128566595,675.01697,137.34439,673.58105,125.85688,666.40137,124.42094,664.96545,133.03658,634.8107,133.03658,626.19507,197.65382,607.5279,197.65382,598.91223,279.50232,568.7575,285.2461,606.0919,335.50394,590.29663,344.11957,597.4763,372.83835,565.8856,378.58212,652.042,471.91815,641.9904,496.3291,577.37317,563.81824,573.06537,604.02454,647.73413,79.90684,627.63104,170.37099,581.68097,365.65866,626.19507,563.81824,627.63104,635.6152,614.7076,559.5104,610.3997,638.48706,555.83405,565.25415,555.83405,615.512
0.617372337442178,675.3762,127.73274,673.9243,116.1176,668.11676,114.6657,660.85724,124.82896,636.1751,124.82896,626.01184,193.06793,605.68536,195.97171,598.42584,274.37393,566.48425,283.0853,605.68536,329.54587,594.0702,338.25723,599.87775,368.74698,567.9361,374.55453,649.2421,470.3795,636.1751,493.60977,576.64746,561.84875,572.2918,605.4055,646.3383,71.10892,626.01184,164.03006,582.455,361.48752,627.46375,558.94495,626.01184,635.89526,615.8486,551.6855,608.5891,640.251,553.4172,564.7525,554.8691,615.5688
0.6492299334361002,673.3929,120.69658,671.91675,108.88764,666.0123,107.41152,620.2527,114.79211,636.49,114.79211,624.681,185.64574,604.0154,185.64574,602.53925,268.3083,565.63635,274.21277,611.396,327.35297,598.1109,331.78134,601.0632,365.73203,570.0647,370.16037,645.3467,469.0602,632.0616,491.20197,578.9214,563.53174,570.0647,604.863,643.87054,63.12801,624.681,154.64728,583.34973,356.8753,632.0616,576.8168,626.15717,635.86145,623.2049,559.1034,608.4437,640.2898,558.25574,567.9601,552.3513,616.67194
0.5600075377867773,670.8574,111.72267,667.8914,98.37567,661.9594,99.858665,607.08844,105.79067,630.8164,108.75667,618.95245,175.49168,598.1904,179.94069,595.2244,262.9887,564.0814,264.4717,613.02045,310.4447,593.7414,322.30872,595.2244,360.86673,570.0134,366.7987,638.23145,469.12573,627.8504,485.43875,443.9584,432.05072,570.0134,604.07874,639.7144,53.88566,618.95245,148.79768,578.91144,353.45172,420.23038,500.26874,626.36743,635.22174,412.8154,500.26874,610.05444,641.15375,420.23038,406.83972,552.2174,621.87476
0.578301496230639,668.6983,104.651886,667.18695,89.53839,659.6302,92.56109,605.2216,100.117836,626.3805,103.14053,620.33514,171.15128,594.64215,174.17398,600.68756,254.27551,564.41516,260.32092,615.8011,307.17276,599.1762,316.24084,597.66486,357.0473,571.9719,361.58136,633.93726,468.88718,624.86914,484.00067,593.1308,429.5921,568.9492,601.886,635.4486,48.731945,617.31244,143.94698,581.04004,349.49054,635.4486,502.13687,623.3578,632.113,630.91455,502.13687,609.7557,638.1584,426.88232,400.87643,550.81305,618.5108
0.6252938698117549,664.34467,95.216934,664.34467,82.91371,656.65515,84.451614,598.2149,90.603226,625.89716,92.14113,616.66974,161.34674,593.6012,164.42253,602.8286,244.39346,562.84314,252.08298,616.66974,302.83374,599.7528,312.06116,598.2149,352.04663,573.60846,356.66034,630.51086,464.3135,621.28345,481.23044,593.6012,550.43604,567.45685,602.72473,635.1246,39.852448,613.59393,132.12659,582.8359,344.35712,638.2003,544.2844,624.35925,630.407,635.1246,524.2917,610.5181,636.55853,567.45685,550.43604,549.002,618.10376
0.6940502398289167,664.7814,90.04182,661.6925,76.14186,655.5148,76.14186,601.45935,82.31962,627.71484,82.31962,618.4482,154.9083,595.2816,154.9083,593.7372,244.4858,561.3039,244.4858,615.3593,304.71896,604.5482,309.35226,598.3705,351.05215,575.20386,354.14102,632.34814,466.88513,615.3593,479.24066,586.01495,554.9182,569.0261,602.79584,633.8926,32.897545,613.8149,124.01949,586.01495,340.24106,629.2593,574.9959,626.1704,633.68463,624.626,556.46265,610.726,639.86237,565.93726,562.6404,550.49286,616.6958
0.6961478155392867,658.72345,80.4241,655.6024,66.379295,649.3603,66.379295,597.8627,72.62143,619.71014,72.62143,611.9075,145.96652,590.06,147.52705,588.49945,233.35641,561.9704,230.23534,615.0285,291.09616,607.2259,300.45935,594.7416,344.1543,577.57574,345.71484,621.2707,467.43646,607.2259,476.79968,586.9389,551.7053,565.09143,601.6424,627.5128,22.684351,608.7864,114.755844,583.8179,331.67004,629.07336,568.87115,624.3917,632.853,624.3917,553.2658,608.7864,639.0952,585.37836,564.1896,547.9256,615.6872
0.7148617918674762,656.44073,78.17344,653.2999,64.039665,647.01825,64.039665,598.3352,70.32134,617.18024,70.32134,609.3282,142.56062,587.3423,142.56062,590.48315,228.93367,562.2156,224.22241,615.60986,288.6096,606.1873,298.0321,595.1944,346.7151,582.63104,348.28552,615.60986,467.63736,604.6169,475.48947,585.7719,550.86957,565.35645,599.55255,625.03235,20.067932,606.1873,112.72266,587.3423,332.58133,629.7436,566.5738,625.03235,632.5314,623.4619,550.86957,607.75775,640.3835,579.49023,565.00336,549.6522,615.2568
0.7216591903796563,654.4906,74.55496,649.7813,61.9968,645.072,60.42703,596.4091,68.27588,613.6766,68.27588,610.53705,142.05508,583.85095,142.05508,593.2696,229.96222,558.7346,223.68314,616.81616,286.47397,605.82776,295.89258,596.4091,346.12524,580.7114,347.695,608.9673,468.56732,597.9789,476.41617,585.4207,548.6256,565.01373,600.42804,621.52545,18.043228,602.68823,110.659676,588.5603,331.99728,627.8045,565.89307,624.665,633.3932,623.0952,550.1954,607.3975,641.24207,577.5719,562.75354,549.31604,614.55597
0.7272760856610078,651.17426,74.54148,646.4566,60.388493,641.73895,60.388493,596.1348,66.67871,610.28784,66.67871,608.7153,140.58878,581.9819,142.16133,596.1348,230.2244,558.39355,227.07928,618.15063,285.26382,607.14276,296.2717,597.7074,346.59344,581.9819,348.16602,603.9976,467.68015,591.4172,477.11548,585.12695,547.88043,564.6838,599.7748,619.7232,16.356958,600.85254,109.13769,589.84467,330.8679,627.58594,566.7511,622.8683,632.7984,621.2957,551.0256,607.14276,640.6612,578.83673,560.4609,548.9582,615.5003
0.7228816014069778,650.6785,74.40999,645.9608,61.82949,639.6706,61.82949,595.63885,66.54717,608.2193,68.119736,605.0742,140.4576,581.4858,140.4576,592.4937,226.94852,559.4699,225.37596,619.22723,285.13333,606.6468,296.14127,595.63885,346.46326,581.4858,346.46326,600.3565,467.55054,589.3486,478.55847,583.05835,549.3238,562.61505,601.2183,617.6547,17.797747,598.78394,110.57892,589.3486,330.73764,627.0901,565.0494,622.3724,632.66956,620.7998,550.89636,605.0742,640.5324,575.1955,566.62195,548.462,615.3714
0.7380850452643174,645.9047,78.03135,642.771,65.49647,636.50354,63.92961,591.06464,70.19705,603.5995,70.19705,605.1664,140.70572,578.5298,142.27258,597.3321,226.883,556.59375,231.58357,619.2681,286.42365,606.7332,300.5254,595.7652,342.8306,581.66345,344.39746,595.7652,461.91193,581.66345,476.01364,583.23035,544.95544,562.86115,598.2287,614.5675,20.057545,595.7652,110.935394,589.4978,328.72885,628.66925,560.6241,622.40186,629.56586,620.83496,548.0892,606.7332,637.4002,573.82916,555.92346,548.7594,613.8973
0.7312461206546197,644.018,77.97998,640.87683,65.415405,634.59454,63.844833,590.6185,70.12712,603.1831,70.12712,603.1831,142.37343,574.91284,145.51457,596.9008,231.89603,560.7777,247.60175,623.6006,286.86603,607.89484,302.57178,596.9008,346.5478,581.1951,348.11835,593.7597,462.77008,579.6245,476.90524,581.1951,544.4398,563.9188,599.40985,612.60657,18.298248,595.33026,112.53256,589.048,330.84204,628.31226,561.7161,623.6006,629.25073,620.4594,547.581,606.3243,638.67413,571.77167,555.43384,549.7837,615.1156
0.7279528001180062,643.48724,79.83595,640.34576,65.699394,632.4921,65.699394,590.08246,70.411575,601.0776,70.411575,602.64825,142.66512,575.94586,144.23584,594.7946,229.0552,558.66785,240.05031,621.497,285.60144,607.3605,301.30875,596.36536,345.28915,580.6581,346.8599,593.2239,461.5231,579.08734,475.65967,582.2288,544.7717,563.38007,598.1765,612.07263,20.14825,594.7946,112.82126,588.5117,331.1526,629.35065,563.6205,623.06775,628.0204,621.497,549.48395,607.3605,637.44476,572.80444,554.1961,549.24347,613.8838
0.7228857725858688,642.21265,79.674965,640.64044,65.525055,632.7794,65.525055,588.75745,70.24169,601.33514,70.24169,601.33514,140.99124,576.17975,144.13567,595.04626,229.03513,558.88544,236.89618,620.20166,285.63477,609.1962,301.35687,593.47406,346.95105,580.89636,348.52325,591.90186,463.29474,579.32416,477.44464,582.4686,545.0498,563.60205,600.0772,612.34064,18.358688,593.47406,111.11921,588.75745,332.80115,628.06274,563.9163,621.7739,628.377,620.20166,549.7664,607.624,637.8103,573.03534,556.0553,549.45215,614.2271
0.7276711922425491,642.5988,77.57457,641.0274,63.43175,633.1703,63.43175,586.0276,68.14603,600.17035,69.717445,600.17035,140.43152,576.599,143.57437,593.8847,230.00267,559.31335,236.28836,619.02747,286.5739,609.59894,300.71674,592.31323,346.28802,579.7419,347.85947,593.8847,462.5734,581.3133,476.71622,581.3133,545.8588,564.02765,600.8587,611.17035,17.860464,592.31323,110.57446,586.0276,332.1452,628.456,561.57306,623.74176,629.1443,619.02747,549.0017,608.02747,638.5729,571.88477,558.43024,549.8848,616.57294
0.7269787845703272,642.8798,77.274704,639.74335,63.160553,633.4704,63.160553,586.4232,67.86527,600.53735,67.86527,600.53735,138.43602,575.44556,141.5725,595.83264,227.82564,561.3314,234.0986,619.3562,285.8505,608.37854,299.96463,592.69617,345.44357,580.15027,347.0118,594.2644,464.62973,581.7185,477.17563,581.7185,546.17816,562.89966,601.0665,611.515,17.681622,592.69617,110.20772,586.4232,331.3294,625.6292,561.86053,622.49274,629.2948,619.3562,546.17816,606.8103,638.7043,573.8773,558.72406,548.78546,616.7489
0.7231489442861997,641.26263,77.20579,639.6937,63.08561,631.8492,63.08561,586.3508,67.792336,598.9021,67.792336,598.9021,139.96213,575.36847,143.09995,592.62646,230.95882,564.3861,245.079,620.8668,287.4395,611.45337,301.5597,592.62646,343.92023,581.6441,345.48914,597.3332,463.15726,584.7819,474.13962,581.6441,546.3094,564.3861,601.2212,611.45337,17.587265,591.05756,110.15286,586.3508,329.80005,627.14246,563.5674,624.00464,629.46155,619.2979,547.8783,608.31555,638.875,573.79956,560.42957,548.697,616.9103
0.7294646593240591,643.5109,77.35421,640.3679,63.210674,634.0819,63.210674,586.93677,69.49669,601.0803,69.49669,597.9373,140.21439,575.9362,143.3574,593.2228,229.79015,566.5072,242.36218,621.5099,286.36432,613.65234,302.07935,593.2228,342.93848,580.65076,346.08148,597.9373,462.3728,585.36523,474.94485,582.2222,547.2341,564.9357,599.0937,612.0808,17.637043,591.6513,110.355804,586.93677,328.79492,627.7959,562.9491,623.08136,630.5238,619.93835,548.80554,607.36633,638.3813,574.36475,561.37756,549.22064,614.8087
0.7273809428398426,642.1715,78.87711,639.02856,64.73381,632.7427,64.73381,585.5983,69.44824,601.3131,69.44824,598.17017,140.16478,574.59796,144.87921,591.8842,231.31055,568.3121,248.5968,621.7423,287.88376,615.4564,302.02707,593.4557,342.88553,582.4553,344.457,596.59863,462.3179,587.1698,473.31824,582.4553,548.7492,565.16907,599.03656,610.74194,19.160929,591.8842,111.87817,587.1698,328.74222,628.0282,564.464,623.3138,630.4661,621.7423,550.3207,607.599,638.3235,576.16943,564.464,549.4543,614.75134
0.7261443332983897,640.11,78.853874,638.53723,64.69929,632.24634,64.69929,585.0644,69.41748,600.7917,69.41748,596.07355,138.61766,577.20074,141.76312,591.35535,226.6906,572.48254,240.84518,619.6645,288.0271,618.09174,300.60895,591.35535,339.92725,581.91895,339.92725,599.219,461.02753,589.7826,470.46393,583.49164,547.5278,564.6189,597.85516,611.80084,19.090088,591.35535,108.73576,585.0644,324.19992,627.52814,566.4005,624.3827,630.8825,621.23724,552.246,607.08264,637.1734,578.7735,564.8278,548.8916,613.58246
0.7244074401947168,639.5452,78.90378,637.9724,64.748695,631.6813,64.748695,584.4977,69.46706,601.79834,69.46706,597.07996,138.66968,578.20654,141.81525,595.5072,225.17294,575.061,237.75525,620.67175,288.0844,617.5262,300.66672,592.36163,336.84082,582.92487,336.84082,598.6528,461.09097,592.36163,470.52768,582.92487,547.59424,565.6242,597.9234,611.23505,20.710663,590.7888,108.78673,586.07043,322.68573,628.5357,564.8949,623.8173,630.95197,620.67175,552.3126,606.51666,638.81586,578.20654,564.8949,549.89636,613.6513
0.7213426828384399,640.0551,77.341225,636.9071,64.749306,633.75916,63.175316,581.8175,67.897285,603.85333,69.471275,595.9834,138.72682,581.8175,140.30081,589.68744,228.44423,581.8175,233.1662,621.16724,288.25583,621.16724,299.27377,591.2614,337.0495,584.96545,337.0495,600.7053,459.8207,594.40936,469.26465,584.96545,547.9641,566.0776,596.7578,611.72327,19.103607,591.2614,107.247025,584.96545,322.8836,627.4632,565.278,624.3152,629.8116,621.16724,552.6861,608.5753,636.10754,580.24347,565.278,548.7637,612.4977
0.7038789701003295,641.30145,77.436295,638.1569,63.28586,635.0124,63.28586,581.5552,66.4304,605.1392,68.00267,590.9888,138.75487,584.6997,141.89941,586.272,229.94658,594.1333,237.80794,616.14514,289.69287,625.57874,302.27106,589.4165,336.86102,586.272,338.4333,600.4224,461.0704,597.2779,470.50406,581.5552,553.8344,565.83246,597.858,611.4283,19.26227,592.56104,107.30945,584.6997,324.28284,627.151,567.98486,625.57874,629.3034,620.86194,555.4067,609.856,637.1648,576.8383,571.1294,550.10974,613.5807
0.7025517523288727,640.3214,77.61955,637.1727,63.450584,632.44977,63.450584,580.4968,68.17358,605.68616,68.17358,569.47656,140.59277,591.51715,143.74142,566.3279,231.90393,613.5578,236.62692,597.81445,298.02582,626.1524,305.89746,585.21985,337.38406,589.9428,338.9584,591.51715,457.03317,600.96313,466.47916,583.6455,551.493,567.9022,598.7229,608.8348,19.369335,591.51715,107.53183,586.7942,324.78943,629.3011,562.5133,626.1524,628.6352,621.42944,553.0673,608.8348,636.50684,572.6252,570.38495,552.1589,612.89185
0.676087872340129,640.3801,76.44427,637.2318,63.850998,634.0835,62.27684,578.9879,68.57348,610.47107,68.57348,564.8205,140.98479,593.15533,147.28142,528.6148,233.86017,618.3419,244.87927,563.24634,288.95572,627.78687,304.69733,580.5621,336.18048,590.007,339.3288,593.15533,455.81656,599.45197,465.26154,586.8587,551.8403,567.9688,597.49084,610.47107,18.200392,593.15533,109.50161,583.7104,323.58722,630.9352,561.2852,626.2127,627.3999,623.0644,550.2661,608.8969,635.2707,574.26544,569.156,552.22723,613.2325
0.6677354448116742,640.30524,76.37472,635.58075,63.775963,632.431,62.20112,572.587,68.500496,610.38324,68.500496,555.2637,144.09302,600.93414,150.3924,528.49133,237.00882,630.8562,244.88304,572.587,284.25415,629.2814,301.57742,572.587,339.3737,594.63477,342.52338,588.3354,454.3373,599.3593,463.78638,586.76056,550.4028,569.43726,596.0733,605.6587,16.53064,591.4851,109.44644,582.036,326.77493,630.8562,559.85187,626.13165,627.5701,622.982,550.4028,610.38324,635.4444,574.1618,570.8758,553.68884,611.8217
0.6686452122835013,639.2465,76.480644,636.09894,63.890434,632.9514,62.316658,571.57416,68.61176,612.4923,68.61176,551.11505,145.72679,606.1972,147.30057,524.36084,238.57957,637.6727,238.57957,566.8528,288.9404,629.80383,299.95685,565.27905,339.30124,598.3283,342.4488,585.7381,455.76065,599.9021,466.7771,587.3119,550.1872,570.00037,597.4005,606.1972,16.677155,590.4594,109.52994,581.0168,328.2848,629.80383,553.3348,625.0825,627.30225,621.93494,547.0397,612.4923,635.17114,573.1479,569.0725,554.2626,613.13824
0.6713822885201528,638.2748,75.698044,633.547,63.09056,631.97107,61.514626,567.3577,69.3943,611.4839,67.81837,543.7187,146.61514,613.0598,146.61514,518.5037,239.59532,644.57855,234.86752,561.05396,293.17712,631.97107,293.17712,561.05396,343.60706,600.4524,345.18298,581.54114,457.0744,600.4524,468.10596,583.11707,553.2065,568.93365,600.4845,602.0283,17.388435,587.84485,107.21675,579.9652,330.99957,628.8192,553.2065,624.0914,627.2754,620.9395,546.9027,613.0598,636.731,572.0855,573.6936,553.1743,614.66797
0.6362238320020529,636.9246,76.662575,633.78143,64.0899,630.63824,62.518314,564.6317,68.80465,611.77924,68.80465,539.4864,150.52704,619.63715,147.38387,509.62628,240.10735,651.06885,229.10626,555.2022,287.25488,641.63934,285.6833,556.7738,343.8319,600.77814,348.54666,580.3476,460.12915,599.2066,469.55865,583.4907,551.28107,570.918,600.0002,600.77814,16.94237,586.6339,108.09426,577.2044,332.8308,627.4951,548.1379,625.9235,623.5739,619.63715,541.85156,616.494,633.0034,566.2033,573.2832,555.2022,617.2876
0.6418863362990893,636.3443,77.27181,631.6048,66.21301,630.025,64.63318,562.09235,72.532326,612.64685,70.9525,530.4957,151.52379,625.2855,145.20447,492.57986,235.25473,666.3611,219.45645,528.9159,285.80927,641.0838,288.96893,546.29407,337.94363,601.5881,342.68314,584.20996,459.59048,593.6889,476.9686,587.3696,544.90125,568.4117,609.67426,601.5881,20.397964,585.7898,110.44823,573.1511,330.0445,626.86536,543.3214,625.2855,627.05237,614.2267,533.84247,617.38635,636.5314,573.1511,548.0609,554.1932,625.47253
0.6456792320196445,634.78784,77.73042,631.618,66.63598,630.0331,66.63598,561.88153,74.560585,614.1839,74.560585,530.1831,150.63678,628.4482,145.88202,488.97516,226.71297,672.8259,218.78836,525.42834,282.18518,644.29736,288.52487,546.0323,336.07248,599.9196,343.9971,577.7307,462.86615,593.5799,480.30026,574.56085,554.79156,568.2212,613.4336,599.9196,20.673283,585.65533,111.01376,572.97595,328.1479,620.52356,554.79156,623.6934,627.6979,606.2593,550.0368,615.7688,638.79236,555.5418,573.8106,552.372,629.28284
0.6623322138419518,631.1745,77.17114,626.4073,66.04771,627.9964,66.04771,561.25574,73.99301,613.6948,73.99301,527.88544,151.85706,631.1745,145.50081,486.56985,229.72112,675.6683,218.59767,527.88544,285.3383,642.2979,286.92734,546.9542,339.3664,600.9823,344.1336,573.96826,469.6695,594.6261,483.97107,572.3792,571.3695,570.79016,615.8632,597.8042,19.9649,583.5026,110.54144,573.96826,329.83203,618.462,585.671,624.81824,628.57574,605.7495,560.24603,618.462,639.69916,554.89954,599.9726,556.4886,633.3429
0.6797154580171292,624.8043,72.71801,620.02985,63.169044,623.2128,63.169044,559.55304,72.71801,613.6639,72.71801,526.1317,147.51823,632.7618,144.33525,479.97836,223.90996,680.50665,217.54398,522.94867,285.97824,642.3108,287.56973,545.2296,336.90604,602.52344,340.08902,570.69354,469.00006,596.1574,483.32352,575.468,577.2217,575.468,618.6005,594.5659,20.1987,583.4255,109.32237,573.8765,328.94858,623.2128,596.3196,626.3958,629.74097,608.8894,580.40466,621.62134,640.8814,561.14453,604.2771,559.55304,637.6984
0.7105756012293009,618.64246,70.12369,617.0358,62.090393,620.24915,62.090393,557.5895,71.73035,613.8225,71.73035,527.0629,145.63664,633.1024,145.63664,475.64987,219.54294,684.5155,216.32962,519.02966,285.41592,645.9557,285.41592,546.34283,340.04233,602.57587,341.649,567.22943,470.18167,597.7559,481.42828,575.2627,584.25446,580.0827,622.8142,589.7226,20.31727,583.29596,108.683495,573.65607,328.79572,623.46246,600.32104,628.2824,632.45416,610.6092,597.1077,625.0691,643.7008,564.0161,613.17426,565.62274,642.0941
0.7096765969808285,613.9737,70.73637,612.34924,60.9897,618.84705,62.614147,555.4937,72.36081,612.34924,72.36081,521.3804,145.46082,635.0915,145.46082,469.39813,220.18526,688.6981,216.93637,513.2581,277.04083,649.7115,280.2897,545.747,340.39417,604.22705,343.64304,563.6159,471.97415,607.4759,480.09637,574.987,572.6897,592.8559,621.42303,586.35815,20.37859,581.4848,106.474144,573.3626,330.6475,599.3537,595.43195,625.3448,632.7942,566.8648,595.43195,628.5937,642.54083,568.48926,595.43195,581.4848,640.9164
0.7110762756604415,604.9132,68.86206,561.1656,59.140366,616.2552,60.76065,554.68445,72.10262,611.39435,72.10262,519.03827,145.01532,635.69855,146.6356,463.94864,221.16858,692.40845,219.54831,507.69626,282.73932,650.2811,282.73932,544.96277,337.8289,609.77405,339.4492,561.1656,457.72977,609.77405,475.5529,566.0264,550.0859,596.81177,618.1377,583.84955,20.253593,582.22925,107.74883,575.7481,329.72748,580.60895,564.6684,617.8754,631.1,559.5453,556.567,625.97687,639.20135,562.7859,561.42786,588.7104,635.9608
0.7169860211702493,602.20685,68.2591,555.5664,58.60935,615.0732,60.21764,552.3498,69.86739,608.64,71.475685,518.5757,143.84882,635.981,147.0654,462.28546,217.83025,693.8795,217.83025,505.70935,282.16193,650.4556,282.16193,545.9166,333.62726,611.8566,335.23557,558.78296,452.64087,613.4649,471.94037,565.2161,547.5301,602.20685,611.86176,582.90735,20.010345,581.2991,106.85811,578.08246,325.5858,573.2576,555.57153,610.24835,629.553,553.9581,555.57153,624.72296,635.98615,563.60785,558.78815,595.7737,629.553
0.7175511603172009,599.2216,67.95196,556.0512,58.358532,612.0128,59.957436,551.25446,69.550865,607.2161,71.149765,516.0786,143.10046,635.9964,146.29828,458.51804,218.24896,695.1559,216.65007,506.48517,277.40842,648.78766,283.80405,543.25995,333.3701,612.0128,334.969,557.6501,454.8868,615.21063,470.87585,565.6446,552.42,605.61725,608.38165,581.63367,19.984827,578.43585,106.32566,578.43585,325.37555,572.0402,568.409,615.21063,627.5685,556.0512,565.21124,626.40295,633.9641,562.44684,566.8101,600.8205,625.9696
0.7141405183535355,593.23816,68.3155,551.61926,60.311863,610.8462,61.91259,551.61926,71.51695,606.044,71.51695,513.20184,143.54965,633.25635,146.75111,458.77713,218.78381,695.6847,215.58237,501.99677,279.61145,649.2636,281.21216,543.61566,335.63687,610.8462,335.63687,558.0222,457.2921,618.8498,470.09793,566.0258,558.13794,609.2455,602.95825,580.4324,20.29369,577.2309,106.73294,577.2309,326.03253,574.0295,574.1452,618.8498,622.167,556.42145,572.54443,630.05493,628.5699,562.8244,574.1452,604.4433,620.5663
0.7303405725038968,591.428,68.57079,551.85065,59.07224,608.842,60.65533,550.2676,71.73698,605.67584,73.32007,512.2734,144.55922,634.17145,146.1423,456.86514,215.79837,695.91205,215.79837,494.85934,277.53897,651.5855,275.95587,542.3521,329.781,612.0082,328.1979,558.18304,453.2622,621.5067,464.34384,566.0985,559.3294,615.1744,594.1574,578.76324,22.661118,575.59705,108.148094,577.1802,320.28244,574.014,575.1603,615.1744,619.4869,553.4338,573.5772,629.4222,624.23615,564.51544,576.7434,610.4251,611.5714
0.7252610715535971,576.2975,66.850624,554.72675,59.146782,604.0313,59.146782,547.0229,71.47293,604.0313,73.0137,510.04443,143.88907,633.3059,146.97061,453.03598,214.76443,694.9367,216.3052,494.63672,276.3952,650.2544,273.31366,542.4006,327.24057,610.1944,324.15903,557.8083,452.04285,624.06134,458.2059,565.5121,559.89667,622.52057,584.54895,576.2975,23.709097,574.7567,106.910614,576.2975,317.99594,571.6752,576.8451,620.9798,606.11975,551.6452,576.8451,634.8467,610.742,567.05286,575.3043,619.439,601.49744
0.7377720819069788,576.38776,66.14277,551.7619,58.44718,601.0137,59.986298,545.6054,72.29924,602.55273,72.29924,510.2057,144.63779,633.33514,147.71602,453.25833,216.97632,694.89984,216.97632,494.8145,278.54102,648.7263,273.92368,540.98804,324.71457,611.7875,321.63632,556.3792,450.9222,625.6395,455.53958,567.1531,560.1996,628.7178,581.74725,574.84863,24.58659,573.3095,109.23807,576.38776,317.01898,573.3095,574.05164,634.87427,600.2167,553.301,574.05164,644.10895,606.3731,567.1531,577.1299,625.6395,598.67755
0.7331618185226734,576.60956,66.922714,553.88135,59.346645,602.36816,59.346645,546.30524,71.46836,602.36816,72.983574,509.9401,145.71387,632.6725,147.2291,453.87717,218.44417,694.79626,215.41374,493.27274,276.02234,646.3094,274.5071,541.7596,319.96356,611.4595,318.44833,556.91174,450.272,626.61163,456.33286,566.00305,557.85223,632.6725,582.09564,573.5791,24.496708,573.5791,107.83351,575.0943,313.90268,575.0943,571.48914,647.82465,597.2478,555.39655,568.45874,652.3703,601.79346,567.51825,574.5196,628.12683,600.27826
0.7423521498074899,575.1915,65.45451,555.55133,57.9006,599.364,57.9006,546.48663,71.49765,600.8748,73.00843,510.22784,144.01523,632.60126,145.526,452.81808,218.04358,697.56494,213.51123,495.12003,276.9641,649.21985,273.94254,541.9543,317.75525,611.4503,314.73367,557.06213,447.6826,628.0689,452.21494,566.12683,554.9482,638.6444,582.1423,573.6807,24.663378,573.6807,107.75643,576.7023,311.71213,575.1915,568.5452,659.79535,591.207,557.06213,567.0344,664.3277,598.76086,566.12683,573.0776,634.11206,600.27167
0.7281998304220346,575.9077,65.47284,554.94714,59.484104,599.8627,59.484104,545.96405,71.46158,601.35986,72.95876,510.03162,144.8236,632.8007,146.32079,453.13864,216.68845,697.1796,213.69408,498.05417,276.5758,650.76697,270.58707,544.46686,321.49133,611.84015,318.49695,557.9415,450.24918,628.3092,451.74634,563.93024,555.05206,643.281,577.5098,572.9134,25.048868,572.9134,107.394,577.4049,314.0054,574.4105,565.53235,665.7388,580.5042,556.44434,565.53235,671.72754,587.9901,565.4274,573.01825,638.7895,595.476
0.7380716800689697,571.8985,64.526436,551.3916,57.202568,599.7292,58.66734,545.53253,70.38554,602.65875,70.38554,511.8427,143.62427,634.8838,146.55382,453.25174,215.39822,699.33386,211.0039,498.65973,276.91876,655.3906,269.59488,544.06775,316.46768,612.9122,312.07333,557.25073,445.36783,629.02466,448.2974,564.5746,556.69073,645.1372,569.87366,571.8985,24.977524,573.3632,107.004906,579.22235,310.60858,573.3632,566.94415,667.1088,575.7328,552.8564,569.87366,671.5032,581.59186,566.03937,572.8032,640.74286,587.451
0.7206061241718439,572.0665,65.27247,553.2918,58.051414,598.0623,58.051414,546.07074,71.04932,602.39496,71.04932,512.8539,144.70409,635.6118,146.1483,457.97385,216.91464,700.6013,209.69359,501.30017,274.6831,657.275,266.01782,548.95917,315.121,616.8371,310.7884,559.06866,445.10004,632.7234,445.10004,564.84546,553.4159,650.05396,559.1927,573.51074,24.834555,574.95496,107.154594,582.176,310.7884,573.51074,564.96954,664.4961,567.858,554.736,566.41376,671.7171,570.7464,566.2897,567.858,645.7213,575.07904
0.7289207107745684,574.968,62.957638,552.15967,57.255554,594.9253,57.255554,546.4576,70.08524,603.4784,70.08524,513.67065,144.2123,637.6909,145.63782,459.50085,216.91385,703.26483,208.36072,503.692,273.93466,659.0737,265.38153,550.73413,315.27475,619.1591,309.57266,560.7128,444.9971,634.83984,446.42264,564.9894,554.7622,651.9461,554.7622,573.5425,23.043066,574.968,107.14877,584.94666,309.57266,570.69147,564.74084,663.3503,566.1663,550.73413,566.1663,670.4779,566.1663,566.41486,567.59186,649.0951,570.44293
0.7284053724545699,574.60675,62.744946,554.6496,57.0429,594.5639,57.0429,547.52203,71.29801,604.5425,69.872505,514.7353,143.99908,641.6058,145.42459,461.99136,218.12567,704.32825,208.1471,507.60773,277.99713,658.7119,266.59305,553.22406,313.63492,621.6486,309.3584,561.77716,444.78195,638.75476,444.78195,564.6282,553.1208,654.43536,554.5463,574.60675,22.830631,577.45776,108.361305,587.43634,309.3584,571.75574,564.5249,662.98846,567.3759,550.37305,565.95044,671.5415,567.3759,566.0537,565.95044,651.58435,570.2269
0.7346993730618403,577.55554,64.00196,559.06433,56.88997,597.4691,56.88997,549.10754,71.11395,606.0035,71.11395,517.81476,143.65628,641.5635,143.65628,463.7636,216.19862,705.5714,207.66423,509.2804,277.36176,661.47705,264.56018,554.7971,308.65454,623.07227,304.38733,563.33154,440.93762,640.14105,440.93762,564.7539,550.46234,655.7875,553.3071,576.1331,22.7524,578.9779,108.09632,588.9347,305.80972,573.2883,561.8415,664.32184,566.1087,553.37476,563.2639,672.85626,567.53107,566.17633,564.6863,652.9426,571.7983
0.7299946993589401,576.2357,64.32408,562.01996,57.216198,597.5594,57.216198,550.64734,71.43196,606.0888,70.01038,519.3727,143.93234,643.0498,143.93234,463.9312,217.85431,707.02075,207.90327,510.84323,274.71735,662.9519,264.76633,557.75525,310.25674,625.9909,304.57043,563.4415,439.62018,641.62823,438.1986,564.8631,549.08154,655.844,554.7678,576.2357,24.519947,580.5005,108.39294,590.4515,307.4136,573.3926,563.2973,665.79504,568.9836,552.069,564.7189,672.9029,570.4052,564.8631,563.2973,653.00085,571.8268
0.7257135831392728,576.26404,64.43954,562.0642,58.7596,600.40375,57.33962,552.1243,72.95944,607.50366,71.53946,520.88464,145.37862,644.4233,143.95863,466.92526,219.21777,708.3225,206.43793,512.36475,276.01712,668.563,263.23727,559.22424,308.67676,627.3834,304.4168,563.4842,440.73526,644.4233,440.73526,564.9042,550.07404,655.78314,554.334,576.26404,26.099974,581.944,108.45904,593.30383,307.25677,573.4241,564.27386,664.30304,568.5338,552.1243,564.27386,672.82294,569.9538,564.9042,564.27386,652.9432,571.3738
0.7134852042564979,580.2405,68.316826,564.62036,62.63679,602.96063,62.63679,554.6803,76.836876,611.48065,75.41687,523.4401,147.83731,648.4009,146.4173,472.31982,224.51778,710.8813,208.89769,520.6001,281.3181,668.281,265.69803,563.2004,313.97833,631.3608,309.7183,563.2004,441.7791,645.56085,444.6191,561.7804,551.11975,655.5009,555.3798,580.2405,29.976593,584.5005,112.3371,597.2806,309.7183,571.72046,563.89984,664.021,568.15985,551.84033,565.3199,671.12103,570.9999,563.2004,566.73987,654.08093,573.8399
0.7144397095992014,583.1352,69.152534,567.53467,63.47962,604.4086,62.061394,556.18884,77.66191,612.918,76.24368,526.40607,151.40982,648.3737,148.57336,473.93155,226.57597,712.19403,209.55722,524.9878,284.72336,669.64716,266.28638,564.69824,314.50616,632.7732,310.2515,561.86176,443.56503,648.3737,443.56503,559.0253,555.6051,655.4649,554.1869,581.717,29.442123,585.9717,114.535866,598.7357,310.2515,568.9529,565.5327,665.3925,566.9509,550.5159,568.3692,671.0654,568.3692,559.0253,569.7874,652.6284,572.62384
0.7175056407084832,584.82434,71.920044,569.34357,66.29066,605.9346,66.29066,558.0848,81.77146,614.3786,80.36412,527.12317,154.95348,649.56226,150.73143,475.05136,228.13547,715.7076,211.24731,522.9011,284.42932,673.4872,267.54117,566.5289,313.98358,635.48883,311.1689,562.3068,443.45944,649.56226,444.8668,556.6774,553.2325,656.599,556.0472,583.417,33.92169,587.63904,118.362465,600.3052,312.57626,565.1215,567.3059,665.0431,570.1206,548.23334,568.71326,670.6725,571.52795,555.2701,568.71326,653.7843,572.9353
0.7218841337240659,584.2284,74.612,571.6703,69.03061,606.5539,69.03061,559.1122,84.37942,614.926,82.98407,529.8099,155.54205,651.205,152.75137,478.1821,232.28609,715.3909,214.14659,525.62384,288.0999,674.9259,271.35577,568.8796,314.61148,637.2515,311.8208,561.90283,445.77402,651.205,445.77402,553.53076,557.4017,656.7864,557.4017,584.2284,36.937656,588.4144,119.26307,602.36786,313.21616,563.2982,565.77374,663.7631,568.56445,543.76337,567.1691,670.7398,569.9598,553.53076,572.7505,655.39105,574.1458
0.6992452179010098,586.2144,79.12335,575.1165,72.187164,607.023,72.187164,561.24414,87.446785,616.73364,86.05955,532.1121,158.19594,651.4146,155.42146,480.7843,234.49403,716.6148,215.07271,527.9504,289.98358,676.3849,273.3367,570.9548,317.72833,638.92944,314.95386,561.24414,445.35425,654.1891,446.7415,551.53345,552.17163,656.96356,553.55884,584.82715,40.280685,590.3761,122.12774,604.24854,317.72833,557.0824,568.8185,663.8997,571.59296,544.5973,570.2057,670.83594,572.98016,550.14624,568.8185,655.5763,571.59296
0.7158505366398737,587.95715,86.78684,574.3169,79.966736,612.5095,79.966736,562.0407,96.335,617.96564,94.97098,533.39624,168.62816,653.4302,163.17207,482.92746,239.5573,718.90326,221.82501,529.3042,295.48218,679.3466,277.7499,571.58887,322.76263,639.79,320.03458,560.6767,444.16058,657.5223,448.25266,551.12854,550.55426,656.15826,557.3744,587.95715,48.59423,592.0492,131.79956,605.68945,321.39862,555.22064,566.92255,662.97833,569.6506,542.9444,568.28656,669.79846,572.37866,551.12854,566.92255,654.7942,573.7427
0.7124428405211523,589.94336,91.64482,576.40576,86.22978,615.6648,86.22978,564.22186,99.76739,619.7261,99.76739,534.43915,172.87048,653.5701,167.45543,484.34998,241.9123,718.55066,225.66716,530.37787,297.41647,677.9378,282.52512,573.69824,325.84546,641.3863,324.4917,560.1606,444.97644,658.98517,449.03772,552.038,550.56976,657.6314,555.9848,589.94336,55.093277,594.00464,136.31894,607.54224,324.4917,556.0993,566.81494,663.04645,570.8762,543.91547,569.52246,669.81525,573.58374,550.68427,566.81494,654.9239,573.58374
0.7237605865185077,590.27435,97.20556,579.48444,91.81061,614.55164,91.81061,565.9971,106.64672,619.9466,105.29798,536.3248,178.12982,653.66504,172.73486,486.42154,246.91544,717.0557,230.73059,530.9299,298.16748,679.291,284.6801,572.7408,325.14224,642.8751,322.44476,557.90466,443.83115,660.4087,449.2261,552.5097,551.73016,657.71124,557.1251,590.27435,62.138374,594.32056,143.06264,607.8079,325.14224,556.5559,563.86884,664.45496,567.91504,541.7198,565.2175,669.84985,570.6125,552.5097,566.5663,655.01373,573.31
0.724099697975012,591.02716,103.42799,579.03955,98.10019,615.00226,98.10019,567.052,114.083595,620.3301,111.41969,537.7491,183.34503,653.62885,178.01723,487.13498,251.27452,718.8944,235.2911,529.7574,301.88864,678.93585,289.9011,573.7118,329.85962,644.3052,325.86374,557.7284,445.73932,661.62054,449.73517,552.4006,552.29535,657.6247,556.2912,591.02716,68.79727,595.023,150.04626,608.34247,329.85962,553.73254,562.951,662.95245,566.94684,540.413,565.61487,669.61224,569.6107,553.73254,568.27875,656.2927,573.60657
0.719116747379303,591.30396,109.810745,579.5401,104.58236,618.753,104.58236,567.77625,118.96042,621.3672,117.65332,537.7131,189.5436,655.3517,184.31522,485.4292,253.5913,719.39935,241.82742,525.94916,304.56802,680.1865,296.72546,573.00464,335.93832,643.5878,332.01706,556.0124,447.04147,664.50134,450.96277,552.0911,550.30206,659.27295,556.8375,592.6111,75.826256,596.53235,154.252,608.2962,335.93832,553.3982,562.0659,663.1943,564.6801,541.63434,564.6801,671.0368,568.6014,553.3982,565.9872,656.65875,572.5227
0.6995556262823251,594.01746,116.40471,581.1484,112.54398,622.32947,112.54398,569.5662,126.69998,622.32947,124.12616,539.96735,196.19304,654.5022,191.04541,489.7779,260.53845,718.8476,246.38248,532.24585,308.15408,678.9534,303.00644,573.42694,345.47443,642.92,341.6137,555.4102,445.8533,667.3713,451.00092,551.5495,551.37976,658.3629,557.81433,592.7306,82.94509,596.5913,160.1596,608.17346,341.6137,548.9757,557.81433,667.3713,560.3881,538.6804,561.67505,676.37964,565.53577,552.8364,568.1096,657.076,574.5441
0.7077254905150487,593.398,129.39632,579.59546,126.88676,619.7483,125.63199,569.5573,140.68929,623.51263,139.43451,539.4427,208.44716,656.1368,204.68283,490.50644,273.69547,718.87555,258.63815,531.914,318.86737,681.2323,310.08395,573.3216,354.0011,642.3342,350.23676,551.9904,443.09012,672.44885,445.59967,550.73566,547.2365,659.9011,553.5104,595.9076,95.51738,597.16235,174.56822,607.20056,350.23676,546.9713,558.5295,668.6845,559.78424,539.4427,562.29376,676.2132,564.80334,551.9904,563.5486,657.39154,568.5677
0.7032362440457711,594.1158,136.73483,578.1676,133.05449,616.1978,131.82771,569.58014,146.54907,623.55853,145.3223,541.3642,214.02202,655.45483,210.34167,491.0662,281.49496,718.0206,263.09326,532.77673,324.43228,681.2172,315.84482,573.2605,357.55536,643.187,352.64825,549.95166,440.97647,675.0833,443.43002,549.95166,545.2528,661.58875,551.3867,595.3426,102.38497,597.79614,179.67216,607.61035,355.1018,547.4981,561.201,667.72266,561.201,538.91064,563.65454,676.3101,566.1081,552.4052,562.42773,659.13513,566.1081
0.7089906747524555,595.164,143.33763,578.26465,139.71634,619.3059,138.50925,571.0221,152.9944,624.1343,151.7873,542.05176,219.38466,656.7259,215.76337,492.56085,283.36075,715.87354,268.87558,529.98083,329.23038,679.6607,323.1949,571.0221,358.20068,642.2407,354.57938,549.2943,441.49026,676.03937,443.90448,550.50146,544.09344,661.55426,552.5431,596.3711,109.53895,598.7853,185.58598,606.02783,358.20068,548.0872,559.78564,667.5897,560.99274,539.6376,562.1998,676.03937,564.614,552.91565,560.99274,657.933,565.82117
0.7108938418901883,596.0377,148.92836,579.31726,146.53972,616.3412,144.15108,570.957,158.48293,624.7014,158.48293,541.099,224.17056,655.7538,220.5876,492.13184,291.05252,716.6641,274.33203,532.7387,334.04807,678.44586,328.07648,569.7627,362.7118,641.42194,357.9345,548.2649,440.34262,677.2515,442.73126,550.65356,543.0542,661.7254,550.22015,597.23206,115.48737,598.4264,191.9239,604.398,361.51746,547.07056,559.7747,667.69696,560.96906,538.7103,562.1633,676.05725,564.552,553.0422,559.7747,658.1424,565.74634
0.7185741410805628,595.0129,154.34265,578.55695,150.81638,614.9951,149.64096,571.5044,163.74606,624.3985,163.74606,540.9433,228.39444,656.135,224.86816,491.57547,295.39368,716.08167,277.7623,536.24164,336.53354,677.2926,334.18268,569.1535,364.74374,640.85443,361.21747,547.99585,439.97095,677.2926,443.49722,550.34674,544.5838,662.0121,551.63635,597.3637,120.25533,598.5392,196.65796,604.41626,364.74374,547.99585,559.8643,669.06464,561.03973,538.59247,562.21515,676.1172,564.566,552.6976,561.03973,657.3104,565.74146
0.7038949510225883,596.34644,158.45555,581.1963,157.29015,609.1658,154.95937,570.7077,168.94409,624.31586,168.94409,541.5729,233.0408,654.61615,229.54462,492.62628,299.4683,715.2167,280.82196,533.4151,335.59552,674.42786,337.9263,567.21155,370.55734,640.6314,364.73038,547.39984,441.64642,677.924,441.64642,550.896,543.03577,662.7739,548.86273,597.5118,125.8245,597.5118,201.57515,603.33875,368.22656,547.39984,559.35126,668.6009,559.35126,538.07666,561.68207,676.7586,561.68207,553.2268,559.35126,658.1123,564.0128
0.7100307058829528,597.41693,162.99461,582.40515,160.6851,607.80975,158.3756,570.8576,172.23265,623.9763,172.23265,539.6792,236.89891,655.1547,232.27989,491.17953,303.8747,712.89246,284.24387,530.44116,337.36258,672.476,339.6721,567.3933,375.46948,640.1429,370.85046,546.6077,436.67148,677.09503,441.2905,551.22675,542.90894,663.238,547.52795,597.41693,128.35196,597.41693,204.56578,603.19073,373.15997,547.7625,556.766,671.3213,556.766,538.5245,559.0755,679.40454,560.2302,553.53625,557.9207,658.61896,562.53973
0.6959224618398226,596.3343,169.70265,599.75305,167.42346,595.1947,165.14427,570.1236,179.95901,623.6846,179.95901,539.3545,242.63676,653.3141,238.07838,491.4915,307.59372,713.71265,289.3602,529.09814,340.642,671.5476,345.20038,563.286,377.10904,636.22015,372.55066,547.33167,437.50763,678.3852,440.9264,551.8901,543.49,662.43085,546.9088,597.4739,135.51477,596.3343,213.00728,599.75305,375.96945,548.47125,559.44434,672.6872,557.16516,539.3545,561.7236,680.66437,560.5839,554.16925,558.30475,656.73285,561.7236
0.6987248051625031,597.18896,171.63269,582.4915,169.37154,597.18896,167.1104,570.05524,182.93842,624.3227,181.80785,539.5298,245.1199,653.7176,241.72818,493.1763,306.17084,711.3768,289.21225,527.09344,343.4797,669.5456,346.87143,565.53296,381.9192,636.75903,377.39688,547.4438,436.18668,678.5902,441.83954,551.96606,541.3299,661.6316,545.85223,597.18896,137.71552,597.18896,213.46387,600.5807,379.65805,547.4438,558.2885,670.6762,558.2885,539.5298,560.5496,678.5902,560.5496,555.3578,557.15796,657.1093,561.68024
0.6995686395810201,596.213,173.41484,578.25006,171.16948,597.3357,168.9241,570.39124,183.519,623.1574,182.39632,540.0788,246.38931,653.4699,241.89857,491.80338,308.13693,712.97217,291.29666,527.72925,344.06284,671.43286,347.43088,564.77783,382.2341,636.62964,377.74335,547.93756,436.12292,678.16895,441.73636,552.42834,540.53253,662.45135,546.146,597.3357,138.61163,597.3357,214.95415,600.70374,379.9887,547.93756,557.3728,670.3102,559.61816,540.0788,559.61816,678.16895,560.74084,555.7964,555.12744,657.96063,561.8635
0.7011780853454883,596.11523,174.09305,577.17236,171.86447,598.3438,170.75018,570.48663,185.23592,622.8581,184.12163,540.4009,246.52168,651.8296,242.06453,491.37228,307.80743,712.00104,289.97885,527.0295,346.8075,670.77246,347.92175,564.9152,381.35037,636.22955,376.89322,548.2009,437.0647,677.4582,441.52185,552.6581,540.69336,661.85815,545.1505,597.22955,140.66444,596.11523,215.32166,599.4581,379.1218,549.3152,556.2934,670.77246,558.522,541.5152,558.522,678.57245,560.75055,556.0009,555.1791,657.401,560.75055
0.7054188343194815,595.83154,173.84833,577.9831,171.61726,595.83154,169.3862,570.1744,183.8881,622.6043,182.77257,540.055,244.12679,651.60815,240.7802,490.97165,306.59653,711.8468,289.86356,526.66864,345.64014,670.57214,346.75565,564.5967,381.33713,635.99066,376.875,548.97925,434.88263,677.2653,440.46027,553.4414,538.627,661.6479,543.0892,596.9471,139.26686,595.83154,214.00745,599.17816,379.10608,548.97925,556.4755,671.6877,557.59106,541.17053,558.7066,678.38086,560.9376,555.6724,553.1289,656.07025,559.82214
0.7047312225286777,595.47076,172.22296,596.5939,169.97682,594.3477,167.73068,569.64014,182.3306,622.4245,182.3306,539.31726,244.09947,652.7474,239.6072,489.90216,304.74527,711.14703,287.89923,529.2096,344.05273,669.59344,346.2989,564.0248,378.86792,634.77826,374.37564,549.42487,437.26758,677.4549,440.6368,553.9172,538.34393,661.73193,542.83624,596.5939,137.40778,596.5939,212.6535,598.83997,376.6218,550.548,557.43616,670.7165,557.43616,541.5634,559.68225,677.4549,559.68225,556.1633,552.94385,656.1166,558.5592
0.7016884077053803,595.1552,169.63654,599.6768,168.50615,595.1552,166.24536,568.0258,180.94046,621.15424,179.81007,538.6356,240.85129,650.5445,237.46011,490.0287,303.0229,711.5857,286.067,528.46204,344.8474,670.89154,343.71704,562.37384,374.23764,633.58856,369.71606,549.9395,437.53964,676.5435,439.8004,554.46106,538.1446,661.8484,543.7966,595.1552,135.72476,595.1552,210.33067,597.416,371.97684,552.2003,558.49164,670.89154,558.49164,543.15717,560.75244,677.6739,560.75244,556.72186,552.8397,656.1964,559.6221
0.7069997283128592,593.456,165.63292,575.2515,163.35736,604.83386,162.21957,568.4248,177.01074,620.76276,175.87296,537.7047,238.45097,650.3451,235.03763,489.91785,299.8912,710.6476,283.96225,528.6024,341.98914,669.68744,340.85138,563.87366,370.43372,634.41614,365.88257,550.2203,439.8384,676.5141,440.9762,554.7714,538.82544,661.72296,545.65216,594.5938,131.49947,594.5938,207.73087,599.1449,369.29593,552.49585,558.1677,670.8252,559.30554,543.3936,560.4433,677.6519,561.5811,555.9092,552.4788,657.1718,561.5811
0.7130074821985685,594.2364,162.15503,581.61523,159.86028,609.15234,158.71289,567.8467,172.48146,619.47876,172.48146,536.86743,235.58733,649.3106,230.99782,488.67746,296.39847,710.1217,280.33514,525.3936,338.8515,671.11084,336.55673,563.25714,367.53598,634.39465,362.94647,550.636,442.11566,674.553,440.9683,554.0781,540.79034,661.93176,547.6746,594.2364,128.88103,594.2364,204.60808,597.6785,365.24124,552.9307,556.85364,671.11084,558.00104,542.6043,559.1484,679.14246,560.2958,556.37286,554.5589,656.1949,562.5905
0.7130038348528055,592.1318,157.75595,582.82104,154.26445,592.1318,153.10062,566.52734,168.23048,620.0638,168.23048,535.1038,232.24144,649.15967,226.42226,487.38654,293.92474,710.843,276.4672,523.46545,334.65897,671.2726,332.3313,564.1997,362.59103,635.19366,359.09952,550.23364,440.56802,674.7641,439.40417,554.889,539.4941,661.9619,547.64087,593.2956,124.00472,593.2956,200.81787,597.9509,362.59103,553.72516,556.9516,670.10876,559.27924,543.2507,559.27924,678.2556,561.60693,557.2167,554.6239,657.3065,562.77075
0.7131500507776554,591.0291,150.62555,581.6603,148.28334,592.2002,147.11224,566.436,162.33656,619.13556,161.16545,534.8162,226.74716,648.4131,220.89165,486.80106,288.81555,710.4815,270.07794,524.2763,334.48853,675.34845,325.11972,565.2649,356.73947,635.531,354.39725,551.2117,439.8877,674.17737,439.8877,555.89606,540.6024,661.2952,548.8002,592.2002,119.00579,593.37134,193.95631,599.2268,357.91055,553.55383,558.16895,669.4929,561.68225,544.18506,560.51117,677.6907,562.8534,557.06714,555.8268,657.7819,564.0245
0.7262148146445935,588.5727,140.5332,578.9693,136.93192,610.1804,135.73149,566.965,150.13661,617.383,150.13661,535.7539,213.75928,647.3937,210.15799,485.33594,276.18152,709.8159,261.77637,520.1483,325.39905,671.4022,316.99603,564.56415,347.00674,634.18896,343.40546,552.5599,441.8405,671.4022,438.23923,554.96075,542.6764,661.79877,548.6786,590.9736,108.12166,592.174,181.34773,598.17615,347.00674,556.1612,558.282,670.2018,559.4824,542.9565,560.68286,677.40436,561.88324,557.3616,558.282,656.9971,564.2841
0.7201054164996514,587.90405,133.50737,575.73914,131.07439,609.8009,129.8579,566.0072,143.2393,617.09985,143.2393,535.5949,207.71336,647.51215,204.06389,485.71875,268.53793,709.5532,255.15654,516.13104,319.63058,668.1925,308.68216,566.0072,343.96042,635.3472,340.31094,553.8423,441.27975,670.6255,437.63028,556.27527,541.03204,660.89355,548.331,589.12054,100.6621,591.5535,176.08458,598.8525,342.74393,555.0588,555.62994,668.1925,556.84644,544.11035,558.0629,675.49146,560.4959,557.49176,556.84644,657.2441,564.1454
0.7244366097908753,587.4602,126.10205,578.71747,123.60412,608.69257,123.60412,564.9789,137.34271,616.18634,136.09375,533.75476,201.03986,647.41046,197.29295,486.29416,262.23904,708.6096,249.74942,515.0203,313.44656,667.39386,303.45483,566.22784,339.67477,634.9208,337.17685,554.9871,438.3429,668.6428,438.3429,554.9871,542.00684,659.9001,548.25165,588.70917,94.87796,591.2071,169.81577,599.9498,338.4258,556.2361,554.49646,668.6428,555.7454,543.74646,556.9944,676.1366,559.4923,556.2361,558.24335,656.1532,564.48816
0.7268220438407018,585.9561,119.48456,575.8565,115.69719,608.68036,114.43474,564.4944,129.5842,614.9926,128.32175,532.93304,193.96942,646.554,190.18205,483.69727,257.09216,708.4143,240.68025,519.046,306.32794,670.54065,297.49075,564.4944,332.83948,632.667,329.05212,555.6572,438.88574,666.7533,437.62326,555.6572,541.1446,660.441,547.45685,588.4811,87.92318,589.7435,161.14558,597.31824,329.05212,555.6572,557.5565,669.2782,557.5565,544.2951,560.0814,675.59045,560.0814,555.6572,557.5565,657.9161,563.8688
0.7345492014518151,582.88275,111.15838,573.90466,107.31062,609.8171,107.31062,563.644,121.41907,613.6648,120.13648,531.57935,185.54836,645.72943,182.98318,481.55847,249.67766,707.2936,234.28662,518.7535,299.69852,668.816,292.003,564.9266,326.6328,634.18616,324.06763,555.9484,440.78296,664.96826,436.93518,554.6659,542.10724,661.1205,548.52014,586.7305,80.37632,589.29565,152.20113,598.2738,322.78503,557.231,557.4982,668.816,557.4982,543.1226,558.7808,675.22894,560.0634,555.9484,558.7808,657.2727,563.9112
0.7301684067799494,583.37476,103.59182,574.2355,99.67497,608.18146,99.67497,562.4849,112.731125,613.40393,112.731125,529.84454,178.01189,644.7387,175.40067,478.92557,243.29266,706.1026,227.62527,519.39966,295.51727,668.23975,286.37796,565.0962,322.93518,631.68256,320.32397,557.26245,439.13495,663.01733,435.2181,554.65125,543.58417,659.10046,550.11224,585.986,70.95144,587.2916,144.0659,597.7366,317.71274,559.8737,555.3347,670.851,556.6403,544.2063,557.9459,677.3791,560.5572,555.95685,560.5572,656.48926,567.08527
0.743923171208455,584.47754,88.27498,573.692,84.230415,604.7003,84.230415,561.55835,97.71228,611.4413,96.36409,527.8537,162.42523,642.4495,159.72885,476.62262,231.18274,705.81433,215.0045,518.4164,282.41382,665.3687,274.3247,562.90656,309.37756,630.31586,305.333,558.862,436.1071,658.6278,432.06253,554.81744,545.3102,658.6278,549.35474,584.47754,54.570312,585.82574,128.72057,596.6112,305.333,565.6029,556.0957,672.1097,556.0957,546.72833,558.79205,677.5024,560.14026,554.81744,562.8366,654.58325,566.88116
0.7325227719086868,582.2071,82.05536,569.92584,77.96161,605.40497,76.59703,559.0092,90.24284,610.8633,88.878265,527.62384,155.74275,643.6132,153.0136,477.1343,226.70099,705.0194,207.59685,519.43634,278.55508,665.44653,267.63843,564.4675,308.57587,628.60284,304.48215,560.3738,434.11737,655.8945,431.3882,554.91547,544.6485,659.9882,548.7422,583.57166,46.576237,586.30084,121.62822,595.8529,303.11755,564.4675,558.2943,669.5403,558.2943,548.0925,561.02344,677.7278,561.02344,554.91547,562.38806,655.8945,566.48175
0.7405517743184016,581.8047,75.87271,569.3306,71.71468,605.3669,71.71468,558.24255,84.18877,610.9109,84.18877,526.3643,150.71725,642.7891,146.55922,476.46796,221.40376,705.1596,200.61362,519.43427,274.07214,664.96533,261.59805,562.4006,303.17834,627.543,299.02032,561.0145,430.69128,652.4912,429.30527,555.4705,544.3441,659.42126,548.50214,583.19073,41.222458,584.5767,116.067,594.2788,297.6343,565.1726,556.8182,670.50934,556.8182,547.1545,558.2042,677.4394,559.5902,554.08453,560.97626,656.64923,566.52026
0.7534033724894891,581.4197,70.63241,570.2002,65.02267,605.2611,65.02267,558.9807,79.04702,609.46844,77.644585,525.32227,144.96149,641.7244,140.75418,474.8346,217.88814,706.23645,196.85161,519.7125,271.1807,661.3585,258.55878,560.3832,295.0221,627.7001,289.41235,560.3832,429.6559,650.13904,428.25348,554.77344,544.65564,658.55365,548.8629,582.82214,35.571518,584.22455,111.30304,594.0416,290.8148,565.9929,557.2775,669.77313,557.2775,547.7612,558.68,676.78534,560.0824,553.371,561.48486,655.7488,567.0946
0.7546701752222501,579.5021,66.46102,568.26184,60.84088,603.3877,60.84088,557.02155,73.48619,609.0078,72.08116,524.70575,140.92787,641.3236,138.1178,474.12445,212.58466,705.95526,194.31921,520.4906,270.1911,659.5891,257.54578,561.23663,291.26663,627.27325,287.0515,561.23663,428.96005,648.3488,427.55502,554.2115,544.1729,658.1841,549.7931,580.9071,29.930109,583.7172,107.20703,593.5524,288.45654,564.0467,558.22327,669.4243,558.22327,547.1863,559.6283,676.4495,561.0333,554.2115,561.0333,656.779,568.05853
0.7482137244481307,579.061,62.385788,567.72815,56.719368,603.14325,56.719368,556.39526,70.885414,608.80963,69.46881,523.8134,138.88242,639.975,134.6326,474.23224,211.12924,703.72217,191.29677,519.5636,266.3768,656.9742,252.21075,560.6451,291.87567,625.8089,286.20926,562.0617,429.2863,645.64136,427.8697,553.5621,545.4479,658.3908,549.69763,580.47754,25.554075,581.89417,103.46731,593.227,286.20926,564.8949,558.19727,671.14026,558.19727,546.47906,559.6139,678.22327,561.0305,553.5621,562.4471,655.5576,568.1135
0.7438680254496061,580.33716,61.152504,567.5776,55.48158,601.60315,55.48158,556.2357,68.241165,607.27405,66.82343,523.6279,137.71,638.4642,133.45682,474.0073,210.01433,702.2621,191.58382,517.957,263.88812,654.0592,249.71082,560.48895,290.82504,625.7046,285.1541,561.9067,429.76273,642.71735,432.5982,554.818,548.8522,658.31244,553.1054,580.33716,24.291483,581.7549,102.26672,593.09674,285.1541,561.9067,561.61176,666.8188,561.61176,546.31165,564.44727,675.3252,564.44727,553.40027,564.44727,655.4769,570.11816
0.7363362449866074,578.20074,61.829178,566.837,56.1473,600.9283,56.1473,555.47327,68.931526,606.61017,67.511055,522.8024,138.53452,637.8605,132.85265,471.66556,208.13751,700.3611,191.09189,517.1206,262.11536,654.9061,247.91066,559.7347,290.52472,625.07623,286.26334,562.5756,428.31024,640.7014,431.15118,554.0528,549.0502,657.747,551.89105,579.6212,23.476507,581.0417,103.02279,592.40546,286.26334,562.5756,561.83435,666.26984,561.83435,544.1095,564.6753,673.3722,564.6753,554.0528,564.6753,654.9061,570.3572
0.7190653876616404,579.9155,62.540703,565.7136,56.85993,601.21844,56.85993,551.51166,71.06187,605.479,69.64167,518.8472,143.49174,636.72327,137.81097,471.98083,211.66104,697.7916,196.03891,516.00684,258.52744,655.1858,245.74568,558.6126,296.87265,625.36176,291.1919,561.453,433.21124,640.9839,436.05164,554.35205,549.6671,656.606,552.5075,578.49536,24.195473,578.49536,105.146515,592.69727,291.1919,560.03284,566.7095,663.707,566.7095,542.9905,569.54987,670.8079,568.12964,554.35205,565.28925,655.1858,569.54987
0.7217745964343731,580.9396,64.35836,565.3646,58.69475,600.76215,58.69475,552.6215,74.26967,605.0099,71.43787,518.6399,145.06476,637.5756,140.81706,471.9151,211.61215,697.0435,200.28493,518.6399,261.1687,655.98236,248.4256,559.70105,300.81396,626.2484,293.73444,561.11694,433.90872,640.4074,438.15643,554.0374,551.4286,655.98236,552.8445,578.1077,26.129011,578.1077,108.25131,592.2668,293.73444,561.11694,565.5876,664.4778,565.5876,542.7102,568.4194,671.55725,567.0035,554.0374,567.0035,654.56647,571.2512
0.7203673514036032,579.9952,66.92043,565.7983,61.241676,597.0315,59.821983,551.60144,76.85826,605.5496,75.43857,520.3682,147.84274,636.7828,145.00336,470.6791,214.56816,696.4097,204.63033,516.1092,255.73915,656.65845,250.0604,560.11957,304.0086,625.4253,298.32983,561.53925,437.45944,639.6222,440.29883,554.4408,553.87396,655.2388,555.2937,577.1558,28.588814,578.5755,112.3505,592.7724,296.91016,561.53925,565.2315,665.1766,563.8118,543.08325,568.07086,672.275,566.6512,553.0211,569.4906,653.8191,572.32996
0.7097888279419678,576.89795,69.90207,565.71326,65.70782,593.6749,64.30974,551.7325,81.08673,604.8596,79.688644,520.9746,153.78705,638.41364,149.59279,470.64365,225.08928,694.3369,216.70078,513.9842,250.25478,649.59827,248.85669,561.51904,306.1781,624.4328,300.58575,561.51904,440.39404,637.0155,440.39404,553.13055,556.43494,655.1906,557.833,576.89795,33.55191,578.296,116.0388,592.27686,300.58575,562.9171,563.42535,666.37524,564.8234,544.74207,566.2215,671.9676,567.6196,551.7325,573.2119,652.3944,576.0081
0.7077688288230163,577.71765,71.33436,565.1385,65.743614,591.6945,64.34593,549.7639,81.118164,605.6714,79.720474,520.41254,156.59322,639.2158,151.00247,471.4935,232.06828,690.93024,220.8868,513.4241,243.24977,647.602,240.45439,562.3431,307.54333,625.23895,301.95258,559.5477,440.32352,636.4205,443.1189,553.957,554.9338,653.1927,557.7292,576.31995,33.596832,579.11536,117.45801,593.0922,301.95258,562.3431,564.7176,664.3742,567.513,544.17316,566.1153,669.96497,570.30835,552.55927,571.70605,651.79504,574.5014
0.7059897883580282,578.0446,71.14329,562.6331,65.53911,594.8571,64.13806,550.0237,80.9506,606.0655,79.54955,522.0028,156.60704,638.28955,152.4039,472.96622,233.66452,684.52405,226.65929,512.1955,233.66452,643.89374,235.06557,562.6331,306.51886,625.6801,303.71677,559.831,439.61813,636.8885,442.42023,552.8258,554.50385,653.70105,558.707,576.64355,33.315067,579.4456,117.37778,593.4561,302.31573,562.6331,561.5091,663.50836,567.1132,543.01843,564.31116,670.51355,569.91534,552.8258,572.7174,650.8989,576.92053
0.7060452951834753,578.26996,69.24046,564.15845,63.595848,598.0261,63.595848,550.0469,77.70738,605.08185,77.70738,521.82385,155.3208,637.5384,151.08734,479.48923,232.93423,679.873,227.28963,504.88998,204.71117,636.12726,228.70078,562.74725,307.72534,624.838,304.90305,559.925,438.9626,637.5384,441.7849,554.28033,554.6772,654.4722,557.49945,575.44763,31.139326,578.26996,115.80852,593.79266,302.08075,562.74725,561.7329,665.7615,563.1441,542.99115,564.55524,672.8172,565.9664,552.8692,571.611,651.6499,575.8445
0.7128926549966519,578.6627,68.88438,565.94415,63.23166,597.03406,61.818478,548.98596,77.36346,605.5132,77.36346,522.13556,153.67516,636.6031,149.43562,483.9797,237.05275,680.4117,227.16049,516.48285,215.85506,635.18994,228.57367,561.7046,306.29855,623.8845,302.05902,560.2914,437.72427,638.0163,440.55063,554.6387,553.605,654.9744,556.43134,575.83636,30.728527,578.6627,114.106125,592.79456,300.64584,563.11774,562.08405,666.2799,566.3236,543.33325,566.3236,673.34576,567.7368,553.2255,571.9763,652.1481,576.2159
0.7181745446645297,575.2528,67.684586,565.34814,62.02477,576.6677,60.609814,549.7836,76.1743,604.9668,74.759346,524.31445,152.58179,634.68085,148.33693,488.94064,234.6491,678.54443,226.15938,500.26025,214.83974,634.68085,228.98927,562.5182,301.15192,624.7762,296.90704,561.1033,436.98743,637.51074,438.4024,554.0285,554.4286,655.90515,555.8435,575.2528,30.895792,578.0827,114.378044,593.6472,296.90704,561.1033,564.33325,664.3949,565.7482,542.70886,567.16315,671.46967,567.16315,552.6135,571.408,653.07526,574.2379
0.7124711126089096,575.9704,68.14567,564.6552,62.48808,577.3848,61.07368,549.09686,76.63205,604.25836,75.21765,523.6377,153.0095,633.9607,148.76631,491.10657,236.45894,679.2214,226.55815,516.56573,225.14377,629.7175,230.80135,561.8264,302.9356,624.05994,298.6924,560.41205,437.30334,638.20386,438.71774,554.75446,554.6983,655.17664,556.11273,574.556,29.956942,577.3848,114.82078,592.9432,297.278,563.24084,563.1847,665.07745,564.5991,542.02484,566.0135,672.1494,567.4279,553.34,571.6711,653.76227,574.4999
0.7115193387636771,578.619,68.69793,564.4824,63.043297,595.5829,61.62964,548.9322,77.17988,604.0649,75.76622,523.4863,153.51743,635.16534,149.27644,489.55853,236.92325,678.9888,227.02765,516.418,215.71838,635.16534,229.85495,561.6551,306.1925,623.8561,301.95154,560.24146,437.66272,637.9927,440.49002,554.5868,554.99634,654.95654,557.82367,574.37805,29.115501,577.2053,113.93499,592.7556,300.53787,563.0688,562.06464,664.8522,566.3056,543.2776,566.3056,673.3341,569.13293,553.17316,571.9602,652.1292,576.2012
0.7066880281154926,576.83405,69.546394,562.72766,62.493187,595.1724,62.493187,548.6212,78.01025,603.6362,76.59961,521.81903,155.59555,634.67035,149.95299,489.37427,238.82343,679.8109,227.53828,517.5871,226.12766,637.49164,228.94893,561.317,306.53424,623.38525,302.3023,561.317,437.72394,637.49164,440.54523,554.2638,554.8072,654.4194,557.6285,574.01276,30.048424,576.83405,114.686935,592.35114,300.89166,564.1383,561.8604,665.7045,564.6817,544.3893,566.09235,672.7577,567.503,554.2638,571.7349,651.5981,577.3775
0.7069497979604281,575.11017,69.91188,562.4306,62.86768,593.4251,62.86768,548.34216,78.36492,604.6958,76.956085,522.98303,155.85115,634.28143,151.62463,490.5797,237.56389,677.9555,227.70201,500.44162,213.6136,632.8726,230.51968,563.8394,308.00592,625.8284,305.18823,561.0217,439.02808,637.0991,440.43692,553.97754,554.553,654.00525,554.553,575.11017,30.464352,577.92786,114.994774,593.4251,302.37054,562.4306,565.8237,663.8671,570.05023,542.70685,568.6414,670.9113,571.45905,553.97754,571.45905,651.18756,574.27673
0.7068143452589328,575.43744,69.93208,561.38684,64.31185,593.7032,64.31185,547.3363,78.36242,603.5386,78.36242,522.0453,157.04558,634.44977,151.42535,489.72897,239.94391,678.00653,227.2984,516.42505,227.2984,634.44977,230.10852,562.79193,308.7917,624.6144,304.5765,561.38684,439.46194,637.2599,440.867,554.3616,554.6766,654.1206,556.0816,574.03235,30.590498,576.84247,116.29894,593.7032,301.7664,562.79193,564.51196,665.361,565.917,543.12115,567.3221,672.38635,568.7271,552.95654,571.53723,652.7155,574.34735
0.6988458610497988,575.14606,69.767204,561.08936,64.144516,579.3631,64.144516,547.03265,78.20123,603.2595,78.20123,521.7306,155.51314,634.18427,151.29613,493.61716,239.85341,677.7601,228.60805,517.51355,225.79669,632.7786,230.01372,562.49506,310.13696,624.34454,305.91995,561.08936,439.4587,636.9956,440.86438,554.06104,554.72375,653.86365,556.1294,573.7404,30.408413,576.55176,116.15435,593.4198,303.1086,563.9007,563.1578,665.109,565.9691,542.8157,565.9691,672.1374,568.78046,554.06104,571.5918,652.458,574.40314
0.7008417432124798,574.2133,69.95295,554.48456,64.31618,596.7604,64.31618,547.4386,78.40811,602.39716,76.99892,520.66394,157.32295,633.3994,151.68617,495.29846,240.46536,677.0844,227.78262,526.3007,227.78262,627.76263,229.19182,562.93976,309.51584,623.5351,305.28827,561.5306,439.16165,637.627,440.57086,554.48456,554.7155,654.53735,556.1247,572.8041,29.08634,575.6225,115.04714,592.53284,302.46988,564.34894,564.5799,665.81085,565.9891,544.62024,567.39825,672.8568,568.80743,554.48456,571.62585,653.1281,574.4442
0.7037039387684602,572.4448,70.09273,551.33673,64.46389,597.7746,64.46389,547.1151,77.12877,603.4034,77.12877,521.78534,155.93243,634.362,150.30359,493.64117,241.77213,676.57825,227.70004,514.74927,223.47842,625.91876,230.51447,562.59436,309.3181,624.51154,305.0965,561.1872,440.18848,637.1764,441.5957,555.55835,554.17236,655.4701,556.98676,572.4448,29.283688,576.66644,115.12339,593.553,302.28207,564.0016,564.0228,665.32056,566.8372,544.30066,566.8372,672.3566,569.6516,554.1511,571.05884,652.6557,575.28046
0.6996913861769897,577.49756,70.5602,550.80695,64.941124,601.3786,64.941124,546.59265,77.58404,602.7834,76.179276,522.7116,153.44153,633.6883,149.22722,496.021,240.53716,674.4266,227.89424,515.68774,227.89424,626.6644,232.10855,562.0451,307.96603,623.8549,305.1565,560.6403,438.60947,637.9026,441.419,555.02124,553.8005,654.7598,558.0148,571.8785,28.417152,576.0928,114.10802,591.5452,302.34695,564.8546,562.22906,664.5932,566.44336,543.7831,566.44336,671.617,569.2529,553.6165,572.06244,653.35504,577.6815
0.700072589975137,581.4706,71.332375,549.11017,65.70448,606.7961,64.29751,546.29626,78.36724,602.5752,76.960266,520.9707,154.34381,632.12164,148.71591,499.86612,242.98312,674.3308,227.50642,526.59863,234.54129,630.71466,233.13431,561.77295,310.51785,622.2728,307.7039,560.36597,438.55243,637.7495,439.9594,554.7381,553.92426,654.6332,558.14514,571.62177,29.123175,575.8427,114.94855,591.3194,303.48297,567.4008,562.3661,665.889,565.18005,544.8893,565.18005,672.9238,567.99396,553.3311,572.2149,653.2262,577.8428
0.7016233114095834,589.3816,73.72803,547.1935,66.69667,607.66315,65.2904,545.78723,79.35311,603.44434,77.94684,521.8806,153.88548,631.56976,149.66667,500.78653,243.88684,670.9454,229.82413,535.9433,234.04294,628.7572,232.63667,561.25616,311.38785,623.13214,307.16904,561.25616,437.95227,638.60114,440.7648,554.22485,551.8602,654.07007,554.6728,572.50635,28.727348,575.3189,114.509895,590.7879,302.95023,566.8813,564.51666,665.32025,564.51666,545.78723,567.3292,673.7579,567.3292,554.22485,570.1418,652.6638,575.76685
0.7266138367927991,607.9802,78.1828,602.3529,68.33494,613.6076,69.741776,547.48627,79.58963,603.7597,78.1828,519.3495,155.55884,629.08276,149.93149,505.28113,239.96907,664.2537,232.93488,544.67255,252.6306,634.71014,244.18958,560.14777,308.90408,622.0486,306.0904,561.5546,438.3331,637.5238,439.73993,554.52045,552.2869,655.8127,555.1006,575.623,28.943499,575.623,114.76056,591.0982,303.27673,567.18195,562.13477,668.47424,562.13477,544.67255,564.9484,675.5084,564.9484,554.52045,570.5758,651.59216,576.2031
0.7260791934453524,611.6648,78.21019,607.4474,69.775345,614.47644,69.775345,549.8093,79.61599,601.82416,78.21019,520.28735,154.12375,625.7229,148.50052,507.6351,239.87794,658.05646,235.66054,551.21515,252.53021,643.99835,251.1244,558.24414,310.16827,620.0997,308.76248,561.0558,436.6909,638.3751,438.09668,554.02673,551.96704,655.2448,553.37286,577.9255,29.006952,573.708,114.76116,589.1719,303.13925,568.0848,557.5903,667.8971,556.18445,544.1861,561.8077,676.3319,560.40186,552.6209,571.6483,652.4332,575.8657
0.7203824474261358,610.192,79.400566,608.78516,69.55261,614.41254,70.95946,549.6974,77.99371,601.7509,77.99371,520.15356,153.96365,622.85364,149.7431,511.71243,239.78156,653.8044,238.37471,555.3248,259.47748,652.3975,259.47748,558.1385,310.12408,618.6331,308.71725,560.9522,436.74066,636.9222,438.14752,553.91797,552.1024,653.8044,553.5093,580.64813,28.753935,573.6139,115.97868,587.6824,303.08984,570.8002,556.323,670.6866,554.91614,548.2906,560.5435,679.1277,559.1367,551.10425,571.79834,652.3975,576.0189
0.7159509968299133,613.82306,81.65749,612.41583,71.807014,613.82306,73.214226,551.90576,77.43586,598.34375,77.43586,522.3543,150.61089,616.6375,146.38925,515.31824,237.85803,647.5961,236.45082,554.72015,268.81668,657.44666,264.59506,557.5346,308.21863,618.0447,306.81143,561.7562,436.27493,636.33844,436.27493,553.3129,551.6663,654.6322,553.07355,585.67883,30.997864,573.0139,114.02337,587.08606,302.58978,571.6067,554.4807,672.92596,551.6663,549.0913,557.29517,679.96204,558.7024,549.0913,571.36725,651.8178,574.1817
0.7001638595874493,615.7456,80.64885,615.7456,70.78459,614.3364,72.19377,550.92334,75.01213,596.0171,75.01213,524.1489,149.69868,612.92725,145.47115,517.103,238.47704,641.11084,235.65868,557.96924,276.5249,662.24854,275.11572,556.56006,308.93604,617.1548,308.93604,562.1968,435.76224,636.8833,437.17145,553.7417,551.315,653.79346,554.13336,588.9712,28.509186,572.06104,113.06,586.15283,303.29932,574.8794,552.7242,676.34033,548.49664,553.7417,556.9517,681.97705,556.9517,549.51416,571.0435,650.9751,573.86194
0.7008518599546872,616.3974,83.219185,617.8085,71.93068,613.57526,71.93068,552.89954,74.75281,592.4093,74.75281,524.6783,148.12808,609.3421,143.8949,521.8562,237.02505,633.33014,234.20293,562.777,280.768,661.5514,282.17908,557.13275,308.9893,616.3974,310.40033,561.36597,435.98495,636.1523,437.39603,552.89954,548.87,651.67395,553.1032,592.4093,29.598787,571.2434,111.440445,585.354,303.34503,578.2987,550.28107,678.4842,546.04785,555.7217,553.1032,682.71735,555.9253,548.6664,568.6249,647.4408,574.2691
0.6938792111781927,617.2278,82.963135,617.2278,71.7024,613.005,73.10999,552.4785,74.517586,590.4835,74.517586,527.1419,146.30478,603.15186,143.4896,528.5495,234.9831,624.26575,234.9831,576.4076,284.2488,660.86316,291.28677,556.7013,306.7703,614.4126,308.1779,560.9241,436.26877,634.1189,437.67636,549.6633,546.061,648.1948,553.09894,594.7063,32.289818,572.1848,112.52257,583.44556,302.54752,575.0,547.46857,679.1618,544.6534,552.4785,548.87616,680.5694,554.50653,544.03296,567.17487,643.97205,574.2128
0.7052778968444238,618.8373,86.47642,620.2421,73.83279,614.6227,75.23763,555.6191,75.23763,586.52576,76.64248,534.5463,142.67035,592.14514,145.48006,540.1657,233.98549,616.0275,242.41458,579.50146,292.98914,656.7681,305.63275,558.4288,312.657,611.813,314.06186,559.8336,434.8788,634.2906,437.6885,541.5706,543.0521,642.71967,551.4812,596.3597,31.687334,572.47723,113.16854,582.3112,307.0376,572.47723,544.457,680.6506,544.457,552.8094,545.8618,680.6506,554.2909,535.9512,562.72003,635.69543,572.55396
0.6973522935922329,619.71106,86.951706,619.71106,72.9217,614.09906,75.72771,557.979,75.72771,588.84503,77.13071,539.74005,141.66873,586.03906,150.08673,555.17303,234.26675,612.69604,248.29677,601.47205,298.80478,654.7861,314.2378,559.382,312.83478,611.293,314.2378,559.382,432.0898,632.3381,436.29883,538.33704,540.12085,640.75604,548.5389,598.666,33.637688,574.81506,115.01172,581.83,308.6258,573.41205,544.32983,680.0401,544.32983,549.56104,544.32983,677.2341,554.1509,531.322,558.35986,632.3381,568.18085
0.6993897121686202,620.5333,85.05113,620.5333,72.449745,614.9327,73.8499,560.32666,75.25005,586.9296,78.05036,543.52484,141.05731,578.5287,149.45825,565.9273,236.26784,607.93195,248.86922,603.73145,302.0751,648.53644,316.07663,560.32666,314.67648,605.13165,314.67648,560.32666,430.8893,631.73456,435.08978,533.72375,537.3011,638.73535,547.1022,598.13086,33.245415,574.32825,114.454384,579.92883,309.07587,572.92804,542.9017,683.5403,545.702,556.1262,541.5015,677.93964,554.1029,525.3228,554.1029,630.3344,565.30414
0.6946057757506003,618.99744,85.90604,620.39545,71.92591,613.4054,74.72194,563.0769,74.72194,584.0471,77.51796,547.6988,137.63252,570.06696,146.0206,579.8531,234.0954,602.22125,250.87155,610.6093,301.2,641.3656,323.56824,560.2809,309.5881,599.42523,309.5881,560.2809,427.02118,632.97754,429.8172,529.5246,534.66815,637.1716,545.8523,602.22125,35.577576,574.261,113.866295,579.8531,308.1901,570.06696,545.8523,686.10205,547.2503,558.8829,541.65826,679.11194,555.63837,518.3405,551.44434,627.3855,562.6284
0.6820138291670725,621.1356,83.932465,621.1356,70.04001,614.1894,72.818504,561.398,74.20775,580.8475,76.98624,561.398,139.50229,564.1765,145.05927,582.2367,233.97096,593.3507,246.47418,611.4109,304.82248,632.2496,322.88266,561.398,315.93643,590.5722,315.93643,560.0088,427.07608,633.6388,428.46533,523.8884,534.048,637.8065,545.1619,598.90765,32.530388,575.29047,114.495865,579.45825,310.37946,564.1765,546.5512,690.59784,547.9404,555.84106,542.3834,680.87317,556.2759,511.3852,550.71893,626.69257,561.8329
0.6835100983197873,622.31384,83.60365,623.6939,71.183044,614.03345,72.56311,560.21075,75.32325,578.1517,78.08339,583.67194,140.18643,558.8307,148.46684,585.052,228.51077,574.0115,247.83173,611.2733,300.2743,611.2733,320.9753,565.7311,319.59525,591.95233,319.59525,557.4506,428.6206,633.3544,427.24054,516.0486,532.1257,636.1145,541.7862,596.0925,32.541145,575.39154,115.345215,580.9118,311.31485,560.21075,548.6865,688.55707,550.0666,554.6905,543.16626,678.8966,555.58685,502.24792,547.30646,623.6939,555.58685
0.6972616097101798,622.0208,84.87497,623.39777,71.10563,613.7592,73.8595,564.1896,75.23643,577.9589,77.990295,582.0897,141.32925,557.30493,152.34473,587.5975,229.45302,568.3204,250.10703,615.13617,296.92276,606.8746,324.46146,566.9435,318.9537,593.1052,320.33066,555.928,427.73148,633.0363,427.73148,514.62,531.0015,635.79016,540.6401,597.236,33.928417,575.2051,116.54444,582.0897,312.06906,557.30493,548.9017,688.11365,548.9017,554.5511,543.3939,678.4751,555.7863,499.47372,544.7709,624.77466,554.4094
0.71431542130617,621.914,85.465195,623.2913,71.69171,613.6499,74.44641,562.688,75.82375,577.83887,78.57845,581.9709,143.31381,555.8013,155.70993,586.1029,234.21877,565.4427,250.74695,616.4046,301.70883,602.6311,323.7464,569.57477,325.12372,591.6123,326.50107,554.42395,429.8022,631.5554,431.17953,513.1035,531.72595,635.68744,542.7447,595.7444,33.12597,575.08417,117.144196,581.9709,315.4823,558.55597,549.6315,690.7814,549.6315,555.8013,542.7447,678.38525,557.8955,497.95267,545.4994,624.6687,556.5182
0.7111669698586831,621.7932,88.12617,623.165,74.40852,613.5626,77.152054,610.8191,77.152054,577.8967,81.26735,583.3838,145.74026,554.5767,156.71437,586.1273,236.27669,560.0638,258.2249,614.9344,302.12137,584.75555,330.9284,577.8967,325.44135,588.87085,326.8131,553.20496,428.32367,631.3955,431.06717,513.4238,528.4624,634.13904,542.18005,597.10144,37.370895,575.1532,119.67674,580.64026,317.21075,558.692,547.6671,690.3814,550.41064,555.9485,542.18005,678.0355,557.2695,498.3344,542.18005,623.165,557.2695
0.7199446856975555,622.1808,91.50406,623.5439,77.87295,612.639,79.23606,614.00214,80.59917,575.835,84.6885,584.0137,148.75473,551.299,162.38583,584.0137,240.08318,552.6621,260.52985,612.639,304.14938,574.4719,338.22717,585.3768,328.6854,588.103,331.41162,552.6621,426.8294,631.72253,433.64496,511.76877,529.06274,634.4488,542.69385,596.2817,39.705833,574.4719,122.85561,581.2875,320.50674,558.11456,548.1463,690.33636,549.5094,555.38837,542.69385,678.06836,556.32495,496.77457,542.69385,623.5439,557.68805
0.704687808568661,623.7398,93.85906,625.0912,80.34523,614.2801,81.69662,614.2801,83.048,579.14417,85.75076,585.90106,150.61714,552.1165,164.13097,581.8469,239.8084,546.711,264.13327,612.9287,300.6206,568.33307,339.81073,587.25244,327.6483,581.8469,330.35104,549.41376,427.6506,631.8481,435.75888,511.575,527.6529,633.19946,542.5181,599.4149,41.155136,576.4414,126.292244,579.14417,320.89136,557.52203,547.92365,688.60614,549.275,554.8193,542.5181,676.4437,556.032,495.35843,542.5181,622.3884,557.38336
0.7257401232536023,622.043,99.09918,624.7116,84.4218,612.7029,87.09041,618.0401,87.09041,578.01086,89.759026,587.351,151.13718,549.9904,165.81456,584.6824,243.2044,544.65314,263.21902,615.37146,301.91394,561.99915,347.2804,587.351,329.93442,582.0138,332.60303,548.65607,430.00748,632.71747,436.67902,508.62686,528.7463,632.71747,543.42365,602.0284,45.726875,575.3422,128.45395,579.34515,324.59717,555.32764,548.76086,688.75836,550.09515,549.9904,543.42365,676.74963,556.7667,492.61517,542.08936,622.043,558.101
0.7059981181071355,625.1124,103.22232,626.4379,89.96728,614.5084,91.29278,621.1359,91.29278,581.3708,95.269295,587.9983,158.89352,549.55865,170.82306,581.3708,247.70235,538.95465,267.5849,611.85736,303.37354,554.86066,348.4407,582.6963,336.51117,580.0453,339.16217,544.25665,433.273,638.3675,435.924,505.81702,530.03485,634.391,544.6154,602.57886,47.55112,577.3943,133.70894,578.7198,329.88364,554.86066,549.9174,687.41113,551.2429,548.23315,543.2899,676.8071,557.8705,491.23645,544.6154,623.7869,559.196
0.7018284006760671,624.965,106.28714,627.62866,92.96905,615.64233,94.30086,622.3014,94.30086,581.0153,96.96447,589.00616,160.89131,547.7201,171.54579,583.67896,247.45892,538.3974,264.77243,610.3151,304.7267,551.7155,347.3446,583.67896,336.69016,579.68353,339.35376,543.7247,432.5804,640.9467,433.91223,505.10217,531.1343,634.28766,544.4524,603.65607,50.351147,578.3517,136.91875,578.3517,328.69928,554.37915,549.7796,688.89185,552.44324,547.7201,544.4524,676.9056,559.1023,491.7841,544.4524,623.63324,560.4341
0.6943293466017797,626.48804,108.260864,629.14606,93.64184,617.185,96.29984,622.50104,94.97084,583.95996,97.628845,591.93396,160.09196,550.73486,170.72398,586.6179,247.80614,538.77386,267.74118,610.54,306.28226,552.0639,350.13934,585.28894,334.1913,577.31494,338.1783,545.4189,431.2085,642.43604,432.5375,505.5488,530.8837,634.46204,545.50275,606.553,52.442757,579.9729,136.16992,577.31494,328.8753,554.72186,549.48975,688.9512,550.8187,548.07684,544.1737,676.9901,558.7928,490.92975,545.50275,623.83,561.45074
0.7042713956190989,627.1171,109.6927,629.7727,95.08725,617.82275,97.74278,624.4616,96.415016,584.62854,99.07056,591.2674,161.4757,551.4343,172.09785,584.62854,249.10846,538.1566,267.69724,608.5284,312.84137,551.4343,350.0189,585.9563,335.41345,579.31744,339.39676,547.451,431.01282,643.05035,433.66837,504.9624,530.5955,633.756,545.2009,608.5284,52.598637,579.31744,138.90363,579.31744,330.10236,555.4176,550.512,688.1945,551.8398,548.77875,543.87317,676.2446,558.47864,490.35693,545.2009,623.13385,561.13416
0.7070361100710355,628.96344,109.63058,631.624,96.32772,620.98175,97.658005,626.30286,96.32772,586.3943,98.98829,593.0457,161.51172,553.13715,172.154,582.40344,250.64085,538.504,266.60428,610.3395,314.49457,553.13715,349.082,583.73376,337.10944,579.74286,339.77,546.4857,432.88998,643.5966,434.22028,505.2469,530.00085,634.2846,544.634,610.3395,53.758575,581.0732,137.56657,578.4126,331.78827,555.7977,549.95514,687.49603,551.2854,550.4766,543.3037,675.52344,557.9368,491.94403,544.634,623.64233,560.5974
0.701516792178154,631.0665,107.93636,633.73,94.61915,623.07623,95.95087,625.7397,95.95087,588.4515,97.28259,595.11005,161.20522,555.15845,170.52727,583.1246,249.09882,541.84125,266.4112,609.75903,315.68488,555.15845,348.9779,585.788,335.6607,580.4611,338.32416,548.4998,431.54465,644.3838,435.5398,505.88474,530.09204,633.73,544.74097,611.09076,52.004066,583.1246,137.23422,580.4611,330.33383,556.4902,550.0678,688.33057,551.39954,551.16327,544.74097,676.3451,559.3899,492.56754,544.74097,623.07623,559.3899
0.6892562542970364,635.9438,109.16896,638.62054,95.78513,627.9135,97.12351,626.57513,94.44675,595.7923,95.78513,594.4539,158.68912,560.9944,172.07295,585.08527,251.03754,550.2873,268.43652,611.8529,315.2799,566.3479,347.4011,587.762,335.35565,587.762,338.0324,551.6257,431.71924,646.6509,435.73438,508.79742,529.42114,633.267,545.48175,617.2064,51.618496,587.762,134.59824,585.08527,328.66376,555.6408,549.4969,689.4791,552.1737,548.9489,544.1434,676.0953,558.8656,494.07523,544.1434,622.56,558.8656
0.6830357977977166,640.8253,108.268524,643.5085,94.852646,632.77576,96.19424,627.4094,93.51106,599.2361,96.19424,599.2361,159.24884,563.01324,171.32312,589.845,250.47678,550.93896,269.259,616.6767,314.87296,571.06274,348.41266,589.845,333.65518,587.1618,337.67996,554.9637,431.59106,647.53326,435.6158,509.34973,528.18536,632.77576,545.626,620.7015,51.921852,589.845,135.10027,584.47864,328.28885,556.3053,549.65076,687.7809,552.3339,549.59735,542.9428,675.70654,559.0419,494.5923,542.9428,620.7015,559.0419
0.6903982494886105,642.4249,107.28044,645.10724,93.86908,634.3781,95.21022,599.5086,93.86908,599.5086,95.21022,602.19086,159.58475,568.6625,170.31384,592.8029,250.78201,555.2511,270.89905,620.96674,316.49768,576.7093,350.0261,591.4618,333.93243,591.4618,336.61472,557.93335,431.8354,649.1306,435.8588,509.65247,527.056,633.037,545.832,622.3079,50.95273,592.8029,134.10316,588.7795,328.5679,555.2511,549.85535,689.3647,552.53766,549.88654,543.14966,677.2945,559.2433,494.89996,541.80853,622.3079,559.2433
0.6793321371078491,645.771,106.59933,647.1095,93.21417,636.40137,94.55269,636.40137,93.21417,601.6,95.891205,606.95404,160.13992,570.81415,169.50954,598.923,252.49747,560.106,269.89816,625.69324,312.73065,582.8608,350.20908,598.923,334.14688,588.21484,335.4854,561.4445,433.197,649.7865,435.87402,511.91946,529.57007,633.72437,545.63226,624.35474,50.381695,594.9074,134.70815,590.89185,327.4543,556.09045,550.9863,688.60345,552.3248,548.0594,545.63226,676.5568,557.6789,495.8573,542.9552,621.67773,559.0174
0.6934213145421102,648.26465,106.03683,650.9454,92.63338,640.2226,92.63338,604.03326,92.63338,608.0543,93.973724,610.735,158.31029,574.54565,167.6927,605.3736,248.1134,566.5036,264.19754,629.4998,309.7693,589.2895,343.2779,598.6719,329.87445,591.97015,331.21478,566.5036,433.08102,649.605,437.10205,512.88983,526.90515,633.5209,547.0103,629.4998,49.74234,600.0122,132.84373,593.3105,324.51306,555.7808,551.0314,687.13464,551.0314,550.4195,545.67,676.4119,557.7331,496.80566,541.649,621.45776,560.4138
0.6874999369566257,653.3667,102.92388,657.44403,89.332726,645.21204,90.69184,650.6485,89.332726,611.23413,90.69184,613.95233,154.57025,581.3336,164.08406,605.79767,244.27187,578.61536,264.6586,634.3391,309.5094,615.31146,335.33258,613.95233,327.1779,601.72034,328.53702,584.0518,431.82977,649.28937,437.26624,518.8143,522.8905,632.98,547.35455,637.0573,45.841038,604.43854,130.10619,601.72034,321.74142,560.94684,552.791,685.9855,551.4319,556.8695,545.9954,676.4717,558.2275,502.5049,535.1225,620.7479,560.94574
0.677822586435538,656.05695,100.954025,660.1706,87.241974,649.2009,88.61318,605.3224,85.87077,617.6632,87.241974,612.1784,150.3174,587.4967,159.91583,602.57996,242.18814,584.75433,262.75623,635.4889,308.00598,621.77686,329.94525,597.09515,323.08923,606.6936,324.46045,592.9815,430.0432,649.2009,434.15683,521.6789,520.5427,634.1177,546.59564,642.3449,44.73462,609.436,125.63571,603.9512,317.6044,560.07263,553.45166,687.59467,550.7092,557.3302,546.59564,676.62506,557.5653,502.482,531.5124,620.40564,560.3077
0.6860880335936179,659.84216,96.93024,662.5922,83.17991,651.592,84.55494,607.59094,83.17991,618.5912,84.55494,614.4661,147.80644,592.4656,157.43167,606.2159,237.18356,591.0906,256.43402,639.2167,303.18512,628.21643,321.06055,606.2159,318.3105,606.2159,319.68552,603.4658,425.56305,647.4669,428.3131,529.21405,512.1901,635.0916,545.19086,641.96674,40.553894,613.09106,123.055855,603.4658,312.81036,563.5899,550.69104,687.34283,550.69104,560.83984,543.81586,677.7176,557.56616,508.5886,520.4403,621.34125,557.56616
0.6708561296646411,664.0548,93.31996,668.19385,80.90277,657.1564,80.90277,658.536,80.90277,625.4235,82.282455,624.0438,145.74812,596.4501,154.02626,617.1454,235.42789,596.4501,253.36383,644.73914,301.65292,635.0813,318.2092,618.5251,315.4498,607.48755,318.2092,615.7657,424.4452,647.49854,428.58426,539.8828,504.46713,633.70166,544.4781,648.87823,38.132423,617.1454,120.913734,607.48755,311.31076,568.85626,548.6172,686.1298,549.9969,563.3375,540.33905,676.472,555.5156,521.94684,508.6062,621.2844,556.8953
0.6523616554645392,667.88666,92.318275,670.648,78.51139,660.9832,79.89208,616.80115,78.51139,630.60803,81.272766,626.466,146.16513,600.2329,154.44925,618.1819,238.67125,601.6136,255.2395,647.17633,306.32498,641.65356,322.89325,619.56256,314.6091,608.517,314.6091,630.60803,420.92212,647.17633,426.4449,551.9088,498.24066,633.36945,539.6613,649.9377,37.090736,622.3239,119.932045,609.8977,309.08636,575.3805,546.56476,685.8356,549.3262,569.8578,538.28064,674.7901,553.4682,533.9599,502.38275,620.94324,553.4682
0.6619506902419604,672.5502,92.851494,675.3026,79.089264,665.66907,80.465485,620.25366,79.089264,635.39215,81.841705,629.88727,143.77174,607.8677,149.27664,618.87744,238.73114,607.8677,252.49338,651.9068,307.5423,646.4019,322.68076,620.25366,310.29474,609.2439,310.29474,638.1446,419.01636,649.15436,424.52127,563.82855,496.08487,634.0159,541.50024,657.4117,37.80257,625.75854,118.99973,610.6201,306.16608,584.47186,540.124,686.3124,551.1338,580.3432,531.86664,675.3026,556.6387,545.9376,500.21353,621.6299,556.6387
0.6757711905699509,681.57153,91.537315,684.30615,77.86417,674.7349,79.231476,633.7155,76.49685,643.2867,79.231476,635.0828,144.86261,615.94037,151.69919,629.6135,239.20737,624.1443,259.7171,661.06177,307.57312,666.53107,330.8175,629.6135,313.0424,620.04236,315.77704,656.95984,414.22372,658.32715,419.693,588.59406,493.528,630.98083,541.38403,662.42914,34.110077,635.0828,117.51631,622.777,306.2058,613.20575,534.5475,687.0408,552.3226,615.94037,523.60895,673.3676,560.5265,570.819,496.26263,618.67505,555.0572
0.6620986026067001,685.2125,92.488914,689.3511,80.073265,679.69446,80.073265,639.6885,78.69375,650.7246,80.073265,643.827,144.91052,618.9957,151.8081,639.6885,237.33812,634.1704,259.41037,668.6583,306.31393,675.5559,331.14523,635.5499,310.45248,617.6162,313.21152,674.1764,409.77765,659.0017,419.43427,605.20056,495.30765,634.1704,540.83167,671.41736,37.30826,638.30896,118.69972,624.5138,304.93442,621.75476,529.79553,689.3511,551.8678,624.5138,516.0004,675.5559,558.7654,587.26685,496.68716,620.37524,554.62683
0.6489721032289358,690.3848,92.91232,693.14594,80.48748,684.8627,80.48748,642.06604,79.10695,654.49084,79.10695,644.8271,145.37274,621.358,152.27542,647.5882,236.48819,639.30493,259.95734,675.1989,306.8956,684.8627,330.36472,640.6855,315.17883,625.4996,316.55936,683.4821,413.19696,657.25195,422.86072,618.59686,498.79028,633.7828,540.2064,675.1989,34.929752,642.06604,117.76199,632.4023,306.8956,669.67676,534.68427,691.7654,549.8702,658.63245,523.63995,679.3405,556.7728,600.6499,500.1708,619.9774,554.0118
0.6688519487014184,694.4508,94.08485,697.2011,81.7086,688.95026,81.7086,646.321,78.95833,660.0724,80.333466,650.4464,142.21468,625.6939,149.09036,651.82153,232.97377,644.94586,256.3511,676.57404,301.73065,691.70056,327.85828,649.0713,311.35663,628.4442,311.35663,691.70056,408.9914,653.19666,422.7428,635.3199,514.877,631.19446,541.00464,680.6994,36.32906,646.321,116.08705,635.3199,303.1058,684.8248,536.8792,688.95026,552.00574,680.6994,530.00354,673.8237,558.8814,616.06793,528.6284,618.81824,553.38086
0.7044103558246906,699.35376,92.625275,700.7377,80.17,692.4342,80.17,685.5146,80.17,664.7558,78.78608,656.4523,143.83029,628.77386,147.98204,655.06836,232.40112,648.14874,249.00815,685.5146,301.59708,696.58594,323.73978,660.60406,311.28452,634.3096,312.66843,696.58594,406.77493,650.9166,421.99805,655.06836,503.6493,632.92566,538.24725,684.1307,35.884586,650.9166,116.1519,645.3809,304.36493,695.202,531.3277,684.1307,550.7025,693.8181,525.792,671.6754,559.00604,638.4613,513.33673,621.8543,549.3186
0.6937294934804623,704.52356,91.704796,707.2795,79.303085,699.01166,79.303085,660.4286,79.303085,671.45233,77.92512,661.8065,144.06757,632.8692,148.20148,663.1845,233.63548,656.2947,247.41516,693.4998,301.1559,703.14557,319.0695,661.8065,308.04575,638.3811,308.04575,701.7676,403.12552,652.16077,422.41708,665.9404,505.09515,634.2472,539.5443,689.3659,35.208115,656.2947,116.50822,646.64886,303.91183,711.4134,527.14264,696.25574,549.1901,708.6575,520.2528,681.0981,557.45795,654.9167,517.4968,621.84546,550.5681
0.6998642660104312,716.2552,91.47531,717.62036,77.82331,709.4292,77.82331,706.6988,80.55371,679.3948,79.188515,673.93396,140.62253,643.89954,146.08333,675.2992,230.72574,665.7428,249.83855,698.50757,297.62054,709.4292,315.36816,679.3948,307.17697,646.62994,308.54214,709.4292,402.74097,654.82117,428.67978,702.6032,503.7658,634.34314,540.6262,702.6032,38.232502,667.108,117.41412,658.91675,303.08136,753.1156,520.1482,680.75995,550.1826,746.2896,513.3222,668.47314,558.37384,691.6816,517.4178,620.69116,551.5478
0.7088475662928361,721.4654,95.417145,725.559,83.13614,716.00714,81.771576,716.00714,83.13614,684.6223,81.771576,675.07043,143.17664,649.14386,148.63486,677.79956,233.23738,672.3413,253.70573,702.3616,298.7361,718.73627,317.8399,681.89325,304.19434,649.14386,306.92346,710.5489,405.17154,655.9667,427.00446,720.1008,503.41962,632.76917,540.26263,711.91345,40.834873,672.3413,118.61461,660.0603,302.82977,774.6831,517.0652,683.2578,549.8146,765.13116,510.2424,668.2477,556.6373,709.1844,518.42975,619.1236,552.5437
0.718019031561338,728.59314,94.92171,731.2983,82.74871,723.1829,82.74871,720.47784,84.101265,692.07416,82.74871,682.60626,144.96625,655.5552,149.02393,686.66394,232.88234,678.5486,253.17067,708.3048,297.805,725.88806,316.74078,686.66394,305.92032,655.5552,308.62543,713.715,408.71454,659.61285,429.00287,734.00336,504.74594,633.9143,539.9124,717.7727,40.819496,678.5486,119.2677,666.3756,303.2152,789.4581,514.21387,686.66394,550.73285,779.99023,507.45108,671.7858,558.84814,724.53546,519.6241,619.0362,553.4379
0.7051276461436198,731.9623,96.28971,734.6835,84.04436,726.5199,84.04436,682.98083,85.40495,697.9474,82.68376,682.98083,145.27113,663.9325,147.99232,691.1444,233.70981,685.702,252.75813,710.19275,299.01837,729.2411,318.0667,689.7838,308.54254,662.5719,309.90314,714.27454,413.30835,663.9325,432.3567,742.84705,504.4682,632.63885,539.8437,723.7987,43.22651,682.98083,119.41983,672.09607,304.46075,798.6314,511.27118,687.0626,552.08905,789.10724,504.4682,673.45667,558.892,733.3229,518.07416,619.0329,554.81024
0.7036663053127435,741.8364,100.28486,745.92426,89.38392,737.74854,88.0213,692.78217,89.38392,707.77094,86.65868,694.1448,149.3391,672.3429,156.15218,700.9579,236.54662,699.5953,258.3485,724.1224,303.31488,745.92426,322.39154,699.5953,311.4906,672.3429,312.8532,724.1224,416.41214,673.7055,434.12616,748.6495,507.70752,634.18964,540.41034,736.3859,47.14277,692.78217,124.81197,681.8812,307.40274,804.51685,517.24585,687.3317,551.3113,794.9785,510.43277,673.7055,558.1244,739.11115,522.6963,620.5634,552.6739
0.6820544990209433,745.48145,101.112335,749.5528,88.89833,741.4101,88.89833,735.9817,88.89833,711.55365,86.184105,699.33966,148.61127,678.983,155.39682,708.8394,235.46645,700.6968,258.53735,730.5532,301.96494,749.5528,319.6074,706.1252,307.3934,678.983,308.7505,729.1961,414.60526,680.3401,432.2477,750.9099,509.6031,635.55536,538.1025,741.4101,50.89919,697.98254,124.18324,688.4827,306.0363,806.5515,519.1029,688.4827,550.31647,795.69464,512.3173,674.9116,557.10205,741.4101,524.5313,621.98425,550.31647
0.7090522303031042,752.0682,100.83979,754.7823,89.9833,747.997,88.626236,738.49756,88.626236,719.49866,85.91211,708.6422,148.33694,681.501,157.83638,711.3563,236.54596,705.9281,259.616,728.9981,303.04196,757.4964,320.68378,712.7134,308.4702,684.2151,309.82727,733.0693,417.03516,686.9292,433.3199,753.42523,510.6724,636.7179,537.81366,745.28284,49.27145,703.2139,125.2669,695.0716,305.7561,806.35065,521.5289,688.28625,552.74133,798.20825,514.7436,674.71564,558.16956,743.9258,524.24304,621.7902,550.02716
0.7006469437709222,757.9744,100.537346,760.707,88.24079,753.87555,88.24079,741.579,86.874504,722.45105,85.508224,715.6196,149.72357,686.9276,156.555,718.3522,237.16576,711.52075,256.29373,744.3116,304.11368,760.707,320.5091,716.9859,313.67767,691.0265,315.04395,737.48016,417.51526,696.49164,431.1781,753.87555,509.0563,639.1077,536.38196,748.4104,44.5197,710.1545,123.764175,701.9568,306.84625,804.42804,522.7191,689.6602,552.7774,796.23035,515.8877,674.6311,558.24255,744.3116,524.08545,624.07855,547.31226
0.6845311763194891,763.7743,96.804565,765.1412,85.869606,758.3068,85.869606,724.1351,83.13587,729.60254,83.13587,718.6676,148.74559,694.06396,152.8462,724.1351,237.59209,717.3007,256.72827,751.4725,303.2018,767.8749,319.60425,722.7682,310.03616,696.79767,310.03616,740.53754,416.65195,706.3658,430.32065,755.57306,509.59906,643.4898,534.2027,754.2062,46.2304,715.93384,121.40821,706.3658,303.2018,804.78033,523.26776,689.9633,553.33887,797.94604,516.4334,674.9278,558.80634,746.005,524.63464,627.08734,545.13763
0.6704402497181525,770.43884,95.77017,773.1781,84.81315,766.32996,84.81315,736.1981,83.44352,737.56775,83.44352,726.6107,149.1857,699.21814,151.92496,725.2411,238.21156,717.0233,253.27747,755.3729,302.5841,767.6996,313.54114,725.2411,309.43225,700.58777,309.43225,741.67664,417.6329,718.39294,431.3292,755.3729,510.76767,647.17224,531.3121,760.85144,42.354656,722.50183,120.42349,708.80554,302.5841,803.30994,523.0943,691.00037,553.22614,795.09216,516.24615,675.93445,557.335,745.7855,524.4639,627.99744,539.52985
0.6650517720442551,776.7714,96.64668,779.48773,85.78152,772.69696,85.78152,745.53406,84.42337,742.81775,84.42337,733.3107,148.25624,704.7897,150.97253,730.5945,235.17758,723.8037,254.19164,759.11554,301.72675,775.41327,312.59192,730.5945,308.51746,703.4315,309.8756,744.1759,414.45285,729.2363,426.67618,755.0411,510.88123,653.1801,524.4627,765.90625,43.678986,727.8782,121.093315,714.2967,303.0849,805.2925,525.82086,692.56635,551.6256,795.78546,519.0301,677.6268,554.3419,746.8922,525.82086,634.1661,532.6116
0.658466602747257,789.5148,97.415565,793.54974,85.310776,785.47986,85.310776,745.13055,82.62082,755.8904,83.9658,746.4756,145.83472,716.88605,144.48975,741.09564,234.60316,733.0258,249.3979,767.9952,297.81705,786.8248,307.23187,739.7507,303.19696,708.8162,304.54193,751.85547,416.175,743.7856,424.24484,754.5454,513.0133,665.777,517.0482,781.44495,44.961483,741.09564,118.93519,722.266,299.16202,800.2746,527.80804,699.40137,547.98267,792.2048,522.4281,684.6066,549.32764,746.4756,525.11804,645.6023,523.7731
0.6454666497615668,795.1754,98.81742,799.1664,86.844604,791.1845,86.844604,753.9357,84.183975,761.9176,85.51429,752.6054,146.70871,722.0082,146.70871,748.61444,231.84877,741.9629,253.13379,772.5601,297.03412,796.50574,307.67664,740.63257,305.01602,711.36566,307.67664,755.26605,414.1017,747.2841,422.0836,753.9357,508.55396,674.1169,515.2055,785.8632,42.94426,745.95386,120.10244,724.6688,299.69476,793.8451,529.839,710.03534,545.80273,789.8542,523.18744,692.7413,547.13306,745.95386,520.5268,655.4925,520.5268
0.6688365707030663,805.07355,97.47913,807.71936,85.572845,799.78186,85.572845,764.063,84.24992,769.3547,84.24992,758.7713,147.75014,728.3441,150.39598,753.4796,232.4171,749.51086,256.22968,779.93805,293.27148,801.1048,306.5007,744.2192,306.5007,715.11487,309.14655,761.4171,413.65732,752.1567,422.91776,754.80255,506.2618,684.6877,514.19934,793.16724,39.2706,753.4796,119.968796,727.0212,299.88608,802.4277,523.4598,724.37537,545.94946,794.4902,516.84515,705.85443,549.9182,745.54205,516.84515,666.1668,520.81396
0.6373445254105788,808.19104,102.954414,812.098,91.23351,805.5864,89.93119,761.3075,86.02423,775.633,84.72191,762.6098,145.93103,733.95874,147.23335,758.7028,235.79124,760.0051,259.23303,793.86554,294.39572,816.005,308.72128,745.6796,304.8143,717.0285,306.11664,771.7261,412.907,757.4005,418.1163,750.8889,506.6742,697.4937,518.3951,802.98175,44.349926,758.7028,119.8846,728.74945,298.3027,797.77246,524.90674,736.56335,545.74384,789.95856,519.69745,718.3309,549.6508,740.47034,514.48816,679.26117,527.51135
0.6507154210255697,814.75665,105.33343,818.629,92.42548,812.17505,92.42548,768.288,88.5531,782.4868,87.26231,766.99725,147.92964,739.89056,150.51123,763.1249,234.41287,765.7065,261.51953,800.5579,292.4986,823.79224,307.98816,747.6353,302.82495,717.9471,305.40656,778.6144,413.83328,761.8341,417.70566,748.92615,504.1889,708.9115,520.96924,809.59344,45.956886,764.41565,122.113754,729.5642,297.6618,797.9763,524.8416,756.6709,545.4943,790.23157,519.6784,737.30896,551.9483,739.89056,513.2244,690.8404,530.00476
0.6158217260470757,827.4674,107.871376,830.12604,95.9075,823.47943,95.9075,783.59985,91.91954,794.2344,90.590225,770.30664,147.75096,751.69617,153.06824,766.31866,231.49811,776.95325,260.74313,804.86896,288.65884,835.4433,309.92795,737.07367,303.28137,722.4511,304.6107,779.6119,404.30966,761.0014,413.6149,754.3548,497.36203,738.40295,525.2777,823.47943,52.039955,774.2946,125.152534,726.4391,299.2934,800.881,515.9725,791.57574,545.2175,798.22235,507.99658,778.28253,551.86414,734.41504,507.99658,725.1098,539.90027
0.5898418552600421,835.3668,113.28462,839.35876,101.30876,832.7055,99.97811,791.4553,91.9942,800.7699,90.66355,771.4956,151.8735,759.5197,157.1961,779.4795,238.36581,783.47144,260.98688,832.7055,291.59186,843.35077,306.22903,738.2293,303.56772,726.2535,308.89032,762.181,404.6972,759.5197,415.3424,766.173,504.49603,746.2132,531.1091,832.7055,48.08272,779.4795,126.59113,731.57605,300.90643,812.7458,520.46387,807.42316,547.07684,808.75385,512.4799,795.4473,555.0608,752.86646,519.1332,734.23737,548.40753
0.6277240503292817,839.1196,115.69818,844.4014,102.49375,836.47876,101.17331,791.58374,94.5711,806.1086,95.89154,775.7384,156.6319,762.534,161.91367,792.9042,242.46066,788.9428,263.58774,837.7992,295.27835,849.68317,309.80322,736.1251,308.4828,725.5616,311.1237,755.93176,410.15686,759.89307,416.7591,761.21356,510.5105,757.2522,532.958,836.47876,50.99649,784.9815,130.22305,730.8434,304.52145,810.0699,531.6376,812.7108,551.4442,804.78815,526.35583,802.1473,558.04645,744.0478,526.35583,742.72736,551.4442
0.6438621821311804,846.86224,116.2206,850.79913,104.40996,845.5499,103.09767,798.3074,96.5362,815.3672,97.848495,775.9984,155.58939,770.74927,164.77544,795.6828,243.51303,798.3074,264.5097,845.5499,296.00476,861.2975,310.43997,734.005,309.1277,726.1313,311.75226,752.37714,408.86194,755.0017,416.73572,760.2509,505.97165,760.2509,533.5298,842.92535,54.542824,793.0582,131.96811,730.0682,305.1908,810.11804,523.03143,812.7426,547.965,802.24426,517.7823,802.24426,555.83875,744.50336,521.7192,748.44025,550.5896
0.6404618552097907,849.4375,122.46057,854.66583,109.38971,846.8233,110.69679,810.22485,101.54719,818.0674,102.85427,778.8548,156.44482,774.93353,169.5157,795.8469,242.71255,803.68945,267.5472,844.2091,294.99603,863.8154,313.29523,730.49255,308.0669,725.2642,311.98816,747.48474,411.32672,752.7131,420.47635,752.7131,501.51572,760.5556,534.1929,849.4375,59.720413,795.8469,136.83853,727.8784,304.14563,804.9965,510.6653,811.532,545.95667,794.53986,500.20862,799.7682,555.10626,738.3351,515.8937,751.40594,548.57086
0.6203252352201022,857.3046,124.01793,861.2211,112.268364,854.6936,110.96286,814.2229,104.435326,825.9725,105.74083,784.1962,159.26662,781.5852,172.32169,806.38983,246.73558,819.44495,270.2347,855.99915,298.95587,887.3313,310.7054,731.97595,310.7054,725.4484,315.92746,748.9476,411.22946,752.8641,420.368,759.3916,503.92044,759.3916,532.6416,855.99915,62.659103,803.7789,139.684,729.3649,306.7889,810.3064,524.80853,812.9174,549.6132,801.16785,511.75348,802.4733,557.4462,746.33655,514.3645,747.642,549.6132
0.6424475828042397,862.8136,128.60541,866.67975,115.71819,860.23615,115.71819,824.1519,107.98587,830.5955,110.56331,784.2016,159.53473,788.06775,173.71066,809.976,253.61139,822.8632,271.6535,861.52484,302.5828,884.72186,312.89258,731.364,311.60385,724.9204,315.47003,750.6948,413.41284,751.9835,421.14517,762.29333,503.62335,758.4271,531.9752,862.8136,65.45806,807.39856,142.78134,727.4978,306.44897,812.55347,521.66547,813.84216,551.306,807.39856,510.06696,802.24365,557.74963,749.40607,513.9331,748.1174,548.7286
0.6210831277645551,872.039,138.88213,877.06683,126.31253,872.039,127.56949,831.8163,116.25686,841.87195,121.2847,787.8227,160.25044,797.8784,182.8757,819.2467,248.2376,835.58716,277.14767,873.29596,293.48813,894.66425,317.37036,728.7456,308.57166,726.2317,314.85645,746.3431,411.64233,750.11395,421.698,758.91266,498.37253,758.91266,533.5674,874.5529,76.03416,815.4758,148.9378,723.7178,304.80078,814.2189,519.74084,814.2189,548.6509,805.42017,509.68515,802.90625,556.1927,746.3431,510.9421,748.857,549.90784
0.6301046071144251,874.7817,146.05124,881.0337,133.54716,874.7817,134.79758,834.7686,122.29351,844.7719,126.04473,791.0044,161.05612,799.75726,186.06427,832.2678,244.8334,839.77026,276.09357,887.2857,291.09848,896.0386,317.35703,730.98486,302.35214,723.4824,308.60416,748.49054,409.88715,748.49054,421.1408,762.24506,499.91644,758.49384,533.6774,881.0337,83.53089,818.51337,153.55368,724.7328,301.1017,814.76215,517.4222,813.5117,548.6823,807.2597,508.6693,803.5085,557.4352,750.9914,509.9197,749.74097,549.93274
0.6142254850039115,880.47797,148.98874,885.4788,137.73676,880.47797,137.73676,840.4709,125.234535,850.47266,130.23543,795.46295,165.24161,806.7149,190.24603,839.22064,251.50687,846.722,281.51218,882.9784,286.51306,906.7326,324.01968,729.20123,307.7668,725.45056,315.26816,749.2048,411.5352,749.2048,422.78717,764.2074,500.30087,757.9563,535.30707,882.9784,87.727905,822.9678,156.49007,724.2003,305.2664,800.4638,517.80396,812.966,550.30975,800.4638,509.05243,801.71405,557.81104,750.45496,507.80222,750.45496,551.55994
0.6062043859408452,884.22864,154.34254,890.4337,141.93234,882.9876,143.17337,840.7929,129.52216,853.2031,134.48622,794.8752,166.75275,807.2854,194.05518,855.6852,258.58823,851.9621,283.4086,904.08496,285.89066,909.049,325.60327,729.10114,305.74698,722.89606,314.4341,743.9934,408.75162,747.71643,422.40283,758.8856,495.62302,758.8856,535.33563,886.7107,91.05054,827.1417,159.30663,724.1371,303.26492,792.3932,511.75626,813.4905,550.2279,791.15216,504.31015,802.3213,558.91504,747.71643,503.06912,750.1985,551.4689
0.6085500912024424,887.59283,156.0536,892.57947,143.58698,887.59283,143.58698,845.2063,133.61366,857.6729,137.35365,807.8064,173.50688,816.533,194.70015,856.4263,260.77325,858.91956,286.9532,908.7861,294.43317,913.7727,326.8464,735.49994,308.14645,723.0333,314.37976,746.7199,406.6328,747.96655,421.59277,761.6799,498.88586,756.69324,536.2857,886.3461,93.72046,833.9863,163.53357,725.5267,303.1598,804.0664,518.83246,810.29974,552.4924,800.3264,505.11917,799.0798,559.97235,746.7199,507.6125,746.7199,552.4924
0.621974806372936,890.2827,161.96152,895.2194,149.61974,890.2827,149.61974,852.0232,134.8096,863.1308,140.9805,812.5295,171.83493,818.7004,198.98685,863.1308,256.9932,861.8966,286.61346,907.5612,295.25272,914.96625,327.34134,736.0105,306.36032,723.6687,313.76538,745.8839,405.09454,747.1181,422.37305,764.39655,496.4237,756.9915,535.9174,891.5169,99.01845,837.2131,164.42987,727.3712,301.4236,803.89026,513.7022,811.29535,550.72754,802.65607,501.3604,801.4219,558.13257,749.5864,505.06296,748.35223,551.96173
0.6195294077579792,895.87396,167.64842,901.98706,156.64485,895.87396,155.42223,854.30493,143.19604,867.7537,148.08652,816.40375,174.98413,823.73944,203.10437,870.199,258.12222,865.3085,286.24243,908.10016,276.4615,914.21326,330.2567,736.93353,304.58173,724.70734,314.36267,746.7145,407.2817,747.9371,424.39838,767.49896,500.20074,757.718,535.6567,898.3192,106.51748,840.85614,167.64842,728.3752,300.91388,806.6228,514.8722,812.7359,551.5507,804.17755,503.8686,801.7323,557.6638,750.3823,508.75906,747.9371,551.5507
0.6244179251102301,900.0112,169.8787,903.65674,157.72696,898.7961,157.72696,855.0498,144.36006,870.84705,150.43593,817.37946,174.7394,827.1008,206.33391,872.06226,259.80154,870.84705,290.18088,909.7326,305.97812,919.454,332.71194,738.3931,305.97812,725.02625,315.69952,748.11456,405.62234,748.11456,425.06512,771.2028,497.97552,757.83594,535.64594,898.7961,107.904854,844.1132,169.8787,728.67175,301.11743,810.0884,512.5576,812.51874,550.228,807.658,501.62106,801.58215,557.51904,755.4056,506.48175,748.11456,551.4432
0.6215083094743582,901.03467,171.57907,904.65826,160.7082,899.8268,160.7082,856.3433,145.00584,873.25354,151.04521,812.85986,172.78694,828.5622,204.19167,873.25354,259.75388,870.8378,291.1586,911.9055,309.2767,923.98425,337.05783,733.14014,302.02948,725.89294,312.90033,746.42676,407.1145,747.63464,425.23264,771.7921,501.32867,758.5055,536.35706,904.65826,109.97749,844.2646,171.57907,728.30865,300.8216,806.8205,512.1996,811.652,548.4358,809.2362,503.74445,801.989,555.68304,758.5055,510.99167,748.8425,550.8515
0.6255012796475337,903.7354,173.88083,907.34235,161.8577,902.5331,161.8577,856.84515,147.42993,877.2845,154.64381,814.7642,175.08315,830.3943,206.34329,879.68915,265.25662,873.67755,291.70752,909.74695,298.9214,920.56775,337.39542,733.0069,303.73065,725.793,312.14685,748.63696,408.3319,747.4347,425.16428,766.6717,500.91,758.2555,535.7771,904.9377,112.56286,846.02435,172.67851,729.39996,298.9214,801.53876,515.33777,809.95496,550.20483,802.7411,505.71927,799.13416,557.41876,757.05316,510.52853,748.63696,551.40717
0.634470698925165,901.8106,172.00621,907.76984,161.27953,903.00244,162.47137,852.9445,144.59355,879.16534,152.93654,826.72375,179.15735,833.8749,200.61073,873.20605,263.77902,872.0142,291.19168,900.6187,291.19168,920.88025,335.2903,727.7998,298.3428,724.22424,305.49393,748.06134,410.37717,746.86945,422.29572,761.17175,506.9174,757.5962,534.33,908.96173,114.79719,848.1771,173.19807,727.7998,295.9591,810.0378,516.4522,810.0378,547.4404,801.69476,512.87665,800.5029,555.78345,748.06134,518.83594,748.06134,549.82416
0.6292520853189322,903.21466,174.0677,909.17975,163.3306,903.21466,163.3306,853.10815,146.62842,880.5474,153.7865,829.2479,178.83974,831.634,199.12094,875.7754,263.54358,872.19635,290.98285,904.40765,281.43875,922.30286,336.31732,725.4559,296.9479,723.0699,304.106,749.3161,409.09103,746.9301,421.02115,761.2463,504.53198,756.4742,534.3573,911.56573,116.80312,848.3361,174.0677,729.0349,295.7549,814.93176,515.2691,810.1597,546.2874,804.1947,510.49704,798.2296,554.6385,749.3161,517.6551,746.9301,548.6734
0.6389411458602319,904.478,175.28807,911.5836,164.6297,904.478,165.81396,854.73895,146.86572,881.977,156.33984,828.6851,178.84087,833.4222,202.52615,879.60846,264.1079,873.68713,292.53024,905.6623,279.50333,922.242,336.34802,728.02264,298.45157,723.2856,305.55716,749.3394,410.95667,746.9709,422.79932,759.9978,504.51355,756.445,535.30444,911.5836,118.44338,850.0019,175.28807,728.02264,297.2673,813.2897,513.9877,810.92114,547.14703,803.81555,509.2506,799.0785,555.4369,749.3394,516.3562,746.9709,549.51556
0.6389488692467029,907.447,177.7928,914.58105,165.90276,908.63605,167.09175,859.88684,151.63469,884.85596,158.76872,831.3507,180.17082,837.2957,203.95093,882.47797,266.9682,876.5329,294.31534,909.8251,282.4253,924.09314,338.30853,730.2853,300.26035,725.52924,306.20538,749.3093,409.64886,746.93134,421.5389,758.82135,503.5803,756.44336,535.6834,913.3921,119.53154,852.7528,177.7928,730.2853,295.50433,808.7596,514.2813,809.9486,547.5735,801.62555,508.3363,799.24756,555.89655,748.1203,514.2813,748.1203,549.9515
0.640531545648208,908.73016,178.52965,914.6481,166.69376,908.73016,167.87733,860.20294,150.12349,886.24194,159.59221,825.87885,179.71324,838.8983,205.75223,882.69116,267.29892,877.9568,295.70508,911.0973,277.9512,925.3004,338.3143,730.00806,301.62302,726.4573,308.72455,750.1291,410.5133,746.5783,424.71637,759.5978,505.2005,757.2306,535.9739,913.4645,120.53374,854.285,177.34605,731.19165,296.88867,809.3086,515.85284,809.3086,546.62616,801.02344,512.30206,799.83984,556.09485,747.7619,515.85284,747.7619,551.36053
0.6424185908757724,909.36487,178.89441,916.4873,168.21075,910.55194,168.21075,861.88196,150.40466,885.6234,159.90125,832.20514,181.26855,839.3276,206.19708,883.24927,267.92487,878.501,295.22754,911.739,279.7956,923.60974,337.96216,728.9298,301.1629,725.3686,308.28534,749.11005,411.56067,746.7359,424.61847,758.6066,505.33942,757.41956,536.2033,914.11316,120.727844,854.7595,177.70734,728.9298,297.60168,808.4637,516.0231,809.65076,549.2611,801.34125,512.46185,798.9671,557.5706,745.5488,516.0231,747.923,550.4482
0.6367189930035517,910.6325,178.55502,916.56696,167.87294,910.6325,169.05984,859.5959,150.06947,888.0814,160.75156,839.4186,184.48952,840.60547,207.04059,883.3338,268.7593,879.77313,297.24487,913.0063,278.2545,924.87524,338.78632,730.22394,301.99246,725.4763,309.11386,750.4012,412.374,746.8405,425.4299,759.8964,504.9521,756.3357,535.81146,914.1932,121.58391,856.03516,178.55502,731.4108,297.24487,809.74615,515.63416,809.74615,548.8673,802.62476,510.88657,799.064,557.1756,748.0274,515.63416,746.8405,551.2411
0.630541511453115,910.9508,179.88211,918.06683,169.20813,910.9508,169.20813,859.95294,150.23218,888.4169,160.90616,839.791,183.4401,840.977,205.97404,882.48694,271.2039,878.9289,298.4818,915.6948,281.87787,928.7408,339.9917,728.3073,300.85382,725.9353,309.1558,749.6553,412.33752,748.46924,425.38348,759.1432,503.6593,756.77124,536.8672,915.6948,122.954254,856.39496,178.6961,730.6793,297.2958,810.1411,515.5193,810.1411,548.7272,801.8391,509.5893,798.2811,557.0292,744.91125,514.33325,747.28326,551.0992
0.6428958624601364,912.68463,180.44852,919.81146,169.75822,913.87244,169.75822,861.60876,151.94107,890.1162,161.44354,834.2891,184.01195,841.41595,207.76816,880.6137,274.28555,878.2381,301.6052,916.24805,296.85394,931.6896,341.99072,730.9496,302.793,726.19836,309.91986,751.1424,412.07156,747.579,425.13745,760.6449,504.72076,757.0814,536.7916,917.43585,122.245804,856.8575,179.26071,730.9496,298.04175,808.1573,518.9745,808.1573,548.66974,802.21826,511.84763,798.6548,556.98444,748.7668,514.22327,747.579,551.04535
0.6345742310468967,912.43555,179.54391,919.5757,168.8337,912.43555,168.8337,860.0745,152.17337,888.6351,161.69356,836.27405,183.11398,843.4142,208.10446,879.11487,275.9358,879.11487,302.1163,918.3857,297.3562,933.85596,342.5771,731.552,300.9263,726.79193,306.8764,751.7824,411.59845,748.21234,424.68872,761.3026,499.6602,756.5425,535.3609,917.1956,121.232765,857.69446,179.54391,732.742,297.3562,810.09357,515.1305,808.9035,548.4511,805.33344,505.6103,798.1933,556.7813,748.21234,506.80032,747.0223,549.6412
0.6205829943601902,912.65393,180.19788,917.4342,170.6373,912.65393,169.44223,866.0461,153.90628,888.7525,162.27179,826.6087,183.78308,842.14465,208.87961,880.38696,274.60858,877.9968,302.09525,922.2145,312.8509,931.7751,343.92276,738.1734,298.51,727.4177,308.0706,752.5143,408.45667,748.929,421.60245,766.8551,501.6723,757.29456,536.3294,917.4342,121.639336,856.48553,180.19788,734.5882,297.31494,806.2925,512.4279,812.2679,550.6702,808.6826,506.45258,800.31714,557.8407,750.1241,510.03778,747.73395,550.6702
0.6195177252476032,912.1686,180.58939,916.9532,171.0202,913.36475,169.82407,866.71497,154.27414,889.4418,162.64717,826.04596,181.78554,842.79205,208.10078,879.8726,272.69278,877.48035,301.40033,921.7378,302.59647,931.30695,344.46164,735.13873,296.61572,729.158,306.1849,753.08093,407.85748,750.68866,421.0151,766.2386,499.96085,757.86554,535.8453,918.14935,123.17429,855.94965,180.58939,733.94257,296.61572,806.9076,509.53003,811.6922,550.19904,809.2999,504.74545,800.9269,557.376,749.4925,508.3339,747.1002,550.19904
0.6222574481597314,917.6424,181.44504,920.0305,169.50446,916.44836,169.50446,869.88007,152.78763,891.3731,162.3401,825.6999,182.6391,843.6108,212.49057,881.8207,275.77567,880.6266,304.43307,928.3889,299.65683,936.7474,346.22513,740.92175,303.239,728.98114,312.7915,751.6683,409.51025,751.6683,425.033,762.4148,500.2587,760.0267,534.8864,916.44836,120.54805,857.93945,180.25098,733.7574,299.65683,807.789,516.9755,812.56525,551.6032,808.9831,506.229,800.6247,557.5735,745.698,509.81116,749.28015,549.2151
0.6335104165168909,916.1177,181.82602,920.86,171.1558,917.3032,171.1558,867.5089,154.55771,892.40607,164.04234,829.57043,184.19717,842.6118,209.09433,884.10706,274.30115,879.36475,302.75504,924.4167,274.30115,933.90137,345.43585,739.46643,300.38388,728.79626,308.68292,752.5078,408.27155,750.13666,424.86963,765.5492,501.93225,757.2501,536.314,919.6744,123.732666,859.2099,181.82602,734.7241,298.01273,804.6733,514.97363,810.6012,549.3554,803.4877,505.48898,799.93097,556.4689,750.13666,509.04572,746.5799,550.54095
0.6262492044613912,915.73364,180.68419,921.6689,171.18782,916.92065,171.18782,865.8777,155.75623,891.99274,164.06554,846.88495,186.61942,842.1368,206.79921,882.49634,275.6479,877.74817,302.94995,924.04297,275.6479,935.9134,346.87067,741.23785,298.20175,728.18036,305.32404,756.66943,407.41,749.5472,424.02866,769.7269,502.3737,756.66943,535.611,921.6689,124.89302,857.56836,181.87123,735.3026,297.0147,806.5254,516.6182,810.08655,551.0426,807.7124,509.49597,798.21606,556.97784,759.0435,509.49597,747.1731,549.8555
0.6329345726049863,915.62036,180.17216,920.3672,170.6785,916.80707,170.6785,865.7787,155.2513,893.07294,163.55826,842.0445,183.73228,844.4179,207.46645,881.2059,278.66888,877.64575,304.77646,921.5539,310.71,936.98114,345.1245,734.05414,297.65622,728.12054,304.77646,751.85474,409.20673,749.4813,423.44724,762.5351,501.76993,757.78827,536.18445,921.5539,124.396904,857.4717,181.35887,732.8674,296.4695,801.6965,516.01044,808.8167,550.4249,802.8832,506.51675,798.1363,557.54517,747.1079,507.70346,748.2946,550.4249
0.6356425973085257,915.33594,181.61331,920.0786,170.94237,916.5216,170.94237,866.72394,155.5288,892.8084,163.82841,841.8251,183.98463,844.19635,207.69783,882.1375,280.02307,877.39484,304.92194,922.44995,312.0359,936.67786,344.0487,735.11566,301.36496,728.0017,307.29327,750.52924,410.44568,750.52924,423.4879,762.38586,501.7415,757.6432,536.1256,921.2643,124.70164,858.4243,181.61331,733.93,296.6223,802.6983,517.155,808.6266,550.3535,803.8839,506.48413,797.9556,557.46747,746.9723,508.85544,748.1579,550.3535
0.6193946267549808,917.1116,181.3832,923.04456,170.70384,915.925,171.89044,862.5282,152.9049,892.19305,163.58426,836.4231,181.3832,845.91583,209.8615,880.3271,278.68402,879.1405,305.9757,917.1116,300.04276,936.0971,345.13336,732.0027,300.04276,727.2563,305.9757,752.1748,410.39612,748.615,424.63525,764.0408,499.39078,756.9212,536.17523,920.6713,124.42662,858.9684,181.3832,734.37585,296.48297,812.69116,517.1897,809.13135,549.2278,807.94476,506.51035,797.26544,556.34735,749.80164,506.51035,747.4284,550.41437
0.621646102804404,914.0819,181.12283,920.0053,171.64537,916.45123,171.64537,866.6946,156.24449,892.7576,163.35258,841.8162,182.30751,845.3703,208.37053,880.91077,277.08212,877.35675,304.32983,918.8206,283.00555,935.4062,344.60904,734.01013,297.22174,728.08673,303.14514,751.78033,409.7666,750.5957,423.9828,762.4425,498.6178,756.5191,535.34296,923.5593,126.62742,858.4018,181.12283,735.1948,294.85236,800.35236,516.38806,807.46045,549.55914,802.72174,504.5412,796.7983,557.8519,749.411,505.7259,747.0416,549.55914
0.6143153011798859,916.0028,184.1098,920.7406,173.44975,917.18726,172.2653,867.44037,155.683,892.31384,165.1586,831.90686,181.7409,844.9358,208.98326,881.65375,280.05026,879.28485,306.10815,923.1095,320.32156,936.1385,345.19504,735.9664,297.81702,728.8597,306.10815,754.9176,410.33978,751.36426,425.73764,767.94653,501.54245,757.2865,535.8915,924.29395,126.07175,857.9648,181.7409,734.7819,297.81702,805.84894,515.75586,809.4023,550.1049,807.0334,508.64914,797.5578,557.2116,754.9176,508.64914,747.8109,550.1049
0.6134275518930875,916.49475,182.35585,922.3937,171.73781,917.67456,171.73781,868.1237,157.58043,894.0789,164.65912,845.7079,183.53563,845.7079,208.31104,881.1013,280.2777,877.56195,305.05313,920.0341,314.4914,936.551,345.1657,734.8084,297.97443,727.7297,303.87335,753.6849,410.05368,750.14557,423.03128,765.4827,499.71707,756.04443,535.11053,924.75323,125.72633,859.86523,182.35585,735.98816,295.61487,803.2357,517.4138,807.95483,550.4477,807.95483,505.616,797.3368,557.52637,753.6849,507.97556,746.6062,549.2679
0.6345469046097535,916.0149,183.14369,923.0937,173.70535,917.1947,173.70535,865.2838,154.82866,893.5988,164.267,838.14856,181.9639,844.04755,210.27893,881.8009,277.52716,878.26154,304.66238,917.1947,311.74115,936.0714,345.95517,733.147,299.94324,727.248,305.8422,754.38324,410.84378,749.66406,423.8215,761.462,501.68787,756.74286,535.90186,923.0937,125.333824,859.3848,181.9639,734.3268,296.40384,807.47394,517.0252,808.65375,550.0594,805.1144,507.58682,798.0356,557.1381,749.66406,507.58682,747.3045,550.0594
0.6349711349377265,915.58496,183.3974,922.6392,172.81601,916.7607,172.81601,866.20514,154.00465,894.4222,164.58604,836.8124,182.2217,845.04236,210.43872,883.84076,277.45416,877.9622,304.4955,921.4635,286.85986,936.74774,346.82104,733.3499,300.96838,727.4714,306.84692,753.337,410.3094,748.63416,423.2422,760.39124,500.83902,756.86414,536.1103,922.6392,125.78762,860.3266,182.2217,733.3499,296.26553,807.4197,514.9476,809.77106,549.04315,803.8925,505.54187,799.1897,557.2731,748.63416,506.71756,747.45844,550.2188
0.6155043427760785,917.517,185.63669,924.62445,174.9755,917.517,174.9755,864.21106,154.83769,895.0101,165.49889,838.1504,183.26753,846.44244,210.51279,883.1643,280.4028,879.61053,306.46347,921.07074,320.6784,938.83936,346.73907,732.7231,300.5406,727.9848,306.46347,752.8609,410.7062,749.3072,423.73654,765.89124,498.36484,756.4146,533.90216,923.4399,126.40787,860.65735,182.08296,735.0922,296.98688,814.45886,518.5026,809.7206,548.11707,810.90515,506.6569,799.0594,555.22455,750.49176,506.6569,748.12256,548.11707
0.625548426921551,913.1424,183.25261,920.2336,173.79767,915.5061,173.79767,865.8676,152.52403,894.2325,164.34271,841.0484,182.07074,844.594,208.07185,881.23193,276.6202,877.68634,304.98505,917.8699,313.25815,936.7797,346.35046,731.13464,297.89386,728.7709,304.98505,752.40826,410.17136,747.6808,421.99002,761.8632,503.53894,755.95386,535.4494,923.7792,127.704796,859.9583,180.88887,734.68024,295.53012,809.13794,518.90326,809.13794,549.63184,804.41046,510.63016,798.50116,557.9049,750.04456,511.81204,747.6808,550.8137
0.6331399587484506,915.1106,184.03899,922.2144,173.3833,915.1106,173.3833,867.75195,154.43983,893.7992,165.09554,841.7047,181.67107,844.07263,207.71832,884.3275,274.02045,877.2237,303.6196,919.8465,296.5158,935.23804,346.2424,730.41187,296.5158,728.0439,303.6196,754.0912,410.1766,748.1713,424.3842,761.19495,503.70996,756.4591,535.67706,924.58234,129.57654,859.4642,181.67107,733.96375,295.33185,809.7376,516.7336,809.7376,548.7007,805.0017,507.26184,799.0819,556.98846,748.1713,510.81375,748.1713,549.88464
0.6284739615825506,914.7637,184.90962,921.9045,174.19838,915.9538,174.19838,867.1582,152.77591,894.5313,164.67729,840.97516,181.3392,844.5456,208.71236,880.2497,275.36005,877.86945,303.92334,917.1439,313.44443,932.6157,345.57812,731.48254,297.97266,727.9121,303.92334,751.7149,411.03568,748.1445,424.1272,761.23596,501.4861,757.6656,536.00006,925.4749,130.16331,860.01733,181.3392,735.053,295.59238,810.0316,513.38745,808.8415,550.28174,804.08093,505.05652,798.13025,557.42255,746.95435,508.62692,748.1445,550.28174
0.6349776490376546,914.2154,183.51538,921.3391,174.01706,915.40265,174.01706,867.9111,153.83315,895.21875,165.70604,840.6034,181.14081,845.3526,208.44847,880.97125,276.124,877.4094,303.43164,916.58997,314.11725,933.21204,346.17407,730.1855,296.3079,727.8109,303.43164,752.74396,410.28772,749.1821,424.5352,759.86774,501.709,757.4931,534.9531,926.08826,130.08734,859.60004,182.3281,733.7473,295.1206,810.92114,513.5819,810.92114,549.2006,803.7974,505.2709,799.0483,557.51166,746.8075,510.02005,747.9948,549.2006
0.6354383516770142,914.1573,183.59248,921.2795,174.09624,915.3443,174.09624,866.6761,152.7297,895.1648,164.6,841.7485,181.21843,845.3096,208.52011,880.9205,276.18082,877.3594,303.4825,916.5314,314.16577,933.1498,346.21558,730.16766,296.36032,727.7936,303.4825,751.5342,411.50223,749.1601,424.55957,759.8434,501.71652,757.46936,536.1404,926.0276,130.17613,859.5539,181.21843,733.72876,295.1733,810.8857,513.5868,810.8857,550.38477,804.95056,505.2776,799.0154,557.5069,746.7861,508.83868,747.9731,550.38477
0.6305705033815824,913.389,183.3584,920.4707,173.9161,914.5693,172.73581,866.1775,151.49065,894.5044,164.4738,842.5718,182.17812,844.9324,208.14442,880.34094,273.0602,876.8001,302.56738,914.5693,306.10825,931.0933,343.87744,730.4445,297.84625,728.0839,304.92798,752.86993,411.1538,749.3291,424.13696,759.95166,503.21622,756.4108,536.2642,926.3722,130.24548,859.0958,180.99782,733.98535,295.4857,809.52374,516.19934,809.52374,549.24744,803.6223,506.75708,798.9012,557.5094,748.1488,510.29794,748.1488,550.4277
0.6308300128349891,915.76624,183.63777,922.85156,174.19061,915.76624,173.00972,867.3495,151.7536,894.5101,164.74344,842.55066,182.45688,844.9125,208.43657,882.7011,275.74762,879.15845,304.0891,915.76624,314.71716,932.29877,344.23956,732.7274,300.54642,728.00385,306.4509,753.9835,411.5506,749.25995,424.54044,761.0689,502.47955,757.5262,535.5446,925.2134,129.31657,860.2641,181.27599,733.9083,297.00372,810.6665,515.4694,810.6665,549.71533,803.5811,506.02222,800.03845,557.9816,748.07904,509.5649,748.07904,550.89624
0.6291889284665768,915.0974,183.47055,922.19086,174.01257,915.0974,174.01257,866.62524,150.36765,894.9992,164.5546,841.7981,182.2883,845.34485,207.11548,880.81226,275.6858,878.44775,304.05972,916.2796,315.88217,932.83105,344.2561,730.6669,298.14847,728.3024,305.24197,753.1296,411.64417,748.4006,424.64886,761.40533,502.67715,756.67633,535.7801,926.91986,130.26945,859.5318,181.10606,734.2136,295.784,809.87744,518.0464,809.87744,548.7848,803.9662,507.40613,799.2372,557.0605,748.4006,510.95288,747.2184,549.96704
0.6295907669342481,915.148,183.08817,922.2317,173.64325,915.148,173.64325,865.5622,148.85033,895.0776,165.37894,843.1305,181.90755,844.31116,207.88107,883.2714,273.9955,878.54895,302.33026,916.3286,303.5109,931.67664,342.4712,730.9721,299.96906,727.43024,305.87213,752.22314,412.12747,748.68134,425.11423,760.4875,504.21542,756.9456,536.09204,925.77356,129.9605,859.6591,181.90755,733.3333,296.4272,807.71204,517.2022,810.0733,550.2594,802.9896,507.75726,799.44775,557.3431,747.50073,512.47974,747.50073,551.44
0.62845267699315,914.79877,184.37949,921.8935,174.9198,914.79877,173.73734,866.3179,152.45303,894.6969,165.46011,841.4862,182.01456,846.216,208.0287,882.8723,275.42896,879.32495,302.62555,915.9812,313.2677,932.53564,344.0117,730.33484,300.26065,727.97,306.17294,751.61914,411.41196,748.0718,423.23657,761.07886,503.6439,756.349,535.5703,925.4409,128.80383,860.4056,182.01456,733.88226,296.71326,807.1948,517.83344,809.55975,549.7599,802.46497,509.5562,797.7351,558.0371,748.0718,513.1036,746.88934,550.9423
0.6159248535449688,916.108,185.20474,923.2371,175.69923,916.108,175.69923,866.20404,151.93546,895.90875,165.00554,837.6875,182.82837,846.0048,208.96852,880.4623,275.50708,880.4623,304.02362,914.9198,314.71732,933.9308,343.23383,731.9387,301.64725,728.37415,307.58817,749.76154,410.9606,748.57336,424.03067,761.64343,498.88657,756.8907,535.7204,924.4253,129.35988,861.4513,181.64018,735.5033,296.89447,809.17096,510.76843,809.17096,549.97864,805.6064,501.26294,798.4773,557.1078,748.57336,506.0157,748.57336,549.97864
0.6224475571742425,916.39575,185.98409,923.5025,176.50839,916.39575,175.32393,865.46387,154.0036,896.2599,167.03268,838.22125,182.4307,846.51245,208.48886,880.8619,277.18768,879.6774,303.24585,916.39575,318.64386,932.9782,344.70203,732.8041,299.69244,728.0662,305.61478,751.7555,411.0319,749.38654,424.06097,761.2312,498.6821,756.49335,535.40045,925.8714,130.31436,861.91046,182.4307,735.17303,296.13907,809.7941,514.08014,808.6097,549.61395,806.2407,504.6044,797.9495,556.72076,748.2021,505.78888,748.2021,549.61395
0.6334527730941772,915.66315,186.18112,923.93353,176.7293,916.84467,176.7293,866.041,153.0997,896.7595,167.27745,841.23,182.63669,845.9559,208.62923,880.2188,278.3365,879.0373,303.14755,918.0261,318.50677,934.56683,344.49933,731.3524,299.60312,727.808,305.5105,752.619,411.84363,749.0746,424.8399,760.8894,501.63605,756.16345,534.71747,927.47797,131.83308,861.3151,182.63669,733.7154,297.24014,808.14856,516.99524,809.33,548.8952,803.42267,506.36197,798.6967,557.1655,747.8931,509.9064,746.7117,550.07666
0.6152651711152151,916.71954,186.67212,923.7995,177.23221,916.71954,176.05222,865.98004,153.63242,896.6597,166.6123,847.1002,184.31213,847.1002,209.0919,886.03986,278.71124,880.1399,303.491,919.0795,321.19086,934.4194,345.9706,736.1813,301.13104,727.9213,305.85098,751.5211,410.87,749.16113,421.4899,762.141,500.54913,756.2411,535.9488,926.1595,130.03265,862.44006,181.95215,736.1813,296.41107,805.8006,519.42896,808.1606,550.1087,806.9806,507.6291,796.3607,558.3686,751.5211,508.80908,746.80115,550.1087
0.6269584676394095,916.0038,188.33542,923.0897,177.70651,917.18475,177.70651,866.4023,151.72478,898.28894,165.89664,845.1445,183.61147,846.32544,208.41222,885.2981,279.27155,880.57416,302.8913,918.3658,314.7012,933.7186,344.2259,732.95056,301.71033,729.4076,306.43427,751.8464,411.54224,749.4844,423.35214,762.4753,501.2974,756.5703,535.546,926.6327,130.46698,862.8593,182.43047,735.31256,296.98636,809.71484,519.0122,809.71484,549.7179,807.35284,508.3833,797.9049,557.9848,749.4844,508.3833,747.12244,549.7179
0.6126218426686066,916.2811,188.68192,923.3853,178.02565,917.46515,178.02565,865.36786,151.977,898.5207,166.18536,845.2394,183.94579,846.4234,206.44235,884.3124,278.66812,879.57623,302.3487,918.6492,316.55704,932.85754,344.97375,733.9407,301.16467,728.0205,305.9008,751.7011,411.2794,749.333,423.11966,762.35736,498.89752,757.6212,535.6024,925.75336,130.66449,862.9998,181.57773,735.1247,295.24454,810.9025,517.842,809.7185,549.8108,808.5345,507.18573,799.06226,556.915,748.149,507.18573,748.149,550.9948
0.6163716637171232,914.82465,187.61513,923.09796,178.15994,916.00653,176.97804,866.3668,147.4306,900.6419,166.34096,845.0927,182.88753,846.2746,207.70738,882.9134,278.62125,879.36774,303.4411,917.1885,314.0782,932.5531,344.80753,732.8124,299.89542,729.2667,304.62302,751.7228,412.1757,749.35895,426.35846,759.99603,498.45422,756.4504,536.27496,929.00745,132.06593,861.6393,181.70563,735.1762,296.34973,808.45386,517.3646,809.63574,550.45776,804.90814,505.54562,798.99866,557.54913,745.8133,505.54562,746.9952,550.45776
0.6155000340480071,916.3368,189.52179,924.61487,180.06114,917.5194,178.87856,866.6684,148.13144,900.96326,167.05273,844.19934,182.4263,846.56445,207.26051,882.04193,279.39798,878.4942,304.2322,917.5194,317.2406,934.0755,345.62256,731.85406,299.50186,728.30634,305.4148,751.95795,411.8471,749.5928,426.0381,760.236,498.17557,756.6883,536.0182,928.1626,130.39272,863.1206,181.24371,734.21924,295.95413,811.08704,513.54913,809.9045,550.20917,806.3567,505.27106,799.2612,557.3046,746.04504,506.45364,747.22766,550.20917
0.6146687567234039,916.1457,189.04634,923.2172,179.61765,916.1457,179.61765,865.4665,146.6172,902.0027,167.83177,844.2519,183.1534,846.6091,207.90372,881.9667,277.44034,878.4309,303.36926,914.9671,305.72644,932.64594,343.44122,733.4648,301.0121,728.7504,305.72644,752.32214,411.79926,748.7864,424.7637,761.75085,500.19327,755.8579,536.72943,927.9316,131.29558,863.1093,181.97481,734.6434,296.29773,807.71576,519.05066,808.8943,550.8725,806.5372,507.26477,797.10846,559.1226,746.4292,507.26477,746.4292,550.8725
0.6123602298589853,916.3401,189.16928,924.588,180.92136,917.5184,179.74309,865.67426,146.75139,902.2008,167.96033,844.46533,183.27791,846.82184,208.02168,882.1701,278.7182,879.8136,303.46198,918.69666,299.92715,932.83594,343.52332,732.5292,299.92715,728.9944,305.8185,752.5599,411.86328,749.025,424.8243,761.9861,500.23392,756.09467,536.76044,928.12286,132.61208,863.31775,182.09964,734.88574,296.39233,809.11707,517.908,809.11707,549.7215,807.9388,506.1253,798.5126,557.9694,746.66846,507.30356,746.66846,550.8997
0.6190499800902146,915.47766,189.53108,923.76764,180.0568,916.6619,180.0568,865.73755,143.34389,902.4505,167.02963,842.0518,182.42537,846.789,206.11111,881.1333,278.35263,878.7647,304.40695,920.2148,315.06552,933.24194,345.857,730.7288,299.6698,729.54456,305.59122,750.8617,413.36136,749.6774,426.38852,760.336,499.81433,756.78314,536.5272,929.6891,131.50102,862.1847,181.24107,734.2817,296.11694,810.07605,517.5786,810.07605,550.7387,806.5232,506.92004,799.4175,557.8444,746.1246,508.10434,747.30884,550.7387
0.6189960894676355,915.74445,189.0212,923.9478,179.6459,916.9163,178.474,867.6961,144.4886,902.8534,167.9268,845.4298,183.16164,846.6017,207.77176,881.75903,279.2583,878.2433,303.8684,918.08826,313.24368,932.1512,344.88525,734.0983,300.35266,728.2388,305.0403,752.8489,410.51224,749.3331,424.57516,761.05225,497.2336,756.3646,537.07855,929.8073,131.5976,863.0084,181.98973,734.0983,295.66504,806.7568,513.6403,810.27246,549.96954,805.58484,503.09314,798.5534,558.1729,744.6455,503.09314,746.9893,551.1415
0.609397679567337,916.0558,189.23232,924.2934,179.81789,917.2326,179.81789,867.8069,145.69063,901.93414,168.04987,843.09406,182.1715,846.62445,208.06114,883.10535,278.66928,879.5749,304.55893,917.2326,301.0285,932.531,343.3934,733.6514,301.0285,728.9442,306.91254,752.4803,411.64792,748.9499,424.59274,760.7179,498.7313,756.0107,536.389,927.8238,131.569,864.2765,182.1715,734.82825,296.32132,807.79,516.3833,808.9668,550.51056,806.61316,504.6153,797.1988,558.74817,746.59625,505.79208,746.59625,550.51056
0.6140624181582377,914.87067,188.84412,923.15955,179.37111,916.0548,179.37111,868.68976,146.21558,901.8453,167.52985,840.2707,182.92348,847.3755,206.606,880.531,275.2853,879.34686,304.8885,918.42303,309.62497,933.81665,345.14877,732.51526,301.3361,728.9628,307.2567,751.46124,411.45984,749.093,426.85345,759.7501,497.90103,757.3819,535.7931,929.0802,132.00606,862.7691,180.55524,734.8835,296.59958,809.48346,515.6629,809.48346,551.1867,805.931,505.0058,798.8263,558.29144,745.54065,506.1899,746.72473,550.00256
0.6117745935916901,914.7991,188.95268,923.0834,179.4849,915.98254,179.4849,867.46,146.34758,901.7808,167.65013,842.60706,183.03531,847.34094,206.70482,879.2948,275.3464,879.2948,303.7498,917.166,308.4837,932.55115,346.35492,731.36035,300.19937,728.9934,306.11676,751.47943,412.62955,749.1125,426.83124,759.7638,499.02322,757.39685,536.8945,930.1842,133.32935,862.72614,181.85184,734.91077,296.64896,810.6532,515.5919,809.4697,551.0961,805.9193,506.12408,798.8185,558.197,746.74554,507.30756,746.74554,551.0961
0.608497257416065,917.1658,190.81946,925.3964,181.41296,917.1658,181.41296,866.60583,147.3144,901.8802,169.65485,845.4412,183.76459,846.617,208.45665,881.89136,280.18118,879.53973,304.87326,918.34155,320.1588,932.4513,344.85086,734.91486,301.34583,727.86,306.04907,753.72784,409.52054,749.0246,423.63028,765.48596,495.35483,756.07947,535.33246,928.9239,133.20467,864.2542,182.58878,736.09064,296.64255,814.87006,511.8162,810.1668,549.4422,810.1668,500.05807,798.4087,556.4971,749.0246,503.5855,746.673,550.618
0.6071780885641391,917.1338,192.22882,925.3439,182.84589,917.1338,181.67302,866.70056,153.52422,900.7137,169.94435,846.7618,185.19162,846.7618,207.47609,884.2935,280.19385,878.4292,303.65118,921.82526,321.24417,933.55396,344.70154,737.6852,301.30545,728.30225,305.99692,752.93243,409.2092,749.4138,422.11075,762.31537,492.48276,756.45105,535.87885,928.8625,133.58548,864.3548,184.01875,736.5123,296.61398,810.4029,510.07578,809.23004,551.1261,808.0572,498.3471,797.5014,558.1633,747.0681,501.8657,745.89526,549.95325
