Freeflyer_X[m],Freeflyer_Y[m],Freeflyer_Z[m],Freeflyer_quaternion_X,Freeflyer_quaternion_Y,Freeflyer_quaternion_Z,Freeflyer_quaternion_W,Left_Hip_Flexion_Extension[rad],Left_Hip_Abduction_Adduction[rad],Left_Hip_Internal_External_Rotation[rad],Left_Knee_Flexion_Extension[rad],Left_Ankle_Plantarflexion_Dorsiflexion[rad],Left_Ankle_Inversion_Eversion[rad],Lumbar_Flexion_Extension[rad],Lumbar_Lateral_Bending[rad],Thoracic_Flexion_Extension[rad],Thoracic_Lateral_Bending[rad],Thoracic_Internal_External_Rotation[rad],Left_Clavicle_Elevation_Depression[rad],Left_Shoulder_Flexion_Extension[rad],Left_Shoulder_Abduction_Adduction[rad],Left_Shoulder_Internal_External_Rotation[rad],Left_Elbow_Flexion_Extension[rad],Left_Elbow_Pronation_Supination[rad],Left_Wrist_Flexion_Extension[rad],Left_Wrist_Radial_Ulnar_Deviation[rad],Cervical_Flexion_Extension[rad],Cervical_Lateral_Bending[rad],Cervical_Internal_External_Rotation[rad],Right_Clavicle_Elevation_Depression[rad],Right_Shoulder_Flexion_Extension[rad],Right_Shoulder_Abduction_Adduction[rad],Right_Shoulder_Internal_External_Rotation[rad],Right_Elbow_Flexion_Extension[rad],Right_Elbow_Pronation_Supination[rad],Right_Wrist_Flexion_Extension[rad],Right_Wrist_Radial_Ulnar_Deviation[rad],Right_Hip_Flexion_Extension[rad],Right_Hip_Abduction_Adduction[rad],Right_Hip_Internal_External_Rotation[rad],Right_Knee_Flexion_Extension[rad],Right_Ankle_Plantarflexion_Dorsiflexion[rad],Right_Ankle_Inversion_Eversion[rad]
0.05643064517618868,1.0099490272360803,0.2528216879442113,0.025222367950740888,-0.7357996051582419,-0.058368022171013924,0.6742080856515306,0.08005236857261672,0.10518569591390195,-0.31012210242555,0.0440912324389893,-0.02456420235700462,-0.027142004427708026,-0.03390514308762583,0.026375464876959864,7.449076237766626e-07,1.1072028121399712e-07,-1.0429531946741474e-06,-0.020039472766405,-0.15708944424324928,0.24101987645917675,0.1859298021775142,0.5277037999067039,0.583395575161414,6.445726473975136e-21,6.445726473975136e-21,0.11776804716192181,0.06514200126599551,-0.13008801350340976,-0.020042824256493657,-0.16039102661634239,0.2712733896130532,0.10653677973129437,0.5525753090648069,0.6451229721039138,6.445726473975136e-21,6.445726473975136e-21,0.1558931964515355,0.02662913640374884,-0.1130469675197819,0.11473160097628995,0.042324716063280775,-0.10210346476351526
0.05644287687147786,1.0099718768404586,0.2526480796478698,0.025201708650174605,-0.7357775569010147,-0.058366764310346146,0.6742325881925352,0.08007354128713418,0.1052092104007809,-0.31013538294408005,0.04416673992392973,-0.024381184777567146,-0.02708437679978815,-0.03385880846894495,0.02639883306553772,-1.949962430782337e-05,4.626029056876369e-06,1.14149865861046e-05,-0.020231267232182586,-0.1572071370302653,0.24117897811715958,0.18588995515751106,0.527591231058108,0.5833702235688499,6.4457264739752964e-21,6.4457264739752964e-21,0.11804471217416883,0.06515792763569987,-0.13003768539928964,-0.020153112800137925,-0.16052068562205365,0.2713024382459099,0.10632303964496069,0.5525392010457093,0.6451408115940157,6.4457264739752964e-21,6.4457264739752964e-21,0.15575944954287266,0.026602713113252446,-0.113083083602765,0.11479547995283365,0.04262055041372992,-0.10216520494491861
0.05647483101559168,1.0100980915331592,0.2515167608880254,0.02508157592336517,-0.7356765774557242,-0.058359296359428325,0.6743479209182583,0.08015845674446982,0.10535412307928173,-0.31020835063827074,0.0446973780310651,-0.023210705990270624,-0.0267665779929677,-0.03371311084366214,0.0265395983265594,3.444405585980838e-05,1.5307043226965194e-05,9.275478110933329e-05,-0.021323096164894428,-0.15782222248312064,0.24210125027131466,0.18565806010147098,0.5268660548573008,0.5832259950785409,6.445726473975316e-21,6.445726473975316e-21,0.11954347375157713,0.06531975931562188,-0.12971941856314304,-0.020790035041637036,-0.16117621308132993,0.27145431007385834,0.10506512135247975,0.5523495249781339,0.6452927689278823,6.445726473975316e-21,6.445726473975316e-21,0.15501284340077395,0.026453566037941037,-0.11327983536356631,0.11530796707593577,0.044443420459306625,-0.10260047817436684
0.05635480395329523,1.0103000815816685,0.24894506807413366,0.024846704588108667,-0.7355175972489046,-0.058354356884577956,0.6745304946679835,0.08026527087281693,0.10568689073564247,-0.31034513584357004,0.04613736782694046,-0.02054843762970073,-0.026330412321857725,-0.033389148322277976,0.026797653414937204,1.8329028455609278e-05,4.312533547544582e-05,9.843374551918814e-05,-0.023144431412060587,-0.15890672879394827,0.2435878032004073,0.18524668320624454,0.5252366558748786,0.5830538970784561,6.4457264739753205e-21,6.4457264739753205e-21,0.121959648901444,0.06591570519881164,-0.12900092799035248,-0.021907605266400204,-0.16213238430549448,0.2715751120670952,0.10291321729181067,0.5520669820249823,0.6458251893313642,6.4457264739753205e-21,6.4457264739753205e-21,0.1539035612305679,0.026187302538417223,-0.11351019754788229,0.11697539542253173,0.048227877631980706,-0.10373545912199753
0.056145480608606385,1.0107001430968985,0.243983136733936,0.02430119023513294,-0.7352893573943032,-0.05826258460701589,0.6748073199217368,0.08042403499264435,0.1064062846211819,-0.3105315126779988,0.04909015372359768,-0.015169997819079059,-0.025642736632105315,-0.03246326111906765,0.027305910035525918,-2.8194984705138784e-05,6.505046705781737e-05,9.80330918650192e-05,-0.026383077395199583,-0.1608020228678267,0.2462027841143515,0.1846481795562872,0.521935247997887,0.5830374265309799,6.445726473975322e-21,6.445726473975322e-21,0.12642987289724614,0.06710505700559408,-0.12767870201881124,-0.024178595521297707,-0.163378221068907,0.27201427010558427,0.09934518525646585,0.5512521134292958,0.6471540033509127,6.445726473975322e-21,6.445726473975322e-21,0.1521530580968809,0.025651988390595643,-0.11380483241684233,0.12062085204091684,0.05570760530019424,-0.10597954146948536
0.05573783072454956,1.0111137703128519,0.23802157264288495,0.02371682599425118,-0.735053161845558,-0.05814394519645943,0.6750956506622997,0.08082811719683297,0.1072946364326627,-0.3104940284022296,0.0534723995208345,-0.008357392752684451,-0.024860431245238616,-0.03135272537702801,0.027746919681423662,-8.850447822977511e-05,7.75148277354155e-05,9.791871213668172e-05,-0.029724331059980517,-0.1625726837043915,0.24895153470161185,0.18407685741759752,0.5177909899947551,0.5834273999766728,6.445726473975323e-21,6.445726473975323e-21,0.13064293665471804,0.06901313742127856,-0.12644591505464156,-0.026743341635184673,-0.16425680412165605,0.27232760828966796,0.09531703527958818,0.5502933573045292,0.649571411345895,6.445726473975323e-21,6.445726473975323e-21,0.15097659225318877,0.02518763270526035,-0.11396624930197809,0.1261093028438357,0.06460673622952587,-0.10919931997375183
0.055353332738757643,1.0114515922454503,0.23267746597945935,0.023235063208493598,-0.7349141431155298,-0.05800594226820454,0.6752754604927887,0.0817437240202732,0.10817587932011566,-0.3100943606711473,0.058343302247791336,-0.0018783039243408075,-0.024249144704235986,-0.030132396002176345,0.027961367340986927,-9.61762626710688e-05,8.345402870276672e-05,9.783342241853839e-05,-0.03195109245519444,-0.1634854990055815,0.25082587703546294,0.18384414802679264,0.5138177179627089,0.5844743678358582,6.445726473975323e-21,6.445726473975323e-21,0.13301660945768345,0.07122545613557471,-0.1261101692824801,-0.028997254921854957,-0.1640969250627637,0.27262038449726217,0.09204189236899984,0.5489422328415634,0.6529392665199374,6.445726473975323e-21,6.445726473975323e-21,0.15140691583973231,0.024943964907694457,-0.11377163250081149,0.1325848714965358,0.07260334623869073,-0.11269972811704815
0.05515384054228319,1.0115531564512987,0.23062795722254378,0.023245997252215114,-0.7349095309853794,-0.058013584938372754,0.6752792230286975,0.08367765169104616,0.10877749153118431,-0.3091025348152468,0.06254564663089368,0.0016177350227267228,-0.023997594738524336,-0.029345382898314776,0.027735443930285552,-9.708812035549025e-05,8.78697848273971e-05,9.789840543277538e-05,-0.03216655392166742,-0.16283618799044197,0.25134574797063614,0.1840059697231327,0.5116718929107228,0.5859559209597343,6.4457264739753235e-21,6.4457264739753235e-21,0.1317270807555095,0.07304077933575145,-0.12751731376754918,-0.030029012959953284,-0.16275589571756985,0.2726408944231142,0.09033273777540919,0.5477312402445856,0.6567052317971549,6.4457264739753235e-21,6.4457264739753235e-21,0.15388975167489227,0.025132365268384253,-0.11340712416438817,0.13781405999001253,0.07645464900595367,-0.11522122297087045
0.05524765559757061,1.0113682318387724,0.2333031263460171,0.02398902812834779,-0.7348811795032263,-0.058287166536686974,0.6752609960862305,0.08671664440266408,0.10874462051241049,-0.30749683864303384,0.0646319292123376,0.0002011835212666071,-0.023958452397922443,-0.02965641185708569,0.02708226398015356,-9.310258455645163e-05,3.5099629946282045e-05,4.864120153404173e-05,-0.030334891408624918,-0.16078595016545927,0.2506714106171339,0.18415485668051101,0.5126104035975002,0.5871836022682794,6.4457264739753235e-21,6.4457264739753235e-21,0.12695834872142947,0.07368228848376604,-0.1310049702757784,-0.029330669027556055,-0.16146469816515588,0.27226472159700976,0.08974643445831662,0.5472543126093624,0.6598028018983273,6.4457264739753235e-21,6.4457264739753235e-21,0.15767835314600642,0.025846530261490183,-0.11315534747574475,0.13972109503329078,0.0741827044132157,-0.11575908565936496
0.05532543512959637,1.0111399402521437,0.23798009227724642,0.025036086442178643,-0.7348334626150488,-0.05870855323215339,0.6752388903472741,0.08990405317209024,0.10837534204829675,-0.30617417419129694,0.06524847756020762,-0.0028470814417468713,-0.024120515770404905,-0.030710679409246863,0.026415671870726173,-9.902296226596518e-05,1.0514828617793055e-05,-5.7303956492700924e-05,-0.028728119353912885,-0.15902411725675808,0.25049011563866164,0.1838631122267788,0.5148069644729792,0.5873827166050285,6.4457264739753235e-21,6.4457264739753235e-21,0.12262004732103404,0.07336622024907774,-0.134962899051544,-0.028296191035360914,-0.16149831889113658,0.27199515529290785,0.08867015857917909,0.5472901508068979,0.661656939076254,6.4457264739753235e-21,6.4457264739753235e-21,0.16005137448828693,0.026522570753046273,-0.1131689068805293,0.13854454395740945,0.0704225623527275,-0.11515542938287304
0.05483067784428515,1.0108627037177715,0.2427870864030707,0.025986978021424106,-0.7348631364023248,-0.05910842329619133,0.6751356290693734,0.09191016360749774,0.10799749166814152,-0.3055920209644852,0.06520940241728132,-0.005515479775822954,-0.024906148395346373,-0.03236125809132578,0.025947766270786817,-8.685117497029875e-05,6.428036458996799e-07,-7.984771156501313e-05,-0.027275261032188775,-0.15744206725200793,0.25048142513445554,0.183213741482839,0.5168015019657957,0.5866252010785804,6.4457264739753235e-21,6.4457264739753235e-21,0.11979755658461505,0.07275066629269812,-0.1381424906530221,-0.027023033099169935,-0.16257350090134876,0.27143762568646523,0.08752098878349,0.5482831875311237,0.6623004319043797,6.4457264739753235e-21,6.4457264739753235e-21,0.1603189341661487,0.02693760346630485,-0.11302425173286489,0.1362673071702015,0.06760569693432865,-0.11413564900954891
0.05390398204774409,1.0108188189307787,0.24536642781142534,0.02633216854819533,-0.7350208636624557,-0.059152598074562183,0.6749459970963831,0.09170163996947175,0.10769848019053886,-0.30600076075344523,0.06542776268942874,-0.004339689921135536,-0.0258967418857737,-0.033681696628217433,0.025900795804877284,-8.302685553384784e-05,8.42673745169753e-06,-6.668542886558304e-05,-0.02727629527053531,-0.1575281133501161,0.2511040600247681,0.18222288603852,0.5171904258740858,0.5855943253453355,6.4457264739753235e-21,6.4457264739753235e-21,0.1210624551665397,0.07223169222488034,-0.13889146474904593,-0.026986629992581376,-0.1643711075736992,0.2716920559229027,0.08658911815280369,0.5490902789539625,0.6625471304414967,6.4457264739753235e-21,6.4457264739753235e-21,0.15834508755123372,0.026944573633141074,-0.11256491736724712,0.13497822515972682,0.06928540432651567,-0.11412789355231537
0.05289408382818753,1.0109480940315465,0.24643378066470137,0.02620974925633546,-0.7352324228655437,-0.05888621171600158,0.674743595136759,0.0896013272567696,0.10732328242681852,-0.306965921829095,0.06561737953994529,-0.0009548679857032836,-0.026958493995975125,-0.03441262727219897,0.02603416047570457,-8.641108100608052e-05,1.1546688379259086e-05,-2.891128125802158e-05,-0.02818949671911241,-0.15870966211681,0.25203033274288067,0.1810603978075763,0.5167880483178767,0.5846057517763537,6.4457264739753235e-21,6.4457264739753235e-21,0.12448779880217103,0.07193750467286164,-0.1379218935745159,-0.027535588535702538,-0.16616514752627837,0.27210617242374413,0.08619206318235771,0.5496912256829176,0.6629324560637381,6.4457264739753235e-21,6.4457264739753235e-21,0.155423714207815,0.026877253007126425,-0.1118796403587112,0.1348573791555196,0.07327142041718959,-0.11519682969235867
0.052333528543530135,1.0112416789096188,0.24662120109147043,0.025838643702212886,-0.7354135253057256,-0.05843716941741805,0.674599734195171,0.08661792672971776,0.10660744048868993,-0.3079661414595795,0.06498327596197996,0.002550226634648053,-0.027976256987354436,-0.03440881084589496,0.026265036444014147,-8.916672753280719e-05,8.002837264186214e-06,1.933535204596105e-05,-0.029595388313936467,-0.16054824983307833,0.25273887781115006,0.1800777450209378,0.5159742776491627,0.5835949372695889,6.4457264739753235e-21,6.4457264739753235e-21,0.12879665772100088,0.07182609743933009,-0.1366306251017846,-0.02833834976864514,-0.16762587216096458,0.2725798239553431,0.08642813555498012,0.5492059324090576,0.6633559624773856,6.4457264739753235e-21,6.4457264739753235e-21,0.15308068717809453,0.02705818589060528,-0.11137321717362296,0.13598334743831014,0.07733502785389203,-0.11637911786309303
0.05219043237449977,1.0115922936826245,0.24581596436641975,0.02539334073924313,-0.7358567821752355,-0.05796078661744039,0.6741745501488011,0.08384412033400639,0.10575879886257125,-0.30897279323562343,0.0641748063720558,0.0055661431313664324,-0.029365597494646005,-0.0334027437633544,0.0265376415125274,-8.815900689538936e-05,5.4641225774888295e-06,6.128968190469058e-05,-0.031183619089477976,-0.16237215240459302,0.25325545945994143,0.17977946384530677,0.5147633507982349,0.5824339900689856,6.4457264739753235e-21,6.4457264739753235e-21,0.13234831524256313,0.07175070159125065,-0.13605229541800354,-0.029484760320134917,-0.16771818692960563,0.27335230775558983,0.08776562766275971,0.5485683772496508,0.6637827109918691,6.4457264739753235e-21,6.4457264739753235e-21,0.15242287391194348,0.027290180041163032,-0.11058671487627185,0.13843142469783842,0.08107743808142577,-0.11722869371424005
0.05207474989196445,1.0120179990290439,0.2445145474848704,0.02484222520202959,-0.7363720796956775,-0.05734551198084257,0.6736851665808282,0.08218521649697876,0.10493901661693592,-0.30912430186566864,0.06386241056417515,0.008373285923468156,-0.03176039258770681,-0.03137111202807929,0.026531242842154853,-9.848867028761791e-05,3.155120429526553e-05,9.8091811811872e-05,-0.033045277020310765,-0.16356164345278437,0.25411730607619704,0.17974402995671052,0.5133403840136316,0.5810763355205523,6.4457264739753235e-21,6.4457264739753235e-21,0.13606628448713273,0.07195203662454958,-0.13680987413438506,-0.03149566331163051,-0.16628039840404132,0.27490083700049717,0.09016848364108755,0.5473537564756645,0.6639841240965253,6.4457264739753235e-21,6.4457264739753235e-21,0.1528692489065871,0.027466125615879786,-0.11002998878750889,0.14195619979802399,0.085196266815836,-0.11767987975774259
0.0518583749451195,1.0126793189786443,0.24078394441471015,0.02384153957972931,-0.7368978695778072,-0.0564533453213581,0.6732224138628748,0.0809286268977409,0.10450249673091887,-0.30937488245980355,0.06449216937780623,0.013341603884984152,-0.034605193227998716,-0.028467829281338522,0.02656125670729099,-9.864394938809968e-05,4.35805544051534e-05,9.878654625685159e-05,-0.03589813417259841,-0.1649825958151664,0.25569203559309966,0.1798088716460679,0.5109145837539557,0.5800275304006807,6.4457264739753235e-21,6.4457264739753235e-21,0.14184616736879335,0.07260032942146452,-0.1375692447593242,-0.03522717314438549,-0.16421749434062163,0.2778422166938368,0.09238808466811167,0.5450199300006654,0.6643380495255269,6.4457264739753235e-21,6.4457264739753235e-21,0.15262840147420026,0.02709537484389847,-0.10962456748937995,0.14600031780336503,0.09231002749162534,-0.11896447876541232
0.05150984995483268,1.0134742175374345,0.2350095276214446,0.02232953445123753,-0.7373519444752693,-0.05547407241366404,0.6728593554907447,0.07934372377737799,0.1050614462536152,-0.3105886036131907,0.06583551904887143,0.02022973284161987,-0.03764666111088403,-0.025400580560426624,0.02696855970792922,-9.89169265702389e-05,4.1381196996060715e-05,9.894844850076969e-05,-0.03923354493066074,-0.16639017923891827,0.2577090181728081,0.17949006227336992,0.507165725725585,0.579619780645285,6.4457264739753235e-21,6.4457264739753235e-21,0.14938939022804984,0.07380868061907814,-0.1373975929093068,-0.03979445042294099,-0.16279879300121522,0.2812833893563192,0.09312128730823216,0.5419331056152592,0.6650087305470262,6.4457264739753235e-21,6.4457264739753235e-21,0.15086769870638544,0.025784254829710654,-0.10882012233680212,0.1498440626973344,0.10210134884047986,-0.1215034651520526
0.051200138437350544,1.0141681671589877,0.22891219911695515,0.0204873440113031,-0.7377042577563632,-0.05464965624319367,0.672599715096101,0.07689263822520712,0.10671164539227236,-0.31261280076653747,0.06723897647388526,0.027198924197629284,-0.0400975213340903,-0.022826234082292788,0.02801086859729784,-9.876833080940209e-05,1.878077769962561e-05,9.875531661907089e-05,-0.042201446784612726,-0.16785246843136126,0.2592542556803872,0.17925829666197,0.5021393767901842,0.5798016733319451,6.4457264739753235e-21,6.4457264739753235e-21,0.1566903302658944,0.0754448930882046,-0.1360176195714626,-0.04380234347783019,-0.16251027598057816,0.284313714922305,0.09263022775109817,0.5391463148721134,0.6661964357745136,6.4457264739753235e-21,6.4457264739753235e-21,0.14812228184184095,0.02369949520581507,-0.10736574462298193,0.1532194770977935,0.11222446011311349,-0.12485804181008123
0.05101093099025432,1.0146419516362952,0.22374431324072214,0.018644723550557546,-0.7380039995692261,-0.05413978016178569,0.6723653434550356,0.07393676614442327,0.10909093633225944,-0.3151219313935595,0.06870894494503291,0.03279474661743996,-0.041651333019388184,-0.020479372449424528,0.02942444273137876,-9.914398486692121e-05,-1.8223542458902455e-05,9.888306038064618e-05,-0.04402268564030595,-0.16898584675917627,0.25981758184359643,0.17900339317450203,0.4965182382043579,0.580235465250796,6.4457264739753235e-21,6.4457264739753235e-21,0.161802046612341,0.07702274996048013,-0.13390859798208124,-0.04650042418177067,-0.16346729291799306,0.2863368161248469,0.09103582331597213,0.5384618265579649,0.6675776938322797,6.4457264739753235e-21,6.4457264739753235e-21,0.14557089323947509,0.021251715546795186,-0.10547333050358862,0.15602363524389884,0.12024041840269811,-0.1288239867639925
0.050924680495673655,1.0149215188834066,0.2207252921579393,0.017090342307882058,-0.7380669567283685,-0.05380678859984931,0.67236333036251,0.0715694820028853,0.11142675334321175,-0.31675648827947883,0.07016469430113126,0.03576879293864887,-0.042465807016666995,-0.01781273773893524,0.03045283962204071,-9.340657853261497e-05,-1.7637349903165355e-05,8.640521754392322e-05,-0.04458781059161051,-0.16924424480673617,0.25944116884509305,0.17866014802963734,0.4911619712907209,0.5803771625572673,6.4457264739753235e-21,6.4457264739753235e-21,0.16469259065254568,0.07829736704611254,-0.13171809025110992,-0.04816893762601893,-0.16517345928089353,0.2876645258640328,0.08972193524473476,0.5395507788296179,0.6685297782279565,6.4457264739753235e-21,6.4457264739753235e-21,0.1439088360571538,0.01935596690015131,-0.1047802495311194,0.15873878273311987,0.12502903825913023,-0.13291430490952924
0.05090916470936425,1.0148429442656035,0.22085898630199158,0.01644080211549958,-0.7378263051906947,-0.05377319735219959,0.672644814773622,0.07044815382182426,0.11269448368881246,-0.3168967687031255,0.07075995338414762,0.03478895595979182,-0.041948138177035396,-0.01602772206692858,0.030568230208193867,-9.422388496739324e-05,-2.931900314459253e-05,8.571620919264222e-05,-0.04344396511837674,-0.16856425853119067,0.25794713455171886,0.1785352029326609,0.4884996580332747,0.5800587161030011,6.4457264739753235e-21,6.4457264739753235e-21,0.16472744076019408,0.07879569470095031,-0.13047531906219337,-0.04815377959686796,-0.1670706421346453,0.28795287172724787,0.08922516548235415,0.541992525835874,0.668467198157305,6.4457264739753235e-21,6.4457264739753235e-21,0.14376352733283967,0.018811761848257072,-0.10598223109453499,0.16039057914415933,0.12464112601554707,-0.13614754552745134
0.05062346317926282,1.0146505772800152,0.22217929188030383,0.016388356491247116,-0.7372026282893686,-0.053681438881605315,0.6733371289679749,0.07025011353757478,0.11281139315700235,-0.3154154807574913,0.0710056730016782,0.0321905951133128,-0.0408223447527763,-0.01489006783101778,0.029863561412480595,-9.203414842146203e-05,-3.0103149058850965e-05,8.159371195713659e-05,-0.04229038720198679,-0.1674877950180482,0.2568848782854513,0.1781543658982796,0.4891448308176274,0.5792289741101934,6.4457264739753235e-21,6.4457264739753235e-21,0.16430558619062202,0.0784086118524607,-0.1293642022001478,-0.04788448794207716,-0.16921345884195355,0.2883172346010744,0.08899482963779622,0.5444392665101843,0.6672466285691412,6.4457264739753235e-21,6.4457264739753235e-21,0.1445221041012106,0.019411211511411036,-0.10819275736454644,0.16189672819552564,0.12221093755633279,-0.13908852229899554
0.050080788682010484,1.0144720653528576,0.22350799067933289,0.016461857575941985,-0.7363177193868838,-0.05330180280475736,0.6743337950366016,0.07009381805206895,0.11212585912691649,-0.3130265929377755,0.07146039749219078,0.02957033610713232,-0.0397836872927195,-0.01440564418714941,0.028850156627766244,-9.248877844470522e-05,-2.0834273609433803e-05,7.821013522245223e-05,-0.04177939422451986,-0.16642809401384911,0.25662842695001165,0.17821212090577465,0.4915985536456159,0.5781682556791756,6.4457264739753235e-21,6.4457264739753235e-21,0.16429812863119309,0.07743891042961752,-0.12828494891650116,-0.04773329960626195,-0.1709999173607166,0.28901390011653305,0.0891917139403966,0.5459494978548644,0.6655833728283387,6.4457264739753235e-21,6.4457264739753235e-21,0.14519933242856217,0.02074112250006087,-0.11059469508918836,0.16406921769172458,0.11991730714989396,-0.1418681312680427
0.04979848775322164,1.014204890901656,0.22606653845636285,0.01693873572112715,-0.7355113093709733,-0.05295167547556329,0.675228935028319,0.07050188831518721,0.11093461300975688,-0.3108134775781793,0.07197906242989467,0.026953260573315336,-0.03827366234597829,-0.015262433272281882,0.027682736032874397,-9.397022392650768e-05,-1.1272121364466853e-05,7.255460504925089e-05,-0.04096083576409052,-0.16545090520608494,0.25645557636568556,0.17920940712900651,0.49392002519725936,0.577118015696636,6.4457264739753235e-21,6.4457264739753235e-21,0.16283408129336746,0.07641429028539412,-0.1283610514075913,-0.046924085379829276,-0.17185985023735695,0.28890058641941796,0.08931234535327147,0.5457325465998042,0.6641335659085082,6.4457264739753235e-21,6.4457264739753235e-21,0.14590978283561148,0.022324432317225074,-0.11281140164454789,0.16509758884156564,0.116563923613236,-0.14298234035912172
0.04992396675660801,1.0135880546783465,0.2322969358331085,0.018315198205014937,-0.7351567612551928,-0.05312148578908831,0.675565955533796,0.07196591918275995,0.10936715910791521,-0.3094250309621244,0.07139679587304236,0.02229367763008263,-0.03605620924088022,-0.0183605218498487,0.026286958086962253,-9.900690917749544e-05,-3.915111345643859e-05,9.668360507672846e-05,-0.03871049668768282,-0.1645157401482142,0.25573206472021437,0.18093530118150147,0.49638805971044087,0.5762946555277253,6.4457264739753235e-21,6.4457264739753235e-21,0.15796917638925845,0.07537546034538456,-0.13027851634614301,-0.04418105816222688,-0.171397424444789,0.2869650013917689,0.09031920393896455,0.5447583471295692,0.6633693105891494,6.4457264739753235e-21,6.4457264739753235e-21,0.14714018366497353,0.02408942108793204,-0.1144292996342206,0.16273218923307964,0.1093750741922051,-0.140525457037775
0.050331483482879046,1.0126308131760737,0.2416096868760481,0.020546158223836937,-0.7352615219828128,-0.054030943053850505,0.6753183568438149,0.07440997284696968,0.10767234008563081,-0.30897250062950393,0.06897153716510361,0.015341611066808508,-0.03405855468353632,-0.023184980673355983,0.024877268685455124,-9.940533086528842e-05,-2.3053161451247704e-05,9.915772259967445e-05,-0.035122851852018154,-0.16377428782293266,0.25413702392572546,0.18281311656128532,0.49917162790732755,0.5758154101640481,6.4457264739753235e-21,6.4457264739753235e-21,0.15010316477089466,0.07436423846403854,-0.13378737581402358,-0.03923489116519789,-0.16973551665997857,0.2828570128887639,0.09179730250905889,0.5439670788988311,0.6631303299569294,6.4457264739753235e-21,6.4457264739753235e-21,0.14877515339314484,0.025688453915190926,-0.11551172576798695,0.15623973247487738,0.09841871962005763,-0.134804849778021
0.05049781837636734,1.0119618818786222,0.24895313669334077,0.022373306071794174,-0.7356097663763816,-0.054962805338127106,0.6748047040224668,0.07601827348963142,0.10641520467955821,-0.3093643555002883,0.06604432594107941,0.010526875701878331,-0.03388803868444152,-0.026915890207772984,0.02407434985864421,-9.865046240211328e-05,6.56860539982048e-08,4.9491087684131316e-05,-0.03291062722322738,-0.16402379263518546,0.2530129792917386,0.18325305493778538,0.5014128421128,0.5758671762139053,6.4457264739753235e-21,6.4457264739753235e-21,0.1449246807231638,0.07316362654396451,-0.13652245068576305,-0.035341524184337794,-0.16797142328752138,0.27916009974612255,0.09227754782909971,0.543696820440832,0.6632366239983981,6.4457264739753235e-21,6.4457264739753235e-21,0.14948533618373358,0.026537696582508985,-0.11527400431285625,0.14925722059791086,0.09024725439797922,-0.12904158013667488
0.050392139032069655,1.0117362661879228,0.2531473388940015,0.023299577150746893,-0.736070020815232,-0.055468033695358965,0.6742277133231996,0.0758311694825626,0.10550361632818366,-0.3103704958682465,0.06359268237463625,0.009257311318810638,-0.035655587242044456,-0.029093819483639656,0.023780288107745472,-9.886875085523479e-05,1.93184032692601e-05,8.29131910021847e-06,-0.032754855228318114,-0.1651778104110798,0.2528585597694304,0.1822214889425652,0.5021379718370248,0.5762850062814703,6.4457264739753235e-21,6.4457264739753235e-21,0.1443503949657777,0.07245464837546592,-0.13837081950143576,-0.03356571597904064,-0.16665779734777414,0.27706614840606075,0.09194560697584152,0.5429029884033293,0.6635957838537444,6.4457264739753235e-21,6.4457264739753235e-21,0.14779808721935814,0.0267658409154575,-0.1142728907776296,0.14311376071337412,0.08699875193092249,-0.12498083542630009
0.05033780770270634,1.0118013228267437,0.25424995382123905,0.023481382907992777,-0.7364988309537309,-0.05556734593635385,0.673743888795352,0.0749590130599895,0.10499815376973969,-0.3110118682168111,0.06226890239396727,0.010614930506357326,-0.03731965929574073,-0.029307309941362717,0.023632153901513596,-9.864631681292797e-05,3.812188409061901e-05,9.803396686082685e-06,-0.0335327784788988,-0.1659641777859388,0.2532429532734067,0.1808613461269435,0.5015094511397638,0.5767316155530972,6.4457264739753235e-21,6.4457264739753235e-21,0.14569935195739708,0.07311622127768343,-0.14007584331295744,-0.03376694918702138,-0.16563080237812677,0.27663093285754464,0.09073835351239118,0.5410787044649095,0.6637710157222505,6.4457264739753235e-21,6.4457264739753235e-21,0.1454350425244552,0.026522654609349373,-0.11286064717022709,0.13897019232238578,0.08680205208901665,-0.12245759501287783
0.05032797002687535,1.011978581019203,0.25367653771965804,0.023341560080335246,-0.7366702685352712,-0.05550338790637815,0.6735662889071136,0.07450333185109877,0.10488731496727068,-0.31104234250326884,0.06222587604253256,0.012570520580922291,-0.0380602823917625,-0.028495684393926246,0.023440370264855546,-9.865183008303258e-05,4.347187092636971e-05,4.4459785679709845e-06,-0.03446253478861733,-0.16598752110695233,0.2540341576878924,0.17996562397366295,0.5008638746563107,0.5769366427783009,6.4457264739753235e-21,6.4457264739753235e-21,0.1468945304414296,0.07450617011149496,-0.1418555943066698,-0.03501008941243881,-0.16581140561349347,0.2776957622579621,0.08932440437971992,0.5398839420115921,0.6634287636233326,6.4457264739753235e-21,6.4457264739753235e-21,0.14394822552788017,0.02627630996721132,-0.11191945557022032,0.13744712524925118,0.0872371020647548,-0.12125167628977972
0.050549216332061,1.012141691799562,0.2519808671398377,0.023109177109561712,-0.7364099016225422,-0.055435950131948325,0.6738645958148091,0.07519100858131877,0.10510741508455193,-0.31035897364381165,0.06329124435746003,0.014182151232113104,-0.03773263205131807,-0.027075120585438223,0.023251335387708044,-9.853262096010514e-05,3.0303842580250028e-05,-1.5005649529201023e-05,-0.035090594688891655,-0.1652795398201622,0.25464204643789257,0.18000799151169808,0.5004186845154159,0.5768735308809023,6.4457264739753235e-21,6.4457264739753235e-21,0.14638970252853903,0.07603557065973564,-0.14390445431526488,-0.03664303320856198,-0.166852940565175,0.2795780027511099,0.08782165610352899,0.540507832112768,0.6625307710942352,6.4457264739753235e-21,6.4457264739753235e-21,0.14462729002480956,0.02613849179490268,-0.11190664660109109,0.13907951819303088,0.08770372244779186,-0.12166241269485371
0.050799505079041206,1.012281972800122,0.24973016189901853,0.02290864453067146,-0.7358128288362379,-0.05545137125214166,0.6745225349680003,0.07662181050512755,0.10557379692694471,-0.30914795359923036,0.06508925729704343,0.015763954730539584,-0.036759613180922454,-0.025846416928464955,0.023142243885660177,-8.984036234678048e-05,-3.2799388109058193e-06,-2.77771596382083e-06,-0.035557948640796554,-0.16439154345896861,0.2550993116898336,0.18065554242050183,0.5009995040575741,0.5770260747580783,6.4457264739753235e-21,6.4457264739753235e-21,0.14523752676959417,0.07688220215766169,-0.14556865432315183,-0.03811221132711277,-0.16810141149091334,0.28127334038281226,0.08651490366780819,0.5424688454346009,0.6613646190952673,6.4457264739753235e-21,6.4457264739753235e-21,0.14694178388797546,0.026114348870571683,-0.11235628293367153,0.14283728043822738,0.08880440570761276,-0.12333518976079282
0.05126521019726351,1.0122512094920295,0.24801459021864836,0.02290640651402465,-0.7350579276567424,-0.05568250253148859,0.6753264899961189,0.07802279868126655,0.10599578204583476,-0.3073313942807661,0.06661285528200753,0.016462392460254573,-0.034671265401683755,-0.025548791274154443,0.023145241250764496,-9.944969632374827e-05,-4.0152670131732465e-05,3.7728970795880806e-05,-0.03536615551397711,-0.16323401623355885,0.25518983275360474,0.18152259596331244,0.5027586137571586,0.5775086218723895,6.4457264739753235e-21,6.4457264739753235e-21,0.14368043250291004,0.07660271282025573,-0.1456691617727049,-0.03819174206984487,-0.16901060107500807,0.28155720269656787,0.08563029260719215,0.5445433520801025,0.6602486302905646,6.4457264739753235e-21,6.4457264739753235e-21,0.14926116947624893,0.026312991236531257,-0.11320041414513936,0.14599431800130608,0.08947372141555754,-0.12499282207300791
0.05182671449081579,1.012220940619607,0.24535807973033327,0.022858785896468784,-0.734470209057711,-0.056080892064482926,0.6759340182185722,0.07894381429070148,0.10660303843535976,-0.3048175510714713,0.06787181742903993,0.017551341126017465,-0.03173302195587086,-0.025188774635134612,0.02350254896712066,-9.835108865480982e-05,-4.9467301818310666e-05,8.257836165778336e-05,-0.03518695071116912,-0.16187125570599337,0.25519066990582046,0.18277221725095857,0.504599056996189,0.5784332664171136,6.4457264739753235e-21,6.4457264739753235e-21,0.142733042394107,0.075458870940101,-0.1433937540314348,-0.03780473573577895,-0.16918849642168038,0.28098995969356355,0.08491658469321371,0.545920361068152,0.6591300622744497,6.4457264739753235e-21,6.4457264739753235e-21,0.15121717206625576,0.026356612027989838,-0.11318373527381966,0.14866201787824665,0.09102126003834596,-0.1262911215179623
0.05239325396335264,1.0121520079319892,0.2429909993381948,0.02290558572707482,-0.734207013334382,-0.056495586329075205,0.6761833701381864,0.0793657243529174,0.10704012453298853,-0.30250791284574985,0.06816764016545131,0.017831957637086473,-0.02894665195689459,-0.02517011948512357,0.023843207175468006,-8.893060447086264e-05,-1.3682868047628591e-05,3.7404237578832106e-05,-0.03520403674926266,-0.16081517295183567,0.25534596694459777,0.18319229355783542,0.5068334862501378,0.5795540833695554,6.4457264739753235e-21,6.4457264739753235e-21,0.14232316619137386,0.07350231668396974,-0.13903207728425088,-0.03725107533072327,-0.1690110700417717,0.28016711873287375,0.0846935007245009,0.5464287213318916,0.6580287146790066,6.4457264739753235e-21,6.4457264739753235e-21,0.1520460638903298,0.02639318272037589,-0.11240817796551576,0.14957309502663857,0.09239571704082057,-0.12639478540045554
0.05294574214072849,1.0120751006206115,0.24130401248769945,0.023027322959323904,-0.7342887475358328,-0.056728089420742187,0.6760708466792072,0.07970292432146155,0.10721433318870435,-0.30136590154484216,0.0675923042457679,0.016887609920957596,-0.026832805456382343,-0.024922116915957332,0.0239324389215903,-8.950299371274994e-05,-4.264904101081359e-06,4.42275086838696e-05,-0.035350279874218404,-0.1597482609849897,0.2556500223648301,0.18274605944266623,0.5082106061623345,0.5807525982607918,6.4457264739753235e-21,6.4457264739753235e-21,0.1418806424801896,0.07181460598165701,-0.13452211308083217,-0.03716098303297054,-0.16828091232705328,0.27979859080880387,0.08532056992863736,0.5466876941436517,0.6571698278688024,6.4457264739753235e-21,6.4457264739753235e-21,0.1523447068602,0.02647351432419433,-0.11148083806332273,0.14931672770390553,0.09308351607625143,-0.12513596227088136
0.05331074242588363,1.0119275400900591,0.24180734425792766,0.023422386089377755,-0.734500449885602,-0.056957620507745756,0.6758081332841287,0.08013017434467895,0.10710043437806523,-0.30164510231712305,0.0656158284526544,0.01397944008176694,-0.026100948067417827,-0.02529861716183365,0.023777753087765283,-9.190005245368129e-05,6.721936101485131e-06,4.314544488247114e-05,-0.035282492064873376,-0.15872671462730414,0.2558753288355104,0.18216156507009262,0.5089983624520499,0.5816430445716325,6.4457264739753235e-21,6.4457264739753235e-21,0.14076805577558232,0.07078224343902112,-0.13148151768015215,-0.03693568730656329,-0.16726089218535325,0.27974878621948124,0.08684846555427836,0.5472817456438873,0.6566869162735273,6.4457264739753235e-21,6.4457264739753235e-21,0.1521358427946044,0.026562156803007483,-0.11093774286756611,0.14676030685649546,0.09119810280916814,-0.12288360783993527
0.05347548138219391,1.0117559379058298,0.24415671410321646,0.02389047449586516,-0.7346970857540323,-0.05714946666617212,0.6755617892879107,0.07987734471861857,0.10655780863170544,-0.30263965696327955,0.06250747273549281,0.010318378272605098,-0.026311633949016644,-0.026322198367446585,0.02360807876856287,-9.925093267245356e-05,4.424747132466734e-05,9.99278591632906e-05,-0.03494198577757858,-0.15818242467841703,0.25584146923450296,0.18169736757396376,0.5088923179859026,0.5818839383320487,6.4457264739753235e-21,6.4457264739753235e-21,0.1397996326572506,0.07053770863165557,-0.13096003739415674,-0.0364720371264367,-0.1663794298824798,0.2798985887002834,0.08819239816088012,0.5475301364278939,0.6565640814408179,6.4457264739753235e-21,6.4457264739753235e-21,0.15077003679499806,0.02673406678387004,-0.11109776984611665,0.14211235992979668,0.08737796170123041,-0.11997097843746607
0.053620876895455825,1.0117383770061912,0.24482847479122144,0.023678789190240794,-0.7351045641224414,-0.05704854441484148,0.6751344028906945,0.07840289963236986,0.1062733300585145,-0.304649850182679,0.05938841169385366,0.008610526609662019,-0.027587359410280635,-0.026614403360977573,0.02411938615045642,-9.895034710508113e-05,7.084674962020748e-05,8.381251909221182e-05,-0.035332822105708046,-0.1588791654690511,0.2559476462717435,0.181277625672124,0.5063466605040474,0.5817362832077536,6.4457264739753235e-21,6.4457264739753235e-21,0.14019511502318288,0.07102852953309034,-0.131276887400396,-0.03706607576426775,-0.16588044475396035,0.28108713846120603,0.08878824095332855,0.5470667840606684,0.6566878267712215,6.4457264739753235e-21,6.4457264739753235e-21,0.14880123527083786,0.026249779290569514,-0.1107857536573027,0.13844575268782386,0.08548138669809013,-0.11810620173653225
0.05393917694183443,1.0117812623938094,0.24369315327134544,0.022798532365055107,-0.7356867945941196,-0.05668044270136585,0.674562133090903,0.0759394679463497,0.10634362963627189,-0.30717965025896177,0.057524437741995615,0.008707306636843831,-0.029372650159565198,-0.026085510160182204,0.025323045963226473,-9.866261817886924e-05,7.921708435914223e-05,7.733325328673748e-05,-0.036283638796697396,-0.1609379895141158,0.25620536797422333,0.17984030889981992,0.5034831957661808,0.5813029595876535,6.4457264739753235e-21,6.4457264739753235e-21,0.14140693688977696,0.07118264252313812,-0.13050727521668376,-0.03820388750517715,-0.16599637904710934,0.2829548158120201,0.08883824317212005,0.5461553516210622,0.6570253353668494,6.4457264739753235e-21,6.4457264739753235e-21,0.1469175981598346,0.025405192300766412,-0.11006828159055022,0.13715064909694405,0.08554908817412682,-0.11785736009935857
0.054042844473588335,1.0121454038807,0.23992924045989197,0.021239136705643154,-0.736130590831469,-0.055974576900592155,0.6741889684790564,0.07352585998480309,0.10698966069736546,-0.30900545768823656,0.05866532729385901,0.012192504795104508,-0.03130669206309757,-0.023921862279060728,0.026858006480954433,-9.85781317930737e-05,8.253948830077787e-05,9.65274834014992e-05,-0.03829718059113675,-0.16397904643720934,0.2568307225072544,0.1775945052209455,0.5004811822717283,0.5806211563410845,6.4457264739753235e-21,6.4457264739753235e-21,0.1447407458614312,0.07114142713552109,-0.12841610421771787,-0.04053296686104219,-0.16692684457124618,0.285446487507881,0.0881222416727866,0.5446528361317429,0.6575395187728348,6.4457264739753235e-21,6.4457264739753235e-21,0.14589766272874125,0.02443886719953427,-0.10966875132593644,0.14049746010205896,0.09004497812973639,-0.1200677128750339
0.053829134226025664,1.0125198359142706,0.2368516896998307,0.02005037817957473,-0.7362591340200089,-0.05531087016405939,0.6741387470753859,0.07270386343500704,0.10753845257058661,-0.3093267518149392,0.06170564164878698,0.015445105521751108,-0.032442925709050684,-0.021751694897249613,0.027677771379522657,-9.856540373048028e-05,8.033109567153227e-05,9.74403965628186e-05,-0.039903579386587264,-0.1661886685859728,0.257255645490779,0.17538935471028058,0.4997761969705588,0.579849480282572,6.4457264739753235e-21,6.4457264739753235e-21,0.1482829272796053,0.07054494057908822,-0.12550445451869727,-0.0421373328746147,-0.16779006001378566,0.286698934114007,0.08728677717776259,0.5428249484003987,0.6580625350090439,6.4457264739753235e-21,6.4457264739753235e-21,0.1465363635316135,0.024183717214771635,-0.10971319134960987,0.1456690584602791,0.09455037729625845,-0.1224612345573598
0.052949006125760534,1.0129936441767375,0.23448925247313848,0.01931490941128488,-0.7358077910099615,-0.05473232042688917,0.6746996340029808,0.07246975298755776,0.10780893482528679,-0.30799293330287525,0.06474870095774961,0.01781218659723374,-0.032697947285448115,-0.01998658478788351,0.02766619879489917,-9.71343431759658e-05,3.5707405685700544e-05,9.862413066859302e-05,-0.04156086903229683,-0.16775059438907672,0.25793617610627523,0.17352941465453323,0.5013381067672276,0.5792219995220398,6.4457264739753235e-21,6.4457264739753235e-21,0.15318273919607148,0.06967009168602287,-0.12214181850872706,-0.04336456621231382,-0.1690982894459591,0.28712307524429154,0.08629014154628449,0.5411001755184368,0.6585015412660195,6.4457264739753235e-21,6.4457264739753235e-21,0.14716634365503767,0.024557203450705216,-0.11074618739598367,0.1505074538555583,0.09851030081729961,-0.12468730698212295
0.05215374784072879,1.0130143213835183,0.2347545215387262,0.01941543146067616,-0.7351440548734808,-0.05473582866307532,0.675419290030727,0.07350585002664953,0.10802478909231344,-0.3062079005865795,0.06593203907091054,0.01628766713087892,-0.031757062633915055,-0.019604412484539594,0.02721485381481559,-9.637386281056496e-05,-4.0158506835054846e-05,9.873656709351986e-05,-0.04164817314212317,-0.16748883928535813,0.25796321921939536,0.1732889770396183,0.5040447145152022,0.5788475785244542,6.4457264739753235e-21,6.4457264739753235e-21,0.15479966256754935,0.06866251029513744,-0.11886916321519903,-0.04263160064894163,-0.16972259177866633,0.28570003147115,0.0854420617921792,0.5405596215208334,0.6586259245498388,6.4457264739753235e-21,6.4457264739753235e-21,0.14846192365413313,0.02500822449936906,-0.11207905873730285,0.1518181293871634,0.09769593942252529,-0.1251462620066284
0.05152715287892094,1.0127190602583644,0.23666401757633632,0.020126121561455372,-0.7345118682013229,-0.05519729526139225,0.6760488349976559,0.0751276316549525,0.1081364166705146,-0.3051124292305439,0.06640947169679398,0.0134766097944716,-0.03060066490184335,-0.02038099789547206,0.026655954584677205,-9.774570767153686e-05,-6.751477823685058e-05,9.858575328380097e-05,-0.0406036396937114,-0.16609391408603658,0.257465520874223,0.17430889190193588,0.5062119805012549,0.578602346579359,6.4457264739753235e-21,6.4457264739753235e-21,0.1531264145861234,0.06758304709947884,-0.11536836751523338,-0.040802138862760524,-0.16982533939368083,0.28339925473894606,0.08443463940132048,0.5410233415779199,0.6587655442530898,6.4457264739753235e-21,6.4457264739753235e-21,0.1498141964143954,0.025425393317617333,-0.11339571921196595,0.1505764838428725,0.09408674853102299,-0.12475815474585487
0.05126580006773179,1.0121627272938931,0.23950245889348915,0.02128445291025744,-0.7341455537532964,-0.056035492526971466,0.6763427876354039,0.07790974438545108,0.10838026182944632,-0.3047170330092281,0.06730756672868045,0.010698557538100674,-0.029086779077861107,-0.021814221521459384,0.026201509780835446,-9.145311711175578e-05,-2.2419296722766478e-05,9.008708243641888e-05,-0.03855496128835645,-0.16390957207199622,0.25651796109101305,0.17599504049140055,0.5072421300098198,0.5782956952883394,6.4457264739753235e-21,6.4457264739753235e-21,0.1482715373908211,0.06635597133264155,-0.11183499625067625,-0.03840570610494751,-0.1696508667128765,0.280738428122915,0.0833364615866656,0.5419944679974321,0.6589495341963642,6.4457264739753235e-21,6.4457264739753235e-21,0.152440467840107,0.02568481231459372,-0.11449883465853658,0.14909459941320927,0.08936325138777014,-0.12362899423045157
0.05139018606344552,1.0115277002769627,0.24249973445980202,0.022648178669693368,-0.7341869831018696,-0.05701075074939592,0.6761724259775428,0.08118828823975154,0.10859696676210648,-0.3052306178961372,0.06843435939319599,0.00848616936170301,-0.02761285658237101,-0.023667148049733282,0.02604663384406304,-9.84066063013948e-05,-4.1380238977056175e-05,9.781558293468911e-05,-0.03612371431595253,-0.1611224930093493,0.25573410130773755,0.17791422928681014,0.5076518066221332,0.5778005971992414,6.4457264739753235e-21,6.4457264739753235e-21,0.14120470346646977,0.064884054794865,-0.10736226689528867,-0.03595639278416656,-0.1689866561470514,0.2782763238559268,0.08261507439877339,0.5431824207511714,0.6589464718170934,6.4457264739753235e-21,6.4457264739753235e-21,0.15633624935642193,0.025966361582308868,-0.11474645033872283,0.14852752244408315,0.08457071062832125,-0.1216835571022538
0.051515022560375406,1.0112472323984723,0.2436290094015447,0.02346062953758999,-0.7343045928627906,-0.05773088614151027,0.6759546940547466,0.08324813334155956,0.10896590208406083,-0.30592206082363566,0.06942732658603139,0.008201176408399314,-0.026892946813065945,-0.02454831422609846,0.026432418287839158,-9.807118127334082e-05,5.223950187046748e-06,9.547296747167424e-05,-0.03506331604565768,-0.15937774378515526,0.25587341317333406,0.17901235805892676,0.507469047335505,0.5770101027059752,6.4457264739753235e-21,6.4457264739753235e-21,0.1353813561081973,0.0629687049642432,-0.10143342486608665,-0.03497013034975721,-0.16883659915627933,0.27765911630933854,0.08231004908763476,0.5450556130563463,0.6585116730373878,6.4457264739753235e-21,6.4457264739753235e-21,0.159522883056792,0.026026112639723487,-0.11457836966163051,0.1493347664443425,0.0823385634556572,-0.12059646382010958
0.051676996301524884,1.0111693591692972,0.24469069210260772,0.024056171139211924,-0.7342584229387716,-0.058212356629336215,0.6759421419651155,0.08478411807251822,0.10905449463899053,-0.3058963993890086,0.06974743072108831,0.0076677511530066226,-0.02664148514326017,-0.02430676172749305,0.026934243310888468,-9.121002177171827e-05,1.3014043743527385e-05,5.909372462224081e-05,-0.03457413959770237,-0.15775917021735958,0.2566170579073707,0.17964754524474258,0.5072935682276982,0.5756876963849704,6.4457264739753235e-21,6.4457264739753235e-21,0.13086035635838628,0.06073261171327345,-0.09468756112391573,-0.03466381521871398,-0.16923703827995795,0.2778909193103315,0.08216203108861819,0.5478879745124435,0.657168622306941,6.4457264739753235e-21,6.4457264739753235e-21,0.16154771094956288,0.02627295791747289,-0.11459810736401739,0.14950131054061414,0.08064242470867156,-0.12008996913730814
0.05142782077396862,1.0115436953656622,0.24435333413986604,0.024123157673936156,-0.7337511341055067,-0.05820442057052123,0.6764910606049983,0.08451597414685572,0.10875032390396933,-0.30487372521578915,0.06948817277038942,0.008488203059855265,-0.027362317791372444,-0.02291911490394228,0.027565011311427565,-8.998445676466411e-05,1.6707676266697624e-05,8.266592633187194e-05,-0.03594715494090862,-0.1573627707018154,0.2584741617623712,0.17986473403182165,0.5068533653632132,0.5738981384962237,6.4457264739753235e-21,6.4457264739753235e-21,0.1312198666606225,0.058258733588684754,-0.08686186216513143,-0.03611885955673944,-0.17094922320934702,0.2798621932470171,0.08162577096558259,0.5508982419364435,0.6552131595591086,6.4457264739753235e-21,6.4457264739753235e-21,0.1604955423746837,0.02659028757776828,-0.1151298958454907,0.14909258969925246,0.08125900309493536,-0.12206629784944546
0.05095406730898332,1.0122715785830547,0.24329716816687189,0.023819205187690526,-0.7328074615195561,-0.057879984596960185,0.6775529447282732,0.08260402355122258,0.10816888426545283,-0.30261821299865915,0.06784923921639369,0.009994200183257338,-0.028757212767429072,-0.021066763441247496,0.028405435350593797,-9.518735775757944e-05,2.713147996784274e-05,9.758074561946858e-05,-0.039539388697285925,-0.15836285133371986,0.26174865837267924,0.17963003980118147,0.5063854852859819,0.5718522168558208,6.4457264739753235e-21,6.4457264739753235e-21,0.13730626902347653,0.05545837027983737,-0.0789663400896463,-0.03907607001130104,-0.17346231592328695,0.2831171437858557,0.08119360957504279,0.5525832824047319,0.6534486441623626,6.4457264739753235e-21,6.4457264739753235e-21,0.1561578344824316,0.02674202023903678,-0.11639850814942679,0.14723387351494494,0.08434317011067367,-0.1262753329351864
0.050417783618248495,1.0132948748444173,0.24095524006902094,0.02301795654469878,-0.7316623503850728,-0.05716748083767225,0.6788788380207813,0.07871786433430629,0.10742730524864158,-0.30038593446420425,0.0652564863547319,0.013434616336068007,-0.031122594458585805,-0.018945115307315834,0.029370864453967395,-9.925256481990792e-05,1.9433612533089373e-05,9.898555651121191e-05,-0.04478276602409702,-0.1605946696321983,0.2656384409399596,0.1787924226598062,0.5050063891925934,0.5697482361351052,6.4457264739753235e-21,6.4457264739753235e-21,0.1476479881807887,0.05348796955222065,-0.07232924229861588,-0.04333969355438905,-0.17632078016464944,0.287094372753423,0.08045082231283471,0.552099910099363,0.6523577999080711,6.4457264739753235e-21,6.4457264739753235e-21,0.1493989474971023,0.026634131408687232,-0.11802968741348241,0.14534042187803042,0.09095388645038516,-0.13216647998383357
0.0498226541244679,1.014291715906629,0.23754172032015192,0.02165115560485744,-0.7306729086772116,-0.056203151223984706,0.6800696499140227,0.07348873682013328,0.10714101930031834,-0.29874013421837886,0.06264325294298584,0.01783615783281175,-0.03392571436917783,-0.016631102525438604,0.030625525354721315,-9.769931588401282e-05,2.160498933150743e-05,9.886852863234893e-05,-0.05043515636650995,-0.16362196801981277,0.2694249541482083,0.17714406443561664,0.5033514541540157,0.5679458953522442,6.4457264739753235e-21,6.4457264739753235e-21,0.1585651287547455,0.052086383415119474,-0.0677612488694016,-0.04766503098300708,-0.1790672125359104,0.2907420255316121,0.07974873813923566,0.5506997133671946,0.6518686912867454,6.4457264739753235e-21,6.4457264739753235e-21,0.1418143267953987,0.02608986276383865,-0.11964616788843402,0.14435398937318608,0.09958860719439083,-0.13802650694186425
0.04930597803445222,1.0149749963296335,0.23433136599716722,0.019945008452702053,-0.7299786079974294,-0.05503149451312716,0.680962940870823,0.06824157147629893,0.1073436974484957,-0.2977324890859541,0.061282246076425316,0.022177100158241862,-0.03656174876596783,-0.01393206849923264,0.0318784209426801,-9.820229053845155e-05,3.9888287171260406e-05,9.878370731182084e-05,-0.05483196673594255,-0.16576679200369387,0.2724342826018019,0.17465245692484144,0.5030006771223167,0.566684590267619,6.4457264739753235e-21,6.4457264739753235e-21,0.16617253006821803,0.051360732996179055,-0.06477478429874986,-0.05113716739178031,-0.1813289624168706,0.2934779684768352,0.07894009243276762,0.5501587091292153,0.6515688154794037,6.4457264739753235e-21,6.4457264739753235e-21,0.1359028769215462,0.025576753261434448,-0.12088845218543601,0.14583745332124895,0.10781113785503885,-0.14302055010159292
0.04890445477094711,1.015061696100833,0.23379169424876448,0.018726028995646724,-0.7294735441692258,-0.05417069619897071,0.681605541910843,0.06509990149512872,0.10778320301907211,-0.2964614094311545,0.06119865032140109,0.023623458453752945,-0.03770825492986806,-0.012160488001249976,0.032728350986725295,-9.923319791824355e-05,6.0022261029367536e-05,9.950083361322963e-05,-0.05588606704326009,-0.16650089736997994,0.2732774666878159,0.17217747611894757,0.5053631979550475,0.5659900726611147,6.4457264739753235e-21,6.4457264739753235e-21,0.16753126114244768,0.051201737646528585,-0.06275252477908654,-0.052336646654183916,-0.18286088800574146,0.2946538409079073,0.07827958544099307,0.5515366795189528,0.6511615491470369,6.4457264739753235e-21,6.4457264739753235e-21,0.13334855834310522,0.025632591897869657,-0.12210042097184837,0.14815024925881612,0.11125132480827014,-0.14566622803444948
0.04859451165987757,1.014813016301499,0.23601893550469236,0.018512876331748137,-0.7290093747059645,-0.053759339745095995,0.682138734138259,0.06493289293874609,0.10784529573395203,-0.29468118893028045,0.061833450676575606,0.022524218117191085,-0.03748992106655349,-0.011759700069025152,0.0328750614618542,-9.932475336589685e-05,6.553982434735702e-05,9.930764027315314e-05,-0.05455697978689052,-0.16610257242736082,0.2726495788354836,0.1705018225197573,0.5090822684126759,0.5653823795361544,6.4457264739753235e-21,6.4457264739753235e-21,0.1651297123993782,0.051221102283619785,-0.06027812003712222,-0.05203652779164797,-0.18404654422431416,0.2950498100033732,0.07818915921306353,0.5539195982632557,0.6505313764851574,6.4457264739753235e-21,6.4457264739753235e-21,0.13362798581609656,0.02643792168646496,-0.12399320182460417,0.14958775780346217,0.11057916872087147,-0.14609743166392286
0.048471387992797155,1.0144334648570388,0.23930806946155309,0.019238225649099484,-0.7287095737560435,-0.053708935434103905,0.6824428979036286,0.06706587689984443,0.10719953968187065,-0.2928359026088288,0.06259283740581499,0.02056236806328969,-0.03633775925315846,-0.012622860346848189,0.03231081637851583,-9.920319777885343e-05,6.461479837398039e-05,9.876718951872255e-05,-0.051862084840828986,-0.16490848151755833,0.27090623035480094,0.17018247463808928,0.5114575344535747,0.5646938100650379,6.4457264739753235e-21,6.4457264739753235e-21,0.16091785778643833,0.05122841869480195,-0.05684144723950956,-0.050947810096130336,-0.18457763038808553,0.2948168379902465,0.07859276018811867,0.5553881327392901,0.6496765930617272,6.4457264739753235e-21,6.4457264739753235e-21,0.13517869289977408,0.02768086217082081,-0.1257961656901132,0.14904125212697164,0.10774527653841255,-0.14459137431863833
0.04859078776011521,1.0141173109590105,0.24253971538322724,0.020375237271897773,-0.7285591437755227,-0.053824159365170585,0.682561884642693,0.0696940530525001,0.10611374711888068,-0.29138986567352754,0.06285323461831197,0.01874513249286936,-0.035024153693761786,-0.014272416660535994,0.031651543972430904,-9.891312701443313e-05,5.739699760423573e-05,9.819187499955883e-05,-0.04951662386560102,-0.1639442463804565,0.2690285735657227,0.17082145943343324,0.5114161752055723,0.5640744275626091,6.4457264739753235e-21,6.4457264739753235e-21,0.15734145114439824,0.05106029733115887,-0.05324959747294809,-0.04977644441066317,-0.18475365544912822,0.29428697287208483,0.07930838919478134,0.5550064250606156,0.6489235858185481,6.4457264739753235e-21,6.4457264739753235e-21,0.1364558437849617,0.028862902412630963,-0.1271595950257843,0.14689629306306015,0.10482765722314435,-0.14199418355780777
0.04867215448903778,1.0138297080263996,0.24467259115898965,0.02156864970186999,-0.7285170067008649,-0.05395319460162853,0.6825600777533964,0.0714959933343532,0.10470736025960617,-0.2903364415946694,0.06258259105432115,0.017930820640658603,-0.03380528648214066,-0.01630721349845938,0.03134748353998574,-9.887394726949605e-05,5.602916168890108e-05,9.829702505017814e-05,-0.0477677518868672,-0.16295391622564095,0.26730281774243453,0.17182585089648186,0.5100301765119113,0.5638123743301545,6.4457264739753235e-21,6.4457264739753235e-21,0.15505483941059356,0.050181441874542015,-0.05024235134922089,-0.04814567774982174,-0.18437343354416266,0.2930025358358542,0.07941304406934883,0.5536309930031137,0.6483577972900172,6.4457264739753235e-21,6.4457264739753235e-21,0.1376314774248713,0.030098920377547883,-0.12768389967466032,0.14465374508838041,0.10270937316255967,-0.13907027748609976
0.04863611703393521,1.0137333618174995,0.2444288748744905,0.02234475243693654,-0.7283892272255111,-0.054140942284508525,0.6826560386875989,0.07230186205624652,0.10379902509993606,-0.2891476752756471,0.06250200513783234,0.01855863739836183,-0.033023174893614664,-0.01805233336503162,0.03213076103772629,-9.850938535984159e-05,6.31621151277251e-05,9.812402160104137e-05,-0.047151364451461536,-0.1620577020420012,0.2663111198695803,0.17312157352546134,0.5079502351649001,0.5640330073167702,6.4457264739753235e-21,6.4457264739753235e-21,0.15418499625496582,0.04836328641172901,-0.0473203835572969,-0.04666139324325576,-0.18353557914989987,0.29139465545071935,0.07861381393259409,0.5517657118293897,0.6479640393223668,6.4457264739753235e-21,6.4457264739753235e-21,0.138287747054077,0.030804544932610974,-0.1275377566572268,0.14274420007948332,0.10241207301327963,-0.1367596655893634
0.04858828636563565,1.0138203618733388,0.24324933495655163,0.022808099887276348,-0.7278953316643059,-0.054254342589319646,0.6831583760737264,0.07313696249220326,0.10315776259112448,-0.2869916545148586,0.06276788099440443,0.019559826734071833,-0.03261592154661597,-0.018741790758579548,0.033564932364863555,-9.879941618566986e-05,6.897563891594696e-05,9.893715283154383e-05,-0.04753920104729049,-0.16089430009836309,0.26641678483679926,0.17521041767714413,0.5064137995608489,0.5646558151274378,6.4457264739753235e-21,6.4457264739753235e-21,0.15391069781139827,0.045246204360716795,-0.042998500880696344,-0.04598546699542905,-0.18219793324690908,0.2906160551098676,0.07790100045926159,0.5502848692215344,0.647755405249968,6.4457264739753235e-21,6.4457264739753235e-21,0.13875717243003374,0.031111428654821978,-0.1276905321159015,0.14124561282935044,0.10264186506243551,-0.13562021763639473
0.048517743879964305,1.013900655613198,0.24170259655849746,0.023280314463419854,-0.7269407634720295,-0.05435580202774946,0.6841511018163922,0.07506554183420339,0.10265862709446526,-0.28384802566950973,0.0634468407804173,0.0206665819053954,-0.03204479299939457,-0.018543228567601048,0.035195260551986664,-9.904744728469987e-05,6.533414208749941e-05,9.888019775876205e-05,-0.048170810625289204,-0.1590720520981248,0.2669750257323226,0.17716153532984666,0.505720234863897,0.5657225444328239,6.4457264739753235e-21,6.4457264739753235e-21,0.1534678797777308,0.041064477380433416,-0.03659667466355113,-0.04579176235113254,-0.18014359658047432,0.2902478123750829,0.0773913334485735,0.5491339861799079,0.6478441929121602,6.4457264739753235e-21,6.4457264739753235e-21,0.13922966972359288,0.03124992826003429,-0.1284058254020677,0.13933745293853664,0.10247333184440488,-0.13524650753476036
0.04861343137810096,1.0137185641655375,0.241927699843479,0.024391841942536064,-0.7253057605400783,-0.05474794305221823,0.6858178293017936,0.07891035910407121,0.10179158929508059,-0.27947727608054407,0.06336545077535685,0.019474802011671507,-0.030733371466162788,-0.0187273797004445,0.03657267910902891,-9.644909054243761e-05,3.8276867057991076e-05,9.834170550061343e-05,-0.04787035633720453,-0.15707858588951706,0.2668477956306452,0.17910962493491803,0.5067788633240286,0.5673031054000244,6.4457264739753235e-21,6.4457264739753235e-21,0.15254029842383562,0.03634537971987767,-0.02872786312324051,-0.04507819948161955,-0.17749653247048586,0.2895771478848097,0.07723976393515512,0.5484645395491141,0.648359247309474,6.4457264739753235e-21,6.4457264739753235e-21,0.14002577750913747,0.03167834842839549,-0.13110118587858438,0.13580071735517557,0.09895670562848427,-0.134389082684499
0.04869026185911545,1.0132067772560274,0.24429380744732573,0.026085988868332154,-0.723020003940785,-0.05532389980346378,0.6881239757455688,0.0841212661096407,0.10050909307956041,-0.27412969866918774,0.06309426588009835,0.016345839823752987,-0.02842184063162411,-0.01971452415713793,0.03770423827333233,-9.664000133771021e-05,1.991215615810463e-05,9.879383094162909e-05,-0.04676413994052783,-0.15549486549818842,0.2664091610713514,0.18013990237025793,0.5097512344193548,0.5690526172585925,6.4457264739753235e-21,6.4457264739753235e-21,0.15146515007835326,0.03130372852282098,-0.020271488166694933,-0.043167445545688854,-0.17494305092250242,0.2878812224693682,0.07689294709011037,0.5480588117663662,0.6491322793266229,6.4457264739753235e-21,6.4457264739753235e-21,0.1414528837707389,0.03274021407768007,-0.1358387034714491,0.1321332140719814,0.09281248602111808,-0.1325687046153629
0.04871050602580854,1.0127997573261853,0.24747270184038334,0.027758448652404906,-0.720204812835845,-0.05597993097263369,0.6909557985634133,0.08945810413159912,0.0996498007940186,-0.26874533903413633,0.06284707492014867,0.01235775124905,-0.026440527673626327,-0.020933618620283135,0.039026778455801554,-9.74240693536676e-05,1.721609660522054e-05,9.939739431372266e-05,-0.04601583538176711,-0.15436223281588524,0.26643511584529195,0.1803865150412362,0.512442454328614,0.5705313323839528,6.4457264739753235e-21,6.4457264739753235e-21,0.152657090644375,0.026645599117477176,-0.010439757750720303,-0.04173845820232981,-0.17369792932512784,0.2866460660080368,0.07635439326257966,0.5470843316518099,0.6501907407618951,6.4457264739753235e-21,6.4457264739753235e-21,0.1422674863954347,0.03366196547824682,-0.1425597657290859,0.12908006800618638,0.08721408059724643,-0.13082583334387213
0.048379228440104165,1.01268419133402,0.24887599433432017,0.028646285041363795,-0.7171863611234388,-0.05649784969707802,0.6940105227480607,0.0934772088615265,0.10017492368626889,-0.26379549563317245,0.0644018023678565,0.01036893188415819,-0.02621418298191813,-0.021672721927497165,0.04162459455788509,-9.925507916470444e-05,3.041684243579712e-05,9.941144862006651e-05,-0.04675910300807062,-0.1534373048185439,0.2678327125630187,0.18077431040471467,0.5134757113802362,0.5716330879695444,6.4457264739753235e-21,6.4457264739753235e-21,0.15855087452444463,0.021250354508148467,0.002867730920384391,-0.04148291004697457,-0.17376546646361904,0.2862543155043816,0.07567913748330225,0.5455711176350508,0.6520781403211737,6.4457264739753235e-21,6.4457264739753235e-21,0.14151706622971316,0.03358925500575683,-0.150423213756677,0.1279825181012766,0.08553588353311319,-0.1303468494980604
0.0478250186571941,1.0129021977396788,0.24617942813554317,0.02858545162801073,-0.7143026095191201,-0.05693265889963752,0.6969436403101061,0.09552602921308341,0.10210880034338696,-0.25917641977518296,0.06737011474300601,0.01221854672910997,-0.027327802309257708,-0.02192418536269017,0.04622839564669667,-8.831622649149716e-05,4.4181419253808e-05,9.895963288386815e-05,-0.049096368349634115,-0.1526655721239864,0.27005020829990056,0.18179813293815414,0.5111694305540753,0.5724055478748923,6.4457264739753235e-21,6.4457264739753235e-21,0.16867704195427333,0.013670299370099583,0.021126881917275894,-0.04210721480570496,-0.17396577231370164,0.2864168071290929,0.07440564824142011,0.543363718397015,0.6553216874189456,6.4457264739753235e-21,6.4457264739753235e-21,0.13868354736697733,0.032078477559917745,-0.15770934093197897,0.12718098081764787,0.08852117673704105,-0.13129369476709155
0.04733244213838933,1.0132864473419954,0.24096328869377415,0.027864269362071505,-0.7113588023209616,-0.05714092956098781,0.6999610595897838,0.09535262556610632,0.10442182188584526,-0.25370292717828535,0.07012757566265902,0.016157016064381358,-0.02842769293106981,-0.021634857599915396,0.052199370665995073,-8.674843359812026e-05,4.111030157187955e-05,9.859359374027917e-05,-0.05253233386263208,-0.15348330512240557,0.27268621490265005,0.18382510206798855,0.507464058354103,0.5728879773243688,6.4457264739753235e-21,6.4457264739753235e-21,0.1817243863451127,0.0032040228902439644,0.04420552004917838,-0.04297450808216291,-0.17401449695466345,0.2869000234946701,0.07262594302163261,0.5413582429518993,0.6599589482769088,6.4457264739753235e-21,6.4457264739753235e-21,0.13407087010808813,0.029827870530692465,-0.16468176178087762,0.12601784146518696,0.09398012533424055,-0.13306468899021162
0.04672118287512152,1.0136434655005653,0.23550931087293436,0.02680466227303248,-0.7079902002152864,-0.05672471343285753,0.7034475765701134,0.09365932758798325,0.10604388518977542,-0.24625559480682618,0.07252123952730316,0.020648235161000714,-0.02851157665294786,-0.020237287731804537,0.05812382302255025,-8.850793358902881e-05,2.6035652245752448e-05,9.905937448770735e-05,-0.05662666264585492,-0.15618189307813243,0.2758663696201253,0.18540966290052452,0.5045426044736794,0.5731046327129785,6.4457264739753235e-21,6.4457264739753235e-21,0.19737292269905296,-0.009581082407384351,0.06885310707146491,-0.04344620895605686,-0.17428616406763783,0.28710198812246684,0.06994071205343008,0.5403608481449638,0.6648943665551832,6.4457264739753235e-21,6.4457264739753235e-21,0.12894051247619542,0.028153912607416336,-0.1719406209005473,0.12568425939776745,0.10017190160592479,-0.13565410337388606
0.04569385653991267,1.0135839754776512,0.2343485621667783,0.026493213966250578,-0.7041532695011005,-0.05596193075331749,0.7073650345825168,0.09323488952641207,0.10622039434275997,-0.2368047427918035,0.07315385259029387,0.020703909486602102,-0.02772134689403323,-0.01879470717435448,0.06225362153550835,-2.120222843877376e-05,1.0423369170497244e-05,9.908043874249407e-05,-0.058702904278856785,-0.15805161056618403,0.2784767536117813,0.18661791307307435,0.5037539116327011,0.5733303979954575,6.4457264739753235e-21,6.4457264739753235e-21,0.21220200796394684,-0.022836696731590205,0.09405207722648551,-0.041987792246071375,-0.17321458586084026,0.285344616948112,0.06774496684850853,0.5400168117560136,0.669200251165243,6.4457264739753235e-21,6.4457264739753235e-21,0.12553232559655753,0.028028169417725766,-0.18045499447124722,0.12528538149459323,0.10218379986447856,-0.13791533540994894
0.044227692720623005,1.013127033983773,0.23738285288333125,0.027254339720487547,-0.6999863572598296,-0.05529449109207607,0.7115155889422211,0.09590164627707387,0.10533578988815616,-0.22599393006855253,0.07297413816891667,0.015790625614255628,-0.02679605601122298,-0.017819173814619817,0.0644775018865479,5.854777823973289e-05,4.940397000678231e-06,9.906530258944538e-05,-0.0583521823776487,-0.15839090743323306,0.2804994211850921,0.18750889202165666,0.5058818647432406,0.5740133494324894,6.4457264739753235e-21,6.4457264739753235e-21,0.223805624101012,-0.035794353234738854,0.11941326191519297,-0.03864946070562495,-0.17013347427583805,0.2816826916214064,0.06757510160677915,0.5394401188678042,0.672280777360639,6.4457264739753235e-21,6.4457264739753235e-21,0.12526072112940206,0.02938859074527169,-0.1903500640513599,0.12540253660270756,0.09954059915566765,-0.13921160403722993
0.042683057744810064,1.0125464548014231,0.2427003723757023,0.028787213038234817,-0.6956839752203645,-0.054984881830401275,0.7156885737080046,0.10080545174526759,0.10385360585953293,-0.2149071229712559,0.07097397027297819,0.007682606486698692,-0.02579077972053988,-0.018106243361379955,0.06583104066163523,6.579844365554117e-05,2.9353673914109413e-06,9.88246283555375e-05,-0.05609353553794505,-0.15715222632585057,0.2815581100665178,0.18889611180227392,0.5094019887032403,0.5752862847841408,6.4457264739753235e-21,6.4457264739753235e-21,0.23308973080958023,-0.0485958096889596,0.14634503971034127,-0.034256901372565485,-0.16638702185108648,0.2772827284639911,0.06887888044962635,0.5374254430625591,0.6744514532815644,6.4457264739753235e-21,6.4457264739753235e-21,0.12670151267755422,0.031172562839437232,-0.2007415775761128,0.12419610768671019,0.09378627133123545,-0.13926452057806335
0.041215127541103035,1.012437691351731,0.2437396681527119,0.02955319570516626,-0.69146252722786,-0.05444450876469845,0.7197759259101326,0.10401668830002313,0.10311140829814187,-0.20548166544178637,0.06897934475457843,0.0032637738072766286,-0.0254037973395838,-0.01862818915248456,0.06835511012624167,-6.726980443132717e-06,5.663466705114987e-08,9.900030267563745e-05,-0.05565082716214124,-0.1562830443221317,0.2834838994546109,0.19151175457030092,0.510867821779468,0.5775625384690629,6.4457264739753235e-21,6.4457264739753235e-21,0.2448709352540557,-0.06339349869835662,0.17485915403872934,-0.030804483279783915,-0.1638215878201886,0.2729431683980187,0.0690314584719355,0.5320128880215375,0.6774178682755763,6.4457264739753235e-21,6.4457264739753235e-21,0.12629414316963108,0.03180284548743669,-0.2105664487438572,0.12281033943504657,0.09203677165602896,-0.1395278993211511
0.03959128477369417,1.0130455627447454,0.23739670202291951,0.02890989634477504,-0.687220700147389,-0.053230555934064394,0.7239445371299735,0.10399202355778221,0.10346396256900792,-0.19722953420140782,0.06841143803520904,0.006280788660588671,-0.02565440613109411,-0.018157130593948124,0.07292554400701405,-7.74945539522067e-05,-1.2962298664234929e-07,9.868473582883639e-05,-0.059611122235131736,-0.15678232227467725,0.28792769762318937,0.19472605951005362,0.5086938144475467,0.5807847111803635,6.4457264739753235e-21,6.4457264739753235e-21,0.2617601957933546,-0.08146153148435699,0.2025656158618999,-0.029141460393484666,-0.16262720260051156,0.2689286777752374,0.06625592357900573,0.5237960142739729,0.6830730387206563,6.4457264739753235e-21,6.4457264739753235e-21,0.12231504538896211,0.030839803504558432,-0.2198055126266294,0.12225012670933084,0.09826878047692524,-0.14140968672029552
0.037468913554232305,1.0142620258524233,0.22672339675654563,0.027341145913571216,-0.6826749165380174,-0.05131592436248561,0.728437418330381,0.10106578337934888,0.10434805752212013,-0.18972986072953868,0.06932693715626384,0.015336801815915839,-0.0265642902341671,-0.01645221118562176,0.07889957856999559,-9.117893678204843e-05,1.667922464155672e-05,9.937109284411524e-05,-0.0682572725693395,-0.15878654753553897,0.2958685058992872,0.19741432943668966,0.5033422333494985,0.5840218561142488,6.4457264739753235e-21,6.4457264739753235e-21,0.28149527330289276,-0.10205930612015873,0.22570088319791495,-0.029055543018261732,-0.16175588115234296,0.2649142412733769,0.06000233858229092,0.5141473191243413,0.6916752649659341,6.4457264739753235e-21,6.4457264739753235e-21,0.1149066580207009,0.028821321832355487,-0.22907513542268212,0.12171072916367599,0.11062463959618013,-0.14506425480322788
0.03455161939502882,1.015662473276424,0.21587776328591296,0.02568506058053143,-0.6776458623560598,-0.04910971403897462,0.7333358673162786,0.09763786982739965,0.10547713380708697,-0.18152746551041152,0.0718162996130988,0.02602398186193535,-0.027282925008681,-0.013895778396888714,0.08472227233521971,-9.398560093204125e-05,3.84774994156377e-05,9.92778726481751e-05,-0.07873627133175938,-0.16184638738988202,0.305534162427821,0.19874907620310384,0.4978649255998434,0.5864277635959584,6.4457264739753235e-21,6.4457264739753235e-21,0.30056708745960636,-0.12239895508047516,0.24165645883932416,-0.02987754698111949,-0.16051633756875466,0.2616049508984009,0.05255669095957725,0.5046312490150703,0.7017920289331482,6.4457264739753235e-21,6.4457264739753235e-21,0.10542729987978752,0.026447071399503422,-0.2393215364336164,0.11979569293924347,0.12404131113932564,-0.14939478007174936
0.03141907424906908,1.0164169794566618,0.21054082501260415,0.025012433316673237,-0.6721394058376335,-0.04745478478321373,0.7385197513415688,0.09730548399831139,0.10681614387068113,-0.17130492959082577,0.07539526888312438,0.0313984615385336,-0.026664683579956747,-0.011622811507898765,0.08877460401949239,-9.631258568043798e-05,5.858255327458052e-05,9.931600559403826e-05,-0.08554423678108615,-0.1625729111676032,0.3129823635366082,0.1989784527341696,0.495711459131994,0.5872712978752975,6.4457264739753235e-21,6.4457264739753235e-21,0.3123575166185828,-0.13757392236753127,0.25127358097216396,-0.029458900669288822,-0.15773811603562812,0.25879477587326544,0.048338347636575116,0.49756129673796684,0.7106924327690887,6.4457264739753235e-21,6.4457264739753235e-21,0.09743392971370325,0.024369302570465462,-0.2501008638523562,0.11593945585421701,0.131080831091815,-0.15255895980204884
0.028753349168663414,1.0158178952131773,0.21361947091096356,0.026554749312403873,-0.6663907238672635,-0.04765239654033045,0.7436459064463885,0.10357087699234165,0.10859075083468492,-0.1590438197784501,0.07896617461137087,0.02546617060658287,-0.022472361417323013,-0.012006558348339415,0.08957262188034358,-9.619313803130272e-05,6.819516668845807e-05,9.952150610498355e-05,-0.08301050510286216,-0.15873179722383163,0.31363277177496424,0.1985658801940451,0.49969129647218163,0.5865761019222667,6.4457264739753235e-21,6.4457264739753235e-21,0.3103781600472195,-0.14298578782233123,0.2592411395708156,-0.02554972524612228,-0.15292353943175144,0.2559563157296677,0.052640058985676086,0.4943863505243083,0.715604587239234,6.4457264739753235e-21,6.4457264739753235e-21,0.09580722485758299,0.023143532965129436,-0.26137295829434776,0.11039446229969976,0.12569823948537853,-0.15246187231291705
0.02663874072773543,1.0139088756285046,0.22336221130419529,0.030312218150219554,-0.6607308776249391,-0.04986694500300577,0.7484001725349286,0.11665553221142247,0.11054000359668227,-0.14513774556000142,0.08256070919493809,0.009492971812885092,-0.01514139201875552,-0.01575159438906392,0.08767278452355372,-9.664450658005848e-05,5.749906105501728e-05,9.942669382096079e-05,-0.07124846607692832,-0.15125546718899133,0.3068062574321938,0.19769113664594384,0.5097271313699908,0.5844890802371457,6.4457264739753235e-21,6.4457264739753235e-21,0.2958944019195204,-0.14049035297855655,0.27234637943784396,-0.0177629209482621,-0.14639721840272166,0.2527057544862992,0.06554321816435218,0.4954327484134152,0.7161708953824615,6.4457264739753235e-21,6.4457264739753235e-21,0.10190990329078381,0.023212898359200162,-0.2732139001571391,0.10546851419390646,0.11013741864941262,-0.14897360545931576
0.024280166745852923,1.0116866350282958,0.23448619563760442,0.03473306201835955,-0.6554874901278691,-0.05262183753489791,0.7526175104300784,0.13133841149352224,0.11231807160066162,-0.13204450026712955,0.08655000980021077,-0.008950971986013932,-0.007438893740111833,-0.02063087638229446,0.08529432273669389,-8.309314384062078e-05,2.0152240007323727e-05,9.77919375482919e-05,-0.05665408789731791,-0.14424896586183927,0.29709055383809657,0.1962879127312924,0.5211402092465489,0.581708278238698,6.4457264739753235e-21,6.4457264739753235e-21,0.2793503343417617,-0.13801872937523993,0.2912441898818101,-0.008680783532092368,-0.13951283343692006,0.2492902038394066,0.08023955270966318,0.4989060412197934,0.7147181802771067,6.4457264739753235e-21,6.4457264739753235e-21,0.1107464140628721,0.023897756506013244,-0.28491562548722393,0.10184882590415396,0.09285486108085877,-0.14489360102870982
0.021048797375606554,1.0099409009915057,0.241858449967223,0.038236000483124644,-0.650555836495505,-0.054442789326931806,0.7565756188824261,0.14434158480914053,0.11399136255849279,-0.12034938663657473,0.09204075713210894,-0.024348610840294313,-0.0006830747315028345,-0.023245985310473956,0.08418657975395424,-8.211966843669717e-05,2.641783815895705e-05,9.932761847573968e-05,-0.044745320208225185,-0.14093817258752767,0.2884680281539641,0.193054395523002,0.531423085700513,0.5787423939955318,6.4457264739753235e-21,6.4457264739753235e-21,0.268165130747753,-0.1406138186114285,0.3135104324653007,-0.0003097210739821492,-0.13333109110631292,0.24568045932155894,0.09136637125962568,0.5028003351500043,0.7140807684194588,6.4457264739753235e-21,6.4457264739753235e-21,0.11774162805201326,0.024523159434963106,-0.2969576877841215,0.09999553463387081,0.08011548899494006,-0.14247096380965127
0.017395365151524646,1.0090056827181417,0.24405807537901156,0.04056781430149962,-0.6453616458584568,-0.055277929753484195,0.7608272716257087,0.1555129442161635,0.11565501689571801,-0.10921985598488823,0.09848107166080558,-0.03567653516041111,0.0056215522753783175,-0.022439780950676856,0.08500747785541451,-2.0609436218258108e-05,2.4367275152421706e-05,9.968663259895531e-05,-0.037617612008196494,-0.14191494996228238,0.28266785994093807,0.1865978911269546,0.5405231919768516,0.5761452796019106,6.4457264739753235e-21,6.4457264739753235e-21,0.2629729521967345,-0.1483563125193374,0.3343787013334361,0.006358123232608616,-0.1284860009360137,0.24231123666109658,0.0976212971745839,0.5065528428787255,0.7148128296124922,6.4457264739753235e-21,6.4457264739753235e-21,0.12210104049982158,0.024636076391747197,-0.3087147516189096,0.09911522619982115,0.07275899494692659,-0.14188338565960593
0.013843768789716467,1.0085984514779711,0.24224911367863677,0.042347368926671666,-0.6394922713129696,-0.05574414679047251,0.7656434894042428,0.1650937085430907,0.11716926435111968,-0.0982227615299922,0.10438619143647919,-0.044709888334093305,0.013408981823270041,-0.020030794538538878,0.0866859594253162,9.610748071749556e-05,4.978480136162073e-06,9.964572098742865e-05,-0.03282153417286396,-0.1456445288263723,0.27781055245627334,0.17747297759731917,0.54968028232329,0.5735713869275998,6.4457264739753235e-21,6.4457264739753235e-21,0.26098933150639675,-0.15814532701475068,0.35276842991930774,0.012545495949414918,-0.12470998919734907,0.23881961952253933,0.10154344672120409,0.5084376440630195,0.715855808680614,6.4457264739753235e-21,6.4457264739753235e-21,0.12452429032821404,0.024451498883455908,-0.32093424704363943,0.0973545958541234,0.06761946889900144,-0.14169776106180884
0.010770807473536143,1.0083364609863998,0.2366082592543677,0.04379978839406931,-0.633022168893469,-0.05599659565351831,0.7709089778504441,0.1746897623514751,0.1184353408727886,-0.08717105262030816,0.11006163534744794,-0.053274010155184515,0.02251793310395757,-0.01601067150776886,0.08825322436050916,9.269341280230788e-05,-3.0201556638232328e-05,9.903524767829457e-05,-0.027312286564736714,-0.15019942370037254,0.2708319163950833,0.16733943410560154,0.5594698393140426,0.5715990185542829,6.4457264739753235e-21,6.4457264739753235e-21,0.2579081784549881,-0.16904511022980523,0.37045698688669204,0.01955030972946175,-0.12054072348486988,0.23487126062424443,0.10650896355881215,0.5081403469311587,0.7158721874634483,6.4457264739753235e-21,6.4457264739753235e-21,0.1267334951247928,0.024442918361309428,-0.3336407432181126,0.0949868793905222,0.06260543520332493,-0.14152080500594333
0.007991583457292287,1.0082683542789848,0.22810495079252333,0.045025260408045435,-0.6258930163532385,-0.05579120689829581,0.7766617401832572,0.18482856873801556,0.11865549093669549,-0.07671850269896006,0.11680451557469249,-0.05955043418017398,0.03136138822161297,-0.010736397706444075,0.0889445380786326,9.286630307466565e-05,-5.412271410399509e-05,9.887112937206289e-05,-0.021753660614373352,-0.1559789213982262,0.26272635672951017,0.1559505389369594,0.5708981169868627,0.5711780378974626,6.4457264739753235e-21,6.4457264739753235e-21,0.2547638435886792,-0.18111299716630117,0.3862451299059795,0.026522383274427314,-0.11635224176025673,0.23116898609693284,0.11312860960169892,0.5061364955768912,0.7142277484032842,6.4457264739753235e-21,6.4457264739753235e-21,0.12828600319401154,0.02484657241167186,-0.3463329209280497,0.09168100003862786,0.058575076005766745,-0.1417275924200038
0.005309198930361178,1.008252933658237,0.21953335173211772,0.04618641068447651,-0.6179086673698609,-0.0550518397648413,0.783026911137439,0.19708065997108512,0.11729880297623302,-0.0675576717275016,0.12668571147036212,-0.0634173242365806,0.0384957561108295,-0.004674225729409133,0.0887076406173004,9.314699027148922e-05,-6.095996000830331e-05,9.893683850864957e-05,-0.016599898743420737,-0.16329075875326904,0.25469742644527593,0.14412129621094308,0.5851876387737818,0.5724604555508099,6.4457264739753235e-21,6.4457264739753235e-21,0.25187401057026704,-0.19348927726768383,0.4010713950018764,0.0331570327689979,-0.11224661569474231,0.22803670416413505,0.12161728312376319,0.5030552016009516,0.7112619142248037,6.4457264739753235e-21,6.4457264739753235e-21,0.12920742873139412,0.026190737352317844,-0.35923112057264106,0.0882298456627979,0.05527259351483787,-0.14188985677438554
0.002857708060197264,1.0083070301888684,0.21307644093355715,0.04752671825980905,-0.6086974094376653,-0.053856971329410835,0.7902329349968099,0.21164261243819288,0.114005363130825,-0.060961372824518974,0.13975875970159707,-0.06549817315505242,0.04301688627970316,0.0011876324536210462,0.08811015355877226,9.932172359727664e-05,-9.419446717435552e-05,9.990032557947907e-05,-0.01352936002787021,-0.17159671007998253,0.24908310419130997,0.13347816131687404,0.6003196086875769,0.5748456452752492,6.4457264739753235e-21,6.4457264739753235e-21,0.25084014470728105,-0.20603069403205213,0.41634505940613037,0.03890840686128151,-0.10911592231396751,0.22612926432769706,0.13174981775025374,0.4989980145500372,0.7079357209144344,6.4457264739753235e-21,6.4457264739753235e-21,0.1284118815301819,0.028428073743874852,-0.3720760468287651,0.08378871430662849,0.052567024514886776,-0.1419410277932318
0.0007675156693188845,1.008259956579106,0.20875494801283173,0.04876624825924572,-0.5983793809925196,-0.05211674479678333,0.7981361351480962,0.22710273707069037,0.1092279871569435,-0.05881096921193603,0.15592939346423493,-0.06699073351654275,0.04432264943593511,0.006672526946047393,0.08748435043070009,9.938561586580196e-05,-9.278845661523795e-05,9.994704248682657e-05,-0.01271236489343612,-0.1804517117848401,0.24641066777913212,0.12525515150974142,0.6143095124164815,0.5767407391837518,6.4457264739753235e-21,6.4457264739753235e-21,0.25263067860169114,-0.21722057318204496,0.43057296835362563,0.04390215265353168,-0.10580692696531065,0.22619130244839603,0.14443429598739133,0.4939860472632222,0.7051067811769104,6.4457264739753235e-21,6.4457264739753235e-21,0.1260324413934523,0.031935181447048294,-0.38682805971008855,0.08029487983779053,0.05017334866031561,-0.1420021679162005
-0.001052494930713361,1.0079372368434076,0.20572909953980398,0.04960362945073508,-0.5873367520530235,-0.04981417043528394,0.806405528961643,0.2421428099833908,0.10390506217881676,-0.06320541021459176,0.17299041026721687,-0.07007347313661894,0.042220544743702605,0.012703277005970891,0.08718461373062006,9.895856897426732e-05,-7.47397530360303e-05,9.991729753193586e-05,-0.012589051673210283,-0.1900260678703363,0.24478283564198927,0.1189952250388748,0.6261230097257656,0.5776567259049193,6.4457264739753235e-21,6.4457264739753235e-21,0.256514163381332,-0.22588351215202337,0.4417821366030087,0.04869016724096909,-0.1022807509948032,0.22825528540677792,0.15906624187157228,0.4894021097633621,0.7030856929374529,6.4457264739753235e-21,6.4457264739753235e-21,0.12285925458802725,0.03667566410837336,-0.4044552303698062,0.07934242012138638,0.04774140495833814,-0.14168662155257802
-0.00306622364334386,1.0075613722831935,0.20214106259900472,0.04964437957172638,-0.5756850829145373,-0.04698884057499,0.8149421866211709,0.2548403381379614,0.09940395771741627,-0.07578638364502771,0.19098261848225861,-0.0704010188874169,0.035960521409570366,0.01926492312494662,0.08778636643167809,9.94509609774508e-05,-3.0831497808959206e-05,9.990582174045427e-05,-0.01463947335433118,-0.20255773013189793,0.2456441244131431,0.11194484198016919,0.6358100627863491,0.5766202024049925,6.4457264739753235e-21,6.4457264739753235e-21,0.2636328437351391,-0.23257230778688773,0.4477285140054316,0.053061495765812566,-0.09965195471495063,0.23181684971171757,0.17245142297157837,0.48586148823446357,0.701781997384587,6.4457264739753235e-21,6.4457264739753235e-21,0.11844395185982386,0.04203915454897759,-0.4252457680797774,0.08179616516608575,0.04819982018521731,-0.14133040363938698
-0.005216947578978471,1.0069788260711774,0.1990704568915358,0.04898887835864868,-0.5634394332597703,-0.04393698792473663,0.8236756527349066,0.2653475712536093,0.09676006587529247,-0.0963531928259575,0.20953014911645806,-0.06674162426392309,0.026623698467121606,0.02579941473376188,0.08938857727176124,9.948297333949412e-05,2.0781859766424345e-05,9.990665646338225e-05,-0.017638507283773818,-0.21754743946809568,0.24812031733973847,0.10386103729072481,0.6446730607205148,0.5736765757539918,6.4457264739753235e-21,6.4457264739753235e-21,0.2723788728173855,-0.2378769383590976,0.45017203744072126,0.057802466763454644,-0.0984473063405228,0.23553996157400076,0.18238146339955963,0.48360654933888775,0.7010819974043324,6.4457264739753235e-21,6.4457264739753235e-21,0.11262318581060829,0.04732515959877033,-0.44895263957856607,0.08597481777191136,0.05063357170754275,-0.14143564177096937
-0.006777775127691615,1.0062095153695265,0.1966541138874237,0.04783423666980445,-0.550317273450479,-0.0411429250398832,0.8327264006480807,0.27387288024477646,0.09705713262284235,-0.1253109277337278,0.2273616117435759,-0.05974755556465246,0.015614777974916826,0.030717290797361956,0.09195375939140041,9.896746813710707e-05,7.882715766665696e-06,9.981454774954576e-05,-0.021706373240205898,-0.232529517820569,0.2523337892919439,0.09675315675720401,0.6524178236981617,0.5690943610441911,6.4457264739753235e-21,6.4457264739753235e-21,0.28103268988985314,-0.24260103237519645,0.45373655669076357,0.06224177123588807,-0.1002805510708306,0.23945303902878456,0.18791989719274,0.482123937169405,0.7008587459337287,6.4457264739753235e-21,6.4457264739753235e-21,0.1041856443339736,0.051271789036056184,-0.4748742071763331,0.08761325315033403,0.053430401339514544,-0.14263924553480564
-0.0076598138594663155,1.0052408635139543,0.19512733909607113,0.046035749286209744,-0.5366698396792015,-0.038802742586602545,0.8418063385309953,0.2807260201427269,0.10129312502262214,-0.16114218215473017,0.2433434694191379,-0.05198773755723729,0.003235114120587917,0.03371479845960895,0.09505516576696628,9.948542431348791e-05,-4.925649767153653e-05,9.990274652656763e-05,-0.025185365979873697,-0.2451950889743162,0.2562527407686167,0.09275813097328303,0.6580547019472026,0.5640338517922934,6.4457264739753235e-21,6.4457264739753235e-21,0.28968995477368026,-0.24586117887495257,0.45796972012120674,0.06558484895898455,-0.10487178109518551,0.24349622756928394,0.18975941999841472,0.4813016852764978,0.701825547421357,6.4457264739753235e-21,6.4457264739753235e-21,0.09389659619061227,0.053226008642816514,-0.5018744701663265,0.08727644986176421,0.05567641547608651,-0.144339564764181
-0.008387261765125427,1.0043061384657965,0.19416122780368827,0.04378345705782249,-0.5229960507899272,-0.03706430161864516,0.8505622087272826,0.2873832227932124,0.10907709827733666,-0.20135992967680574,0.25694267136062016,-0.04629390562348266,-0.010944879182697896,0.03515184470868757,0.09812917270782638,9.910320821875637e-05,-7.950109310679351e-05,9.992669348979573e-05,-0.027878102154154743,-0.25566187140094104,0.258626490056713,0.09135652270624996,0.6607571291825171,0.5593813813562477,6.4457264739753235e-21,6.4457264739753235e-21,0.2982579124656207,-0.24812242332128864,0.4612467255898405,0.06757132609836142,-0.1118336882800966,0.24623190901553305,0.18837146542110095,0.4807647850306038,0.704235855388983,6.4457264739753235e-21,6.4457264739753235e-21,0.08218726753646635,0.0525844515496379,-0.528345491935899,0.08527036641309967,0.0584395369499002,-0.1467106230371999
-0.009348072049195012,1.0035251911947876,0.1934932374033793,0.041389186596611255,-0.5097793274161666,-0.035708038938111336,0.8587115562965372,0.2935028170771693,0.11890502028675069,-0.24226363891838648,0.2678085652997592,-0.04384635491853651,-0.027247385669421302,0.03612163275303391,0.10010066996629483,9.95782482135944e-05,-9.115373776148768e-05,9.991980689451303e-05,-0.03015558209945375,-0.26642471701032816,0.25952041824564986,0.0895426751828828,0.6603753580555293,0.5558948415599823,6.4457264739753235e-21,6.4457264739753235e-21,0.3058435651693795,-0.24866810087710142,0.46214562597586495,0.06898921685636471,-0.11881231476455001,0.2473019515054872,0.18688847910545972,0.4803008113523916,0.7076736502742708,6.4457264739753235e-21,6.4457264739753235e-21,0.06977757282048364,0.04988341920923697,-0.5535356262900669,0.08196226846065455,0.06117365300386687,-0.1497968540999318
-0.010181466637782563,1.0028787819388776,0.1930517918922226,0.03906393426450577,-0.4973920729229174,-0.03441779330262573,0.866086265703553,0.2985022103299316,0.12853443628930505,-0.2785737602637033,0.27467164919599624,-0.04574072098945724,-0.04375078950834772,0.0372023805411902,0.10065159197213386,9.907441025982354e-05,-9.135838437651384e-05,9.986303682623704e-05,-0.03183507069736555,-0.2798750099046128,0.2583135535961702,0.08564978958206265,0.6585305791711854,0.5546761279488901,6.4457264739753235e-21,6.4457264739753235e-21,0.31250671512221234,-0.24810854925087786,0.4602959179513991,0.07059502718421469,-0.12425274282993957,0.24763257402421213,0.18608123998354784,0.48001888404983933,0.7112302499232478,6.4457264739753235e-21,6.4457264739753235e-21,0.057617862950068,0.04639115642239368,-0.5761283571169563,0.07849592334542731,0.06295144536826454,-0.15261548345190096
-0.010192201594582628,1.0021518730359733,0.19221158598956475,0.03678724423472764,-0.4858801476325085,-0.03334604255804152,0.8727187649126974,0.30301899678684424,0.13728369512842373,-0.3068338284812799,0.27725094044555865,-0.05222561951495417,-0.058067876872370874,0.038253912410184894,0.10066574245754,9.940992360407466e-05,-9.366882593878805e-05,9.988721555916454e-05,-0.03304729052901721,-0.29582044481544395,0.25516619153758435,0.07977347601413491,0.6554184016220512,0.5560679636442752,6.4457264739753235e-21,6.4457264739753235e-21,0.3173267298417541,-0.24633384260997795,0.459450129470935,0.07268763172464743,-0.12843822216420106,0.24823579227021283,0.1854724559259232,0.48153926272138614,0.7145112921984925,6.4457264739753235e-21,6.4457264739753235e-21,0.046981396967181885,0.04292431162032093,-0.5959813571134726,0.07578908265107537,0.06378869973564857,-0.15375575665493657
-0.009272704964028142,1.0012108264689938,0.1902020247784282,0.03458123832066433,-0.4753815625768545,-0.03249086542870681,0.8785846919156135,0.3075703992780659,0.14483400708046565,-0.325208490349916,0.2760535819246043,-0.061045449079803304,-0.06891994874261834,0.03923701329474677,0.10064377575097917,9.956510150729801e-05,-9.384989650526701e-05,9.9906505245331e-05,-0.03347709299898243,-0.3119510994471731,0.2503189528979629,0.07474343945533884,0.6504683669840674,0.5602804022283132,6.4457264739753235e-21,6.4457264739753235e-21,0.3211652744592634,-0.24367199211145754,0.45871541767210927,0.07548257832425559,-0.13166383063065432,0.24843396230512005,0.18454409629742013,0.4849656787250214,0.7176469367795676,6.4457264739753235e-21,6.4457264739753235e-21,0.038912939541442385,0.04063109366364708,-0.6122754818100918,0.0752226425950828,0.06432330185447681,-0.15244045215742089
-0.007900471940931379,1.0000965486605258,0.18818925673365952,0.032515822498665824,-0.46572022578550926,-0.03202836681081164,0.8838251234535495,0.31278604375077285,0.15211642097662578,-0.3346682184070206,0.2722144523679356,-0.06973298190005255,-0.07541238846516916,0.04020355647308691,0.10121546431110011,9.94746096956491e-05,-9.006456599824359e-05,9.988092478054787e-05,-0.034392936009708996,-0.3247818549006914,0.24645176568019794,0.07332522972713786,0.6423312338168392,0.5656487806490658,6.4457264739753235e-21,6.4457264739753235e-21,0.3243974929840699,-0.24148217992733056,0.4585185696646875,0.07915361231789782,-0.13394747726841955,0.2465528792475155,0.1841292848841324,0.48939712672528096,0.7210433318732131,6.4457264739753235e-21,6.4457264739753235e-21,0.03293986252601348,0.039037986108108665,-0.6266655365277286,0.07615437920482425,0.06604496024497089,-0.1503477353888334
-0.006464746481642374,0.9989364883532935,0.18671645719696142,0.0305701897338659,-0.4567172389171985,-0.03181949130240323,0.8885774065496365,0.31846032321555207,0.16018483959512342,-0.33928391577927797,0.2661873889006468,-0.0765128691595926,-0.07908944342725756,0.0423464748369815,0.10229996772425662,9.915707998591278e-05,-6.092717385060996e-05,9.976545617109507e-05,-0.036667138227994694,-0.3323979270075691,0.24571327598012818,0.0764092573658721,0.6286770033329109,0.5702986907987436,6.4457264739753235e-21,6.4457264739753235e-21,0.3266993834787273,-0.23991970236869978,0.4576053303774549,0.08351307371147317,-0.13403160363798147,0.24258014406109146,0.18565489810063696,0.49410604000204833,0.7250737360998748,6.4457264739753235e-21,6.4457264739753235e-21,0.02778440462281501,0.03759415306737972,-0.6399561939383859,0.07730425901594988,0.06865332968530259,-0.14902886556680794
-0.005089070183360177,0.997952168540002,0.1859545188011683,0.0285700020964996,-0.4482282852916962,-0.031650833980839566,0.8929550008495639,0.323563972377616,0.16910470188498822,-0.3406917784157183,0.257126900471354,-0.08173999301706265,-0.08074940349780538,0.045549539703606486,0.10276504016606064,9.915028730161129e-05,-7.590052351174021e-06,9.970091941317287e-05,-0.04095433904263751,-0.3369970850192158,0.2489066564664999,0.08182813882197314,0.6104555999549629,0.5725881786592883,6.4457264739753235e-21,6.4457264739753235e-21,0.32854449490864074,-0.23920629547287584,0.4546308877503699,0.08707708429727103,-0.1312637759339084,0.2382395896473208,0.19018444183331887,0.4988097545458584,0.7293798110329546,6.4457264739753235e-21,6.4457264739753235e-21,0.022891496065715597,0.0363366404649559,-0.6524778584494477,0.07899028938911105,0.07179357353659396,-0.14863231069212499
-0.003282036741070417,0.9971880684082708,0.18459341674878418,0.02636513463742525,-0.44009952523585144,-0.03176525883291519,0.8970484711460098,0.3280019481713847,0.1792159967308465,-0.3401985971759487,0.24512341505531957,-0.08607624941419932,-0.0810690074108886,0.04920304526124061,0.10280205199887144,9.925935347220759e-05,-3.3042515773532065e-05,9.972188936189027e-05,-0.04685674170221175,-0.3416507971040089,0.25412545401467174,0.08652500788182506,0.5911456684108525,0.5719762443036431,6.4457264739753235e-21,6.4457264739753235e-21,0.33000810019648047,-0.2393189594424925,0.45080493339175237,0.08914867370283205,-0.1267993691755751,0.2350274806781354,0.1961451004936809,0.5059449995877062,0.7333999950568033,6.4457264739753235e-21,6.4457264739753235e-21,0.018331312033320613,0.03493043484687568,-0.664421036370344,0.08058797043739269,0.07510595066259199,-0.1488537384241349
-0.0002992600079131228,0.9965342501007205,0.1817004294670711,0.023764222766769823,-0.4327697551648628,-0.032389706861149434,0.9006499624370805,0.33164821615424145,0.19047690063710948,-0.3389007346101553,0.23012335909771278,-0.09081148298660376,-0.0806195339875089,0.052152002353948956,0.10279509132897958,9.894212801218766e-05,-7.839063816910626e-05,9.964147590110503e-05,-0.05280718814248339,-0.34750066759357884,0.2575771032643583,0.09021410300348295,0.5723366297842494,0.5696519830598136,6.4457264739753235e-21,6.4457264739753235e-21,0.3301749309563628,-0.24082133021457564,0.448982222480638,0.09062029058898174,-0.12090379759580336,0.23313354265511624,0.20381590951245124,0.515013589522641,0.7364467808816345,6.4457264739753235e-21,6.4457264739753235e-21,0.01476704218238027,0.033671836676523514,-0.6753877236297098,0.08152337951205109,0.07751720886254508,-0.14828042414079365
0.00398873496412527,0.9957673353015989,0.17811638084211118,0.021022248563354093,-0.42619579719767037,-0.033533593928423776,0.9037990177824222,0.33497255872838694,0.20173767126198244,-0.33650437614233336,0.21266219927233174,-0.09762480145445784,-0.078583040853843,0.05409421457508482,0.10299199466813867,9.820982045063576e-05,-8.652529047302595e-05,9.956085537401302e-05,-0.05795145086308922,-0.353857149634013,0.2582203151543342,0.09196791383334839,0.5562237540165136,0.5667284964453835,6.4457264739753235e-21,6.4457264739753235e-21,0.32981635385694974,-0.24260549189632233,0.4498944355664184,0.09311724111777638,-0.11418527555569187,0.23186019287896908,0.2127499413206292,0.5265442915155342,0.7380466597579299,6.4457264739753235e-21,6.4457264739753235e-21,0.01198805423373139,0.032720622102412125,-0.6867639580785927,0.08188500024848215,0.07948600684886484,-0.146683663570099
0.009700420656481565,0.9948404860434724,0.17383598549819707,0.01815959317971152,-0.420560491602747,-0.035205456206337644,0.9064266818787842,0.3387562461512341,0.21270789282914743,-0.3366592647110408,0.1946886552666283,-0.10514510897767172,-0.07765029442087301,0.05498538008508226,0.10360446739708684,9.853694788907294e-05,-8.973104028887351e-05,9.967694681120702e-05,-0.06195885541310859,-0.3603514918577375,0.2560708853574805,0.09119257914796022,0.5430370788214913,0.5649435029650379,6.4457264739753235e-21,6.4457264739753235e-21,0.3291184269204548,-0.24422337163880617,0.4524967879162674,0.09759168358992588,-0.1074472454943633,0.22945372491244528,0.2223203477343636,0.5389837382201904,0.7381623124390627,6.4457264739753235e-21,6.4457264739753235e-21,0.009105604106126949,0.03177912579474589,-0.6984531859798745,0.08108679134073303,0.08146542626658312,-0.14397541823137594
0.016185451975753416,0.9938639949263902,0.1707190483706525,0.015286093888767213,-0.41549596854570153,-0.037255102382053464,0.9087270727863639,0.3429353735344346,0.22281577046047304,-0.33933156449355906,0.17793412774621467,-0.11171119162561789,-0.07771089013850334,0.054798685982532194,0.10382131510882309,9.947180488641697e-05,-9.217588775173423e-05,9.985281399466942e-05,-0.06578157168155745,-0.3671683369203723,0.2543625293178701,0.08917130639462252,0.5349068996126867,0.5648106015979291,6.4457264739753235e-21,6.4457264739753235e-21,0.32797941322584534,-0.2450255816499238,0.45563813080386717,0.10422572657160918,-0.10035791700009446,0.2253459756229714,0.23537159697264884,0.550586052238869,0.7367702402959782,6.4457264739753235e-21,6.4457264739753235e-21,0.006043993012109837,0.030889875777969596,-0.7106262363604822,0.07997754236275337,0.08393644141464349,-0.14049600703234041
0.02323374967190517,0.9927805512796789,0.16975679254189796,0.012665103531803962,-0.4110773519199385,-0.03959841707308863,0.9106715320807409,0.34713574693768257,0.2314085289147086,-0.3438928615231098,0.16293818246492361,-0.11814116229356036,-0.07861057079360095,0.054437472947685736,0.10310874002877708,9.937335355201705e-05,-8.727503005879082e-05,9.988844303077983e-05,-0.0690983857531577,-0.3740589390634495,0.2530788698882832,0.08668402542784566,0.5332578467297098,0.5659685609050957,6.4457264739753235e-21,6.4457264739753235e-21,0.3256449166913317,-0.24484623702148411,0.46028977241916447,0.11238666154604236,-0.0939091344703013,0.21883729831227686,0.2500639966513302,0.5614708512256769,0.7346026321431657,6.4457264739753235e-21,6.4457264739753235e-21,0.003120713739787157,0.030414860375993315,-0.7221413952953984,0.07995213034357726,0.08642653919995144,-0.1370095326953954
0.030745556542263706,0.9916537181414515,0.17101753008902226,0.010089274792003059,-0.40714599269555535,-0.04205792047028577,0.9123554425628424,0.35129429239945154,0.2378375552475072,-0.34696502182412947,0.15040691091424951,-0.12413089957604287,-0.07871855098776918,0.05422239454990764,0.10196428666920372,9.889376377100906e-05,-1.803560144837797e-05,9.995804354679427e-05,-0.07202613557998687,-0.38026253124879766,0.2526706491116882,0.08584228893009875,0.5355078120265231,0.5674803748564733,6.4457264739753235e-21,6.4457264739753235e-21,0.3225509344042166,-0.2443854701428929,0.4651695559525032,0.12058947015834501,-0.08758340297119525,0.2113104390239131,0.2663541129134294,0.5713023629778146,0.7320852172497928,6.4457264739753235e-21,6.4457264739753235e-21,0.0007051745014004418,0.030763315876290363,-0.7322139558794802,0.0820608775423236,0.08801952469350895,-0.1330649368173147
0.03864796998903403,0.9905373615725365,0.17359694271452022,0.007348187505181849,-0.4030960346945523,-0.0443955211611268,0.9140683456424271,0.35504959510718864,0.24216909472353984,-0.34706676697042543,0.14110774208378363,-0.12937841783636964,-0.07760420718305254,0.054691719455125305,0.100922620399074,9.9490914493502e-05,8.430754575482846e-05,9.99242418239456e-05,-0.07524789902045877,-0.3856540760622154,0.25516942142226545,0.08635757636012435,0.5403196176798414,0.5681224309131343,6.4457264739753235e-21,6.4457264739753235e-21,0.3208982525648317,-0.24336535111087176,0.4663443358818873,0.12634331761861328,-0.08263474533493557,0.20584972231478232,0.27973036812839036,0.5835737973637659,0.7295108152633414,6.4457264739753235e-21,6.4457264739753235e-21,-0.002061972061979288,0.03163250029369406,-0.7403872303375066,0.085658778241953,0.08770850045873085,-0.129190110859179
0.04728124243176898,0.9893710465829517,0.1767169512757474,0.004261829599015341,-0.39875687799650117,-0.04686062251137712,0.9158692829334769,0.35918138006433936,0.24506850815347725,-0.3451375934909671,0.13655742332957763,-0.13156814965070784,-0.07743281986367757,0.054559360346580855,0.10073043333075718,9.941674251007221e-05,9.535681985730208e-05,9.991541036848947e-05,-0.0789564248460928,-0.3908384032204848,0.26085264418328885,0.08906583748956158,0.5461096305970176,0.5677530281452112,6.4457264739753235e-21,6.4457264739753235e-21,0.3226240958669495,-0.24153084499593871,0.4627323217169881,0.1285048170508148,-0.08008553863344975,0.20388425417908676,0.28727886677511627,0.5990407294590429,0.7272443271285038,6.4457264739753235e-21,6.4457264739753235e-21,-0.005444858550602733,0.032774336290971,-0.7464005650313836,0.0893360896988007,0.08570687193985022,-0.12541868417291685
0.0566860128204982,0.9881116382475659,0.1786769204331012,0.0010466982190499544,-0.3938250040049922,-0.04938986500981862,0.9178815383202202,0.3633300796846837,0.24677400338105943,-0.340366213117377,0.13720166155439248,-0.13123885006805733,-0.0779109722895237,0.0539048061816391,0.1007737044003454,9.910016405067983e-05,9.590968719824188e-05,9.987924416397632e-05,-0.08296380228092697,-0.39509825446397917,0.26872363951904943,0.09350372193212123,0.5517119485647343,0.566237959584686,6.4457264739753235e-21,6.4457264739753235e-21,0.3278556401543935,-0.23760885934496764,0.45465704089684833,0.12785386907012872,-0.07987744763625039,0.20515092952103833,0.2888259192367192,0.6177025072376381,0.725546919642164,6.4457264739753235e-21,6.4457264739753235e-21,-0.010497525329197068,0.03396201730055062,-0.7504986275752047,0.0920624594555654,0.0833387504152873,-0.1232957813537833
0.06751318610315389,0.9865017401184414,0.17909219786842304,-0.001687024758259833,-0.3887169814328107,-0.0521288741171007,0.9199043459069661,0.36665324857844356,0.24703891273203002,-0.33313030800467375,0.14056516708881117,-0.1333901753761322,-0.07735828646431497,0.05340212864871419,0.10015503230612151,9.925572780879083e-05,9.694489189605164e-05,9.989473470776312e-05,-0.08405878329483558,-0.39708507704439416,0.2722901217495142,0.09702061564078288,0.5586716201090235,0.565601816811568,6.4457264739753235e-21,6.4457264739753235e-21,0.33258429020679836,-0.23094788053250487,0.44718139687506736,0.12668485818568218,-0.0809472368406924,0.20650225554366344,0.2862625479028284,0.6364166398626603,0.7249236354500083,6.4457264739753235e-21,6.4457264739753235e-21,-0.01598759012253771,0.03713440358756806,-0.754158027915342,0.0960772661262131,0.08008666878623265,-0.1224621055511138
0.07948333143360964,0.9847512266255181,0.17729409056844703,-0.0038884515230130116,-0.38354807557965714,-0.05495920357905897,0.9218995598228559,0.3700061073374264,0.24557600527616644,-0.32252497336178376,0.14599558673511245,-0.13991056275909577,-0.07408817093668653,0.05418416792916277,0.09894365417321349,9.90611972055716e-05,9.614545668506293e-05,9.986781263278955e-05,-0.0827780623220868,-0.39728538148952114,0.2724678788698185,0.09816921549813323,0.5680411111534907,0.5670978197261799,6.4457264739753235e-21,6.4457264739753235e-21,0.33419871495269093,-0.22337481378233687,0.4436372111186127,0.12670708794539418,-0.08039888488099671,0.20687619063325913,0.284246111932672,0.6533103704323087,0.7255936703147281,6.4457264739753235e-21,6.4457264739753235e-21,-0.020699644837332613,0.04329563464352154,-0.7578125100236214,0.10317451733626469,0.07599049365382127,-0.12236246805798215
0.09172732307140133,0.9832122671871909,0.17439655926252995,-0.005327231362523615,-0.37826143565871156,-0.05764497987424837,0.923909215472014,0.3744664328029577,0.24161847868198036,-0.3097592394382789,0.1533648903560421,-0.149376927812466,-0.06990690877288606,0.05667264562044681,0.09617170869788022,9.937246367118489e-05,9.777758485495129e-05,9.995373028205324e-05,-0.08147010671724583,-0.3966873382398354,0.27379053600444875,0.09712049947529505,0.5809491362491559,0.5704855979368428,6.4457264739753235e-21,6.4457264739753235e-21,0.3331310638183315,-0.21689210407096515,0.44326954183071926,0.12749437566700722,-0.07666642061543054,0.206765796904722,0.2858890508759429,0.665918417627263,0.7268795775395134,6.4457264739753235e-21,6.4457264739753235e-21,-0.024905252664081633,0.05193167478234266,-0.7620646005180146,0.11291321339950745,0.07114938787570053,-0.12254737811493611
0.10358212020927744,0.9823360287224309,0.1719741190417756,-0.005535325534448261,-0.3726242223956396,-0.060158218464302186,0.9260368290191889,0.3812767085525682,0.23357529725585577,-0.2937555322651016,0.16343255788375355,-0.15591959056390275,-0.06723216564193739,0.06001012788867793,0.09144165363401888,9.922456179749941e-05,9.48424035173081e-05,9.989071829242338e-05,-0.08320198919509822,-0.3967653721601896,0.28132727507754585,0.09492603225217866,0.5958330663595798,0.574100024225902,6.4457264739753235e-21,6.4457264739753235e-21,0.33310667426121043,-0.21177786111616323,0.4402345911959908,0.12797462533527934,-0.06983836037564792,0.2086362178531716,0.28946387669016915,0.6746245577691972,0.7274360510155014,6.4457264739753235e-21,6.4457264739753235e-21,-0.028621230632516474,0.06250690923137016,-0.7676423835021307,0.12490257898649498,0.0670856304369806,-0.12272259385984999
0.11498539745516544,0.9823588054185922,0.1708971237032831,-0.004661958356698124,-0.36652861297719,-0.06219020652981764,0.9283397957143836,0.3898557523428001,0.2216177707547891,-0.27587729644113257,0.1774862341508126,-0.15500214565781878,-0.06830042729762814,0.06450972256440185,0.08508605839238435,9.882186622534244e-05,9.072528746994525e-05,9.983518064456172e-05,-0.08967529224407515,-0.39642217165842863,0.29739302525255484,0.09324341479867701,0.6111493394869324,0.5768326377076722,6.4457264739753235e-21,6.4457264739753235e-21,0.3366048299039777,-0.2079204664789222,0.43104390972237283,0.12696047881948685,-0.061604004516469954,0.21359466696590731,0.2908574010741153,0.6816389208025992,0.7268957733622765,6.4457264739753235e-21,6.4457264739753235e-21,-0.0329679645767007,0.07415116551119645,-0.7743075083082129,0.13766396347375495,0.06424085902171654,-0.12364320181220742
0.1262876868790322,0.9831407957725087,0.17104022190203283,-0.003079627190599149,-0.36041499501926766,-0.06391516871823781,0.9306204690862941,0.39908757902240133,0.20744189563700322,-0.25810911697534583,0.19498518217990085,-0.14580915754516227,-0.07280538747602835,0.07014888631784086,0.0783951884405941,9.886008623043611e-05,9.140950811777326e-05,9.984010817299975e-05,-0.10027676470915288,-0.39504914689015347,0.32038838115970286,0.09342778530307425,0.6272156151471964,0.5786604091293212,6.4457264739753235e-21,6.4457264739753235e-21,0.3433788392985378,-0.2049414024280067,0.4167540322444074,0.12379409358141034,-0.05307946982157039,0.22115080191152173,0.28680406966083655,0.6891187421020755,0.7259952152118814,6.4457264739753235e-21,6.4457264739753235e-21,-0.0368071182488648,0.0875405887465263,-0.7816098500407794,0.15163566184964,0.06285888141538533,-0.12651412973779422
0.13750512385979297,0.984487706545385,0.17092219616936838,-0.0013874926349995605,-0.3548555800017184,-0.06532326118328353,0.9326566157614435,0.4068551284818622,0.19301903079999427,-0.24180090430036416,0.21408299160719912,-0.13108612752474397,-0.07806128748848659,0.07667935390402149,0.07243393446308549,9.946298924127224e-05,9.563179630947864e-05,9.992064354074701e-05,-0.113413529219117,-0.3919157665424549,0.3472272752890557,0.0936786825321671,0.6429386271476792,0.5790544813031344,6.4457264739753235e-21,6.4457264739753235e-21,0.3531135373582853,-0.20315264727148366,0.4012639490726183,0.11955188324111339,-0.045874523263450054,0.22846772574076954,0.2781038115630347,0.6977170130803911,0.7257125721200949,6.4457264739753235e-21,6.4457264739753235e-21,-0.03967736358495156,0.10267306994267197,-0.7878357665272728,0.1669607295521984,0.0621437207711964,-0.13211264942454717
0.14890844414787027,0.9861596705490074,0.17004357344850007,-3.800616630521801e-07,-0.35047547036815885,-0.06637987384467646,0.9342298204542127,0.4107294241335899,0.17975598129565712,-0.22789609528513127,0.23156012727145978,-0.11431333897726373,-0.08202311852832284,0.08333563133727898,0.06729951189947007,9.946444857075377e-05,9.640603406080914e-05,9.991731263375176e-05,-0.1253478521258466,-0.38650412356495956,0.37239892010511016,0.09269838189541765,0.6592329666558492,0.5778032715065338,6.4457264739753235e-21,6.4457264739753235e-21,0.36355158404472876,-0.20345930140033164,0.3879170123855609,0.11498102929252173,-0.03960307480508882,0.23413259278725795,0.2699714297832773,0.7036948789164688,0.725967771525916,6.4457264739753235e-21,6.4457264739753235e-21,-0.04167404448689285,0.11939933522947556,-0.7927309879114234,0.1835100255768119,0.061370906072904595,-0.14001710623365815
0.16044632072953297,0.9880269792874395,0.17007048551284526,0.0010932613024693233,-0.3471597452327687,-0.06714144149647328,0.9354063806571155,0.4103584550124768,0.16706559005597396,-0.2157768152088168,0.24530524678310978,-0.09825958118091296,-0.0843125528378438,0.08937004968250302,0.06231331759553393,9.894575503626533e-05,9.577578579694715e-05,9.986705460347866e-05,-0.13416708739413516,-0.3796743804043097,0.39517194447607695,0.08974964575528435,0.6763616394469509,0.5746610170562717,6.4457264739753235e-21,6.4457264739753235e-21,0.37314742723028993,-0.20528614520423272,0.3773883302599097,0.11136988197830362,-0.03476484387833634,0.23853703362409465,0.2650499201721844,0.7071659167222158,0.7251383566041995,6.4457264739753235e-21,6.4457264739753235e-21,-0.04232644594304476,0.1375811620184354,-0.7958951270484873,0.2021571268096302,0.05859840521110916,-0.1493291752029317
0.17210247630859785,0.9899472319185287,0.1715553565000604,0.0018958224377920005,-0.34478432990324664,-0.06734321529284182,0.936264987999346,0.40487276921477283,0.15458732956234844,-0.20491997564821493,0.2534703330814856,-0.08503182209480786,-0.08416708375947272,0.09528210795325895,0.05639285581628739,9.271935073767032e-05,8.1962793356462e-05,9.92243006103964e-05,-0.13698770426091206,-0.3696270222354236,0.4124879555883896,0.08753958156587086,0.6976688815719491,0.5711743101292868,6.4457264739753235e-21,6.4457264739753235e-21,0.380699059911434,-0.2063916178142791,0.3687345321541163,0.10908405515527209,-0.031663304975704944,0.24189017165260976,0.26782346972461785,0.7094636040014319,0.7213368800239028,6.4457264739753235e-21,6.4457264739753235e-21,-0.042853698028428436,0.1560608812560541,-0.7962866597138414,0.22162787718826304,0.053105242700819254,-0.15854777525009403
0.18371032317645725,0.9918856361838425,0.1740407068710301,0.002537498329568117,-0.3425148804322382,-0.0673327530224189,0.9370964047195293,0.3964988250501907,0.1424670517270416,-0.19616205226779668,0.25681195342352625,-0.0739571699197345,-0.08228720182077673,0.10085351020754252,0.04950107741876232,9.277011867035929e-05,8.396609890657872e-05,9.93153483248624e-05,-0.1334922338210778,-0.3550197439198997,0.42371397639713976,0.08851564756350865,0.7218637584714159,0.5685002654266667,6.4457264739753235e-21,6.4457264739753235e-21,0.38598111972953436,-0.20454181499154372,0.3589777139547687,0.10796152972842048,-0.030377047102705754,0.24527374671153135,0.2772869354373788,0.7132119938952464,0.713694937767847,6.4457264739753235e-21,6.4457264739753235e-21,-0.04298633679224993,0.17305861819497692,-0.7943215938334101,0.24096910044447042,0.04505594011777366,-0.16783666446316498
0.19531970496344972,0.993761482875899,0.1771502671867231,0.0030570612704401237,-0.33993301957654826,-0.06725240815316451,0.9380411213217049,0.38671973907725216,0.13133791989616028,-0.18928213048372106,0.25695259870151277,-0.064364341779517,-0.07972757469576211,0.10592753789078896,0.04170455755741803,9.002744728092055e-05,6.663051123179525e-05,9.909235378544611e-05,-0.12379060204031937,-0.33511155122186187,0.4268903365759009,0.09434464915289882,0.7504467429234936,0.5681234082602362,6.4457264739753235e-21,6.4457264739753235e-21,0.3896160531330064,-0.2002100073206751,0.3480606244554019,0.10797690042417055,-0.0304567039192327,0.2481884324148267,0.29071003639194104,0.7200379249758911,0.7033041805492013,6.4457264739753235e-21,6.4457264739753235e-21,-0.042399140878485425,0.18713529044061103,-0.7897911036824526,0.25906516105524424,0.03409725267855912,-0.17636196472237026
0.20639156132542885,0.9956710688085579,0.17867119041641755,0.002841004966507241,-0.3366382114881769,-0.0674167956340298,0.9392198564858877,0.3778328307327118,0.12308468596780438,-0.18382828436877066,0.25690582919997584,-0.0538333783916423,-0.07901422696420979,0.11042708931075082,0.035323783536448994,6.647328288676764e-05,1.378608717635713e-05,9.885480620818734e-05,-0.11243325435920143,-0.31385878634008124,0.42589729762537043,0.10218468741702508,0.7806226594342017,0.5699978322189835,6.4457264739753235e-21,6.4457264739753235e-21,0.393547862318245,-0.19637253070836075,0.33696280565447967,0.10819359922759123,-0.028998217378102202,0.2511760592923096,0.30050891120783163,0.7290032908306029,0.6928615840767962,6.4457264739753235e-21,6.4457264739753235e-21,-0.0395999722348768,0.19711654929628405,-0.7822303982545329,0.2759717535896355,0.02458465330027171,-0.1847489654374579
0.21640389905347654,0.9976393419413832,0.1782912609290037,0.0015393487432706259,-0.33259352332101844,-0.06802136248015606,0.9406235509030605,0.37099475000892257,0.1181476594662242,-0.17887022743813366,0.2581928752008765,-0.04212261287222121,-0.08189794101349451,0.1141558930468729,0.031692262641111496,4.819955741176654e-05,-3.602519973157845e-05,9.868834543656824e-05,-0.10388822985690115,-0.29613866534636374,0.4260100665248075,0.10821806957352567,0.8111646920031196,0.5734617266579473,6.4457264739753235e-21,6.4457264739753235e-21,0.39864767214634583,-0.19433790486440436,0.3259214203589844,0.10781029088141385,-0.026013039022715508,0.2543163677616591,0.30142525728377995,0.7398993879985075,0.6852654542593992,6.4457264739753235e-21,6.4457264739753235e-21,-0.03328113350765396,0.20240689698839726,-0.7705929258344096,0.2919323860197195,0.017746565636074452,-0.19170123320149313
0.22542871495191086,0.999599608130057,0.17641917068566057,-0.0006156751286147673,-0.3286943863589567,-0.06909362639255154,0.9419173881662412,0.36519859604279375,0.11572708756316949,-0.1725177336111264,0.25943606363283805,-0.03063945832646747,-0.08619010691252921,0.11677337966178683,0.030844706500781447,5.679258765217765e-05,-4.301446604581283e-05,9.84968791044034e-05,-0.09949678985278908,-0.28413771449097913,0.4290568581664839,0.11091583302798992,0.8419716552445053,0.5779761110774182,6.4457264739753235e-21,6.4457264739753235e-21,0.40438907057135154,-0.19359611457412465,0.3150847971757776,0.10534913683548205,-0.021251431880709888,0.25828935283842336,0.29605750366362077,0.75138462960923,0.6820620332057902,6.4457264739753235e-21,6.4457264739753235e-21,-0.02354119796054573,0.20282338467686062,-0.7559643308319324,0.3048047008881574,0.014558214215903392,-0.19612222165563717
0.233402279922486,1.001467015007443,0.174259106491075,-0.0033015460979112995,-0.325177407119344,-0.0708220946774819,0.9430041028935849,0.3608946661807516,0.11485959146954293,-0.16670404941596823,0.26064534871955447,-0.019498966683385514,-0.09136102771787147,0.11793832496000746,0.032621533780124896,7.863617332377657e-05,-1.6397337074830666e-05,9.862822053964066e-05,-0.09940096483202883,-0.27744858140411083,0.43597934483406786,0.11162410908512045,0.8724967515522112,0.5825860824475891,6.4457264739753235e-21,6.4457264739753235e-21,0.4100610893903761,-0.19335934945984679,0.30343209884146,0.10114669682540807,-0.015571505259337218,0.26335094235762446,0.28768294263654354,0.76308519802246,0.6816354504725891,6.4457264739753235e-21,6.4457264739753235e-21,-0.00998552640447903,0.19825849996378478,-0.7410645244675886,0.313327129096055,0.014214162974932616,-0.19788497198415345
0.2404251150312725,1.0030914375614683,0.17328854158273516,-0.005988580358056447,-0.32208214492639453,-0.07292629184534542,0.9438914137020409,0.356684827775304,0.11475570161752001,-0.16062003829756025,0.26064194812536995,-0.009813839781808128,-0.09528351533526572,0.11829518409032612,0.035856638516063244,9.048184672505326e-05,2.5876764398948402e-05,9.870564733312696e-05,-0.10160032329260713,-0.27376813221265234,0.44422990054532213,0.11270271127406989,0.9032153580713207,0.5861060646939524,6.4457264739753235e-21,6.4457264739753235e-21,0.41533887924501517,-0.19310880318665818,0.2919967407071605,0.0967661150680966,-0.009664645897647818,0.26880038491925956,0.2804704198631987,0.7768501505799089,0.6814290312663435,6.4457264739753235e-21,6.4457264739753235e-21,0.005797495116990884,0.1897361209983224,-0.7288270922973794,0.3173857929558811,0.01618113089340152,-0.1977722152721946
0.24613239449176752,1.0045130615114266,0.17323594823563604,-0.0085612082749891,-0.3185934959498318,-0.07499752758416942,0.9448938264442345,0.3525292902242645,0.11520061778470458,-0.15636313517802408,0.25996931603949935,-0.0006153168820637323,-0.09835151035255829,0.11914928824937651,0.04002985009806345,9.249844418611387e-05,5.055590555135468e-05,9.878136796403424e-05,-0.1058472523329546,-0.27148328170625985,0.4547552290785553,0.11464102460069671,0.9291307274076314,0.5872252581229778,6.4457264739753235e-21,6.4457264739753235e-21,0.42068813662050775,-0.19219074279399595,0.28139712530389765,0.09347619322143037,-0.0031290312089199005,0.27456013985521605,0.2739681937183341,0.7925927812315875,0.6795724242188829,6.4457264739753235e-21,6.4457264739753235e-21,0.0229224275498345,0.1790649607985893,-0.7190937345513455,0.31837516438690155,0.021581390845120375,-0.19705573941650564
0.25110301313549027,1.0056257405089026,0.17339974482007267,-0.010122297973340313,-0.31461616912216717,-0.07659213844000305,0.9460814209280745,0.3476718690532064,0.11416764379788912,-0.1526902848459757,0.2579392672513745,0.006965561303296961,-0.09981079094315297,0.12006575700336546,0.042395977536506604,9.271242189495219e-05,4.417419334826807e-05,9.890424528461035e-05,-0.10926312285550349,-0.26784606942120187,0.4635979263979804,0.11890739275611643,0.9486390989120878,0.5860822544686534,6.4457264739753235e-21,6.4457264739753235e-21,0.4255593406384948,-0.19123739511208987,0.27291869661955326,0.09157091529809193,0.0026853109052115617,0.28012821218657097,0.2692920020203538,0.8090924282189171,0.6762066749466746,6.4457264739753235e-21,6.4457264739753235e-21,0.04023678988218112,0.1694857111971694,-0.7106309637325867,0.3177934795266855,0.031157160102545434,-0.19600631675442623
0.2559677022323313,1.0064835938190202,0.17397928652847813,-0.010538669520587334,-0.31032343090491704,-0.0775686885291926,0.9474137058247809,0.34134614507509065,0.11099241508908174,-0.1473936984991896,0.2534082760943165,0.012484342731668277,-0.09892657772444194,0.11988415439108863,0.041816511768822506,9.328887102758588e-05,2.0516650749540894e-05,9.89323869646835e-05,-0.11124878479402259,-0.26350609560260757,0.47007240575406434,0.12516263686570198,0.9604508998561894,0.583133445477739,6.4457264739753235e-21,6.4457264739753235e-21,0.43171499463513974,-0.18933485585172272,0.2659613730077649,0.09036792741302782,0.005607878392558926,0.28436655781893605,0.2682815271207147,0.8246216721940144,0.6726674753227323,6.4457264739753235e-21,6.4457264739753235e-21,0.05638065019109674,0.16123764461227838,-0.7008046796375847,0.31461206142201664,0.04464390308150914,-0.19437654786646635
0.26110271074772345,1.00714604125227,0.17456708329114926,-0.010400840333198628,-0.30597929685155195,-0.07827014810718463,0.9487694638372596,0.3336009229060283,0.10716198756594636,-0.14023972272759627,0.246148833314084,0.01632611671296155,-0.0963967351508735,0.11791300423787052,0.03925735402672509,9.304127165918265e-05,4.799269088161468e-07,9.88284410208205e-05,-0.11306859158643222,-0.2599378704209326,0.4745629913112595,0.13108306281802248,0.9668323431532744,0.5788214153675951,6.4457264739753235e-21,6.4457264739753235e-21,0.4396394057558515,-0.18615729548991236,0.25831835898389444,0.08898174914656527,0.003290278458982182,0.2855982496314454,0.2693863200525256,0.8397483751293283,0.6704313220010255,6.4457264739753235e-21,6.4457264739753235e-21,0.07188269923933317,0.15272855162980642,-0.6879803822535763,0.3084755948794679,0.0596283760315264,-0.1919212839196574
0.2665343168011163,1.0075871933605938,0.17575123857111855,-0.010330129717277802,-0.30157376385270795,-0.07935183061272891,0.9500906110439964,0.3249556144854981,0.10425635634943205,-0.13078680478323726,0.2353053013334396,0.017587112134021282,-0.09187603682360737,0.11315881388312636,0.03641535106171494,9.203045566044045e-05,-3.1341556477744517e-06,9.936980233793055e-05,-0.11449171833566876,-0.2575028172352441,0.4773480444200569,0.1361677650042805,0.9680762415611289,0.5734764897863217,6.4457264739753235e-21,6.4457264739753235e-21,0.4478849225338458,-0.1829276188258715,0.25046348191605355,0.0877898908364055,-0.003097405126648599,0.2829862733563082,0.2724363895975147,0.8551984369244408,0.6708447596401645,6.4457264739753235e-21,6.4457264739753235e-21,0.08806638624789051,0.14214781514447414,-0.6706876351597062,0.2999938820070909,0.07367235739900634,-0.1884921857804385
0.2718707750285332,1.0078359152093128,0.1781226674995792,-0.010661664205401796,-0.29691552025822326,-0.08134404504941582,0.9513874655478821,0.31682822009921113,0.10367030993064606,-0.12183141142791998,0.22186778050431452,0.016675326339684566,-0.0853610307505898,0.10613808356401275,0.034628161088738785,9.785132493858984e-05,1.820215025236335e-05,9.943402933223061e-05,-0.11570328264812255,-0.25749041836743664,0.48030466486547624,0.1390288542410718,0.9653169201020162,0.5673169890800944,6.4457264739753235e-21,6.4457264739753235e-21,0.4541041721028005,-0.17894258024523316,0.24182945255755142,0.08739781090920148,-0.010281605480409508,0.27861481667261945,0.27522251777632023,0.8711316658345909,0.673440839816405,6.4457264739753235e-21,6.4457264739753235e-21,0.10667568829451289,0.12866701685912418,-0.6474924984897629,0.28876651333190795,0.08570215128045153,-0.18189628068055377
0.27647703627501874,1.008003214263919,0.1819331567915062,-0.011109418934222489,-0.29191658471640164,-0.08407201102883836,0.952694875653376,0.31028750499842495,0.10515758631122674,-0.11467728993727046,0.2075378983052193,0.014087320126223853,-0.07611406069476737,0.09806805768096669,0.03367400030565203,9.50238730303473e-05,2.9349869929378926e-05,9.899792018780333e-05,-0.11583794242516438,-0.2575328232740243,0.483427079911637,0.14302532973090998,0.9614008607760745,0.5608393348481024,6.4457264739753235e-21,6.4457264739753235e-21,0.45833960922724937,-0.17463348406251322,0.2335123225839601,0.0872636023904981,-0.013313780369140826,0.276870742336026,0.27766067002329614,0.8867205194554234,0.6765054562291476,6.4457264739753235e-21,6.4457264739753235e-21,0.12728039817799827,0.11298078197452109,-0.6193909005932456,0.2751496919473051,0.09628107719821878,-0.17169882676486056
0.2801077473038868,1.008194604916933,0.1876664830768445,-0.011549830988818666,-0.28667679493484005,-0.0870118589432689,0.9540178166889925,0.3054470210195428,0.10750869558418223,-0.1109909449551542,0.19405245008013192,0.011757247865203,-0.0652406621961854,0.09037227492044497,0.033431279024231035,9.441414431851496e-05,4.7360197798279905e-05,9.89446474089486e-05,-0.11575249369167909,-0.2570136453477948,0.4888595566747063,0.1511754786484022,0.9576213711328041,0.5544196432484404,6.4457264739753235e-21,6.4457264739753235e-21,0.46258055687166316,-0.16932792936458993,0.22457497497389997,0.08720618311880735,-0.011996494636440761,0.27837922044423563,0.27955927472353703,0.9015528668032915,0.6791794510442021,6.4457264739753235e-21,6.4457264739753235e-21,0.14779477894953677,0.09649452933882458,-0.586838356928615,0.25832055989670377,0.10227708753643443,-0.1571831889387009
0.28262063720702035,1.0085393317102915,0.19358931911701766,-0.011567794841081544,-0.2815367163552206,-0.08983030194324929,0.9552851663810742,0.30237131250291627,0.10939312357430817,-0.1092066745337859,0.18339173595112007,0.011769188155664686,-0.054624211712695,0.08351633508816816,0.033776728867376975,9.474219410165876e-05,6.90442870075202e-05,9.905536085173145e-05,-0.11706763397890055,-0.2555698129055801,0.49719307857700346,0.16315171773202378,0.9553384734061606,0.548011810289268,6.4457264739753235e-21,6.4457264739753235e-21,0.46893822060147816,-0.1645862834270452,0.21441139042382582,0.08598344290436515,-0.009025980108419622,0.2824576095362624,0.27858748746932305,0.9168687468113129,0.6806835147714936,6.4457264739753235e-21,6.4457264739753235e-21,0.1666107825580715,0.08126349708332307,-0.5534084283887148,0.24029346763998577,0.10415172473437802,-0.14239554666722207
0.28410957661083575,1.0089233836504967,0.1984466617348451,-0.010864325811073746,-0.2764766692890335,-0.092432396052775,0.9565214413726747,0.3008174069544347,0.10965331853227861,-0.10901135509096781,0.17585209241322358,0.013655313615354915,-0.045257581288938524,0.0769880351572191,0.03462142642940139,9.59226423744305e-05,8.721673184310073e-05,9.931247040678036e-05,-0.11986950993566081,-0.2518586966475712,0.5074801685307219,0.17830757750515444,0.9538479575521979,0.5409605738904718,6.4457264739753235e-21,6.4457264739753235e-21,0.47733644049211704,-0.16110930065883033,0.20237883966603057,0.08420919442631862,-0.0069655947114275266,0.2861366674473133,0.2772549142711849,0.9330366200232015,0.6813064950131906,6.4457264739753235e-21,6.4457264739753235e-21,0.18305313864160447,0.0682715111382102,-0.5212521650458741,0.22257049204799118,0.10241004453196485,-0.13092850763699657
0.28512331813246533,1.0092120710988497,0.20271624182459985,-0.009630295201684515,-0.27179486298428385,-0.09464597260024682,0.9576568186617569,0.3000508484791612,0.1084791685954311,-0.11018536491270914,0.17127268041619606,0.016663681692241618,-0.03854231445963478,0.07090666850796866,0.03559253587664612,8.672119504485143e-05,8.016215618385226e-05,9.845275579486773e-05,-0.12405727691930526,-0.24703623659609333,0.5180385121365322,0.19462725873839673,0.9558467531591077,0.5327064780842682,6.4457264739753235e-21,6.4457264739753235e-21,0.48690186603175306,-0.15713580902476282,0.18880658753224902,0.0816713933965602,-0.005399987981468182,0.28897743887477323,0.27725864537932504,0.949309377825627,0.6803423604009375,6.4457264739753235e-21,6.4457264739753235e-21,0.19708497991287707,0.058153863793479685,-0.4932613778382741,0.20610196158169844,0.09764798584101153,-0.12347590115814264
0.28631424177060905,1.0093129555252078,0.20718746129256926,-0.008154296865010416,-0.2672416439404747,-0.09599104897717584,0.9588155165693157,0.2987765947104517,0.10597558123791752,-0.11245984287028879,0.16820473076820927,0.019434125436165527,-0.03314953966027227,0.06601294007402142,0.03606185422241732,7.51971959779141e-05,8.762951027627815e-05,9.854646079511246e-05,-0.12839945778895168,-0.2398568999236201,0.5263689195267834,0.2136590997167467,0.9629097172173723,0.523893626228144,6.4457264739753235e-21,6.4457264739753235e-21,0.4966656705023533,-0.1518026444380058,0.1745475844616512,0.07801871633566662,-0.0011485526840406416,0.2919420820552555,0.2816266130376775,0.9639192528970653,0.6771049849477646,6.4457264739753235e-21,6.4457264739753235e-21,0.2079450093106833,0.05080726761259969,-0.4710412917036462,0.19105159031145008,0.08996509404541371,-0.11965111444972787
0.28815819555842725,1.0092015894477007,0.21250966585423836,-0.006623888078731616,-0.2627218084832129,-0.09630124439577457,0.9600436570416657,0.2959888514840958,0.10266335248888243,-0.11434607807735248,0.16579145712970958,0.02137998558788446,-0.027824411678983068,0.06292285583517492,0.035845115683170566,3.7062154702550228e-06,8.83259558215358e-05,9.856538655948686e-05,-0.1317117081561329,-0.23123358174093725,0.5311050034768756,0.23526544269344168,0.9755850901616744,0.5159866370101972,6.4457264739753235e-21,6.4457264739753235e-21,0.504991325649408,-0.14524469677585086,0.160833785966208,0.07359871312540325,0.007630976735930093,0.29578272448560816,0.28919496414263957,0.9757186633576123,0.6719378259016504,6.4457264739753235e-21,6.4457264739753235e-21,0.21492082381890726,0.04629190696304577,-0.45426644707886965,0.17838674524924475,0.08091072307560367,-0.11694610611811364
0.29035440230570764,1.0091084913247446,0.2174582185946921,-0.005227900474280758,-0.25771659458929475,-0.09570843114748848,0.9614697647876075,0.2920119741134042,0.09989225334987217,-0.11335732229777849,0.1643317215288157,0.02376697037421776,-0.021263133598234053,0.06147894992121932,0.035421638804109964,-7.718735310747942e-05,8.662095851963673e-05,9.878026850500432e-05,-0.1357588781090983,-0.22281309098762114,0.5368682283279469,0.2565697955959249,0.9895893904225509,0.509272295674203,6.4457264739753235e-21,6.4457264739753235e-21,0.5128338034895548,-0.13910807713224102,0.1488026962173871,0.06729377928390502,0.022571409514818803,0.30323761901203444,0.2975423965836761,0.9836422969082832,0.665572141443017,6.4457264739753235e-21,6.4457264739753235e-21,0.21780816693932875,0.043787460593748,-0.4430302810283089,0.16922086010271026,0.07354717385494679,-0.11583307619409426
0.2927945059003074,1.0088880584870659,0.22049799101699538,-0.003932527164496489,-0.2521326843292716,-0.0944591637961098,0.9630826188849724,0.2869841020596778,0.09779037693369676,-0.11061864150773998,0.16358862371687952,0.026559575471366826,-0.013663431893329397,0.06097382970557,0.034978868179442485,-8.979881837247592e-05,7.312310449915226e-05,9.896279515934758e-05,-0.14051391683427017,-0.21536543093914134,0.5444495497705005,0.2747853272069219,0.9985364648343157,0.5033829701836966,6.4457264739753235e-21,6.4457264739753235e-21,0.5199028376661438,-0.13491203239659175,0.1395831390026763,0.05952069997334544,0.04409697429110782,0.3135953004408484,0.3072890036745531,0.9857478598793168,0.659907132784576,6.4457264739753235e-21,6.4457264739753235e-21,0.21634200388623165,0.04298599779687356,-0.43694743893040217,0.1627028951205562,0.0682037965927167,-0.11607380648975862
0.2951916942904846,1.008548655879587,0.22230189386337268,-0.003136233968519209,-0.24611630045569735,-0.09302176298925581,0.9647827044178872,0.28248324356504045,0.09660428022892613,-0.10505964467856703,0.16475502198489486,0.029823995295632674,-0.006901953835870891,0.06074019943856813,0.03526219654231967,-8.945944149249062e-05,4.541340812283228e-05,9.868977390300433e-05,-0.14730502730925535,-0.21058109413978104,0.5565458691630869,0.28884474359974976,1.0004604976931826,0.49733635574977664,6.4457264739753235e-21,6.4457264739753235e-21,0.5267014598652936,-0.13266563043859866,0.13377432393055536,0.05034509041727441,0.07366794729767537,0.32780552429514526,0.3209361491461614,0.9814084332681005,0.6544527532404704,6.4457264739753235e-21,6.4457264739753235e-21,0.211898966217671,0.043103471275572604,-0.436647316854143,0.1590640230606411,0.06598449243122814,-0.11794667026686297
0.29727435445221284,1.0080527126597096,0.22340799233612227,-0.0027905245401032334,-0.23920465732427743,-0.0916244091096909,0.9666600622520002,0.2792427295883116,0.09581819840147868,-0.09611060454732309,0.16803505370316998,0.03361343697825753,-0.0005420970559343137,0.0605122892878029,0.036649488912319846,-8.940645641636246e-05,4.816734484998238e-05,9.87656480010765e-05,-0.15641936432418993,-0.2068660945084655,0.5742926596023951,0.3010173607043911,0.9942333666348319,0.4896834767564497,6.4457264739753235e-21,6.4457264739753235e-21,0.5334993596860869,-0.13122435975662558,0.12939382277803743,0.041124321636750366,0.10839565872765952,0.34337612133178586,0.3418729773323176,0.9706439510641005,0.6486732691900979,6.4457264739753235e-21,6.4457264739753235e-21,0.205295451903343,0.04339160818352932,-0.44260759581375797,0.15687884855255285,0.06651256714744262,-0.12107178896371976
0.2989105453400808,1.0075088845112798,0.22584450545511076,-0.0028036286688675398,-0.23155481587799312,-0.09051420239959433,0.9686306411076527,0.2774393800776012,0.09556109653391444,-0.08463459249900955,0.1722570829051295,0.03745749610663355,0.005218208445853236,0.06039505321136084,0.039157219013286206,-8.909344851018862e-05,6.397983357699398e-05,9.88573413511476e-05,-0.16628981881850882,-0.1999225055466764,0.5943327744273468,0.31571819215816715,0.9825974126586754,0.48070141731895283,6.4457264739753235e-21,6.4457264739753235e-21,0.5383909604139258,-0.1304595269974722,0.12599099903373315,0.03376790345974802,0.14739701773010164,0.35791478226366324,0.37137848581526034,0.9529666374058513,0.6405564060221964,6.4457264739753235e-21,6.4457264739753235e-21,0.1973209608358332,0.043038702396939195,-0.45329803902875704,0.15427767326565242,0.06917959091261086,-0.12392634437133636
0.3002922755979867,1.0069207127938171,0.22980326554189198,-0.0029629148148931097,-0.22323007934036193,-0.08956745475975639,0.97067586109835,0.2763899239445391,0.09554839368691008,-0.0725634359880561,0.17557735534433822,0.04069021462175521,0.011231072293632252,0.060653347578382096,0.04263096475858664,-8.937376031721881e-05,7.143253390501567e-05,9.890173114256829e-05,-0.17512054454368473,-0.18615752487092946,0.6131353644210431,0.3361503995923271,0.9679514737653421,0.47135480264080226,6.4457264739753235e-21,6.4457264739753235e-21,0.5418879939867927,-0.1303068487013584,0.1215808724711755,0.02890401564700267,0.19000790469039952,0.3714332886075501,0.4090833255700378,0.9287888215935158,0.6288287927356787,6.4457264739753235e-21,6.4457264739753235e-21,0.18796839226875656,0.04164666621129564,-0.46597893614476554,0.14886370002319396,0.07268242408242126,-0.12594094365883984
0.3013388268399745,1.006323728746059,0.23450292606877923,-0.003270813327778036,-0.21538037221679326,-0.08871620803410701,0.9725203692131066,0.2756315014777723,0.09548070097055186,-0.06170253400961581,0.17743386865865707,0.042849112808845055,0.01658704380056655,0.06227812832045999,0.04671620393867664,-9.891024555304906e-05,9.719444382593685e-05,9.988241040090468e-05,-0.18105314790963647,-0.16466416070202583,0.6252626997193078,0.3622104585791875,0.9563832533420591,0.462889077009754,6.4457264739753235e-21,6.4457264739753235e-21,0.5418897909769718,-0.13302769395531508,0.11705313465728849,0.027652401185995164,0.23628271868784478,0.38195567445882006,0.4560754438929526,0.8993133170641703,0.6127065265600319,6.4457264739753235e-21,6.4457264739753235e-21,0.1778945902850491,0.0394329868821611,-0.4784475225026589,0.14081680855005183,0.07610951037911488,-0.1272810360750257
0.30180936260685254,1.0058143075726536,0.2386207855031485,-0.003720610412189243,-0.20905121866550574,-0.08801900960034605,0.9739503006930798,0.2760347101722769,0.09514423186877109,-0.05227155791111947,0.17935582574681916,0.04417768420276245,0.02096376777102576,0.06638360212115908,0.05146729330969333,-9.897773091493053e-05,9.858383257042505e-05,9.986729713040135e-05,-0.1843222887229738,-0.13834511061913476,0.6304774910448959,0.39023512135066935,0.9526908462851805,0.4562628657236704,6.4457264739753235e-21,6.4457264739753235e-21,0.5362972293094759,-0.14016521133730114,0.11437112188852272,0.02951509557311186,0.2867744886009308,0.39098272781043014,0.5109726231754292,0.8667431996664657,0.5909430406018806,6.4457264739753235e-21,6.4457264739753235e-21,0.1693627186014477,0.03740569495526157,-0.48833542316186934,0.13276493208280454,0.07853304284705645,-0.1287438727850914
0.3020643439914465,1.0053136477366607,0.24051811104912127,-0.004186629777769369,-0.2046102634966141,-0.08764879398551853,0.9749132287798999,0.2774024068357936,0.09453884788224577,-0.04469542706786503,0.1814286595621435,0.0445054489754051,0.023874556548500927,0.0729096066553743,0.056693697428394356,-9.89573595582544e-05,1.1725558662548026e-05,9.984504028308301e-05,-0.18370329766768906,-0.10971192548504123,0.6266708531283983,0.4156743761759091,0.9561288563414772,0.4512035872154368,6.4457264739753235e-21,6.4457264739753235e-21,0.5239045716255244,-0.15177236450260964,0.11506951460164719,0.03443420848231111,0.3399549721633176,0.39577099024444656,0.5729284815445589,0.8331757489132601,0.5638283335058838,6.4457264739753235e-21,6.4457264739753235e-21,0.16380312697493052,0.036665303273727246,-0.49659201942291176,0.12712653112729264,0.07881027949387016,-0.12996868467807604
0.30236617618960404,1.0047431992870626,0.24075727234916458,-0.00479405079576993,-0.20158968904674818,-0.08766950487902388,0.9755319306824455,0.2802448134871301,0.09383150111169898,-0.03809530255946038,0.18428116429768446,0.04393843276216925,0.025255857257350522,0.08124397886957474,0.061652918602558095,-9.90853650500981e-05,-7.59550446076582e-05,9.98594391224215e-05,-0.1800593515038395,-0.07946640136921829,0.6160556742193942,0.4376354151813724,0.9629537485666574,0.44706198689871557,6.4457264739753235e-21,6.4457264739753235e-21,0.5055998894605567,-0.16515734711586355,0.11905889910013633,0.0399675849545653,0.39623156891506717,0.39820009039027254,0.6391143877516094,0.8003667743816022,0.5309529821647081,6.4457264739753235e-21,6.4457264739753235e-21,0.16135603303567245,0.036465686800260244,-0.5045317239276446,0.12487509140213607,0.07793563274589475,-0.12998842709934644
0.3028006365798518,1.0040679718835348,0.23965824886491,-0.0054960601195555795,-0.19935097648317054,-0.08819131384413231,0.9759391459219903,0.28477549036312094,0.09310921525679976,-0.03258390277491553,0.18805163475124362,0.04270389575238268,0.02505125382818477,0.08990605911374591,0.06496833552297229,-9.920154227591769e-05,-8.681840413473564e-05,9.988137758862854e-05,-0.17368399567524018,-0.046353817387754216,0.6008580038306168,0.4581719685768244,0.9674994580766355,0.44272359920240173,6.4457264739753235e-21,6.4457264739753235e-21,0.48502527117801997,-0.17622114085844073,0.12447091033821142,0.04522847368184919,0.449276523912494,0.3952336592609685,0.7040273942193177,0.7719059687900278,0.49513948845336003,6.4457264739753235e-21,6.4457264739753235e-21,0.16183262828461065,0.036160502964730105,-0.5121756154423243,0.12518604067270947,0.0763955036645747,-0.1277347449097232
0.30315983039852173,1.0035034062575559,0.23837739548962997,-0.006234862622168081,-0.19767434861677718,-0.08930547587182237,0.9761737367574637,0.29074756633677734,0.09272646478097277,-0.028214843369690594,0.1921912694039839,0.04092162369964052,0.02412128336388352,0.0981059753806993,0.06582375301684609,-9.922105232801654e-05,-7.919891950812391e-05,9.98885525550023e-05,-0.16643328257001086,-0.010129843152832746,0.5849485630268801,0.47783797394753297,0.9657666816665856,0.4373517270190746,6.4457264739753235e-21,6.4457264739753235e-21,0.46519172489495597,-0.18279594822836934,0.13029103007325235,0.050133671228646925,0.4931365186777657,0.3836258505268377,0.7601236204103903,0.7480746523444064,0.45989353576944453,6.4457264739753235e-21,6.4457264739753235e-21,0.16452778044599883,0.035222374870465804,-0.5185282000489713,0.12637522475367027,0.0744523780503614,-0.12337596801945683
0.3029466868754548,1.0031727537428523,0.23710684035948923,-0.0068383807664024925,-0.19648767450802995,-0.09120614763981578,0.9762339161786325,0.29906896181492965,0.09307072366020415,-0.025893297931487775,0.19688174016355442,0.038890938483902446,0.02281754623917451,0.10593089978597965,0.06568225189017188,-9.395326860209765e-05,8.655805938377725e-06,9.929039240767995e-05,-0.1601283927857438,0.0288032556174892,0.5713806023293956,0.4979628214096057,0.9586147186261437,0.43140170677122874,6.4457264739753235e-21,6.4457264739753235e-21,0.4482938518220983,-0.1858701229557964,0.13558386146866858,0.055289525724442554,0.5273057832275311,0.36570501445033776,0.8048772624379902,0.7294587133448314,0.4272259710493798,6.4457264739753235e-21,6.4457264739753235e-21,0.1696240798586876,0.03386159808580019,-0.5229405085780088,0.12720914953840762,0.07188849147396485,-0.118763028403067
0.3026216088746827,1.0029260319587658,0.23524647285197126,-0.007157846822138524,-0.1956048522041139,-0.09357119819114423,0.9761856465551256,0.3078335402657517,0.09392098626410327,-0.02466309044033218,0.2005834017466322,0.03604294676208032,0.0221341679506385,0.11356266671111223,0.06510807662296847,-9.167799275569357e-05,6.30453166413517e-05,9.925874120817995e-05,-0.15411434352435263,0.06826871048913602,0.5581793482660186,0.5188916353555482,0.9500779327228056,0.42652704210594733,6.4457264739753235e-21,6.4457264739753235e-21,0.43438864524828286,-0.18729834494203784,0.13993917947797235,0.06005630489972635,0.5549241829542173,0.3421637138143765,0.8420189661154274,0.7145801204144243,0.3988528029716617,6.4457264739753235e-21,6.4457264739753235e-21,0.17485770780349796,0.03216206000614807,-0.5262914199967478,0.1256688534399155,0.06809382290056282,-0.11511538604092417
0.30221269528376965,1.0026541194187908,0.23322229913366985,-0.007048715901101702,-0.19489817848305788,-0.09613610075992207,0.9760788741617363,0.31640133374237234,0.09421606487613168,-0.02388097934177516,0.20246320240380267,0.03207409652299133,0.021778740136638487,0.12167517904067479,0.06474383317422246,-7.9096173555987e-05,8.018502563548433e-05,9.92317050306294e-05,-0.14799435282820464,0.10704129619123906,0.543167530069705,0.5397677515228151,0.9434944866734444,0.42446516522261496,6.4457264739753235e-21,6.4457264739753235e-21,0.42083969630049983,-0.19070242445306348,0.14443037928645733,0.0641710755576054,0.5804614405907533,0.31737819335836837,0.8748206658102168,0.7014569303330853,0.3739845374413613,6.4457264739753235e-21,6.4457264739753235e-21,0.17984741181495506,0.0310676790440116,-0.5286535694683314,0.12231239245206314,0.06366920506776065,-0.11246815785317164
0.30160773952690834,1.0024433390348093,0.23286658866299517,-0.006194565455904678,-0.1946955408925892,-0.09899415061813287,0.9758403710594619,0.32489087539210804,0.09367943424093018,-0.023848574276017966,0.20244432284697783,0.027439975871930096,0.020119670686745503,0.13049383409257106,0.06397601373466742,-6.0797558316302384e-05,8.568635436405349e-05,9.939348603049633e-05,-0.14189663841407904,0.1457521226795886,0.5261581624347765,0.5603497049342023,0.9385743071543149,0.425351722165056,6.4457264739753235e-21,6.4457264739753235e-21,0.4060380378326777,-0.19669403415775694,0.14806757210542532,0.07003560491349196,0.6037129345170745,0.28890948108261116,0.9050122468457781,0.6882008970773535,0.35178277422333826,6.4457264739753235e-21,6.4457264739753235e-21,0.18546279841605753,0.030750590843392194,-0.5298940665385338,0.11830060286724832,0.05943143921085448,-0.11063244405018328
0.30039332869513563,1.0024850693252236,0.23476864441666312,-0.004983501613260684,-0.19445134104197556,-0.10239945467724393,0.9755467193055526,0.33521117132358746,0.09278079525121541,-0.023605654526384284,0.20254752176085053,0.022973204954707574,0.016902526954999622,0.13992368636733954,0.06308524628154147,-2.9392527343506853e-05,8.50443975368805e-05,9.936947352784147e-05,-0.13775244611500004,0.18441076738748796,0.5121237584485917,0.5801559021765806,0.9333176286611572,0.427180511423055,6.4457264739753235e-21,6.4457264739753235e-21,0.39058015563334086,-0.2041365370720814,0.1500803367664075,0.07758673283294325,0.626407133455498,0.2597325962563411,0.9336643872219843,0.673267535360545,0.33069038437939124,6.4457264739753235e-21,6.4457264739753235e-21,0.1930473840920068,0.030660903160970657,-0.5298611371885512,0.11550194865527572,0.05719537271467636,-0.10986645544565024
0.2984794868159144,1.0027290090091567,0.23931346608547233,-0.003811699896553111,-0.194134916965569,-0.10649412060430732,0.9751792044881864,0.34835927144731266,0.0919383844958239,-0.022922072800398194,0.20369112074229143,0.019256082434432272,0.011639450029585887,0.14983990631162641,0.0626421660512102,5.726031360089851e-06,8.367152097901087e-05,9.938058751807381e-05,-0.1351710230073771,0.22232028470852339,0.5020032442227879,0.5988170878049569,0.9264027194542312,0.42796067250950504,6.4457264739753235e-21,6.4457264739753235e-21,0.3751300892329554,-0.21127565164966988,0.15022975192998214,0.08673282342210192,0.6490557956184798,0.23123566583887123,0.9625033520406919,0.6586552606180849,0.30917529115612485,6.4457264739753235e-21,6.4457264739753235e-21,0.20294663680826083,0.03042344944125066,-0.530619667245396,0.11395750910520887,0.05655454651237472,-0.11078492500866718
0.29608338452968347,1.003219123105615,0.24526719027796465,-0.002857512830723405,-0.19342290864577155,-0.11115755051952143,0.974805988334209,0.363971171875096,0.09153675845074333,-0.020993447075310576,0.2068024277633749,0.01739731499416281,0.006418380585824544,0.15955466347652417,0.06255510935371505,3.0668801124899314e-05,8.271811329352956e-05,9.94819728972753e-05,-0.13406979337893996,0.2583314482061883,0.4969268102384141,0.6153149074464619,0.9171756728258459,0.4258392595527947,6.4457264739753235e-21,6.4457264739753235e-21,0.361809694810095,-0.21792181308995642,0.15021619853714227,0.09384858915111238,0.6722455510304035,0.2074987000766245,0.990600320064126,0.6450183292242818,0.2864841291302942,6.4457264739753235e-21,6.4457264739753235e-21,0.2139535307963788,0.0292798631529365,-0.5322872354771164,0.11227459334783853,0.05737222966974845,-0.1148510315414825
0.29329384884165227,1.0039805314454335,0.25163319145424834,-0.0019432565716240198,-0.19220590906059712,-0.11645879916597275,0.9744336911693435,0.38192545120523247,0.0919265867581691,-0.018779712458536064,0.21198647157031492,0.01795791297550501,0.0029228671661575417,0.1682081772279279,0.06313427088977952,2.62201374024397e-05,7.628236187260046e-05,9.952400375189069e-05,-0.1339262991173321,0.2924793615241152,0.4959051749237297,0.6299007867508456,0.9051270376165501,0.41987160316416605,6.4457264739753235e-21,6.4457264739753235e-21,0.35143794306526804,-0.22479070465689324,0.1498492054480746,0.09810620295170837,0.6965690741440341,0.19212353870777482,1.0158889765278485,0.6328264249031511,0.26189798234548306,6.4457264739753235e-21,6.4457264739753235e-21,0.22621417002266664,0.027690281150159195,-0.5336339775060325,0.1100230970969734,0.05916886762692427,-0.12140794255939334
0.2905708120514336,1.0049115586075081,0.25727083865686956,-0.001157530396110286,-0.19051920343711543,-0.12210690280175683,0.9740772493756991,0.4009079916315162,0.09310668845247552,-0.015255731218077587,0.2183752279721298,0.019910464775078174,0.001984934200383282,0.17511190513130276,0.06322400684616057,4.3288176200276445e-06,5.181756074556675e-05,9.944865922585866e-05,-0.1343016085294146,0.32426481296265225,0.49876256525321944,0.6442459478946918,0.8891593569376973,0.410411023915337,6.4457264739753235e-21,6.4457264739753235e-21,0.34556224134242214,-0.23077640184832562,0.149455294275534,0.10040186814360272,0.7188462856887852,0.1812417831432282,1.034383167838027,0.6208602676325081,0.23732244373117356,6.4457264739753235e-21,6.4457264739753235e-21,0.23857248337436754,0.024874117030223696,-0.5352745612480428,0.10683388741498306,0.06137842596652237,-0.12960142461595234
0.2882444054204334,1.0058202718260059,0.26103697607401277,-0.0007429143772807986,-0.18824555750731037,-0.1278553597311799,0.9737836196111445,0.42057039425437764,0.09480034557086806,-0.01076037707890845,0.2255028998821889,0.021426762028708676,0.002563725299192699,0.18012133971700356,0.06276563244743587,-3.045194633522031e-05,5.0438338028140574e-06,9.94369864581948e-05,-0.1346344731735335,0.35421996329893807,0.5024391716882938,0.6592177184700426,0.8703635078404794,0.3985872948602481,6.4457264739753235e-21,6.4457264739753235e-21,0.3443533320111075,-0.234816657631694,0.14782395824980357,0.10122327533019182,0.7380568138342841,0.17282440569281646,1.0441594864835424,0.607322482260432,0.215005975776212,6.4457264739753235e-21,6.4457264739753235e-21,0.2508519783692156,0.021380758299394752,-0.5386251222347975,0.10412989042559158,0.06374959994740609,-0.1376382060348407
0.2867372074803418,1.0065098350461084,0.2627390620762809,-0.0008649465384872314,-0.1854309303173089,-0.1330863776064632,0.9736210584798265,0.4387303911938642,0.09628354199960124,-0.005406036266039851,0.2316930880315486,0.020900795398135625,0.003825073708031854,0.18425936990610098,0.06222442928665181,-5.93210588773938e-05,-2.5537395141514794e-05,9.9446591495191e-05,-0.13411398043891076,0.3824242381236068,0.5036172158428602,0.6756436945977666,0.8510170255371048,0.3859154222749112,6.4457264739753235e-21,6.4457264739753235e-21,0.34732685966500937,-0.23510542676588012,0.14358324183882434,0.10163703843314748,0.7534016818528843,0.1639983260065486,1.0463420853423522,0.5916990801863012,0.19719118890463475,6.4457264739753235e-21,6.4457264739753235e-21,0.26094345236505373,0.017300616585044625,-0.5453116157451046,0.10107325335114847,0.06495705125287271,-0.143788801416946
0.2858872215899473,1.0070237787593534,0.2620732869621307,-0.0013541324733080608,-0.18213173011063388,-0.13764706082020173,0.9736074204043791,0.45500613933008965,0.097062904053553,0.0011712378625463333,0.23756987741411995,0.018648676937114098,0.006242840692745133,0.18861621040911633,0.062354892461975724,-7.657157314780875e-05,-2.4487505305980246e-05,9.945015600852895e-05,-0.1334878998984269,0.40832478828805563,0.5030233185226038,0.6929213961577746,0.8359828950787819,0.37310404819542103,6.4457264739753235e-21,6.4457264739753235e-21,0.3523949952879679,-0.23249818333029074,0.13739025112863495,0.10304087533133378,0.7661826574264357,0.15391446514924365,1.044686093369501,0.5768092706531237,0.18484425991312525,6.4457264739753235e-21,6.4457264739753235e-21,0.2683478818058562,0.013251395077653098,-0.5542445284485569,0.0972549867427574,0.06476272455699687,-0.14813612289266512
0.28558926308749505,1.0073100981732863,0.25917296208102136,-0.0017286835412398285,-0.17925766045219388,-0.14154228030492758,0.9735774542206883,0.46848602996035604,0.09671133468728363,0.00720065235188777,0.24245222014883533,0.015639432871005398,0.008929100896044123,0.19400190207024717,0.06365899799933514,-8.417002826312001e-05,1.5138913629403943e-05,9.943077303411513e-05,-0.13239393659801676,0.43037032512889023,0.49964792426829074,0.7080224847042061,0.8264550357320134,0.3610239982053714,6.4457264739753235e-21,6.4457264739753235e-21,0.35662024770900413,-0.22736718332982306,0.12927121157907087,0.10668909804390259,0.7788980423141628,0.14254423535293997,1.0406904254096874,0.5622462317151566,0.17827765842463592,6.4457264739753235e-21,6.4457264739753235e-21,0.27357417308068244,0.010375878575640771,-0.5635058491511392,0.09287844584687276,0.06367915827289439,-0.15001487607012953
0.2857754675054283,1.0073866839332122,0.2552652918652897,-0.0017204486186433894,-0.17750559338152175,-0.1447304682327611,0.973424446801243,0.47869632119808275,0.09517308672386691,0.012577663076787409,0.24591010970592023,0.012515073932341317,0.01057564918608816,0.20072214563140153,0.06540643722249426,-8.670443616182774e-05,6.934556825802345e-05,9.945628521572923e-05,-0.1298938982608676,0.4480454904474094,0.49373084391354843,0.7183915610033579,0.82103805475726,0.3502417137747949,6.4457264739753235e-21,6.4457264739753235e-21,0.35819487457783566,-0.22109505579293964,0.12073854095263653,0.11229281189624903,0.7914769566419415,0.12853756277448564,1.0363034487572786,0.5495919957733801,0.17697402853574337,6.4457264739753235e-21,6.4457264739753235e-21,0.27739809308219093,0.009363343232722561,-0.5726358150767427,0.08952797440525175,0.062335372114131156,-0.1501209418932171
0.28585165343998853,1.0073600467693724,0.25229419762030353,-0.0012801083222140639,-0.17679520570334364,-0.1475469172514312,0.9731292011606092,0.48807548600541006,0.09316810738900247,0.01723788373821688,0.25005763097124434,0.01100050638857124,0.010062463238110587,0.20821696680600787,0.06715894511274044,-8.831967895865368e-05,8.704193336141224e-05,9.950501801807704e-05,-0.12628642707210502,0.4634546568700385,0.48592019724990393,0.7258809444851253,0.8177715754623474,0.3408694600085872,6.4457264739753235e-21,6.4457264739753235e-21,0.3568694810665043,-0.21506661446423542,0.11226367437336283,0.11805652903871482,0.8041750327483549,0.1165719910175328,1.0345974213338618,0.540370162135233,0.17688458781424224,6.4457264739753235e-21,6.4457264739753235e-21,0.28173327932902414,0.010148169768991615,-0.5813642251292529,0.08862249560502296,0.06215914650225935,-0.15003798245975003
0.2856273883171124,1.0073664425143247,0.25046876328253087,-0.0010672469727895863,-0.17653837550237608,-0.1502185507869844,0.9727665853752552,0.49812570503142245,0.09123351444465805,0.023253201992422815,0.2559072126033759,0.011288905249077118,0.007557616435895965,0.21546350224965227,0.06879130582071158,-8.633250191025423e-05,8.786718143150033e-05,9.949972592041959e-05,-0.1223635662679857,0.4761374538590981,0.4790793909010733,0.7325651055248771,0.8162007726837354,0.33321492606697717,6.4457264739753235e-21,6.4457264739753235e-21,0.3547291185232656,-0.2102440046889416,0.10672650663223247,0.12152250227889211,0.8163536180861799,0.10839005266880354,1.03575127646635,0.5335588904486108,0.17530538695918443,6.4457264739753235e-21,6.4457264739753235e-21,0.287222140673786,0.011822226861016936,-0.5897744801939131,0.09041356707079236,0.06332738554071203,-0.1504114763684699
0.2848471234732981,1.007490813218279,0.24973537024430792,-0.001349072072043538,-0.17633608145677077,-0.15321826128468544,0.972335967483381,0.5106706215317498,0.08988201475118468,0.03059909843621703,0.26437965313680206,0.013297671171541976,0.0034633623749339183,0.2216852027119793,0.07065961297297697,-9.051696471223025e-05,9.166552240375122e-05,9.97013594588547e-05,-0.1196458916466105,0.4869496293937717,0.475435803743418,0.7403167363447443,0.8178620464499977,0.32708915285131934,6.4457264739753235e-21,6.4457264739753235e-21,0.35203478849061093,-0.20839172604007627,0.10468312742036966,0.12218788052871679,0.8285068615779749,0.10512361772766426,1.0388340596243195,0.5288983919445279,0.17090820232141463,6.4457264739753235e-21,6.4457264739753235e-21,0.29474786917814455,0.013329946129471679,-0.5973524262894477,0.0943724269346828,0.06593837379236643,-0.15231930156784862
0.2833854947977179,1.0078624065553297,0.2484142402309086,-0.002337183823415018,-0.17599429844524858,-0.15701762493429816,0.9717931012528177,0.5267227081366349,0.08944461877126782,0.03827117294874956,0.275680337849685,0.01700557681463608,-0.0027606414891710243,0.22619355437023575,0.07413436752983009,-9.086262527914839e-05,9.149141524132064e-05,9.979847630971284e-05,-0.11980636923380378,0.4964131859552431,0.476195868570613,0.749340447624623,0.824063226418444,0.3215571652685288,6.4457264739753235e-21,6.4457264739753235e-21,0.3492848319742653,-0.21121967049760798,0.10674007203688993,0.12098144046156792,0.8413993951193364,0.10522305782210582,1.043680676436376,0.5244635729428383,0.16332951490560396,6.4457264739753235e-21,6.4457264739753235e-21,0.30502790819772607,0.013478161472379183,-0.6036028770224791,0.09995879959552385,0.07027048703361237,-0.15571144469188716
0.2816043925107134,1.0084408185349678,0.24566244993088354,-0.0036053425160184186,-0.17549633253357175,-0.1614901864639794,0.9711494387729404,0.5442890948046162,0.09025589184417745,0.045225281497236064,0.28813173920912294,0.021914163990476243,-0.009474719579820049,0.22877806029230424,0.0787624722822595,-8.887636966095996e-05,5.1002168475851926e-05,9.975049047650045e-05,-0.12248120406185266,0.504939587396108,0.48099226106096366,0.759084708307675,0.8340400077489724,0.3157893612554607,6.4457264739753235e-21,6.4457264739753235e-21,0.34598771627795716,-0.21871964955353745,0.11095118321369,0.1188493269997304,0.8543417534797275,0.10622307434805105,1.0515284771477131,0.5215739083804362,0.1539706661150934,6.4457264739753235e-21,6.4457264739753235e-21,0.3170713268030966,0.01240561240034544,-0.6082970495415019,0.10576541323250456,0.07557939421775278,-0.16061966606947423
0.27972561943082036,1.0090665464731203,0.2419321827783161,-0.004701763243744832,-0.17490371107476962,-0.16623538668533175,0.9704519245784333,0.5614546853370629,0.09206090845284555,0.05112158921564071,0.30037809582731984,0.02788862947169698,-0.015286123670984758,0.22980159167535974,0.08394965525708589,-8.83000193148401e-05,2.5234749133229844e-05,9.963993593283999e-05,-0.12693115357670026,0.5128936377128372,0.48769852222165233,0.7688109799745173,0.8444686870792142,0.3100354145336012,6.4457264739753235e-21,6.4457264739753235e-21,0.3424907718468909,-0.2289792842081915,0.11479579247762765,0.11758615904043893,0.8664495308241238,0.10816383236966806,1.0610513511918493,0.520711550348445,0.14444880505910504,6.4457264739753235e-21,6.4457264739753235e-21,0.3294104940955736,0.010514456024132389,-0.6112465516575476,0.1105163602743304,0.08114496023965866,-0.16706881450834907
0.2784079848706447,1.009565340199722,0.2380193930993823,-0.005353737786234353,-0.17463166027064156,-0.17054663718119764,0.9697466411105756,0.5752864018058217,0.0939899606569259,0.05545504702582213,0.3098734617400681,0.03323963366800131,-0.019632176848843313,0.22973747103476377,0.08832913084855051,-8.870787002495489e-05,2.7921284745656913e-05,9.953298054575132e-05,-0.13144033392707508,0.51960337864742,0.4925245111336903,0.776459227784984,0.852665488789741,0.30566997728316675,6.4457264739753235e-21,6.4457264739753235e-21,0.3404241366027975,-0.23889761773348656,0.11675227375501784,0.11839840307735441,0.8756626768764698,0.10905816233371277,1.0672525005801246,0.5205760770256226,0.13797515098406501,6.4457264739753235e-21,6.4457264739753235e-21,0.34027779357362026,0.0090643620308525,-0.6116314295859941,0.11367347322402366,0.085281732002508,-0.17348372536316103
0.27798498543816985,1.0098943351953311,0.2353080806632338,-0.005519620000587759,-0.17501692375752306,-0.17386473756769627,0.9690827049833551,0.5846737893436544,0.09537863509920914,0.05798935345361522,0.31612133954816257,0.03748050280646429,-0.022528100977511567,0.2292653336439366,0.09057059451899518,-8.829160125105366e-05,3.831856839177162e-05,9.939452335656786e-05,-0.1347191291240445,0.5256725197940099,0.49358010855710516,0.7839513841043698,0.8569218617042116,0.3033948286645935,6.4457264739753235e-21,6.4457264739753235e-21,0.34091315134385947,-0.24642245123117704,0.11675440882629538,0.1210941377959068,0.8808016878720878,0.10927849304519725,1.068657212963229,0.5213092878642526,0.13441144041687578,6.4457264739753235e-21,6.4457264739753235e-21,0.3488014309111368,0.008578322373223191,-0.6095606036371278,0.11612575136190087,0.08760608371102684,-0.1783676455729319
0.27851299637239335,1.0101372282303458,0.2334091734425271,-0.005224975597053709,-0.17631775572768804,-0.1760828373307803,0.9684455010318015,0.5897517513506298,0.09588569993768496,0.05843757270462643,0.31949084896950614,0.040427607733400595,-0.02442269749611552,0.22852068592007163,0.0906652027373002,-8.952957670095024e-05,4.964365974117747e-05,9.941570772128352e-05,-0.1376737647344929,0.5296494115368096,0.4933266505072138,0.791461020433857,0.8591233510995913,0.302798620983016,6.4457264739753235e-21,6.4457264739753235e-21,0.3443989690582619,-0.25093274280491296,0.1162467371087759,0.1248491505484171,0.8812275240216666,0.10845329123253056,1.0656868353479951,0.5232233358927117,0.13247373119806644,6.4457264739753235e-21,6.4457264739753235e-21,0.3553689151414395,0.009436846818038367,-0.6057301462079235,0.11963121010758794,0.08867421145329579,-0.18086822964814114
0.27962270223444213,1.010325982824019,0.23203822844246658,-0.004357435521820089,-0.17885846162279204,-0.1775680080434753,0.9677139123734816,0.5914617505966215,0.09598417677011457,0.05556144105188195,0.3203970230080655,0.042656085094350274,-0.025774478404015526,0.2274471222024549,0.088779026411789,-9.26031937321998e-05,6.105821634783275e-05,9.955063399335565e-05,-0.14113497562701208,0.532619373917816,0.49481691790654836,0.8006757108306348,0.8619686326942697,0.30232738360153316,6.4457264739753235e-21,6.4457264739753235e-21,0.349037839229969,-0.25389760623599944,0.11559462977271448,0.128837582000357,0.8780929415207137,0.1086077378219533,1.0595157424582389,0.528411110869645,0.1313622886160896,6.4457264739753235e-21,6.4457264739753235e-21,0.3612088323143142,0.011607929335378898,-0.6004916825638751,0.12447949337710185,0.08927263902827216,-0.1819965890422016
0.2809742919642358,1.0105122925764598,0.2311037873439783,-0.0030407345374507087,-0.18242504444339658,-0.17868214881075375,0.9668510681461627,0.5910841807279176,0.09632629837300034,0.048921980030856085,0.31974612811020947,0.04421937599336868,-0.026223799318494643,0.22576475376227642,0.0850366157497523,-9.217448235733188e-05,7.273533624027991e-05,9.950076008716335e-05,-0.14576331093570233,0.5350626419462098,0.5013919493788891,0.8121142360744973,0.8667979671247068,0.3006503000956209,6.4457264739753235e-21,6.4457264739753235e-21,0.3543417485560517,-0.2556038403037192,0.1142260225246217,0.13250493262158267,0.8708619142682685,0.10917356980186628,1.0519810579856657,0.5395049985743776,0.13135710261343295,6.4457264739753235e-21,6.4457264739753235e-21,0.3664212588869932,0.013924367586217037,-0.5939233115281408,0.1296875666757952,0.08977072236440037,-0.18331138449023662
0.28243000337018614,1.0106471618943438,0.23029184831209193,-0.001724695451551705,-0.18674979542972475,-0.1793984765165176,0.9658983292333279,0.588700492348589,0.0978169463012152,0.038195926550130106,0.31773455672731094,0.04510983236040206,-0.026220756514073535,0.22344827693996838,0.07978395869817798,-9.140174491337368e-05,7.172922571879629e-05,9.92541623272417e-05,-0.14974546767401628,0.5379189035716273,0.5090450147961669,0.8231792324547464,0.8728326073416598,0.29852649895161826,6.4457264739753235e-21,6.4457264739753235e-21,0.3609390142688547,-0.2566840618590177,0.11254238549683657,0.13564719359036267,0.8592575023135396,0.11013856784939287,1.0442325238708505,0.5592517064632084,0.13308491397145691,6.4457264739753235e-21,6.4457264739753235e-21,0.3700789346707497,0.015270311104366717,-0.5849582638473401,0.1333651626469131,0.08984678613406498,-0.18494406134898553
0.284131551891219,1.0107172383793603,0.23002977569482513,-0.0008009073381475481,-0.1914240421613543,-0.17934941773996702,0.9649940432135128,0.5838515908271723,0.10055931397331834,0.025820237375603097,0.315016698688467,0.04573601499110962,-0.025362225439712803,0.22094504992311967,0.07332861223813425,-9.111536245800213e-05,6.89174137829104e-05,9.903773446573173e-05,-0.1516073487650519,0.5417834271096426,0.5141494122158439,0.8325410227560505,0.8776732545445706,0.29692214815139767,6.4457264739753235e-21,6.4457264739753235e-21,0.36993550582472023,-0.25699883162556797,0.1103047808671481,0.1370620618120407,0.843027082147243,0.11158161816403375,1.0399791456688174,0.5886562354134883,0.13582444520462428,6.4457264739753235e-21,6.4457264739753235e-21,0.3707142285847147,0.014913455084885723,-0.5734472798298895,0.13466945424927246,0.08975908706802167,-0.1869824166668986
0.2865013738446074,1.0106712663945094,0.23024035851075442,-0.0003826806307117468,-0.19631788830905575,-0.17826792719418755,0.9642124210102258,0.5760254533183351,0.1039200521897632,0.013697290452300684,0.3120193935937642,0.04608133031991622,-0.02468316785149949,0.21854369595728382,0.06614963501660565,-9.212132478629131e-05,6.375024623463364e-05,9.895012670312361e-05,-0.15015741999318033,0.5452664319409594,0.5122565311020516,0.8358024967925631,0.8807033553624527,0.2966598201843909,6.4457264739753235e-21,6.4457264739753235e-21,0.381138871227851,-0.25710928022031276,0.10861856123620332,0.13770858550627185,0.8219472853797021,0.11276978228845508,1.0386929688399666,0.6276163901312922,0.139627389736931,6.4457264739753235e-21,6.4457264739753235e-21,0.3681085470574038,0.013664383301061038,-0.5593100892829668,0.13458559281860882,0.08927022773811218,-0.18812465012657706
0.289578149847003,1.010526484649977,0.23131692797681683,-0.0002444889028551781,-0.20164900629889376,-0.17625773356971214,0.9634852572356435,0.5653376410558177,0.10707743153108154,0.0020094735608110065,0.3082022039010984,0.04567212510901928,-0.025016431056151023,0.2164560029763404,0.05862189611959459,-9.757797166313274e-05,9.301946573677781e-05,9.963090472867885e-05,-0.14689666951108668,0.5466911360083411,0.5058825751825694,0.8324004933772129,0.8814063242273572,0.2981407348499011,6.4457264739753235e-21,6.4457264739753235e-21,0.39360520059573406,-0.2591403391571331,0.10977695577346265,0.1397391795113431,0.796453829504321,0.11364684815511335,1.036439839067941,0.6732429954893604,0.14618159115517856,6.4457264739753235e-21,6.4457264739753235e-21,0.36334232538810773,0.012731743584094584,-0.5433581217946848,0.1345588152190528,0.08780322788138038,-0.18733390248282875
0.29292101824995376,1.01040928619795,0.2319269093386836,-0.00011712200847295654,-0.20727904376909145,-0.1738739287975854,0.9627259288651615,0.5536354388386753,0.1093109469609328,-0.008529710280114101,0.30409965644785175,0.04424543919396176,-0.025916692417460113,0.2142656735323161,0.051332261855307426,-9.328866431663318e-05,5.317056886295767e-05,9.910520508638107e-05,-0.14461442855133672,0.5437529318324739,0.5018161396832916,0.8244549208636689,0.8830142779772195,0.3010819705694987,6.4457264739753235e-21,6.4457264739753235e-21,0.4060649313780291,-0.26399565779988005,0.11519899864658446,0.14423120777849058,0.7672609330142933,0.11652718592555118,1.02927297629311,0.7246356129503199,0.15765645919318574,6.4457264739753235e-21,6.4457264739753235e-21,0.3590441695950175,0.013292996786997626,-0.5271375814663094,0.13706359718686248,0.08613888311472111,-0.1853558314935042
0.295694138331904,1.010385829508347,0.23153050533831196,-9.844800757462767e-05,-0.21268073032400706,-0.17194459832624087,0.9618916505523957,0.5433931231403003,0.11140758173928887,-0.01949232532331586,0.299964147363744,0.04277107882023719,-0.027490819194181382,0.21168646205241404,0.04545510535917262,-9.210527413063555e-05,6.15381152970923e-06,9.91368209515633e-05,-0.14543369876696732,0.5365161167277545,0.5053624576392393,0.8150687476985518,0.8863951346257476,0.3052370658864209,6.4457264739753235e-21,6.4457264739753235e-21,0.4172001601394402,-0.27085356174864145,0.12400543584456486,0.1523507711866518,0.7357832695240109,0.12497626042827198,1.015376471868412,0.782062561110453,0.17539942251898022,6.4457264739753235e-21,6.4457264739753235e-21,0.3576462392186706,0.014976187289605054,-0.5107217871271248,0.1426471239210282,0.08515118768854818,-0.18363172759571628
0.29751086845776353,1.0105295791007327,0.2305449292913136,-2.452933866115368e-05,-0.21748581680528556,-0.17071986602536054,0.9610306863262089,0.5351664607225698,0.11385592467514587,-0.03185451300002655,0.2957353215518161,0.04169266308872237,-0.028322997053276604,0.2086364033769869,0.040249865492692646,-8.011124564441714e-05,-4.5228334845952094e-05,9.903081832191025e-05,-0.14958254574312407,0.5271561043412274,0.5176659793638215,0.8082675958491492,0.8907237612235122,0.3098148490070001,6.4457264739753235e-21,6.4457264739753235e-21,0.42664594990312055,-0.2785706321465506,0.13324986024702576,0.16189095021042268,0.7030265478190977,0.140824023679469,0.9966500566669182,0.8449974399648936,0.19844289049830002,6.4457264739753235e-21,6.4457264739753235e-21,0.35899838085252866,0.016915386837127348,-0.49434493981248573,0.15023830444366917,0.08563592285043084,-0.18350826610342674
0.29831353212434253,1.0108880195491803,0.2299447628209074,0.0001468962589169668,-0.2212508939215652,-0.17033136829719375,0.9602344684738335,0.5293562346317373,0.11720688039314717,-0.045586041068929384,0.29175229373124084,0.041831592069702446,-0.02798123918276933,0.2051102840759178,0.03550999438415919,-4.160230224790326e-05,-7.245454784729157e-05,9.909366908905687e-05,-0.1553354469605886,0.5199082244134626,0.5328545962552811,0.8061453549412682,0.8932596188922756,0.3142821992644149,6.4457264739753235e-21,6.4457264739753235e-21,0.43448322445601756,-0.28635212787225,0.14023052264491812,0.1712369771697832,0.6719782863019251,0.16277730013858904,0.9770267810101815,0.9107757363110918,0.22242738407710028,6.4457264739753235e-21,6.4457264739753235e-21,0.362208523336207,0.01787321141879285,-0.47809349926366057,0.15825449838941053,0.08829409904957923,-0.18554237870221454
0.29864754942440597,1.0113713904467512,0.23049303500313942,0.0005536553606426168,-0.22440695169101754,-0.1703731455061133,0.9594919925557917,0.5245753902233065,0.12026639738120334,-0.059428202017498245,0.2872580334617774,0.042099679930049524,-0.026346655523530795,0.20134208000017823,0.03024513572896838,-4.947143434908468e-05,-8.115132125783863e-05,9.884838095513227e-05,-0.1603870048327142,0.5156208311439225,0.5455118494828125,0.8079529909830356,0.8934413473987773,0.31938424405144616,6.4457264739753235e-21,6.4457264739753235e-21,0.441459856813015,-0.29361583943605235,0.14441351807334307,0.1790119716580164,0.6443719375989965,0.1869982046109878,0.9574211510272518,0.9749973190636676,0.24470065600342356,6.4457264739753235e-21,6.4457264739753235e-21,0.36590985466360193,0.018122189539669434,-0.46254889427404905,0.16544910770832746,0.0916879859644119,-0.18914203074745398
0.2989929298510983,1.0117054426345977,0.2314912697819929,0.001224242661520087,-0.22768992459656273,-0.1701561186744875,0.9587567522038237,0.5193449033082814,0.12173076743140636,-0.07017368864745181,0.28284638920777205,0.04214398307833876,-0.024542130556779992,0.1979496262632352,0.023889588611460885,-8.912986729575604e-05,-8.61222495923182e-05,9.891976600587827e-05,-0.16303698913257916,0.5138169836948532,0.55137239280827,0.8115739213177722,0.8925980640695227,0.3256858260738993,6.4457264739753235e-21,6.4457264739753235e-21,0.44774217157891755,-0.30024249513665957,0.14709236390162198,0.18542165726798612,0.6213070905418853,0.2087293486690831,0.9381633954305774,1.0345376205157304,0.26409975836183114,6.4457264739753235e-21,6.4457264739753235e-21,0.36921665959089617,0.018614037375358366,-0.4489981400624006,0.1725603195402181,0.09495581389434743,-0.19296125912095474
0.29959762559673353,1.0117498279812387,0.23149489571670684,0.0019488456353291565,-0.23165953208995232,-0.16934179674047825,0.9579514672730511,0.5130144434511462,0.1214803950876346,-0.07737191948281019,0.27870577336031566,0.04207264975245753,-0.0239940298500355,0.19534669044467956,0.017048213639770958,-9.38653617692017e-05,-8.275819528322616e-05,9.898834747836704e-05,-0.1639172908707252,0.5116696263723878,0.5520314825741353,0.8135763581019186,0.8916846610033652,0.3337677141349459,6.4457264739753235e-21,6.4457264739753235e-21,0.45397939411804455,-0.30625331449232196,0.148638261186472,0.1914626909080958,0.6035695958207433,0.2239073507769075,0.9214699537903066,1.086596514347545,0.28184462620703743,6.4457264739753235e-21,6.4457264739753235e-21,0.37171966489431535,0.019698292397216006,-0.4383348531742442,0.17965333514656623,0.0969889584919398,-0.19606811930466714
0.3005013884305319,1.01152800642651,0.229876927352369,0.0027034847794699993,-0.23669972004832382,-0.1680192421378519,0.9569556843467787,0.5059613488946328,0.12008837114184902,-0.0822691681533227,0.2754297223264198,0.04266475012797125,-0.02477664845663453,0.19336389432023562,0.009812360553584344,-9.27392910982237e-05,-6.818022096586397e-05,9.840579580842574e-05,-0.16439648310954416,0.5079803666646535,0.5507355803398665,0.8128286491394471,0.8902863881474953,0.34333810572149825,6.4457264739753235e-21,6.4457264739753235e-21,0.4601026166604322,-0.31233303572870613,0.14983372773683076,0.19738569259534613,0.5906781107732657,0.23331857440659465,0.9072222518074018,1.131230893586278,0.2987952367790687,6.4457264739753235e-21,6.4457264739753235e-21,0.37361277471427345,0.021457364091523372,-0.4307171703686756,0.18712608887184617,0.09851594544579165,-0.19816827432933587
0.30157715117848094,1.011191957232113,0.227994259127489,0.0033772192358590444,-0.24221835267911954,-0.16666281959713936,0.955811919597625,0.49943724615227586,0.1185022192975775,-0.08632251913296318,0.27293815675405547,0.044214923216206715,-0.026473255259329934,0.19145378532097665,0.002991123612017646,-9.345604720612648e-05,-2.410929321306072e-05,9.845392871407147e-05,-0.16555145250618147,0.5027817209277692,0.5505228945662788,0.8098360278026951,0.8875176325428745,0.3533790786757495,6.4457264739753235e-21,6.4457264739753235e-21,0.46544472323321434,-0.3186443953098062,0.152270658635892,0.20379826560662623,0.581858767875374,0.24014245296116532,0.8958329992295018,1.169102583054737,0.313515964295673,6.4457264739753235e-21,6.4457264739753235e-21,0.37597542098137793,0.0239745873194907,-0.42514075354140995,0.19501814930004682,0.1000060177021896,-0.19956121216320447
0.3030794085272504,1.0107016217025235,0.22703196299411052,0.0038754569567412706,-0.2475242544996361,-0.16513052409973214,0.9547149240982916,0.49295374100457867,0.11703724175849818,-0.09100932981414989,0.2707327748010262,0.04532904922880311,-0.028429118677550942,0.18964595046062893,-0.0036468513320957402,-9.504102512138826e-05,3.889160066334367e-05,9.884618788044328e-05,-0.1663231046110617,0.4965538033343298,0.5509346827083056,0.8056112928554189,0.8825154380636128,0.36417025868458247,6.4457264739753235e-21,6.4457264739753235e-21,0.46976907256382067,-0.3251274290455722,0.1569950566513096,0.21062580908016598,0.5754948033503673,0.24629530486223636,0.8873979870853694,1.2017978888009584,0.32472744168994094,6.4457264739753235e-21,6.4457264739753235e-21,0.3778230016949592,0.027025847057814058,-0.42034012197898185,0.20263277431772952,0.1010620489793558,-0.19948526182812648
0.30497879500029085,1.0099872606713374,0.2275950897026907,0.0041487085323778485,-0.25204101205005963,-0.1630148351977138,0.9538919801267268,0.48497167616836306,0.11603650146567769,-0.09670189459022692,0.2679639168314676,0.04530755242527918,-0.029329865801402705,0.18861743840993184,-0.010114216759710352,-9.42265634973014e-05,6.54854898651058e-05,9.876487519588124e-05,-0.16544532687079802,0.4905103956627418,0.5494102145492036,0.8009572463952827,0.8738667015599731,0.3761772002836344,6.4457264739753235e-21,6.4457264739753235e-21,0.47291745696636456,-0.33152879908215854,0.16348068887692008,0.21744161209951196,0.5723953890807143,0.25356778760891907,0.8826385950894472,1.2281312170938683,0.33177457359444606,6.4457264739753235e-21,6.4457264739753235e-21,0.377246247859418,0.029904555192575826,-0.4155027395894431,0.20899310710850388,0.1015461173472191,-0.19761073292912465
0.3070070525684738,1.0092430848024856,0.22807514339173687,0.004169125126658428,-0.25577627424927657,-0.1604970408687459,0.9533217886458252,0.47557998785099154,0.11572309115323916,-0.10310844695931447,0.2648956063313157,0.04470961063403676,-0.029505282113115396,0.1879028577394511,-0.016223155551879552,-9.368955229603274e-05,6.518663128514442e-05,9.872442649645715e-05,-0.1637042328671366,0.4844902912112855,0.5468946469749565,0.795030303700568,0.8638255782156282,0.38977573088914697,6.4457264739753235e-21,6.4457264739753235e-21,0.47656153255559347,-0.33777808245973556,0.1694404676527566,0.2224975230519119,0.5739563255091525,0.2632903003968542,0.8821996594653745,1.246894735049638,0.3356426236895701,6.4457264739753235e-21,6.4457264739753235e-21,0.3743412096526632,0.031976490346003916,-0.4106188270756808,0.21379797266445602,0.10180277434531633,-0.19448854907083873
0.3090553328744374,1.0083991025856522,0.2284922590747706,0.004120449372820061,-0.2590411566513574,-0.15766540579325186,0.9529119414569794,0.46452757065873235,0.11579611644204617,-0.11023503748770724,0.26117952749724954,0.04334679077339506,-0.02876544132491349,0.18724314208725437,-0.02214391543542148,-9.343470624675345e-05,6.326709810175769e-05,9.863935002134382e-05,-0.1610536728452357,0.47897400672571955,0.5422350621652773,0.7871574856628042,0.853050985121813,0.4045497243227812,6.4457264739753235e-21,6.4457264739753235e-21,0.48071454260783786,-0.3432288199291746,0.174057956444705,0.22597709758036094,0.5801785502509381,0.2730858397018368,0.88502388748883,1.258304037209922,0.3384431216778921,6.4457264739753235e-21,6.4457264739753235e-21,0.3692537044485324,0.033101377636699486,-0.4057582953084446,0.21730588847354448,0.10172635423102737,-0.18969251996813502
0.31063906419404586,1.0075889509620117,0.22837719281465632,0.004000152614890689,-0.2619600740807487,-0.15488315213123247,0.9525694304424633,0.45341563552061565,0.11600716242293244,-0.11684637999505915,0.2573081636042896,0.042259815895384065,-0.027410361450998615,0.1862264478176195,-0.027650465189112964,-9.388877426279695e-05,6.866098334504478e-05,9.86711471271563e-05,-0.15945447027538692,0.47416096011719266,0.5387010911590037,0.7783766407959332,0.8439748827987884,0.4186965656141784,6.4457264739753235e-21,6.4457264739753235e-21,0.485104280041552,-0.34880135472144885,0.1776241552787551,0.2278507279815979,0.5904147689903598,0.28011507786080175,0.8904112986313095,1.262927244193869,0.34143153686643046,6.4457264739753235e-21,6.4457264739753235e-21,0.36328427016809534,0.0332495535119229,-0.4016490196084173,0.21931553600842327,0.10169928697204299,-0.18487325534476998
0.31180739249920036,1.0070029953138977,0.2269758203698829,0.003755538457569498,-0.26439234879486556,-0.1523855344840374,0.952299069161872,0.4432052310844351,0.11613250248323623,-0.12231955970845924,0.2532066749769292,0.04190575177759498,-0.025364424093954084,0.18497369901073935,-0.032625932986541484,-9.369944070733771e-05,7.486158474102412e-05,9.859942483222285e-05,-0.15976896909862898,0.4707692733393974,0.5366085875960852,0.7699128091985653,0.8368742664524997,0.43074770714298555,6.4457264739753235e-21,6.4457264739753235e-21,0.48939613044617697,-0.3540518436406254,0.18018055686562376,0.22851484514218948,0.6021273020133819,0.28226801981035793,0.8955508829486293,1.263413564006064,0.3460808650145354,6.4457264739753235e-21,6.4457264739753235e-21,0.3572013872388437,0.032898357041081086,-0.3988854783081205,0.2197133347094747,0.10206635229613485,-0.18096125739479396
0.3125045188005955,1.006798221341997,0.22490456325195332,0.003404299963339593,-0.26627325647928635,-0.1503373798887257,0.9520995385524048,0.43432033741965914,0.11606343448266852,-0.12611615162620898,0.24849061836061934,0.04277529996585132,-0.022163204464396458,0.1837030093716651,-0.03727015583014423,-9.351483878003214e-05,8.093115468839472e-05,9.857536481139019e-05,-0.1616611830498543,0.4695995620696304,0.5355541848954927,0.7630960577998377,0.8305521786510751,0.4397007622478683,6.4457264739753235e-21,6.4457264739753235e-21,0.49291857737712524,-0.3588793914345008,0.18209763448383123,0.2276213248179329,0.6141686638476972,0.2819736875349255,0.8991140472980077,1.261357518607969,0.35183216111683585,6.4457264739753235e-21,6.4457264739753235e-21,0.35171125638595396,0.03249817038395038,-0.39781473500506154,0.2185710133832697,0.10285630168651157,-0.17876411320604813
0.3128691377861009,1.006956840241058,0.22304052070042377,0.003122270574213365,-0.26770698735692133,-0.14873176069972785,0.9519489584388887,0.42671398626705853,0.11611576191166276,-0.12871996619782203,0.24363175939772067,0.04457766027895337,-0.018782335712622538,0.18232431263397156,-0.04178663282476031,-9.315989402302826e-05,8.639707185173815e-05,9.855660876505931e-05,-0.16470299105500352,0.46958833046939186,0.5365955061628334,0.7586688200628138,0.8258216803604629,0.44575745836763486,6.4457264739753235e-21,6.4457264739753235e-21,0.4962350950854956,-0.36345042904126246,0.18216182165951816,0.2257210423613287,0.6245729460515723,0.28114692525219875,0.9019858839751496,1.259593515865825,0.35775424207557216,6.4457264739753235e-21,6.4457264739753235e-21,0.3468690332038785,0.03195675495870458,-0.3983142296406323,0.2166261872527321,0.10432380594441881,-0.17807821209791752
0.3132044710105288,1.0071828202162716,0.22276514802616645,0.0030703487834823863,-0.2685619589772156,-0.1473054783740276,0.9519290476133693,0.41949381744237413,0.1160471971029412,-0.13064527113527744,0.23819031807149646,0.045159615559391755,-0.01539557252503098,0.181325946517091,-0.04580290033243027,-9.292436079216998e-05,8.960926144248084e-05,9.856365389567472e-05,-0.16636554259429448,0.47067384012986774,0.5358102791518119,0.7565998809466311,0.8209751705796293,0.4500219606935654,6.4457264739753235e-21,6.4457264739753235e-21,0.49889410267494716,-0.36720279473304573,0.18061829141559882,0.2243053330873714,0.6341580036255062,0.28021035956974716,0.9061900014642836,1.258657204127014,0.3625225158846032,6.4457264739753235e-21,6.4457264739753235e-21,0.3419511981390878,0.03132684083264521,-0.3996954223862024,0.21438481189394049,0.10535200763197947,-0.17747344021842065
0.3133447399956247,1.007404576682601,0.22282067605157596,0.003085897140391113,-0.2690172031701293,-0.1460293955074088,0.9519965743844437,0.4132788979396834,0.11580254893166278,-0.13207524249925812,0.23318076364582066,0.045189045429170516,-0.013495688648579933,0.18084529454251694,-0.04879842351369821,-9.407992703730887e-05,9.224200755265818e-05,9.882011048058481e-05,-0.16657352556525426,0.47153474889973745,0.5335178414117769,0.754808216174753,0.8168225044493763,0.45322737389649354,6.4457264739753235e-21,6.4457264739753235e-21,0.5005205706027384,-0.37158462333635256,0.1785710714300386,0.22366880111254364,0.6442027377881628,0.2799738223088784,0.912823535687186,1.258006100244325,0.3653436750162333,6.4457264739753235e-21,6.4457264739753235e-21,0.3376433204284464,0.030836481866142566,-0.4012058113037652,0.21273115071740126,0.10627890679189494,-0.17666014384058576
0.3135559184446557,1.0075550786565852,0.2217756288463184,0.0030205508998319285,-0.26902842169272745,-0.14488185422173475,0.9521686738986033,0.4080173616539409,0.11516422038162372,-0.1339318800918507,0.2283018982689156,0.043891479355295,-0.0132732801673175,0.18143393353336607,-0.050300985331787715,-9.305817066683223e-05,9.229962845264422e-05,9.871702745498903e-05,-0.16513612265859598,0.4723555997846966,0.5276720640299694,0.7515852826815314,0.8125711165247702,0.4565895273736775,6.4457264739753235e-21,6.4457264739753235e-21,0.4999170941740983,-0.3759898605876257,0.17683838633566284,0.22441660337401279,0.6551270198776445,0.27962183754730724,0.9213815081561775,1.2577807525512499,0.36681684979708906,6.4457264739753235e-21,6.4457264739753235e-21,0.3342433705979629,0.03127640305820601,-0.4025340976817819,0.21187544708282277,0.10632887719562062,-0.17472513908695922
0.3136704833822048,1.0076413179299042,0.22000905342547714,0.0026302083459868,-0.2685733110202848,-0.14401629832187374,0.9524294938564661,0.4043679041021636,0.11484708202158062,-0.13590364735719176,0.22457578746330092,0.042342825620675366,-0.01424172934057617,0.18281395940039982,-0.050524302549011565,-9.284718463476425e-05,9.219052450179678e-05,9.876091924955217e-05,-0.16264838490738917,0.4732968938268003,0.5205999608380427,0.7482004805499644,0.8086093131356584,0.4605971404173229,6.4457264739753235e-21,6.4457264739753235e-21,0.4970809980339526,-0.3798031036633579,0.17573638335370434,0.2253740899072144,0.6668941950281523,0.28022491953444467,0.9322091645959524,1.25813063725597,0.3668441346288546,6.4457264739753235e-21,6.4457264739753235e-21,0.33208473621979406,0.03191559001011508,-0.4033725237834932,0.21201632502722878,0.10641854017854288,-0.17228093650495144
0.31377305717360116,1.007516050255994,0.21890911578867625,0.0021131691932808425,-0.26784148971111876,-0.14315087747571334,0.9527675284159243,0.4014890469407214,0.11473607664641416,-0.13716881550659765,0.22191231963323235,0.04070677012921127,-0.015782300279041175,0.18444291718794895,-0.050466794722396825,-9.351293744792951e-05,9.217742673976926e-05,9.89292418952316e-05,-0.15926204983779713,0.47428319195542334,0.5133259636531157,0.7456783143548533,0.8049055712450421,0.46543177019460824,6.4457264739753235e-21,6.4457264739753235e-21,0.49302365601160014,-0.3831427573683693,0.17521922969802914,0.22662412527170306,0.6772084131479129,0.2812242447291133,0.9443088212485105,1.2602078204367575,0.36563989137496866,6.4457264739753235e-21,6.4457264739753235e-21,0.33023754530255356,0.03237977793479101,-0.4040578581820314,0.21269670427709736,0.10657890031480807,-0.16977213842650715
0.3140706658601957,1.0071018300631431,0.21888351568217157,0.001649411775701883,-0.26711729505166837,-0.14208668188140078,0.9531311605991913,0.39813075856566954,0.11441136770260323,-0.13679367937945508,0.21945463638867763,0.03904229144110794,-0.017493525360383427,0.18601207767383637,-0.0507008496937127,-9.423518554236142e-05,9.253415119565905e-05,9.906826701650734e-05,-0.15485084700837165,0.47568056817815735,0.5046286296819581,0.7437565788747491,0.8001166204696658,0.4710958313446646,6.4457264739753235e-21,6.4457264739753235e-21,0.48909209268051246,-0.38591756801198684,0.17595521902318262,0.22859216584304323,0.6864164207459783,0.28057988863554006,0.9564223051047833,1.2621256271772663,0.3635740061615781,6.4457264739753235e-21,6.4457264739753235e-21,0.327917399189822,0.03276637662042466,-0.40506871923730253,0.21334543947991108,0.10625816821774,-0.16769162128522047
0.31445581457375477,1.0065035854617346,0.21976244622557836,0.0015345898007296565,-0.2667454713521778,-0.1407208073538431,0.9534381282503079,0.3935466167635194,0.11341180802161967,-0.13573642638175154,0.2161299324724816,0.03714875189281636,-0.018646535659309772,0.18757625428297986,-0.05192915932751545,-9.394473428121228e-05,9.21985651373047e-05,9.906162444304151e-05,-0.15038068721898873,0.4769186908004127,0.4955767690392356,0.7412165146007746,0.7949581155239949,0.4771484033365275,6.4457264739753235e-21,6.4457264739753235e-21,0.48635275949688533,-0.3877895166318118,0.177479891300597,0.23193135565926998,0.69368402647037,0.27575320223756467,0.966012868646465,1.2626663067881752,0.3616117443420007,6.4457264739753235e-21,6.4457264739753235e-21,0.3250048687512644,0.033323270137503296,-0.40571469429095897,0.21298308481538247,0.1046061479379022,-0.16635249512931868
0.31527890778657586,1.0058096303211164,0.220728323242544,0.0016311892524715076,-0.26636435885991716,-0.13896670236000255,0.9538023838357338,0.3871345489797505,0.11149733330024836,-0.13475721484110798,0.21096776967314018,0.03424530022718807,-0.018686107353795507,0.18978246351113143,-0.0539292718132324,-9.320919210642735e-05,9.162404710957361e-05,9.901576817047954e-05,-0.14530717498970486,0.4786960294550342,0.4836426617147375,0.7367006863254756,0.7881954546627861,0.4834813664920967,6.4457264739753235e-21,6.4457264739753235e-21,0.4855795432375753,-0.3863374009496515,0.17799909408461537,0.23686625185200794,0.6985734012754103,0.2648350306051717,0.9711265239742424,1.2603170621150435,0.36092723624738715,6.4457264739753235e-21,6.4457264739753235e-21,0.32068432405550573,0.034270289209972916,-0.40632032566738635,0.2107741547451294,0.1012013051649371,-0.1651490201443022
0.316087700949324,1.0051523351156308,0.22097217442049846,0.001631710437705989,-0.26575733729988094,-0.1370208696941228,0.954253642776581,0.3802644882630255,0.10905258090934557,-0.13313228566170535,0.20519337147315606,0.03090924873958613,-0.018060672841978154,0.19266749626177596,-0.056073423557816304,-9.292312658892515e-05,9.171971388049962e-05,9.901843928675363e-05,-0.13996856743312489,0.4811303274799146,0.4699845130602781,0.7306166549420176,0.7809151315551204,0.4892417753754002,6.4457264739753235e-21,6.4457264739753235e-21,0.48646820982224576,-0.3813815198296188,0.17607849855257773,0.24167031985629073,0.7017997559210702,0.2517667736341079,0.972242030302122,1.255944330203889,0.36136062236847183,6.4457264739753235e-21,6.4457264739753235e-21,0.3156915169957621,0.03523349017675734,-0.40666338180308004,0.20769027399326412,0.09724185153096046,-0.16342524567588604
0.31660565208381275,1.0046702160537047,0.22056432259914574,0.0014295225369060402,-0.26468302798465143,-0.13521570731115745,0.9548100998435901,0.37463788173819756,0.10685833870742519,-0.13129287491790595,0.20044804655165974,0.027129090654656973,-0.01715212799157805,0.19612663383025103,-0.057707772158502715,-9.283072883327953e-05,9.188491530768626e-05,9.903783800441787e-05,-0.13495283003216468,0.48453556812638743,0.45694162122630877,0.7257784610828617,0.7733331808830946,0.49393236084537717,6.4457264739753235e-21,6.4457264739753235e-21,0.48771456533235313,-0.3751295219948107,0.17320016548698972,0.2449838289128381,0.7034185317990873,0.2423936576479698,0.9706364382891675,1.2519307946611564,0.3621049467435168,6.4457264739753235e-21,6.4457264739753235e-21,0.31091029591464264,0.035869753417078994,-0.40701873272881567,0.20435208664226404,0.09341316636427827,-0.16147027285247675
0.31664503001396277,1.0045688151597074,0.21944439612082348,0.0010056659761309614,-0.2632958699672586,-0.13407933342212583,0.9553537022514291,0.37159009970194307,0.10596086301031225,-0.12932320495094243,0.19791265851733433,0.024347899565359495,-0.016369709184028382,0.19933724135054662,-0.058384814811189456,-9.04843743099399e-05,9.031551157224026e-05,9.890517413516031e-05,-0.13152638272375847,0.4879985107680962,0.4483207632911234,0.724177086561358,0.7678130511075962,0.49700998866968576,6.4457264739753235e-21,6.4457264739753235e-21,0.4890893972798335,-0.37029615146204814,0.17105163358531522,0.2460651835014822,0.7039926619470536,0.2388435371376923,0.9677051527773588,1.2486068001907267,0.3630165531291696,6.4457264739753235e-21,6.4457264739753235e-21,0.307903934116913,0.03579526514189012,-0.4075672510364271,0.20226314870579257,0.09124770002991803,-0.1600882394216321
0.31614072641304475,1.0048232807984687,0.2186361544771423,0.0006318755597194995,-0.2619515026092175,-0.13374262294358805,0.9557699280424161,0.37120690290346153,0.10634209235568319,-0.12783386877896094,0.19715305179053258,0.023113627973886018,-0.015599742036072723,0.2016938078699536,-0.05854452561352564,-8.789999578559739e-05,8.89554069624455e-05,9.887591807674755e-05,-0.13057686547364686,0.49144785100091193,0.44629353280800016,0.7268905928340927,0.7647551553943076,0.49857054968682046,6.4457264739753235e-21,6.4457264739753235e-21,0.4903715876117214,-0.36878160253715286,0.17140581822206047,0.2457621236322583,0.7040233275060598,0.2398220903686375,0.965360934460445,1.2475347418420046,0.3645159387706077,6.4457264739753235e-21,6.4457264739753235e-21,0.30726438270735645,0.03485152804168562,-0.40830510794830677,0.20184598529381212,0.09102391217765708,-0.1601274101122011
0.3157080952571495,1.0052023089856055,0.21826425373014258,0.0003879277447297472,-0.2607649658497361,-0.13390343542067754,0.9560716166903057,0.37155382541032644,0.10721307470559585,-0.12660256860269198,0.19643339369235022,0.02350300616095899,-0.01502814702983886,0.20335039818999315,-0.058550442484216675,-8.981753217134875e-05,8.91096580631722e-05,9.904762210643076e-05,-0.13095278674282368,0.49570627890099817,0.4464493948190547,0.7308110330084104,0.7620037771897481,0.498718509050235,6.4457264739753235e-21,6.4457264739753235e-21,0.4908558138889514,-0.3709476241086638,0.17483138561378203,0.2465060746426994,0.7042642990846973,0.23929196529005975,0.9637624617473848,1.2474907625531007,0.36755091159288333,6.4457264739753235e-21,6.4457264739753235e-21,0.3077598034130054,0.033627202369016986,-0.4095322795512137,0.20260127593250854,0.09245091049080995,-0.16121555386052594
0.3154660754415546,1.0055048094576133,0.2181710271325755,0.0003606455965891192,-0.25998746550499746,-0.13424667243128893,0.9562347872344469,0.3717163813954439,0.10782385538204525,-0.1258026087376635,0.1951074225921799,0.024397895913466694,-0.014223981629288555,0.20428174206772265,-0.05922418915763668,-9.040353660073047e-05,8.897006260507973e-05,9.911742297776236e-05,-0.13143944411736352,0.4996034381353982,0.4464678084660317,0.7325642890969862,0.7585596401812468,0.49775308769598997,6.4457264739753235e-21,6.4457264739753235e-21,0.49046793607812755,-0.3753076513276713,0.17980105835799504,0.2489647799910733,0.7045414961370812,0.23442527465899418,0.9619809877119194,1.2474714057389875,0.3722347496236322,6.4457264739753235e-21,6.4457264739753235e-21,0.3087271726540144,0.033020274649774035,-0.4108920957228148,0.20393548779150358,0.09376809197611802,-0.16225555021441615
0.31565760573519747,1.0056852658891848,0.21795473358016515,0.0005031357165003238,-0.25980197966664204,-0.13457317626616053,0.9562389344639693,0.37130379796870505,0.1078112327437281,-0.12606085560744437,0.19335875966919236,0.024381943518875647,-0.01336853873142934,0.20496279629507855,-0.06080495737996683,-9.1954677810256e-05,8.744545896032043e-05,9.911350320981214e-05,-0.13085551564364956,0.501826188948185,0.4448179038622088,0.7309363030748263,0.7550157718951753,0.49645253474153583,6.4457264739753235e-21,6.4457264739753235e-21,0.4888713488464245,-0.3793125715552529,0.18478154528455937,0.2528847440172754,0.7050442216932781,0.2253383061106854,0.9591956387293505,1.2457283689096308,0.37809812040592333,6.4457264739753235e-21,6.4457264739753235e-21,0.30959379138506904,0.03345409617196233,-0.4116582837240442,0.20496195165055628,0.09380633395949968,-0.16215922747491604
0.31600487197470184,1.0057172264502752,0.21751579870055732,0.0006056543963749015,-0.2601097018867346,-0.13477368539386403,0.9561269726680398,0.3710657304684763,0.10711223046462905,-0.12598990124849826,0.1924430047834254,0.02395716330804732,-0.013258688919019438,0.2055229296326195,-0.0627365955984789,-9.232567005220484e-05,8.645647093260727e-05,9.907301058587071e-05,-0.12921303852735502,0.5018086045156704,0.4420962534178929,0.7255668198170594,0.7528548675118842,0.4953598619724838,6.4457264739753235e-21,6.4457264739753235e-21,0.48659053364353383,-0.38156193706823305,0.1876362647183762,0.25747541817970093,0.7061718112966762,0.21505164379284014,0.9555668959376749,1.2417204056517497,0.3838345584437453,6.4457264739753235e-21,6.4457264739753235e-21,0.31061390873420164,0.03475494039377504,-0.4109857554106724,0.20613423115353965,0.09255857167922567,-0.16069161282355388
0.31630918585822554,1.0055877978200773,0.21782853921684991,0.0006114388214175731,-0.2605241093720699,-0.1348007064296881,0.9560103400304608,0.3714627122265964,0.10638682828249951,-0.12619909281538022,0.1926477611887998,0.022788681401707176,-0.014130530303327574,0.2061784177214711,-0.06433650725723261,-9.330355380620765e-05,8.919385784236692e-05,9.915400474866181e-05,-0.12692534905563244,0.49979850497662853,0.4400609173025926,0.7189658133489698,0.7528344806915876,0.49501487721744747,6.4457264739753235e-21,6.4457264739753235e-21,0.48451894908582677,-0.3811904719177279,0.1881502555375158,0.2619333462579545,0.7080877673498366,0.20785347563450043,0.9528761960453658,1.2387988767008846,0.3885126584110122,6.4457264739753235e-21,6.4457264739753235e-21,0.3114471082307373,0.03593690479954741,-0.40867526398016685,0.2069069783506575,0.09059434013196146,-0.15838415572906767
0.31638064806295907,1.0054483958827407,0.21825636384988562,0.0005714846707769695,-0.26073278349515694,-0.13482765021978682,0.9559496029109563,0.372686836285312,0.10603469821813055,-0.12669240602473653,0.19388835139025745,0.02167648178073566,-0.01590233094677917,0.20725605896849564,-0.0648419950953586,-9.25465597585909e-05,8.921222138299852e-05,9.902715327931754e-05,-0.12534689268977656,0.497654597901574,0.43967044143393036,0.7134857921062774,0.7545251059218266,0.4950233516981279,6.4457264739753235e-21,6.4457264739753235e-21,0.4822075506757127,-0.3790134857674838,0.18659365032382255,0.2654805690167009,0.7114572920448835,0.20687210155371025,0.9522124168081708,1.2383386586646115,0.39134590470205155,6.4457264739753235e-21,6.4457264739753235e-21,0.31238072404889816,0.03656432140350204,-0.4060815916462019,0.20765338887776458,0.08949435152403244,-0.15615761471669345
0.3164052269326929,1.0053564849367052,0.2189697105904159,0.00041455940604931776,-0.2606629719230576,-0.13483461480441797,0.9559677294397528,0.3743615117890579,0.10639540056811947,-0.1275782837888251,0.19590160278868282,0.020940840091361473,-0.01846554050540707,0.2082119290044972,-0.06480613831916093,-9.123327286461014e-05,8.937955104182716e-05,9.890728796299685e-05,-0.12433760081671962,0.4954897136725167,0.4407695250413859,0.7095483672313084,0.7561936536219992,0.49538505963460133,6.4457264739753235e-21,6.4457264739753235e-21,0.48059657964517755,-0.37584517547908575,0.18404777808594214,0.2676219797255904,0.7154342214145457,0.2100727596297105,0.95401530059668,1.2399900182517118,0.39220253442540254,6.4457264739753235e-21,6.4457264739753235e-21,0.31309076094060445,0.036422210228702886,-0.40381463093552744,0.208475832594497,0.08933144977820527,-0.15462959389407138
0.31645871527609926,1.0053164714535539,0.21969790569504058,0.00013187032807253124,-0.26054394641278467,-0.13489307604762277,0.9559920453234555,0.3756779590287351,0.10738249233084567,-0.12975500709673354,0.19780508816213574,0.020502723297546037,-0.02157978762565236,0.20853334018886405,-0.06484484935693646,-9.047229691882644e-05,9.001447331680358e-05,9.887501377284935e-05,-0.12352488627615008,0.4949713199114868,0.4408299816040865,0.7080463652972404,0.7548182300493688,0.4955866679685934,6.4457264739753235e-21,6.4457264739753235e-21,0.4791781677023788,-0.3730717429112375,0.18142620284578964,0.26896072328359566,0.7204120996524357,0.21376891640822113,0.9589521887663544,1.242421383869979,0.3903215918796741,6.4457264739753235e-21,6.4457264739753235e-21,0.3136447284700587,0.03559750642899202,-0.4016536477832928,0.20935353114164754,0.08988968207489241,-0.1541691677598138
0.3164316213399843,1.005320198842059,0.22069952438032298,-0.00038641414037184497,-0.26052068562449343,-0.13495606992327366,0.9559895163521003,0.3769824840855236,0.10882873298791247,-0.13208625114720735,0.19998692359020087,0.020804679635264823,-0.024895014504729373,0.20792845548327654,-0.06543222846291533,-9.053942497396384e-05,8.236772575534684e-05,9.863375648877344e-05,-0.12257741082451913,0.49562695418982755,0.4392959960863263,0.7074048466163199,0.7512331326301822,0.4953261073451379,6.4457264739753235e-21,6.4457264739753235e-21,0.4780484887655855,-0.37209367666828075,0.1793162801173673,0.2693440884964444,0.7265704762065586,0.21621370831086817,0.9654395492195292,1.2442485863052253,0.3853964814627398,6.4457264739753235e-21,6.4457264739753235e-21,0.31474425681778406,0.03486275027711078,-0.3996924947035533,0.21126411743766826,0.09121037186256489,-0.15467634407092304
0.3160024211220298,1.005399966818675,0.22257550590975866,-0.0008002997274190243,-0.2608755967279103,-0.13513527985438195,0.9558671890264583,0.37867697872295836,0.11051253238144577,-0.13458046121357364,0.20234730836962164,0.021972913107020316,-0.028200538298493574,0.20660284398308384,-0.0665476230327487,-9.171005794217398e-05,6.64753831703651e-05,9.855694892505203e-05,-0.12204990190799755,0.4961914300089076,0.4380708132312279,0.7063019072423689,0.7492493123033954,0.49438288788383594,6.4457264739753235e-21,6.4457264739753235e-21,0.4767884377411154,-0.37390114213992504,0.1779436321974943,0.26893508414805756,0.7342480288255506,0.21773037859776537,0.9713944967812187,1.2453270427136283,0.3786228937123919,6.4457264739753235e-21,6.4457264739753235e-21,0.31697290905620024,0.03451567941070698,-0.397897765369137,0.2141156551807099,0.09374325291202122,-0.15570203408344818
0.31480427964480767,1.0057278208652263,0.2241285512681999,-0.0009711641602575578,-0.26138490063375985,-0.13565514529351044,0.9556543707020811,0.3819796833359073,0.11189790447191769,-0.13613677814958342,0.20596140607111027,0.025128833981888414,-0.03172530041679342,0.2053469339877218,-0.06710654177428399,-9.277796934897814e-05,5.8066538772638444e-05,9.86477498459812e-05,-0.12427679046412721,0.4962850488634156,0.44099841977618137,0.7046576630226529,0.7518531454972202,0.49243919718828366,6.4457264739753235e-21,6.4457264739753235e-21,0.4749866922154735,-0.37893363454020496,0.17697821393550225,0.26689265748632446,0.7450446100699935,0.22207918322662437,0.9767640271038399,1.244892980712256,0.3707614534701086,6.4457264739753235e-21,6.4457264739753235e-21,0.3211456310589128,0.03483283472925645,-0.3968711558848872,0.21847382601891835,0.09817101398137774,-0.15743662766691538
0.3132653822386653,1.0061895832491274,0.22533309480309324,-0.0008818253594778927,-0.2620684681161303,-0.13639418618822535,0.9553622732350877,0.38644637428282536,0.11277986598602391,-0.13664998096232184,0.21113774042187497,0.02973618673547736,-0.03639101173120607,0.20445984637975181,-0.06682367966956146,-9.416995036238957e-05,6.078449666978337e-05,9.893351057688483e-05,-0.1290910279616606,0.49437852022057555,0.4488137352028083,0.7011237455745359,0.7595558470458645,0.48959213666722506,6.4457264739753235e-21,6.4457264739753235e-21,0.47331691725177116,-0.3869386635168268,0.17759271392125275,0.26427110185776004,0.7588429446858785,0.22773949837432603,0.9818378504381712,1.242616257392153,0.36303271582562285,6.4457264739753235e-21,6.4457264739753235e-21,0.32639606723487724,0.03546091830749653,-0.3957123708683235,0.22398604087632065,0.10364451392514828,-0.15949137229977375
0.31198120864669543,1.0065477105162763,0.22585640174064353,-0.0007192795235126373,-0.2625269808044627,-0.1369965611999043,0.9551500687046336,0.3907664061004958,0.11321808030844045,-0.13609761172969587,0.2169986326773903,0.03413343701235696,-0.04192308053427181,0.20404038143718786,-0.06609663641002571,-9.35560882635887e-05,5.892154712052875e-05,9.893394031230539e-05,-0.13498258894500012,0.49161676756421285,0.457955976499049,0.6972876894500992,0.769214131232002,0.4858400897798903,6.4457264739753235e-21,6.4457264739753235e-21,0.4721149583939865,-0.39554611406990803,0.1794279093576558,0.26212636296189434,0.7750618903028651,0.23216932721512196,0.9880621009851009,1.238360088055605,0.355896135849674,6.4457264739753235e-21,6.4457264739753235e-21,0.33096464731576386,0.03601370567055937,-0.3950529346189456,0.22974131634474712,0.10850339896465624,-0.16146445923213226
0.3113082955421678,1.0067130675585996,0.22633542181866037,-0.0006570666132253034,-0.2625579993287888,-0.1371046858372942,0.9551257443339467,0.3941514984764479,0.11326419418473273,-0.13381971549500726,0.22246334760623826,0.037201553231842655,-0.047329420342752504,0.20401248360446939,-0.0658405940490792,-9.282287110765911e-05,5.348444266599995e-05,9.891789784910012e-05,-0.1408471979637289,0.48779907942537576,0.46689364105043585,0.6944416053860374,0.7804982746707158,0.48156807259447976,6.4457264739753235e-21,6.4457264739753235e-21,0.4720208266981033,-0.40217021035388684,0.1811818388109706,0.26027380514759935,0.7917343192127475,0.2345709051474473,0.9950398838031139,1.2329848665674559,0.3503950816110783,6.4457264739753235e-21,6.4457264739753235e-21,0.33354105316561,0.036350382886283346,-0.395571934778732,0.23479386854609083,0.1120902692145518,-0.16305017843337635
0.3111243938080813,1.0067441304916316,0.22737260920391125,-0.0006455597120917035,-0.26212657691541974,-0.13678374278593902,0.9552904087305532,0.39598204018931543,0.11307690056412026,-0.13050948871684562,0.22625249378114914,0.03869441655667005,-0.05093154219991934,0.20405782022686253,-0.06688439480122106,-9.281621628332235e-05,4.8656552022562985e-05,9.893535279925484e-05,-0.14563092575556713,0.4831878940706792,0.4737577047245819,0.6916559591117665,0.7925024407810658,0.47696368342734935,6.4457264739753235e-21,6.4457264739753235e-21,0.4724367706608047,-0.40540920436272115,0.18131395311273382,0.25931532735646706,0.8065166747265216,0.23396844670039993,1.0020461457167538,1.2290194290520324,0.34766847495876524,6.4457264739753235e-21,6.4457264739753235e-21,0.33379960252986235,0.03611353119470433,-0.3972621643933282,0.23802878477165682,0.11409844667054905,-0.16455636384283934
0.31107786782558394,1.0068584326209986,0.22808706996444297,-0.0008676077304122707,-0.2610529432023236,-0.13633847325121334,0.9556484485635178,0.39698164871719677,0.112713255103407,-0.12718950016144973,0.22816579179582316,0.039305226083251696,-0.05219158021613093,0.20387408348612387,-0.06887669252269264,-9.283420639554359e-05,4.2077335657053236e-05,9.89455343309551e-05,-0.14912301809507178,0.4777202944242745,0.4783682768382362,0.6882722811797756,0.8038469370532809,0.47165825055994515,6.4457264739753235e-21,6.4457264739753235e-21,0.47376187925858565,-0.40479025271986785,0.17879047722941763,0.2585079190886711,0.8192532196482897,0.23174637837198162,1.0083833282535837,1.2257764763236152,0.34731610416976294,6.4457264739753235e-21,6.4457264739753235e-21,0.3326929435670313,0.035571191865478656,-0.4000722964971982,0.23946366518760037,0.11546277836538607,-0.16612267190656393
0.3109358087705259,1.0071093203903863,0.22801070297932025,-0.0012008706389575064,-0.25998793464194464,-0.13585063937835953,0.956007870256725,0.39699731964924034,0.11208062963006218,-0.1245709232925414,0.2286940818384252,0.039493795833294064,-0.052240097569156735,0.20358800278102035,-0.07159045453565736,-9.327453268378288e-05,3.556517793668217e-05,9.90196894190942e-05,-0.15080167899574465,0.4706931626690577,0.47979640928891026,0.6810643976588246,0.8145690297960582,0.46505871109228497,6.4457264739753235e-21,6.4457264739753235e-21,0.47537239247241664,-0.40325633390996213,0.1756660322139385,0.2587871036622671,0.830390136577082,0.22735966164962804,1.0131493050976337,1.221403113249302,0.3490128125509051,6.4457264739753235e-21,6.4457264739753235e-21,0.3314337262663418,0.03533882850018799,-0.4030086947613928,0.24019246337154482,0.11625134081541964,-0.16746550660543993
0.31076802620669464,1.0074366779449684,0.22646252223968938,-0.0017612684591097152,-0.258922287245056,-0.13511807739946352,0.9564002260726564,0.39511458863455245,0.11176057867505527,-0.12328815061175338,0.22800082223410265,0.039725624102731186,-0.05212396242459246,0.20341088191020243,-0.0749342947188488,-9.306660926971064e-05,2.6409363839279242e-05,9.902183591936931e-05,-0.15035037304234283,0.4625288688587639,0.4771432153938604,0.669054978127545,0.8241457399551,0.4565558615680948,6.4457264739753235e-21,6.4457264739753235e-21,0.4779667705145003,-0.40133319425562564,0.17277547061116813,0.26036607720038735,0.8393373886395505,0.2195529430544469,1.0170963987250332,1.2145931505000527,0.3520039098813968,6.4457264739753235e-21,6.4457264739753235e-21,0.3296883553224639,0.03545059906452928,-0.40574755801639045,0.24095429360571277,0.11667015850141273,-0.1682381919772116
0.31051517592802336,1.0077454783302127,0.22378726675866442,-0.0025296224267600522,-0.25790301529451476,-0.13416207990755893,0.9568086966557443,0.3917166856161669,0.11181960668996141,-0.1222160481470167,0.2264734546492826,0.03982368020730021,-0.0519405916406115,0.2033743001098806,-0.07860268323369865,-9.291568743040728e-05,2.9667220434543075e-05,9.905435102519066e-05,-0.14905697667750223,0.4534256401637721,0.4729482621932431,0.6547222573297209,0.8349369577810565,0.4463060257528352,6.4457264739753235e-21,6.4457264739753235e-21,0.4816234208064813,-0.39842129634874074,0.16931729293399822,0.26209275003713517,0.8466692699239107,0.21021303264386174,1.0217218986593741,1.2055276492057279,0.35503234614062884,6.4457264739753235e-21,6.4457264739753235e-21,0.3277756934575083,0.03583896482199382,-0.40889533623164726,0.24292605334734052,0.11735566375344188,-0.16849791550544987
0.3101900870674763,1.007952825895378,0.22104757159460547,-0.0036823801933219937,-0.2564658476681855,-0.13309742539160782,0.9573408982096859,0.3880658018072282,0.11275293288322785,-0.1197410790475365,0.22561741917612513,0.04031266475861815,-0.05141943209706652,0.20342536445369194,-0.08173197580577901,-9.263637209766878e-05,5.420198449070683e-05,9.910047281243319e-05,-0.14760065075196577,0.443909068705019,0.4691468037335912,0.6407979659982109,0.8474290639243655,0.4359440767512137,6.4457264739753235e-21,6.4457264739753235e-21,0.48712025898734657,-0.3924951505179974,0.16355936392166193,0.26361787538733733,0.8517297981097616,0.20136430858925417,1.0269406723263421,1.1972696057024022,0.35790086842248425,6.4457264739753235e-21,6.4457264739753235e-21,0.325283646954947,0.03558752042557944,-0.41360328155250536,0.24600965975345696,0.11887405253952499,-0.1688655891596534
0.30980630594150216,1.0081148067950467,0.21922921692692485,-0.005052474283972927,-0.25435940129942197,-0.132356294628186,0.9580004578852046,0.38597923677009155,0.11430168190800771,-0.1154048893636574,0.2257306142223778,0.040965982762969526,-0.05028575840078113,0.2026275205644008,-0.08395639427907994,-9.211074730101391e-05,7.746187938636274e-05,9.912053754115949e-05,-0.14673745392957477,0.4357846731191341,0.46633614481262564,0.631370305734973,0.8598292065092212,0.42719560870105305,6.4457264739753235e-21,6.4457264739753235e-21,0.494464742686895,-0.384284288146199,0.1553030983304541,0.2641820860143361,0.8547126362747155,0.19533861616375048,1.032582679099279,1.191094582194799,0.3606452568645551,6.4457264739753235e-21,6.4457264739753235e-21,0.32268217733936344,0.034306429880350556,-0.42023775436338195,0.24882614967975297,0.12095234835575959,-0.17001574742672448
0.30920317079976584,1.0083469447865183,0.2187981119157124,-0.006236743931516273,-0.2521177998955548,-0.13218914441743276,0.9586086653066299,0.38615042030744284,0.11592373169695544,-0.10986987251807642,0.2267689306026746,0.0417311260066563,-0.04892965677906359,0.2007494465822867,-0.08551463397554827,-9.10833530830302e-05,8.520787150197833e-05,9.90953694554517e-05,-0.14633445911843868,0.42843713115624527,0.46437423685645673,0.6253635565192042,0.8710098251642214,0.4215253621401456,6.4457264739753235e-21,6.4457264739753235e-21,0.5019732162914832,-0.37766791131997995,0.14667501974114436,0.26445092157491457,0.8567047101332299,0.1922458204475829,1.0387469652183143,1.187468346865551,0.3639511027054362,6.4457264739753235e-21,6.4457264739753235e-21,0.3210298890013311,0.03241615056889931,-0.42736214659507393,0.2510552212352342,0.1235852617848357,-0.17226998345391845
0.3086205196541905,1.0085704504824724,0.2195567349750503,-0.006958780475084106,-0.2503075806551587,-0.1324304358900441,0.9590432291320465,0.38727990586178684,0.11734984180080195,-0.10549189259856472,0.22758929326532282,0.04170255384657302,-0.04829638035742638,0.19826045891233282,-0.08699196446853376,-9.12599241032875e-05,8.702584629991115e-05,9.915139923571652e-05,-0.14496290232262246,0.4210151334339983,0.4615806358462852,0.6204457467186285,0.8787186090372642,0.419470580704416,6.4457264739753235e-21,6.4457264739753235e-21,0.5073613169463377,-0.3752326217405955,0.1402497996442527,0.2665503981131178,0.8587637981478431,0.18809871286653818,1.045148441310862,1.1844756043090463,0.36865484330323917,6.4457264739753235e-21,6.4457264739753235e-21,0.3200468864577346,0.030595229295557243,-0.43315856128826413,0.2519950008924374,0.12569032649290116,-0.17480807054816408
0.3081194491499998,1.0087109805883485,0.22103375435710182,-0.0071306897900439295,-0.24936737492332145,-0.13260785725559474,0.9592607643823526,0.3877750857113935,0.11832705168037448,-0.1030684007807937,0.22781365893712893,0.040137599176683206,-0.04860244958256996,0.19635790890523533,-0.0883648834037655,-9.077660488361629e-05,8.526366816712163e-05,9.910320625090434e-05,-0.14307665445344075,0.41483435307416916,0.45815395185990415,0.6168318858808834,0.8825079106702358,0.42049346761079714,6.4457264739753235e-21,6.4457264739753235e-21,0.5096295297406962,-0.37836055775716093,0.1362833888507774,0.2714698259762632,0.862874486926391,0.18112968397083556,1.0529411580582855,1.180168940533378,0.3752389737776714,6.4457264739753235e-21,6.4457264739753235e-21,0.31947926761520135,0.029558036157489493,-0.43660910587540863,0.2519323386582212,0.1259659332522528,-0.17702234521804397
0.3077751486382527,1.0087569539489527,0.22248333098717826,-0.007063507334144354,-0.24886288511321314,-0.1322970868166647,0.9594348534764949,0.38694875819642977,0.11913301055062762,-0.10225972969492499,0.22838702230625796,0.038056675570531856,-0.0501827816459729,0.19576543427796808,-0.08969704506434768,-9.041346513775624e-05,8.144253972226669e-05,9.90550647919444e-05,-0.14079845900667565,0.4097981707050017,0.45476167151220565,0.6130429269933438,0.8822407212987161,0.4237695429720992,6.4457264739753235e-21,6.4457264739753235e-21,0.5106243585330974,-0.384137952838913,0.13338922295852587,0.27868788729185684,0.868612146512542,0.1713214573157713,1.0620069534167045,1.1747519018919488,0.38370137768819906,6.4457264739753235e-21,6.4457264739753235e-21,0.31824285992020196,0.028898298403046314,-0.43821303976168435,0.2516399460174228,0.12477783788420106,-0.17890618215645882
0.3073937349384111,1.0088641750447862,0.2232935164597348,-0.006960545989041906,-0.24825609866148557,-0.1316392192163542,0.9596835153813918,0.38567358864338214,0.1194818769184353,-0.10136498307334742,0.2293640088659787,0.036034316660472764,-0.05167610848720988,0.19605484502028292,-0.09118339000909106,-9.14929052743425e-05,7.598892160468037e-05,9.912402509541978e-05,-0.139564096459546,0.4068171611488157,0.4527103808385467,0.6105886080910929,0.8790638357922986,0.42815212140218906,6.4457264739753235e-21,6.4457264739753235e-21,0.5113424103084215,-0.3899391934831118,0.13022167288753841,0.2856540142394465,0.8751725930465758,0.1608006046030834,1.0715643037125007,1.16900738270178,0.39318060337636,6.4457264739753235e-21,6.4457264739753235e-21,0.3169353343225825,0.028560998969060294,-0.4383184787366476,0.2517059983781294,0.12289104714412011,-0.1805929684309232
0.30682870045050875,1.0090031640465598,0.22350366550773826,-0.006853897550950445,-0.2473549671274641,-0.1306885584701472,0.9600473449483857,0.3848497642979746,0.1189766511128174,-0.09932792316401258,0.2308481062278174,0.03485121817021988,-0.052207395443647546,0.19674097897049553,-0.09314605692456095,-9.134153642037081e-05,7.268589663246568e-05,9.914577740755948e-05,-0.13906401366230348,0.4034115328733416,0.4530237789048252,0.6082922628232018,0.8758242802845313,0.43299095169683355,6.4457264739753235e-21,6.4457264739753235e-21,0.5134122071445709,-0.39437612545054007,0.12700393689795597,0.29088415907628346,0.881797353568394,0.15036433776570376,1.080808027650297,1.1632386921261948,0.40256536064859755,6.4457264739753235e-21,6.4457264739753235e-21,0.31583677558022477,0.02861059080885133,-0.4374397783793422,0.25262927836405424,0.12170223761821375,-0.1819380081280631
0.3062436657056988,1.0091259657968192,0.22365712013132794,-0.006930103379838226,-0.24592977803070762,-0.129697735096215,0.9605479085897121,0.38508270105111947,0.11801984617137772,-0.09611465907955449,0.23309855884341357,0.03460454488438817,-0.05204600498185653,0.19741762803977367,-0.09505699437021808,-9.280802647057097e-05,7.881882932154358e-05,9.930808890107006e-05,-0.13982255420275985,0.4006630539944816,0.4563302824540827,0.6084245967387126,0.8735304015684516,0.4370701937099544,6.4457264739753235e-21,6.4457264739753235e-21,0.5173243772310974,-0.3965663509039881,0.12401704844089931,0.2938200134927862,0.887958833059538,0.14091349607590278,1.088917084964472,1.1573681567451848,0.41085988161360937,6.4457264739753235e-21,6.4457264739753235e-21,0.3148097500317076,0.028658076476696773,-0.43682427254851236,0.25395096970867936,0.121852816356253,-0.18245703021580528
0.3057089218189175,1.0092060022784435,0.223914687336723,-0.007336808535565697,-0.24402880067262683,-0.12884998005682527,0.961144449119591,0.38630423776999495,0.11747799008791625,-0.09241762784374793,0.23634973243504845,0.03543676014242857,-0.05217725494355304,0.19768209878013332,-0.09651853468078114,-9.389175741076185e-05,8.520364727655045e-05,9.940125168363875e-05,-0.14112227606833122,0.3992824266918274,0.4613074154495699,0.6117234418710468,0.8733828537764482,0.43937224699335753,6.4457264739753235e-21,6.4457264739753235e-21,0.522899126865159,-0.39690589919753305,0.1214504965435569,0.29515317722068873,0.8934620630277809,0.13247697164420802,1.0959316191717776,1.1509264288782388,0.41743419525112485,6.4457264739753235e-21,6.4457264739753235e-21,0.3140002174035444,0.02851226922232182,-0.43779258192346915,0.25620157419373685,0.12349610426737576,-0.18227267617261797
0.3051432136116939,1.0092542538045743,0.22420647581339376,-0.007993785864701468,-0.24190011167119121,-0.1283766561960614,0.9617408238520216,0.3882689524044823,0.1172913820775194,-0.08835085368175771,0.23953389232077,0.03728185296655959,-0.05235601066341111,0.19740121999923488,-0.09745596575765907,-9.337810084796993e-05,8.72089186032362e-05,9.930824652483653e-05,-0.1423987760427228,0.39997904478858853,0.46621317279219265,0.6172558652907962,0.8735989786029629,0.44002022071847974,6.4457264739753235e-21,6.4457264739753235e-21,0.5292499639925847,-0.3950094049411859,0.11812565488345446,0.2960135256079671,0.8984242304409105,0.12589039471997457,1.1020608439612882,1.1445277901230722,0.42261176942238904,6.4457264739753235e-21,6.4457264739753235e-21,0.31329359411257457,0.027686775648450724,-0.4405348220226195,0.2584203430183057,0.12626360045088508,-0.18154771594504837
0.30435280966041917,1.0092800497499024,0.224979401181569,-0.008673380343990981,-0.24021868999187634,-0.12823629417595062,0.9621739461619082,0.3901731180064355,0.11736738161046224,-0.08449741688275454,0.24166179266636217,0.03935522505163498,-0.0523520600306723,0.1967389533361235,-0.09805068889562717,-9.137514363622463e-05,8.532373503822432e-05,9.89304693836006e-05,-0.14378001955982173,0.4033742658918578,0.4689695670132018,0.6238789726363283,0.8728287184683611,0.43930554032951075,6.4457264739753235e-21,6.4457264739753235e-21,0.5342342748127352,-0.39209799866431716,0.11425372979167081,0.2970476908142653,0.9025454566132611,0.12174023195996417,1.1069094095685141,1.1393345837080502,0.42746660826282135,6.4457264739753235e-21,6.4457264739753235e-21,0.31320133562600583,0.02656458527608366,-0.4435602007313407,0.2598667744793506,0.12847907053451765,-0.18075877620878797
0.30335102193955854,1.009168545639091,0.22636979321382436,-0.009147093619503424,-0.23904266996803125,-0.12827664380542728,0.9624560893690541,0.39179383347273095,0.11723475023778783,-0.08070710049291262,0.242412334212033,0.04102062442464639,-0.05153488753088964,0.19574106422448462,-0.098662071739062,-9.143960095058564e-05,8.47183187545973e-05,9.87207335251456e-05,-0.14493126788779054,0.40822529799076485,0.46949629619921956,0.6298323510345806,0.8709869565905318,0.4374816092086089,6.4457264739753235e-21,6.4457264739753235e-21,0.5380436743355057,-0.3890603421415726,0.10923256193632308,0.29836969713065464,0.9058183841498967,0.11982295383025972,1.1111831443142903,1.1355689565243763,0.4329431056974691,6.4457264739753235e-21,6.4457264739753235e-21,0.3134901989093753,0.025069657841125328,-0.44617919250170457,0.2601575238120587,0.12956628939953543,-0.18034389436808063
0.30211146112369497,1.0090053684620366,0.22831712388080724,-0.009401752844348316,-0.23844224086675156,-0.12836050925342846,0.962590741189212,0.39307788854544207,0.11694041538498154,-0.07848185125446946,0.24190219938186652,0.04192992654814672,-0.05075838893133535,0.19465117796389608,-0.09960997272117555,-9.213674222462365e-05,8.454940204006028e-05,9.867542933664702e-05,-0.14575717185304912,0.41337965085115275,0.4684698784955804,0.6333584910474181,0.8670249233889907,0.434642012221464,6.4457264739753235e-21,6.4457264739753235e-21,0.5404526040647679,-0.3867058859509721,0.10399024415673516,0.29967276113411884,0.908149634983646,0.11861091791887442,1.1145629912989827,1.1321822427718582,0.43947544229977864,6.4457264739753235e-21,6.4457264739753235e-21,0.31405997650335976,0.023623170911821163,-0.448474498182917,0.25976672343429336,0.13013673433880016,-0.18010949554166247
0.3008745387339007,1.0088776252970397,0.23008505649477023,-0.009495139073369784,-0.23822412765869866,-0.1282876188983625,0.9626533434651029,0.3936726164584771,0.11668560760644547,-0.07807450954487156,0.24057088932872078,0.0423695928688977,-0.04998684808283606,0.19399400076529255,-0.10114504115694488,-9.243656891139363e-05,8.289388732890718e-05,9.871077378374036e-05,-0.14532368245668206,0.416482397362661,0.4672265397634065,0.6336752117002724,0.8629576190486481,0.43180199675528136,6.4457264739753235e-21,6.4457264739753235e-21,0.5406853944920275,-0.38542308902514455,0.10043985139168285,0.3013409143591115,0.9106768884809773,0.11629976180988416,1.1181883623325155,1.1289433825770023,0.44664312751944313,6.4457264739753235e-21,6.4457264739753235e-21,0.31474937313263895,0.022928220900568435,-0.45083140562962104,0.25983251685474346,0.13071628125809406,-0.18006549698230828
0.299864417618591,1.0088734815029199,0.23155583146862152,-0.009663301794499457,-0.2381926342958142,-0.12814355921279444,0.9626786423632662,0.39404908789406934,0.1168877805422566,-0.07969026988102201,0.23908984532381972,0.042908664519038665,-0.04897363519773929,0.19371223348893468,-0.10256698465443471,-9.133764390483352e-05,7.946348060174371e-05,9.85895987187905e-05,-0.14418150983553066,0.41892609909115175,0.4667487130024906,0.633133311718277,0.857172164771079,0.4300011112739662,6.4457264739753235e-21,6.4457264739753235e-21,0.5398291618426151,-0.38521831587382555,0.09928960922775372,0.30378457153801286,0.9142405796689601,0.11230956315346244,1.1232979088986144,1.1253450016594173,0.4540707306295491,6.4457264739753235e-21,6.4457264739753235e-21,0.3156066286354616,0.02267975105692305,-0.4523514682280355,0.260114013776813,0.13133222077242926,-0.18025543121288592
0.29907460291913396,1.008959916549163,0.23220656982475005,-0.009970970503985158,-0.2382443665029666,-0.1279958340636216,0.9626823916611691,0.3946355894617019,0.11788726114823415,-0.08191953563038101,0.23891056035187477,0.04402095264846972,-0.048129901234288126,0.19351576457526595,-0.1036349847185488,-9.214010882901551e-05,7.600234535317582e-05,9.873183068082034e-05,-0.14273345946655056,0.42186135042923567,0.4659078205658958,0.6340446105517958,0.8498836049180878,0.42941522653593894,6.4457264739753235e-21,6.4457264739753235e-21,0.5386818709896715,-0.3857584470607338,0.10116592371267846,0.30649174417860625,0.918853660338593,0.10893730651523446,1.1300318722577494,1.1209296351035227,0.46123792525540835,6.4457264739753235e-21,6.4457264739753235e-21,0.3168951774956856,0.022607166338437474,-0.4527531096601339,0.2612950750269769,0.13167072121044482,-0.180745273918513
0.2985316152426305,1.0090030174424705,0.2320354626598711,-0.0103982001287455,-0.2382226839231277,-0.1279534817440249,0.9626889017963398,0.39562112017620166,0.11952091462483203,-0.08405332723950752,0.24002365598339936,0.044987033861525125,-0.04764496811573048,0.19299705118088034,-0.10408730571809177,-9.212759086380941e-05,7.154584454676529e-05,9.870684547755244e-05,-0.14140848671044381,0.426059239893467,0.4639538346691064,0.6370743065492575,0.8414366107508735,0.429523561741844,6.4457264739753235e-21,6.4457264739753235e-21,0.5390139815691322,-0.384704911526392,0.10278500449936748,0.3098274584805065,0.924263017013822,0.10684850178873516,1.1382720343956547,1.1156649167682422,0.46863598177491234,6.4457264739753235e-21,6.4457264739753235e-21,0.3182950561878031,0.022065522323834606,-0.45224766996835847,0.26284901395010507,0.13132594197620684,-0.18049291950275664
0.29816263499627216,1.0089356385452348,0.23158143761323227,-0.010617371706873222,-0.23882070262244712,-0.12783980989223165,0.9625535638591756,0.3960999547294107,0.12095422367505171,-0.087249175466792,0.24081957022859637,0.04438893962891423,-0.048572651483723216,0.19231516835116969,-0.1047101485581348,-9.196192183340862e-05,7.144270860688934e-05,9.859996718911892e-05,-0.13958234454970525,0.43068844694773195,0.45857138676864845,0.6391668491519427,0.831319776879362,0.43055834271636356,6.4457264739753235e-21,6.4457264739753235e-21,0.5399350611739279,-0.3818904632515998,0.10471305034990266,0.314740325302502,0.9301289685831073,0.1035319838992327,1.1463172532276038,1.109281811797647,0.47726095976549626,6.4457264739753235e-21,6.4457264739753235e-21,0.3193053862513359,0.021524166699322115,-0.4503173830551613,0.2636226982350056,0.12965841257772215,-0.17894635628528027
0.2978466983460542,1.008876282595742,0.23098617868839155,-0.010512349646542877,-0.23980456909497608,-0.1276257081240709,0.9623388221949045,0.39621998294297495,0.1216538397387056,-0.09031218054414952,0.24128920083157218,0.04296030043960895,-0.05011782003430305,0.1917515452122375,-0.10557411151735627,-9.175730325904977e-05,6.927490840284337e-05,9.845610902454506e-05,-0.13809565923592892,0.4358455387597634,0.45159346068318373,0.6406646379326006,0.8213303642011252,0.4326695770344447,6.4457264739753235e-21,6.4457264739753235e-21,0.5407326818941189,-0.3799886950087647,0.10818055638509308,0.3199842928924969,0.9375482624366956,0.10110312896941288,1.1555649673064328,1.1034380826856744,0.4870259449909734,6.4457264739753235e-21,6.4457264739753235e-21,0.3202872681759728,0.021386168712999077,-0.4468594355750392,0.2640066451368254,0.12745369173713866,-0.1771228430655908
0.29756359169341445,1.0088867283175473,0.23061892958557859,-0.010186092683915226,-0.2408314671682788,-0.12749104689856636,0.9621037964867807,0.396565871298027,0.12171510595344792,-0.09226489043857035,0.24147748620532297,0.04142142547153708,-0.05078305367838861,0.19080913944737407,-0.10667048957106053,-9.239824114888273e-05,6.263868763547515e-05,9.846439546784196e-05,-0.13726528480230293,0.44218568925272805,0.4444395936920324,0.6424196083480032,0.8117952593895456,0.4355139529923575,6.4457264739753235e-21,6.4457264739753235e-21,0.5411591624193114,-0.3811471658603557,0.1148745916881193,0.3245590552558168,0.9468224735320003,0.09834027295900251,1.1658357622215527,1.0973569578814133,0.4980286933672514,6.4457264739753235e-21,6.4457264739753235e-21,0.3215110486788721,0.021528461214661305,-0.4421865484614308,0.2635656804927065,0.12517284958338942,-0.1765807214315986
0.297223067362907,1.008964731595876,0.22988449311313766,-0.009897146183094613,-0.24145553621062357,-0.12742078028526757,0.9619593099743243,0.39744634034251813,0.12144096652895917,-0.09133728895934486,0.2425105647563079,0.04060881505557664,-0.049988620620676806,0.18974696538102143,-0.10774302796004384,-9.21951380082103e-05,5.1079666460152416e-05,9.837763475533434e-05,-0.1367568590272219,0.4478648730034835,0.4387170948871358,0.6446005397959148,0.8053762071126843,0.4385591485448946,6.4457264739753235e-21,6.4457264739753235e-21,0.5405777567161777,-0.38348842156329677,0.12336323386725392,0.32721344045194517,0.958021381830022,0.09805015915546388,1.1779355579524804,1.0925230816335194,0.5108791443407557,6.4457264739753235e-21,6.4457264739753235e-21,0.32282500541110654,0.021825560600620058,-0.4385127785125932,0.2632617345726547,0.12353777905669444,-0.17731572202898715
0.29690398398703355,1.0089911549522912,0.22910028321328077,-0.009867638024506993,-0.2414603900253154,-0.1273148970920601,0.9619721612527659,0.3984404658582057,0.12139073320968516,-0.08853100356168812,0.24438557682846457,0.04047702788542703,-0.04889314018798816,0.1887385936671031,-0.10878806188851857,-9.259328102786604e-05,4.9413522466731455e-05,9.850155283212457e-05,-0.13592027325068445,0.45138341817782685,0.4349343422269197,0.6466076026254624,0.8022367932861547,0.4408984915721159,6.4457264739753235e-21,6.4457264739753235e-21,0.5389263763688622,-0.38334295541837465,0.1293747597738584,0.3288425657103151,0.9696283873968012,0.09957667368351346,1.1905246913837004,1.0882790301919867,0.5263754722287296,6.4457264739753235e-21,6.4457264739753235e-21,0.32341243369995876,0.021761460607401723,-0.43735615155862473,0.26302314528568965,0.12266477804635874,-0.1781797210190814
0.2966020809403431,1.0089539065035573,0.22864619951922993,-0.010118476784695345,-0.241184477312382,-0.1270226867920901,0.9620775108585388,0.39903722736657893,0.12169815590249115,-0.08527997570980855,0.24676873059005003,0.04096581363592079,-0.0493553405915637,0.18792095913655918,-0.11060017797114768,-9.349135754611407e-05,5.6903368998746496e-05,9.877039507125302e-05,-0.1343426494795526,0.4529357685830017,0.432578228016019,0.6480673403048196,0.8004136873130372,0.44212989926218993,6.4457264739753235e-21,6.4457264739753235e-21,0.5363234489850771,-0.3792707473847219,0.13207264970200824,0.3288090954626572,0.9804262870017031,0.10322405995595972,1.2039826624635617,1.084837723513582,0.5447972548092975,6.4457264739753235e-21,6.4457264739753235e-21,0.322922021469087,0.02090469944694934,-0.4381511089453606,0.2631065565197197,0.12256669870886909,-0.1778303632457341
0.29631569403006924,1.0089313266236453,0.22858702915983492,-0.01044277006469773,-0.24039480672588734,-0.12667021877972318,0.962318477520891,0.39933872737436676,0.12222990725981042,-0.0821733322173396,0.24926318433036643,0.04200261150987708,-0.0516210081634923,0.1871440295186449,-0.11287524321982764,-9.425336846675348e-05,6.729256467511444e-05,9.900579058013074e-05,-0.1330515244190342,0.45349202407509503,0.4317975222921534,0.6488836938047512,0.7985434998041926,0.4416978241727084,6.4457264739753235e-21,6.4457264739753235e-21,0.534846792697509,-0.3723047094739212,0.12995338976474552,0.3271233758809083,0.9900768126813543,0.10839270383169386,1.2178399796746993,1.081562366453234,0.5647337430154674,6.4457264739753235e-21,6.4457264739753235e-21,0.3215558302387275,0.019305736956660272,-0.44017911379267316,0.2631477130402372,0.12329116175880259,-0.17703514436792384
0.2961366646924283,1.0089349940930055,0.22904508593053596,-0.010856727904713289,-0.23922464507646915,-0.1264030529222207,0.9626409947964688,0.3994879149918594,0.12301567257757028,-0.08038671467516346,0.25116886656099563,0.04270257292505423,-0.05530832963134913,0.186510595710732,-0.11493208286989666,-9.340194189305797e-05,7.475090416098029e-05,9.898009930937336e-05,-0.13244294116127608,0.45456779905340206,0.4315301672702564,0.6495818911160596,0.7952112152127241,0.4401707590852654,6.4457264739753235e-21,6.4457264739753235e-21,0.5344222041952748,-0.3647150560452145,0.12493356455858376,0.32480927083226563,0.9992076148376401,0.11186928614716603,1.230108627423809,1.0775997981246523,0.5847675820803825,6.4457264739753235e-21,6.4457264739753235e-21,0.31970053345164307,0.017095026133995387,-0.441895258656092,0.2628140416286196,0.12464752793958223,-0.17571048049390847
0.29584543302478694,1.0090281938683403,0.2301474054272663,-0.011185763284527087,-0.2378346871645639,-0.12631771251128726,0.9629930151424875,0.4003818218761967,0.12381606577547803,-0.08082340310192827,0.25245271996467394,0.04231718448445666,-0.059984907272064306,0.18613031827633084,-0.11618280689577576,-9.288612383941781e-05,8.167579270665925e-05,9.899838507654867e-05,-0.13258774567163886,0.45635141182581185,0.4318014196365453,0.6509608516691388,0.7916638242401614,0.4388034080124638,6.4457264739753235e-21,6.4457264739753235e-21,0.5343958911020013,-0.35882900496941217,0.11925973890998139,0.32271521399330866,1.0074505046835887,0.11374886477403867,1.2398748057729336,1.0744226634773206,0.6046705445134084,6.4457264739753235e-21,6.4457264739753235e-21,0.31831237185433325,0.014856331542588093,-0.4433865316107509,0.26272286877236867,0.1264839674447779,-0.17475210393775492
0.2952363776215612,1.009218776658585,0.23224492951481038,-0.01138320135372753,-0.23634262732193587,-0.1264358001802052,0.963342605214111,0.40188722755466505,0.1250526967842918,-0.08281013980233645,0.25334087739939654,0.04157578116195623,-0.06406628479576199,0.18563270910629906,-0.1169668304375613,-9.286947210918524e-05,8.584040011341562e-05,9.902454011927315e-05,-0.133718987155231,0.4585187978349939,0.4342765124767177,0.6543241784278442,0.790242933449178,0.43806050080903597,6.4457264739753235e-21,6.4457264739753235e-21,0.5339242758934364,-0.35594201925872665,0.11560793772364658,0.3207949077403369,1.0138387262220707,0.11456391619547639,1.2474438572655824,1.0727517066306351,0.6241376134433387,6.4457264739753235e-21,6.4457264739753235e-21,0.31774263355508314,0.012645338449321444,-0.4451437836884447,0.26355349585417864,0.12918949723824008,-0.17496514837222385
0.29434716264191824,1.009456839204845,0.23544812510844113,-0.011487199294064492,-0.23513160609969413,-0.12662921732430735,0.9636118516574943,0.40379590784222574,0.12683463593373556,-0.08500930126643436,0.25450811356497655,0.041230086016534204,-0.06678089838285853,0.18492277333264726,-0.1173703781064283,-9.264292351219379e-05,8.800652768944947e-05,9.899551662423974e-05,-0.13500009952114922,0.4604586375887917,0.43836852863152004,0.6587108546869569,0.7914698913308609,0.4374270413306266,6.4457264739753235e-21,6.4457264739753235e-21,0.5335004365093218,-0.3557907319423639,0.11538472051952478,0.3194066100473546,1.0176566816279593,0.11447901709481559,1.253553150149028,1.0734148173061562,0.6428779423354544,6.4457264739753235e-21,6.4457264739753235e-21,0.3181651639833755,0.01048273967038535,-0.4470023421385584,0.2656148009477575,0.1322837832852812,-0.17613123433385142
0.2933127976442401,1.0097483661603266,0.2389828203990399,-0.011402881141987523,-0.23407674650618224,-0.1269553425068229,0.9638265737724473,0.40573976827121255,0.12882423603072274,-0.085753302854959,0.2559012451249669,0.04210029464921265,-0.06708038645298936,0.18384385051897487,-0.11740290572601676,-9.192398305746214e-05,8.846784629014002e-05,9.889513189560154e-05,-0.1360514158233008,0.46215653689355046,0.4423663411095006,0.66267274410577,0.7937043260086789,0.43624481918233987,6.4457264739753235e-21,6.4457264739753235e-21,0.5340205456436055,-0.35735342498937733,0.11625306253640319,0.31905068156011696,1.018636046172866,0.11336662312702947,1.2573867800452914,1.0741349668375795,0.6597909577388699,6.4457264739753235e-21,6.4457264739753235e-21,0.3194010218145699,0.008509193142140513,-0.44837788524890704,0.26791871495275094,0.13520667632390848,-0.17777943249334535
0.29254132231033525,1.0100147299009883,0.24172016342463526,-0.011217808660296251,-0.2334783124902829,-0.12728626288299744,0.9639298512616208,0.4066584305039932,0.1306386519781616,-0.0856864028146923,0.25653944792587596,0.043516434584307484,-0.06537849445591577,0.18257857599054797,-0.11748097393670476,-9.14339637812039e-05,8.795344464780854e-05,9.88002880309808e-05,-0.1366773554077525,0.4642948618216915,0.44374895284837057,0.6649317118061621,0.7946199160925568,0.4350829355046413,6.4457264739753235e-21,6.4457264739753235e-21,0.5348586647768816,-0.35998266192371686,0.1170969638996704,0.3193996451879857,1.0174879509837507,0.1106798354533838,1.2589601082282253,1.0737218845133412,0.6740509510931479,6.4457264739753235e-21,6.4457264739753235e-21,0.3207951317700757,0.006894636464969643,-0.448430164472281,0.2700142410964974,0.1375476179703159,-0.17861843023320778
0.2921420845865608,1.0102524068933842,0.24305104727750323,-0.010770083082498967,-0.233387304922683,-0.12746580330244986,0.9639331310745689,0.40614060637138366,0.13128435982552086,-0.08554280753698774,0.25538615635827316,0.04437551014576347,-0.06266785839321164,0.1814359827518641,-0.11803178650771162,-9.116785270222737e-05,8.359366034280402e-05,9.870305310601237e-05,-0.1369894283426998,0.46635494843043396,0.44227406117656565,0.6648540211785814,0.7938513571202244,0.43499242969863255,6.4457264739753235e-21,6.4457264739753235e-21,0.5347846501970658,-0.36359464020513466,0.11730907854039424,0.31997887073404874,1.0156797542983238,0.10699776650269738,1.2594280763503203,1.0719582630976394,0.6853693341662263,6.4457264739753235e-21,6.4457264739753235e-21,0.32198648313444744,0.006300922518862751,-0.4477067786601639,0.27146527976841006,0.13862901242877723,-0.1794109421278317
0.29200709049601486,1.0104340030127161,0.24301624436932895,-0.010249549990191177,-0.23368529783989406,-0.12752796795331764,0.9638584516932541,0.40454726405907177,0.13121024921199034,-0.08626884646128011,0.2531330612859798,0.04462402856978053,-0.060104476976022725,0.18027031868795262,-0.11931704797250545,-9.125773694622605e-05,7.431168982329484e-05,9.863238066100695e-05,-0.13713162060622866,0.46761419900470325,0.439987058307555,0.6630650755545799,0.7919445965264026,0.4361616253257406,6.4457264739753235e-21,6.4457264739753235e-21,0.5333797413539167,-0.3669870002712119,0.11752097822694699,0.31997901814754504,1.0136734993195327,0.1037109480786985,1.2592495605835838,1.069926792839919,0.6942139331326087,6.4457264739753235e-21,6.4457264739753235e-21,0.32273556049111823,0.006405768705076163,-0.44665335893313957,0.27237508225557744,0.13903800342162284,-0.18066177799938468
0.29200407417642243,1.0104830874337265,0.24186173901583186,-0.009918064434144735,-0.23407478532349038,-0.12745407531963848,0.963777131519903,0.40310972138044576,0.1304767367373009,-0.08704725541703799,0.25110160573239193,0.0444156181701376,-0.05928366889202944,0.17945971366758118,-0.1205927401836842,-9.179384218029011e-05,6.976056991488243e-05,9.866664940914996e-05,-0.1369180222944899,0.467924714800029,0.4378608463008177,0.6599646894040786,0.7898822406480455,0.43836258680648976,6.4457264739753235e-21,6.4457264739753235e-21,0.5308808036498832,-0.3695676321700645,0.11840998868461663,0.319368240395488,1.0121170120740082,0.10148216725959229,1.258570081497789,1.0669309897870671,0.7010150125786226,6.4457264739753235e-21,6.4457264739753235e-21,0.32339502664577324,0.007302356518944144,-0.4459631291347021,0.2733393821279486,0.13907181207446812,-0.1827306491504216
0.2920205625280726,1.0103847465514315,0.24043842939832447,-0.010056302753926894,-0.23395416413005504,-0.1273345298753496,0.9638206717211975,0.4025666081628617,0.12957221891999765,-0.08655340863470734,0.2500638433419318,0.044336098702760035,-0.059668125253668686,0.17904417365012906,-0.12115548027311812,-9.21032541585437e-05,7.416534595763115e-05,9.873396964780045e-05,-0.13598309361897326,0.4679428524459743,0.4356026813720306,0.6573836632207605,0.7882937594259267,0.4413317306550505,6.4457264739753235e-21,6.4457264739753235e-21,0.5280569650474091,-0.37073847562024853,0.12011472519531684,0.3182492306710776,1.0105256779034557,0.10083681283212963,1.257906900078724,1.0647061982351578,0.7062233489972345,6.4457264739753235e-21,6.4457264739753235e-21,0.3240887345613135,0.008430077553193867,-0.4450609675142074,0.27431777568537835,0.13879773970938844,-0.1844877982757918
0.2921154113861506,1.0101830694334804,0.23999068525314388,-0.010848361386584024,-0.23322401278556582,-0.12718280378241512,0.9640096610476726,0.40271340827112284,0.12910378935684086,-0.08435456117506927,0.2499273320068032,0.04417907393328203,-0.06007123098374052,0.17927218973967185,-0.12034718508242945,-9.330340087662612e-05,8.431471973825748e-05,9.896147921765105e-05,-0.13484836350928728,0.4682742231018371,0.4333993204627999,0.6558876852488597,0.7867823192244606,0.4445591095223788,6.4457264739753235e-21,6.4457264739753235e-21,0.5255250589652535,-0.37074820164405753,0.12255828247622733,0.31741547673974707,1.0085782950007023,0.10145753698840698,1.2578798872008563,1.065541890161196,0.7099359361720422,6.4457264739753235e-21,6.4457264739753235e-21,0.32461158920403443,0.00938051849504718,-0.4445782504402446,0.27539169120690055,0.1381677025696951,-0.18523013799565202
0.29231543160634316,1.0098939855374756,0.24104387036580693,-0.012200824046961956,-0.2320916947981672,-0.12705139989693445,0.964285088218621,0.4033126784120358,0.12925077667195736,-0.08090442402251438,0.2502707004928451,0.04394208717226322,-0.059843422267389174,0.18007057745461036,-0.11806743565269223,-9.351891509091391e-05,8.96197823549443e-05,9.907923300593305e-05,-0.1329995405847946,0.46859408306144884,0.4304998073858871,0.6545219180334673,0.7840303785480657,0.44785438947388373,6.4457264739753235e-21,6.4457264739753235e-21,0.5226862122311122,-0.370215491407843,0.12540451114805082,0.3181666953070873,1.006339655374763,0.10129066780252165,1.2574567264829304,1.0686381442399893,0.7123564210731178,6.4457264739753235e-21,6.4457264739753235e-21,0.32476670220202253,0.009600734702680922,-0.443715528190999,0.2753211750555667,0.13633760466220096,-0.1842753812117781
0.29262820162325526,1.0096265423007282,0.24309810735532747,-0.013650835084521114,-0.23091239392062918,-0.12705395315936166,0.9645485870703394,0.40394832195508606,0.13009854415011493,-0.07665296864507508,0.2504210010130931,0.04377860042414913,-0.05800457944785022,0.18079664796542447,-0.11533686131128239,-9.283521398044869e-05,9.027567992205884e-05,9.908448773064927e-05,-0.130510059309457,0.4691889478510013,0.42674477330021804,0.6531941303677693,0.780749851618095,0.45043568482110397,6.4457264739753235e-21,6.4457264739753235e-21,0.5205910481682031,-0.3701153242291994,0.12803197893256732,0.3200489311065526,1.0041431578692253,0.09888499865236071,1.256176331893402,1.0712436453621854,0.7136396138819175,6.4457264739753235e-21,6.4457264739753235e-21,0.3244508547195401,0.0091444464521829,-0.4433355280166437,0.2739655747541154,0.13413279102348566,-0.18219434437811974
0.2931056264542802,1.0093757788813786,0.2452462883948336,-0.014609860755266291,-0.23001414164650125,-0.12695687842263134,0.9647609956598234,0.4037391283112992,0.13079617963543164,-0.0732619048376018,0.2495630981633504,0.04332472203302673,-0.05551813791466858,0.1813636448352188,-0.113259972777218,-9.20036074270072e-05,9.02129856076867e-05,9.901155263942591e-05,-0.12748955476487736,0.4700692852605973,0.42113278735879134,0.6505108538173047,0.776786024720117,0.45256920120452243,6.4457264739753235e-21,6.4457264739753235e-21,0.5194017988758647,-0.3724277287804683,0.13097254103521155,0.32240286150167724,1.0028632984769228,0.0947650281045957,1.2546086993030405,1.0721727095577873,0.7134905464008776,6.4457264739753235e-21,6.4457264739753235e-21,0.3231931969596208,0.008875116325884459,-0.4441236442046713,0.2715781363690943,0.13181998067692735,-0.17979113213461473
0.2934899776559609,1.0092338977294204,0.2466617947937945,-0.014684817791574439,-0.22935206170342853,-0.12677214355563954,0.9649410977548896,0.4030674605972181,0.1305839812103284,-0.07158410182423884,0.24802787094731932,0.04310382368653341,-0.053122496279827354,0.18172824555767583,-0.11229469066273742,-9.137146621675624e-05,8.586320343858308e-05,9.885874812663781e-05,-0.12516772405424276,0.47132390597576823,0.4155880028131562,0.6485003122553541,0.774002855926136,0.45454714436392074,6.4457264739753235e-21,6.4457264739753235e-21,0.519727022015204,-0.3768490923709633,0.13374500034358863,0.3242351646301662,1.002078760063923,0.09237237695049455,1.2529546358332273,1.0733385113419225,0.7126509047233717,6.4457264739753235e-21,6.4457264739753235e-21,0.32151498961376007,0.008994431629615517,-0.44599576091921217,0.26899705663147455,0.1303917918411197,-0.1779942115454971
0.2935637025776809,1.0092366427833055,0.24694810015863297,-0.014152085611627048,-0.22888867594427953,-0.12655898764506893,0.965087084406884,0.4024941302023535,0.12973119135101394,-0.0703805999333673,0.24706821616091657,0.043967515756212244,-0.05136673204803376,0.18194275947433888,-0.11196674309379234,-9.095697562258606e-05,7.488251563697162e-05,9.869534596463268e-05,-0.1252654886962143,0.47305206444580505,0.41328517191032776,0.6493196647168141,0.7742935028791011,0.4561870340561297,6.4457264739753235e-21,6.4457264739753235e-21,0.5216828722803049,-0.38188953015395194,0.13634155999337874,0.3245640204967782,1.0014932096635576,0.09451908006219413,1.252172826779871,1.0758800625091138,0.7115249146104711,6.4457264739753235e-21,6.4457264739753235e-21,0.3201105775372923,0.009183155799846509,-0.44885167733409725,0.26745969974042,0.13055061310244157,-0.17786581660321285
0.2933887798390451,1.0093188425331094,0.24620371515914982,-0.013585485057967176,-0.2286350790718612,-0.1263765811621685,0.9651791657904174,0.4024032899789711,0.12889369377344898,-0.06938509319251122,0.24731791145255733,0.04582053571956313,-0.05083509355264031,0.18232640318758564,-0.11135269904357342,-9.118132172261667e-05,6.664755160718888e-05,9.863330642004833e-05,-0.1276021006007325,0.47553999848183587,0.41430511894560634,0.6537540452834851,0.7769057677256798,0.4570687535388017,6.4457264739753235e-21,6.4457264739753235e-21,0.5239596414857897,-0.3858260567992491,0.1386812898991589,0.32454653073446477,1.0012153952124028,0.0985164685592684,1.2514137820050955,1.0783470947255378,0.7104117898106823,6.4457264739753235e-21,6.4457264739753235e-21,0.31946695041261236,0.008864091090799449,-0.4508571932736185,0.2668689850405011,0.13156476385251442,-0.17869994354063024
0.29330747484883396,1.0094131134726756,0.24537841821175077,-0.013331580329207456,-0.2286602033493555,-0.12619472297098605,0.9652003786405047,0.4023527979498584,0.12850905716084013,-0.06865687349146386,0.24813500287286339,0.04766399803852589,-0.05115843528650085,0.1829341247297186,-0.11051927762323137,-9.154656762111804e-05,6.704430212257715e-05,9.859740391375641e-05,-0.13154099719682516,0.4790918109075152,0.417814260176259,0.6615414970854969,0.7804235400383918,0.45641850004017187,6.4457264739753235e-21,6.4457264739753235e-21,0.5253137481830632,-0.3882061008335365,0.1406583625610148,0.3246370862927419,1.001919116439873,0.1009421613765199,1.2510535874199173,1.0796057763928935,0.708508956857332,6.4457264739753235e-21,6.4457264739753235e-21,0.3193281421739932,0.008466944967331276,-0.45217424095671227,0.2675835847354546,0.13293970955636608,-0.17973254512254014
0.2936227573632589,1.0094402656722232,0.24475153016496953,-0.013478795244253262,-0.22903569990398912,-0.12595182835833846,0.9651410945559845,0.40170779480784746,0.1287491584876924,-0.06925765544987604,0.24884330494434317,0.048263084746837166,-0.052392804546671494,0.18360075346841231,-0.10963826905445172,-9.177541204671704e-05,7.429071921658735e-05,9.85558959230535e-05,-0.13535848488558785,0.48204793703604676,0.4218958671528422,0.6691082933826801,0.7838886875054966,0.45477072735046914,6.4457264739753235e-21,6.4457264739753235e-21,0.5247099554399677,-0.3885110402264602,0.14170512403530228,0.3252541146592641,1.0034581382177703,0.09987064549860013,1.250334418843629,1.079900334384251,0.7052158378436166,6.4457264739753235e-21,6.4457264739753235e-21,0.3189540759364249,0.008375325530124069,-0.4529612220998772,0.268887409864718,0.13365190212711756,-0.1805463914617284
0.2941398105038258,1.009513049457524,0.24420415932266432,-0.013751183085515926,-0.2297318489039897,-0.125832239911787,0.9649875784861545,0.4012346815865274,0.12897082103873178,-0.07028163334092835,0.2495568731840349,0.04817105593935747,-0.05377660644295674,0.18423445408069292,-0.10904742467649566,-9.197958248164554e-05,8.046038907021653e-05,9.862463001724494e-05,-0.13833669915956265,0.4839399117842086,0.42557530042458125,0.6749268947377935,0.7874324070714936,0.4524285140230308,6.4457264739753235e-21,6.4457264739753235e-21,0.5221773209809497,-0.38741123065771055,0.14119508689012308,0.32574294897502776,1.0053260809577598,0.0974881431537694,1.2490409242304075,1.0804007743261095,0.7002772012473854,6.4457264739753235e-21,6.4457264739753235e-21,0.319051095050089,0.008850209558616177,-0.45305558320578987,0.27062600084605987,0.13393546764755207,-0.18102164231341028
0.2944203523931103,1.0096485919271543,0.24359610438219825,-0.013958681871779295,-0.2305351899914265,-0.1260358152206802,0.9647665175094432,0.40151272532239096,0.12925551862015022,-0.07127421002856736,0.25070946996795934,0.048022035200486264,-0.05525811694821468,0.18429048059407546,-0.10861296137887445,-9.248465798384709e-05,8.451196985365663e-05,9.872231302016882e-05,-0.1402811534821692,0.4845068545109602,0.4284153178291349,0.6778914731375684,0.7919627621490705,0.4496974079685745,6.4457264739753235e-21,6.4457264739753235e-21,0.5197597894128045,-0.38611404222930334,0.1392788589804006,0.3254738279663886,1.0068231581256033,0.09712712304242176,1.2477886512202665,1.0822473666940555,0.6935703423869457,6.4457264739753235e-21,6.4457264739753235e-21,0.3200429775590242,0.009636852500502571,-0.45298391903917573,0.2725750374152979,0.13390877382584196,-0.18140899047100248
0.29420295510206057,1.0099065540412326,0.24282066093622506,-0.014021205106195632,-0.23118037372749262,-0.12668424825417818,0.9645263294016957,0.4026906435573544,0.1297295439385431,-0.072063111659992,0.2520799597396237,0.04820734890759803,-0.05625892838787207,0.18349559413764047,-0.10824015514133149,-9.247493302337207e-05,8.678891128639693e-05,9.878138884927647e-05,-0.14115274256025498,0.48323018254919303,0.43113508984797727,0.6784223872269448,0.7976985028021899,0.4464138622020614,6.4457264739753235e-21,6.4457264739753235e-21,0.5191427167846572,-0.3839675464352328,0.1349330466354375,0.3241797879864885,1.0072903847365675,0.10010032829887469,1.246802236857758,1.0855696203636942,0.6865150015819053,6.4457264739753235e-21,6.4457264739753235e-21,0.3223285296584847,0.010417413483526622,-0.4525347463700205,0.27465412054249305,0.13385353533679983,-0.18137077287456727
0.29364450024169325,1.0101068695393527,0.24213478772817443,-0.013884222552348481,-0.23180694963131243,-0.1274682832515558,0.9642746977069516,0.4038368337183709,0.13005793632911994,-0.07310780739534666,0.25274473802741565,0.04841147801793967,-0.05672113643485848,0.18192155901622134,-0.1081558015947598,-9.174589747520678e-05,8.725745128747287e-05,9.879216203557848e-05,-0.1409247110234627,0.48061162670602514,0.43284019976098764,0.6771783495530559,0.8029282619010243,0.44304824193755,6.4457264739753235e-21,6.4457264739753235e-21,0.5209630504584859,-0.38105339843581576,0.1294142932611889,0.3222768141408819,1.0064906775212392,0.10508400718107887,1.2464655958323454,1.0895341450010831,0.6805503776034502,6.4457264739753235e-21,6.4457264739753235e-21,0.32514156299922353,0.011400091528269025,-0.45177875488541985,0.2766492995860782,0.13389408018474164,-0.18097321042112044
0.29298399511788176,1.010184613420707,0.2414016711281238,-0.013545068834974689,-0.23265966413173028,-0.12820090276774662,0.9639771821714499,0.4047332716605378,0.13033362638414037,-0.07446932761229932,0.2525926507071954,0.04817728338236896,-0.056499606192334385,0.17976325932769957,-0.10831302676658996,-9.139416885142439e-05,8.803983109154482e-05,9.886227685407501e-05,-0.13970848223950544,0.47698909312011695,0.4331467115523666,0.6745844003974254,0.8061141147996553,0.4394438861000651,6.4457264739753235e-21,6.4457264739753235e-21,0.5246692488679002,-0.377955483233741,0.12441810748285038,0.3201695369692216,1.0038581240895037,0.10954291428719105,1.2458077241717909,1.092641983046251,0.6770824056240077,6.4457264739753235e-21,6.4457264739753235e-21,0.3280949252310755,0.012122516501988454,-0.44972893328225383,0.27824959904807395,0.13444576879891176,-0.181016778221305
0.29255992410279313,1.010132186728992,0.24100316773357022,-0.012951630284923665,-0.23416503667932534,-0.12870438776424956,0.9635544727302574,0.40543149750480845,0.12976685874340824,-0.07652000116267878,0.25154374363952064,0.047009149269978505,-0.05581796979740895,0.17788304091214674,-0.10885444763169554,-9.192116717295583e-05,8.886074074300739e-05,9.898997073374744e-05,-0.13797777908978415,0.47433669228940084,0.43036840049584474,0.6710150240658823,0.8055429129461226,0.4356121559012427,6.4457264739753235e-21,6.4457264739753235e-21,0.5273346493029519,-0.3763201103556851,0.12246858919057675,0.3189046055718504,1.0000927891582547,0.11141203261037767,1.2443544789243735,1.0935319621983897,0.6754120615000809,6.4457264739753235e-21,6.4457264739753235e-21,0.33087743070111836,0.012871544444683254,-0.44586200923448793,0.2788181448540898,0.13439503365786765,-0.18155642104116665
0.29245817863580137,1.0099143467821112,0.24037626950433622,-0.012327535461702161,-0.23574338985856655,-0.12890042394777787,0.9631515188588875,0.4061693385466089,0.1284650216535841,-0.07895872199182206,0.25046662885066734,0.04533310793896824,-0.05530197621735967,0.1770486508035262,-0.10891776467086935,-9.208232160519564e-05,8.90528967163372e-05,9.900874442920879e-05,-0.13634438871135282,0.47361217966199115,0.42584740948581074,0.668728380797071,0.8032857229288751,0.43216962968809597,6.4457264739753235e-21,6.4457264739753235e-21,0.5278972502843406,-0.3758025715334269,0.12316701758934541,0.31927010208306733,0.9964908485784374,0.11093159389321572,1.2415382692079882,1.0914689943663838,0.6732805646982483,6.4457264739753235e-21,6.4457264739753235e-21,0.33301580884197757,0.013880048798031383,-0.44182329588095837,0.2785703044279187,0.1334916016407999,-0.1825084331274423
0.29279542439552103,1.0096543267379456,0.2392199390583591,-0.011843570205379973,-0.23667469404399252,-0.12873842532004195,0.9629498457748183,0.40687685425672904,0.12676658186947826,-0.08136303160675333,0.24986401808615283,0.04324003695708245,-0.05530790737745131,0.17757763954945988,-0.10865301641582087,-9.102451202210221e-05,8.651956526637719e-05,9.883562916226737e-05,-0.13540754625522677,0.47448462952949316,0.4224122625925116,0.6695166962521636,0.8020521028227948,0.42915441618082356,6.4457264739753235e-21,6.4457264739753235e-21,0.5268053490906276,-0.3743674010332833,0.12416359867586563,0.3208670966309588,0.9933955524743151,0.1095767121837884,1.2376302954109837,1.088017957917337,0.6699862294557655,6.4457264739753235e-21,6.4457264739753235e-21,0.33393276684311723,0.01516173544310531,-0.4391715920506911,0.2782773589880495,0.13191261087354333,-0.18300014551537008
0.29347859026387924,1.009348233736055,0.23725442074450118,-0.011429428126084185,-0.23679933367262115,-0.12812935242095386,0.9630051266399263,0.4069059715339584,0.12484868013299247,-0.08345507409700009,0.2498826335668554,0.0410421885016309,-0.0561592672275561,0.17909920533767798,-0.10805269641326118,-9.198710795816527e-05,8.56398934866626e-05,9.891466426009685e-05,-0.1356485302847881,0.4750131068761899,0.4220927406360947,0.6723837795388198,0.8037341667615875,0.42677086438324946,6.4457264739753235e-21,6.4457264739753235e-21,0.5270440285443782,-0.37124825581599036,0.12419684490471403,0.3234106332011052,0.9907283298785264,0.10815833384947353,1.2324419141390428,1.084133447368612,0.6661269691695396,6.4457264739753235e-21,6.4457264739753235e-21,0.33309443747975187,0.016933471926025952,-0.43851611576949906,0.27796558753759604,0.13004415366764707,-0.18258153088136989
0.29427991787085916,1.009116600662551,0.2350866570143299,-0.010963318978290485,-0.23661256278564013,-0.127410202517723,0.9631519775843872,0.4063409962145628,0.12304972190152147,-0.08514786729745555,0.24990165277319823,0.038758384386373856,-0.05709267658247427,0.17993724386247123,-0.1078627133079469,-9.286859932641926e-05,8.664613368593016e-05,9.90328456638837e-05,-0.13648591796662074,0.47403386173463985,0.42479651332460044,0.6748717978491516,0.8072585371984149,0.4248314730835739,6.4457264739753235e-21,6.4457264739753235e-21,0.5304989586822104,-0.3671694378411651,0.12429038409829468,0.32599662563648985,0.9877068430898882,0.10549216886901652,1.227285931602062,1.081957401924174,0.6638858911881244,6.4457264739753235e-21,6.4457264739753235e-21,0.33117445334746787,0.01853540509998064,-0.4383240208495853,0.27727292018488064,0.1281779850067361,-0.1812310007024231
0.2950194439007451,1.0090425548871773,0.2331535617527129,-0.010323657515366838,-0.23671415173405067,-0.1268608064871673,0.9632065680074883,0.4049420787430695,0.12138108892047177,-0.08748859308532002,0.2489949089898897,0.03651811223589349,-0.05774960409445692,0.17969856981991203,-0.1082784277731589,-9.330517604672302e-05,8.785932022607596e-05,9.91004757609915e-05,-0.13698697536223375,0.4723894155056273,0.42681984845509147,0.6746942072220493,0.8097178762854284,0.42393851051020937,6.4457264739753235e-21,6.4457264739753235e-21,0.5359439316812167,-0.3635537021944123,0.12590547312623868,0.32924636985428457,0.985193627479348,0.09926040190010922,1.2230482638130522,1.0800260923338354,0.6642652593097181,6.4457264739753235e-21,6.4457264739753235e-21,0.3290221453995776,0.019991637376050007,-0.43775443192503133,0.2761178589724295,0.12615527185637146,-0.17912492319559578
0.2955347286397314,1.0089891314546215,0.231526839424612,-0.009602149519760506,-0.23726721851435123,-0.12653352452073455,0.9631211107170299,0.4030759478357212,0.11980081401421906,-0.0909329008010463,0.2468537376193749,0.034620816072894425,-0.05848811717466823,0.17883252097602917,-0.10887148354132214,-9.387208035431749e-05,8.908575117392957e-05,9.91655571366029e-05,-0.1365625605673017,0.47119840472769087,0.4268451021066367,0.673112575061072,0.8097532231465694,0.4242973511547052,6.4457264739753235e-21,6.4457264739753235e-21,0.5406807570852132,-0.36166128959892657,0.12859389671009994,0.33348154564066806,0.9832027692159779,0.09007715332527474,1.2191007932605609,1.0769459048686134,0.6669293316942924,6.4457264739753235e-21,6.4457264739753235e-21,0.32743843615085466,0.02119805506895476,-0.4358023730728658,0.27405478903250924,0.12418354941349428,-0.1769541990721237
0.29571917194958985,1.0089678456084845,0.23035543660267974,-0.00884908776952195,-0.23833520147120218,-0.12634858041745053,0.9628893276341551,0.4013675026861362,0.11831356402968173,-0.09423724584440797,0.24426558862576278,0.03280892455078038,-0.059951739883178805,0.17819492703867004,-0.1090328645403649,-9.262035311711436e-05,8.755571980582039e-05,9.898864768772539e-05,-0.13578421292029272,0.47073986595102635,0.42466754000952844,0.6704490316810495,0.8084260447414782,0.4251280552727671,6.4457264739753235e-21,6.4457264739753235e-21,0.5436776453374378,-0.3619062298121407,0.13027753434421524,0.33801029494337753,0.982613287485666,0.08074455538478881,1.2163699876351466,1.0715508255199238,0.670533350494621,6.4457264739753235e-21,6.4457264739753235e-21,0.3268249589004324,0.022247951961886534,-0.4341187028486758,0.27226229086195025,0.12264745866570562,-0.17657235837454605
0.29564899076877427,1.0088918547605281,0.2296784367461762,-0.008210809291955503,-0.23973331058365235,-0.12606974630761839,0.9625847879963645,0.39967558672995906,0.11720487988144677,-0.09593198814460974,0.2423174259179495,0.031262257652658575,-0.061320519605172805,0.17849501536067383,-0.10835798232427246,-9.171964085838976e-05,8.668019936469166e-05,9.887105221009757e-05,-0.13516840459403734,0.47061587313252845,0.4215392375626244,0.6677448095366093,0.8074423881433609,0.425922738040402,6.4457264739753235e-21,6.4457264739753235e-21,0.5448657406532362,-0.3626920624714516,0.1289748067316421,0.34240432455418407,0.9836054266209923,0.07249392634089656,1.2138026122852132,1.063462346684647,0.6738218566554669,6.4457264739753235e-21,6.4457264739753235e-21,0.32683494155175113,0.023072486518090112,-0.4330096278341321,0.2712994806116619,0.12155527335364111,-0.1776291156948983
0.29569280181253077,1.008769840172086,0.2296944098886289,-0.00777705748428955,-0.24116895885373058,-0.1256026260763724,0.9622908005669502,0.39754069068637543,0.11680342716288972,-0.09631570051415846,0.24126984514731398,0.030434150640369403,-0.06218007812166928,0.1795492234822349,-0.10722212864403162,-9.152730358679238e-05,8.654522800726542e-05,9.885390663454414e-05,-0.13423586110279212,0.4703773451068902,0.4176669185359835,0.6638437752511408,0.8062037111325734,0.426850369823249,6.4457264739753235e-21,6.4457264739753235e-21,0.5446157743238826,-0.3632113607255976,0.12691947756402042,0.3456131941424365,0.9858043886269444,0.06570092297056417,1.2121435748077567,1.0557887180660843,0.6765828974766323,6.4457264739753235e-21,6.4457264739753235e-21,0.32645921421394153,0.023606960365353192,-0.4329890316785638,0.27121895083860076,0.12108993667575924,-0.17937646531535695
0.29612746741605317,1.0085727272739744,0.2299329186958566,-0.007566138898912592,-0.24222976053695927,-0.12491116314854296,0.9621155733888316,0.3945507450664442,0.11683733101809203,-0.09532985066769142,0.2406996680614366,0.030389922727237347,-0.06163154917370024,0.1812481628564593,-0.10573970906353299,-9.069999027413352e-05,8.538138529906663e-05,9.878297152157156e-05,-0.13259247804785101,0.4695283510265484,0.4132018823469847,0.6579410422930857,0.8045733699808261,0.42809489081501423,6.4457264739753235e-21,6.4457264739753235e-21,0.5430894853966451,-0.3626967419954869,0.12484609965271194,0.34800531813797003,0.988496464352636,0.05950739665113996,1.2105702079916398,1.049355587354617,0.6789723791688899,6.4457264739753235e-21,6.4457264739753235e-21,0.3251125955206655,0.02397026312961513,-0.43312333021388694,0.2712827396737894,0.12083193288741176,-0.1803418631269992
0.2970146506436309,1.0082797760178432,0.22992868489943036,-0.007738891432847961,-0.2428674494174168,-0.12387714599840022,0.9620870390587466,0.390627458842171,0.11698591953559094,-0.09512445378160422,0.2398429353092607,0.03122114199317752,-0.061038086334096964,0.18308986197878768,-0.10464432682964585,-9.097714548180283e-05,8.344220541139151e-05,9.886214299764301e-05,-0.12954725392735705,0.46721919312388294,0.4082476001730109,0.6495120562777577,0.8020241456707887,0.43009266369064836,6.4457264739753235e-21,6.4457264739753235e-21,0.5410487070844089,-0.360711041651132,0.12454075027020789,0.34866765485407064,0.9907510735537524,0.05375541113067889,1.2089873136886207,1.0453859253362043,0.6808824759596545,6.4457264739753235e-21,6.4457264739753235e-21,0.3223641699576393,0.02430741563699459,-0.4323354640467118,0.2704395420913488,0.12051351200709394,-0.17931150433407209
0.2980238152107804,1.0080299456793442,0.22983892949777482,-0.008083846761055766,-0.24296132965335324,-0.12282304897413111,0.9621955066891665,0.38652038544836614,0.11716688823161152,-0.09609025778738878,0.23811372090049104,0.032088282163810634,-0.06070165100374687,0.18498646525630652,-0.10387629024720647,-9.182467471841784e-05,7.966399134760757e-05,9.898001262283448e-05,-0.1255629048417923,0.464968631383267,0.40225655662267734,0.6404514797285462,0.7982401695722674,0.43324523503874407,6.4457264739753235e-21,6.4457264739753235e-21,0.5381336580484368,-0.3582025383541836,0.12624884957635482,0.3476946361845763,0.9932048648812211,0.049339930236231164,1.2079478576531664,1.0429051816321502,0.6820441708208022,6.4457264739753235e-21,6.4457264739753235e-21,0.3191544801433109,0.024765875787696998,-0.4313504178287071,0.2691509103756105,0.12042101707720844,-0.17691934163896933
0.29886762643840975,1.0078890851486682,0.23039930405087616,-0.008516352420933833,-0.24267332594648278,-0.12194042327186062,0.9623766121743548,0.38324446905479287,0.11752383395479615,-0.09795160259705767,0.23626950444703312,0.032265239208300385,-0.060640688805718934,0.186667291178802,-0.10350867706709589,-9.374332119911398e-05,8.220050615616393e-05,9.923187589484043e-05,-0.12170760911384217,0.46251410632579176,0.3981524084576056,0.6332454189949356,0.7953580022746332,0.43746531407770795,6.4457264739753235e-21,6.4457264739753235e-21,0.5351785102042089,-0.3549586357066125,0.1274910406893876,0.3459385040628304,0.9946864034228972,0.04643907455748852,1.2063123487003937,1.041809958018643,0.682621878586009,6.4457264739753235e-21,6.4457264739753235e-21,0.3162599665017394,0.025021415773586974,-0.42998497682086856,0.26768748371709833,0.12050155274004506,-0.17372182793275653
0.29925120029102587,1.0079653707630618,0.23097487116972648,-0.008853794996456835,-0.24240240859647438,-0.12161448338514141,0.9624826776488963,0.3821824206616489,0.11790781914563755,-0.09922022635530806,0.2355037240975193,0.0325026020799305,-0.061429235738468146,0.1877336714498108,-0.10298256391111525,-9.46532483500604e-05,8.663432623491294e-05,9.938575826283394e-05,-0.11981935215041048,0.4596036970393601,0.39860677288354834,0.6292880600050332,0.7951050970679261,0.4417547582921897,6.4457264739753235e-21,6.4457264739753235e-21,0.5329363129259576,-0.35212294609094635,0.12716663780738907,0.3433506347574096,0.9954300788195967,0.047618251064698004,1.2046440588069474,1.0428760530920367,0.6822282509401978,6.4457264739753235e-21,6.4457264739753235e-21,0.3151825924149815,0.02542797375815153,-0.429818363328501,0.2670579075405572,0.12131579618057439,-0.17170025593443672
0.299389654824217,1.0081029330375595,0.23166828634081033,-0.009069070582919135,-0.242504723462923,-0.1216770154044572,0.9624468696819454,0.3829880163700465,0.11792252694712872,-0.09892090255196219,0.23616195310997207,0.03234909889288983,-0.06271816961991881,0.18806512379081342,-0.10257167115271511,-9.152787935439275e-05,8.528531933629408e-05,9.922595872399811e-05,-0.11965984261050304,0.456236435196318,0.4029326868428783,0.6278831297250828,0.7980537494571206,0.44539316057389533,6.4457264739753235e-21,6.4457264739753235e-21,0.5317529724722679,-0.3502825643227393,0.12465139263138439,0.34125541678346333,0.9948556335986034,0.051187421414872904,1.2021163831410262,1.0452976973257493,0.6808955810267061,6.4457264739753235e-21,6.4457264739753235e-21,0.3155322616610323,0.025973543978320548,-0.43076440405120664,0.26720976801426394,0.12156240135036328,-0.17109249176704722
0.2994072729442558,1.008242871499316,0.23184121030044327,-0.009286209795960771,-0.24324948069608043,-0.12186788169561115,0.9622330070450136,0.38416266690046297,0.1177007011334658,-0.09805509763343857,0.23758182767309446,0.032839743957428814,-0.06424579206819422,0.18776564763175416,-0.10236593761910984,-8.997769107390807e-05,8.156516948046288e-05,9.919568121158545e-05,-0.12092761186209668,0.45263505042834107,0.409068432911033,0.6273750667701171,0.8031943864231654,0.44763769909642315,6.4457264739753235e-21,6.4457264739753235e-21,0.5320263616493612,-0.3500330195473537,0.12254503163476059,0.33908707009716094,0.9931747727256605,0.05518248761427392,1.1981327514277451,1.0478637696393678,0.678881754749309,6.4457264739753235e-21,6.4457264739753235e-21,0.31624890556918955,0.0267876065155433,-0.43263049643383855,0.2676798322740835,0.121649277572264,-0.1717378938434089
0.29938821832783125,1.0083708043153683,0.23160292063592663,-0.009685481814950702,-0.24403380785960463,-0.12196140074311283,0.9620186786400693,0.38476875597183596,0.11721441616602289,-0.09579747922844749,0.23869651699170577,0.03372950576783032,-0.06389080704310443,0.18742045967214957,-0.10212726844798599,-9.004920689492187e-05,6.791525540111962e-05,9.915972802771376e-05,-0.12266148333705394,0.45041563825155995,0.41469788079209147,0.6282745060494198,0.8089025137363202,0.44791834277531795,6.4457264739753235e-21,6.4457264739753235e-21,0.5326874438009852,-0.35150924432352854,0.12194817385576472,0.3367143210696686,0.991158779994341,0.05846821509663351,1.1940286885923874,1.0497834033738536,0.6761192942994935,6.4457264739753235e-21,6.4457264739753235e-21,0.31664077761394865,0.027703827997254262,-0.4355167549627688,0.2681327662444212,0.12202065947000716,-0.1736842280413951
0.299540478937098,1.0084412654541326,0.23139750474086107,-0.01037196038828336,-0.24452455606108603,-0.12178747872661488,0.9619088981424263,0.3844028266745813,0.11667004406356868,-0.09298753963201127,0.23911581971979298,0.03453808652547203,-0.061630164215999775,0.18724788192181593,-0.10166119191635184,-8.952154636838563e-05,5.2767267147979273e-05,9.896008659291566e-05,-0.12386436797202915,0.4498743053172868,0.4176947633812615,0.6302160654990515,0.8133496752701178,0.4464759791395897,6.4457264739753235e-21,6.4457264739753235e-21,0.5334145219262537,-0.3532622649048661,0.12282521725894839,0.3347601902110869,0.9891709131420082,0.058540137659854295,1.1904589007379527,1.0505304921521363,0.6724494992595618,6.4457264739753235e-21,6.4457264739753235e-21,0.3157864697632351,0.028212121493623277,-0.43841992163675386,0.2676513879924047,0.12261740299038863,-0.17603068385019485
0.29971324982066583,1.008463644194688,0.23099256170525384,-0.011009828829884402,-0.24453935922668546,-0.12145451463205774,0.9619400216576945,0.3833528036806196,0.11591426507042447,-0.09012002920480112,0.23889007640146445,0.03562049873724348,-0.05849181952009019,0.18750024211957658,-0.10058810991729038,-9.048345154353018e-05,5.139491080528136e-05,9.893780240447655e-05,-0.12501769327284434,0.45048909193345416,0.4187580337111163,0.6332571486942911,0.8165465141281493,0.4445090513726422,6.4457264739753235e-21,6.4457264739753235e-21,0.5335189306337156,-0.355090379222716,0.124127339422542,0.33226108448433994,0.9892990377526565,0.05908269615226958,1.1903005033658887,1.0509284248901887,0.6678034839528604,6.4457264739753235e-21,6.4457264739753235e-21,0.3144465946132038,0.028685620811340445,-0.4403731902415909,0.2669968279016497,0.12380964820654392,-0.17731764808734538
0.2999510569901755,1.0083852840819354,0.2314468513595798,-0.011286368653146339,-0.24437618888033194,-0.12095983726482913,0.9620405250629335,0.38193966434555354,0.11526338608709404,-0.08871992052637726,0.23847555665860265,0.03616005101543761,-0.05647327476863848,0.18796530127281363,-0.09929944415271817,-9.134204780681158e-05,6.525189366621118e-05,9.897052895350442e-05,-0.1256527951630142,0.45108396187296695,0.4183868313526443,0.6354421257360263,0.8180373874078749,0.4439426910668127,6.4457264739753235e-21,6.4457264739753235e-21,0.5333582703780446,-0.3565415144777013,0.1252720337862576,0.330714627826696,0.9907682775219079,0.06009240365130604,1.1925129540500614,1.0524135962303793,0.6633563443576674,6.4457264739753235e-21,6.4457264739753235e-21,0.3130824367626096,0.02922838065742807,-0.4402689385825166,0.26655303145972886,0.12424162424733895,-0.1766369339251353
0.29982814749294373,1.0083386990239223,0.23205193747767594,-0.01103937447026426,-0.24453378975827272,-0.12073707721250199,0.9620312113776915,0.3809571698773186,0.11508935745530904,-0.0903804529224003,0.2378736383926081,0.03659142526981288,-0.057334137260298415,0.18825878222167414,-0.09790167587207817,-9.12395387983007e-05,7.678006549217495e-05,9.895406505849227e-05,-0.12726017222182812,0.45113541601077106,0.4194717416809679,0.6366111177614279,0.8192963886031832,0.44542886275078886,6.4457264739753235e-21,6.4457264739753235e-21,0.5321474912349187,-0.357643305076676,0.12610840395608947,0.329822552668286,0.9928515124302015,0.06334697543927738,1.1956547435288474,1.0556960621712213,0.6599811341016937,6.4457264739753235e-21,6.4457264739753235e-21,0.3132408555814503,0.029831314222777874,-0.43836020386291497,0.26689536811063846,0.12406504869938563,-0.17463881135102088
0.2995136554331036,1.00833893461745,0.23234975603121838,-0.010372481855379359,-0.24533140159315053,-0.12073214373955694,0.961836671890055,0.38016479741005194,0.11488508375245596,-0.09534871906607664,0.2368203281635004,0.03644062894422272,-0.061052081254231214,0.1885978900565935,-0.09683366522725155,-9.052574429319697e-05,8.184310248675289e-05,9.892980753152734e-05,-0.12971038897459863,0.4503271002074915,0.4229440076332549,0.6372450810610332,0.8206439004861753,0.448567810942775,6.4457264739753235e-21,6.4457264739753235e-21,0.5295901073933647,-0.3580266562811291,0.12689643285668348,0.3307874418215077,0.9939681033354099,0.06690369666795448,1.196885350943986,1.0604356271941084,0.6582900386022049,6.4457264739753235e-21,6.4457264739753235e-21,0.3141696875789848,0.030242505782604626,-0.4351204637908998,0.2672716579076867,0.12329054986322256,-0.17256216155776016
0.2992206537500896,1.0084685525183203,0.23294144337162684,-0.009494278959445402,-0.2468701881703126,-0.12121198852504167,0.9613928381683385,0.37947232269095016,0.11524916199710966,-0.1031982629055214,0.2351024242299508,0.035807558248021655,-0.06583694725541707,0.18857543498004445,-0.09594162005118229,-9.126121732000115e-05,8.408041399073963e-05,9.900852479751233e-05,-0.13280668603828238,0.44964698268969905,0.42728862127595646,0.638406597671086,0.8221769692979569,0.4521641744043235,6.4457264739753235e-21,6.4457264739753235e-21,0.5248036508194069,-0.35940957784011546,0.13031109357115467,0.33336999743354806,0.9931400387851368,0.07009952691286148,1.1955341840951628,1.0653078105251843,0.658100939524457,6.4457264739753235e-21,6.4457264739753235e-21,0.31571031021261803,0.02982500851183944,-0.43042909523662803,0.26697964014285797,0.12190257911240128,-0.171156352461278
0.29889694917107357,1.0086711154325305,0.23388588621656795,-0.008749563319152689,-0.24845113323037826,-0.12194184076523294,0.9609003571380852,0.3793720996629334,0.11586385771324396,-0.11095812558263167,0.23372670531427367,0.03536626870008424,-0.07004122311694726,0.18812760305688966,-0.09492762436592826,-9.367064834599586e-05,8.570112666703645e-05,9.924399062822956e-05,-0.13603553196729737,0.4486726504851607,0.4326832550389008,0.6415911601186619,0.825724323940431,0.45529136459055225,6.4457264739753235e-21,6.4457264739753235e-21,0.5202875404755873,-0.3615949558125206,0.13543782166740254,0.33532918796278705,0.9908054407550866,0.07474103940820286,1.1935373044343578,1.070180682287705,0.6589119720363049,6.4457264739753235e-21,6.4457264739753235e-21,0.31747650752583,0.028747462446084296,-0.4258907160097216,0.2669512581491509,0.12128315151120422,-0.17081532299312627
0.29861472755181806,1.008856262170152,0.23483808999365147,-0.008327406829951811,-0.24952070458906686,-0.12262203093862507,0.960539340676511,0.3801766789687284,0.11657109259455033,-0.11633665430517033,0.23363371670067112,0.03537346863227671,-0.07283747308873394,0.18737784330859136,-0.09373217077722588,-9.310395643409495e-05,8.171106328184823e-05,9.921325102526316e-05,-0.1386004074171614,0.44767081617797067,0.4376405108974871,0.645635010213325,0.8304214184758584,0.45799133004589127,6.4457264739753235e-21,6.4457264739753235e-21,0.5180121312640745,-0.3631155556882262,0.1401843654479357,0.3356604060984406,0.988406932948934,0.07976042897021852,1.1918233249732093,1.0730095579288752,0.6601634559288003,6.4457264739753235e-21,6.4457264739753235e-21,0.3193455929838843,0.027661215473451246,-0.42245231717874127,0.2681359307835386,0.12181796829309878,-0.17132890131753034
0.29819162165239127,1.009045746339832,0.23438347523726852,-0.008239976967852333,-0.24989807299511396,-0.1231058310578436,0.9603793104379267,0.3819709344562119,0.11682353223769588,-0.11752770257548785,0.23503580902301938,0.036759425766178626,-0.07413773719996275,0.18667818854022883,-0.09210347759665834,-8.994456164539369e-05,7.29474124405077e-05,9.89415184951737e-05,-0.1412666299548075,0.44653622462667536,0.44301341238702624,0.6496786202969274,0.8358332336776464,0.460099613617763,6.4457264739753235e-21,6.4457264739753235e-21,0.5190874708318647,-0.36285853235396137,0.14011452757078652,0.33327379856057526,0.9879922059311743,0.08569124340459863,1.192474767697861,1.0722196309927148,0.660913415525998,6.4457264739753235e-21,6.4457264739753235e-21,0.3211456943879574,0.026866823981355904,-0.42050317326196884,0.2701074121568709,0.12416999000493882,-0.17250638215185776
0.297848015610264,1.0092022021246632,0.23278110155573695,-0.008225908171358876,-0.2499477788148759,-0.1231486723888651,0.9603607924304682,0.3839748646911193,0.11610924556396897,-0.11558952052685975,0.237160679103973,0.03867896908972559,-0.07451460321324412,0.18646466750632615,-0.09045926177774694,-9.168368051489751e-05,7.302956945206562e-05,9.912915624755526e-05,-0.14360677182595907,0.44549623933802124,0.4475589840764551,0.6529596305656944,0.8395215132877997,0.4616700686794677,6.4457264739753235e-21,6.4457264739753235e-21,0.522162036495418,-0.3615662451098977,0.13615628039959513,0.32945745809638044,0.9894599144231919,0.09094449470179829,1.1949108204343424,1.068648817329013,0.6610569445519635,6.4457264739753235e-21,6.4457264739753235e-21,0.3219678976225732,0.02665134362953862,-0.4192771669675554,0.27151733052117266,0.12726426480409375,-0.17336635972428388
0.2975937515640211,1.0093791620494625,0.2309548361117505,-0.008071464892597883,-0.2504227335949679,-0.12314137597142157,0.9602394345664302,0.38540123580418173,0.11548685770431606,-0.11367115731150669,0.23880142943266722,0.0400461958505425,-0.07417710888622507,0.18625346339919058,-0.08934691616150939,-9.281263260470814e-05,7.564962937869789e-05,9.919759851299149e-05,-0.14546351100831761,0.4448920505758845,0.4502028357660977,0.6558329664823462,0.841638214868684,0.4630199299531782,6.4457264739753235e-21,6.4457264739753235e-21,0.5235943130641374,-0.36077756490494645,0.13193125175212314,0.32583435376929315,0.9911936605274413,0.09470547224735285,1.1975674531544342,1.0649060533818053,0.6610622320690658,6.4457264739753235e-21,6.4457264739753235e-21,0.3223104421649181,0.026160890175633982,-0.4170575362572366,0.27174180740062953,0.12939798472233865,-0.1733457308089182
0.29745462173426884,1.0094694968332862,0.22985485341376832,-0.007837117511069996,-0.25138848169273637,-0.12284242946852757,0.9600277444721277,0.3850987437925159,0.11503352996478101,-0.1129962621405097,0.23883083756577508,0.040357969323543255,-0.07267488314491569,0.1867198416855559,-0.08898242384486689,-9.2574569892311e-05,7.775661711302533e-05,9.908385890838403e-05,-0.14668580902667236,0.4453494683810137,0.4512712309655253,0.6593655499581252,0.8426049373005683,0.46392329875986715,6.4457264739753235e-21,6.4457264739753235e-21,0.5220685113666701,-0.3604852584639324,0.12889851715104633,0.3236251322246649,0.992295092302025,0.09627078934278183,1.1994458532520633,1.0629311006589917,0.6613193866961107,6.4457264739753235e-21,6.4457264739753235e-21,0.321518825150846,0.025611156726692123,-0.4146346603223039,0.27097613996733794,0.13048284499389365,-0.17267839014446662
0.2973249827212254,1.0095189801945381,0.2293336462352551,-0.0076250097736344415,-0.25253617822855473,-0.12234850182161022,0.959791562770731,0.3832786686174961,0.11489825814910744,-0.11407456711835916,0.23749936806503577,0.04005878760682384,-0.0700813241971626,0.18802950544438568,-0.08888526780637922,-9.137775001226543e-05,7.746455757094817e-05,9.88946283538618e-05,-0.14741243033262225,0.44686480418923974,0.4513368641929302,0.6629372198868522,0.8419255926953695,0.46433165767403456,6.4457264739753235e-21,6.4457264739753235e-21,0.5178507865780089,-0.3599314399842828,0.12630975486447393,0.3225099540623892,0.9930562908806795,0.09728647282408183,1.2007638488520989,1.0619203283333836,0.6616794997442672,6.4457264739753235e-21,6.4457264739753235e-21,0.31999831330364514,0.025146070385498508,-0.41205268462391287,0.27018818210698153,0.13146134788223077,-0.17174088501917115
0.2971810519679387,1.0094875893116095,0.22940999458147135,-0.00761393671789467,-0.2533434444615333,-0.12189072752915661,0.9596367349264718,0.3821436388617094,0.11466337764333766,-0.11544056140047348,0.23625893596907635,0.039413132820682234,-0.06747870912906972,0.18952478386476213,-0.08846706505997484,-9.101946046860153e-05,7.961533336446009e-05,9.882262461862151e-05,-0.14790405410472457,0.4486514345123589,0.45231066106625784,0.6660202416840295,0.8409588593359366,0.46373198266582927,6.4457264739753235e-21,6.4457264739753235e-21,0.5129232194252683,-0.3578600723762865,0.12327911981863993,0.32159680601362983,0.9937259952282032,0.09960303646173349,1.2027374380112208,1.0617007506373437,0.6617612486716666,6.4457264739753235e-21,6.4457264739753235e-21,0.31922072932104856,0.025203065299071552,-0.40976679052043147,0.27026670312502216,0.13236269487034089,-0.17032919780572975
0.29712882814186153,1.0093752943858085,0.22971977008881583,-0.007504704559780243,-0.2537938661310151,-0.12164569054933341,0.9595493532776314,0.38244633106709786,0.11411510881645354,-0.11663780685605406,0.23638399107022384,0.038727697660501215,-0.06605671495716041,0.1903228343528352,-0.08792577942348465,-9.123218660105783e-05,8.349357917010017e-05,9.886506067135806e-05,-0.14782500518769887,0.44981812752936123,0.45351846297250853,0.6680790545509836,0.840481690735458,0.46251767037156266,6.4457264739753235e-21,6.4457264739753235e-21,0.5091966523936466,-0.3535370705189406,0.1187435442356084,0.320043520547145,0.9943276562514904,0.10293170786803245,1.2049991079469708,1.0609236428559863,0.6615466012748652,6.4457264739753235e-21,6.4457264739753235e-21,0.3196142624706829,0.02598190436611124,-0.4084366774150238,0.27155015415756717,0.13277655553638884,-0.1687624885486931
0.2971735550139949,1.0092227666466949,0.22962925545683366,-0.007390212249405836,-0.25406089146335425,-0.12174504663591731,0.959466879514422,0.3840092618431086,0.11417232771650773,-0.11727103614804266,0.23850812760415108,0.038746591470416945,-0.06631989223762011,0.189971701940317,-0.08743996193700115,-9.129261420105478e-05,8.607913986349367e-05,9.892762080110509e-05,-0.14724812709966528,0.44978770052142475,0.45492685870669985,0.6696325470930431,0.8413403981690166,0.4612000153742212,6.4457264739753235e-21,6.4457264739753235e-21,0.5073418632920215,-0.346547802617447,0.11263091665139476,0.3181114921081653,0.9938060255072082,0.10557789098041397,1.2056919289154446,1.059534273455203,0.6613557603209838,6.4457264739753235e-21,6.4457264739753235e-21,0.3210380552785286,0.02660291254119422,-0.4071171538743329,0.27328259293822954,0.1322224538481384,-0.16708774054550715
0.29738928155605193,1.0089936447074,0.22923976181476022,-0.007324097546876802,-0.2541998507793887,-0.12182634578249216,0.9594202246148126,0.3852763173607344,0.11486322297581734,-0.11693621879672661,0.24134687231887633,0.03942288519711436,-0.0675011410904039,0.1888360058049343,-0.0870927163128329,-9.155129644986333e-05,8.767644428577719e-05,9.901953462337294e-05,-0.14626948901443884,0.44829759590070156,0.4565266245162669,0.6705927236173045,0.8434254571992784,0.45972497674898194,6.4457264739753235e-21,6.4457264739753235e-21,0.5082014816400056,-0.3380537575885556,0.10582685751346864,0.31639208444431943,0.9917331150545581,0.10595088098829501,1.2042268686958766,1.0569515484589729,0.6610837235176633,6.4457264739753235e-21,6.4457264739753235e-21,0.32212984956305685,0.02696776141344147,-0.40637328676095563,0.2743342798422411,0.13078926520652834,-0.1660053514049241
0.29784829103929905,1.0087441381357063,0.22888417624196314,-0.007171972103744652,-0.2547690958104799,-0.12189141251795087,0.9592622845421095,0.38558375359832325,0.11601133136041186,-0.11699662914189818,0.2437060771598281,0.03977387247247811,-0.06942530196861472,0.18676193070359204,-0.0869607962704521,-9.16897404470466e-05,8.86072773714543e-05,9.909876850973582e-05,-0.14407836727899515,0.44457941790076694,0.4567127166644337,0.6683984194691726,0.8437189007135585,0.45874615476990954,6.4457264739753235e-21,6.4457264739753235e-21,0.5112645430766719,-0.3303463323260883,0.10095867678484141,0.31578562098582474,0.9881412351243628,0.10232466575274438,1.199982308660093,1.0533389299178435,0.6617219195511134,6.4457264739753235e-21,6.4457264739753235e-21,0.3220614407903525,0.02659470630122116,-0.40443203265573746,0.27348074339287254,0.12860950242741667,-0.16503151814897332
0.29852279604579596,1.00851572452427,0.22867179669935586,-0.007091121702052847,-0.2558162257985181,-0.12185597063937714,0.958989090616383,0.38529131128778715,0.11679538661956852,-0.11612966507497499,0.24497210143352952,0.039328185767036894,-0.07080380312731457,0.18444388531935674,-0.08647821351256443,-9.15091520048054e-05,8.92152214836761e-05,9.91666142555764e-05,-0.1416690946104358,0.4396465878514886,0.45685469705520376,0.6640024571697645,0.8426184253790441,0.4584582645575061,6.4457264739753235e-21,6.4457264739753235e-21,0.514949313740788,-0.32465339820007555,0.09917509254017286,0.31617374067696263,0.9838566911344564,0.09622236154875649,1.1948554841363985,1.0495562666908358,0.663653543866499,6.4457264739753235e-21,6.4457264739753235e-21,0.3211292387853247,0.026075794244915976,-0.40215228732129066,0.2710019025271433,0.1256858079488001,-0.1640560743175175
0.2988695616949651,1.0085538537168826,0.22808309357347514,-0.006979041599851307,-0.25712551656527893,-0.12182401896660025,0.9586441033846489,0.3854873290193052,0.11644549522253059,-0.1153679589582187,0.24553762075169652,0.03870058578761863,-0.07179479288932805,0.18285210776757424,-0.08485799483183977,-9.10983523736364e-05,8.916270168114698e-05,9.921935391463257e-05,-0.14113896222488934,0.43532422711710317,0.45926783303053315,0.6608867176225971,0.8414879195578725,0.458329453559801,6.4457264739753235e-21,6.4457264739753235e-21,0.517914077982551,-0.3220819950896067,0.09851498646587115,0.31639250961511883,0.9799558673729204,0.09138937680213086,1.1902912903536795,1.0453324798505226,0.6661588785265656,6.4457264739753235e-21,6.4457264739753235e-21,0.3205086469760943,0.02601731819867156,-0.40117643766972366,0.2688440989763543,0.1237796502309078,-0.16426891066170113
0.2984731963578909,1.0089589950402869,0.2270185859439875,-0.006932385879845744,-0.25840653898086763,-0.12200917039867998,0.9582763576588945,0.387476224758283,0.11516987013550563,-0.11472807797951914,0.24646963804509808,0.03870664554549478,-0.0727733902666651,0.18250078501226943,-0.08150352108714598,-9.135949069117269e-05,8.852735706238299e-05,9.924152905687777e-05,-0.14401853870525133,0.4327706032739042,0.4663494446273919,0.6615665400877471,0.8436725624583359,0.4570536690604328,6.4457264739753235e-21,6.4457264739753235e-21,0.5191708304127188,-0.32225195990861477,0.09815799687010854,0.31497241607319504,0.9777372450706545,0.09037531734089214,1.1878857330167532,1.0417532794711286,0.6677759414290825,6.4457264739753235e-21,6.4457264739753235e-21,0.322108355211801,0.026747104221181043,-0.40059734042475825,0.2688381562661911,0.12362669668838848,-0.16500858253950518
0.2976187752066582,1.0095607579624148,0.2258308132835526,-0.006667254743998317,-0.26003340261473834,-0.12235861679831536,0.9577941416423813,0.39019816745174224,0.11311110149097646,-0.11500324644996959,0.24746671332036596,0.03915281781024163,-0.07378893702998454,0.1826329510560935,-0.07750479740104665,-9.120601367771209e-05,8.839988712973427e-05,9.918707485656413e-05,-0.14974672142991,0.4315692484341575,0.4765152182127945,0.6641462774286575,0.8494499802010298,0.45390944465415844,6.4457264739753235e-21,6.4457264739753235e-21,0.5193642518909802,-0.32397067601410384,0.09716621831291833,0.3120848798524129,0.9771338477625089,0.09180530108109622,1.1880355385534789,1.03870025829074,0.6670324743678506,6.4457264739753235e-21,6.4457264739753235e-21,0.32545758979854394,0.028409080538076045,-0.3997457637465749,0.2706530358769599,0.1245600651269139,-0.16569127790044685
0.29709316986129064,1.0100768161744005,0.2256417462687729,-0.0061852214320336435,-0.26248798182906413,-0.12263104912253217,0.9570946917856596,0.39157803344949266,0.1115824192486781,-0.11733571589035165,0.2480499447466124,0.039359076077046834,-0.07499771589513735,0.1823019125269484,-0.07456338706398007,-9.07769699614255e-05,8.800785033441124e-05,9.915957056297067e-05,-0.15490260414737153,0.43002468026702273,0.4852822966767925,0.6646290302311368,0.8556388196071024,0.4495745397589442,6.4457264739753235e-21,6.4457264739753235e-21,0.5183125360796165,-0.3260069008170245,0.09723591378831463,0.30952367471702796,0.9757808405301551,0.09176672248637553,1.1887087327787758,1.0385032132716359,0.6637040876439472,6.4457264739753235e-21,6.4457264739753235e-21,0.32901594342389195,0.03042563037847689,-0.39683679257603677,0.2732467932812985,0.12485013338771915,-0.16476245028980152
0.2974435741724279,1.0102611361776914,0.22685989784759863,-0.0057457635316962696,-0.265669034326724,-0.12237255227656414,0.9562546698605672,0.38986851902451414,0.11112983484605764,-0.1208533916749733,0.2478545751281412,0.03892746552954927,-0.07611438135558032,0.18140371074413994,-0.0734960633675278,-9.005929430964657e-05,8.811189162646756e-05,9.904390037164449e-05,-0.157886272607576,0.4279029029106962,0.4905514094932434,0.663154649346716,0.8607704507053843,0.4451705823687158,6.4457264739753235e-21,6.4457264739753235e-21,0.5168886368543111,-0.3261597538598511,0.09811971272938985,0.307878865804187,0.9709642500855964,0.0903710707142667,1.1879539112793325,1.0429744264161647,0.6570602678736379,6.4457264739753235e-21,6.4457264739753235e-21,0.33044120757303164,0.03190850644865908,-0.3925880459682563,0.275054456785659,0.12350086013080554,-0.1620400069631689
0.2980269799011341,1.0103033145648275,0.22842204714734568,-0.005437692381660108,-0.26917886660174245,-0.12169667543502578,0.9553621071777814,0.3864890194687471,0.11171159471093295,-0.1251159206910356,0.2476403736757787,0.03900154909453713,-0.07749757006817669,0.18003847172488868,-0.07406702351181106,-9.0919888740138e-05,8.38985757408641e-05,9.895566597024338e-05,-0.1591441577556581,0.4255485753319607,0.4934237883634962,0.6609448315443989,0.8650647543169608,0.4405409497913469,6.4457264739753235e-21,6.4457264739753235e-21,0.5166184596240654,-0.32418766058071785,0.09910985134359757,0.30479878003244537,0.9620614331608043,0.09095171577290265,1.1849279376834883,1.051984105766598,0.6465471231125368,6.4457264739753235e-21,6.4457264739753235e-21,0.3300194753808025,0.03227678655969771,-0.3882962426179068,0.2764927704133784,0.12271544612865859,-0.15941493560603304
0.29839558587021087,1.0104038459608522,0.2298222099409373,-0.005168226653848229,-0.2726566645035677,-0.1210423083269156,0.9544599530709957,0.3832263843478346,0.1133104907076932,-0.12918519779729648,0.248128544197119,0.04082605712634756,-0.07858658559378427,0.17815571340142367,-0.07550101241919767,-9.247007648198248e-05,7.468002300031396e-05,9.903100267971269e-05,-0.16001049645809343,0.42279213932612825,0.4967678359713899,0.6598568091741863,0.8699950715495565,0.43499379840031543,6.4457264739753235e-21,6.4457264739753235e-21,0.5176831585213453,-0.3204342991712732,0.10054816827789381,0.29885993273327915,0.9496398268512038,0.0978725712762111,1.1799838756518204,1.0664441871858557,0.6320919888116575,6.4457264739753235e-21,6.4457264739753235e-21,0.3291438362895844,0.031467574538680335,-0.3839629774562573,0.2777310330406396,0.12354951833994195,-0.15811208942114433
0.2984583065779325,1.0104575677743888,0.23056771256197955,-0.004783712462097679,-0.2763172781503662,-0.12056338398405421,0.9534700338817675,0.3810692837996737,0.1151302087672458,-0.13360270585594888,0.24943971725027161,0.04379292411492173,-0.07994244252713908,0.17644290965122386,-0.07643939973175226,-9.28186201198908e-05,7.123145238701223e-05,9.904975978728236e-05,-0.1608838953691043,0.4192829546425388,0.5003582701571319,0.6587405812687624,0.8759959348254996,0.4280320850633102,6.4457264739753235e-21,6.4457264739753235e-21,0.5185740011733507,-0.3158842098791238,0.10400229625833583,0.29260576126026144,0.9348859977257601,0.11081346807027904,1.1717370511511838,1.0838040467520633,0.6143193848836789,6.4457264739753235e-21,6.4457264739753235e-21,0.3291274234534887,0.03050423916270462,-0.3794411172370519,0.2792039060970238,0.1249405652654329,-0.15853433228358632
0.2986346981570066,1.010423186618108,0.2308891200201965,-0.004155776978030574,-0.2804129673678151,-0.12028890453766806,0.9523132148628999,0.37971369605590494,0.11624149753984644,-0.1383181502741696,0.2508025369106917,0.04660783558274269,-0.08113640566777951,0.1753198640333531,-0.07622694981826278,-9.347293954748092e-05,7.903064668898153e-05,9.915294292848619e-05,-0.16114924121555066,0.41523791029855567,0.5020184633642096,0.6563011315673677,0.8823613195382681,0.4201294818610336,6.4457264739753235e-21,6.4457264739753235e-21,0.5172488055872962,-0.3126155301821129,0.11052829962258524,0.289029563528138,0.9193243714208622,0.12383414721747055,1.159049846940099,1.1000288090462804,0.5944571209608782,6.4457264739753235e-21,6.4457264739753235e-21,0.33082397918691786,0.030430355268265635,-0.3731889924365734,0.28118708646118384,0.12539695861790487,-0.15946427201374525
0.2993653351014104,1.0102481913950245,0.2308767570930432,-0.003376536746385462,-0.28521416618085654,-0.12017898484384675,0.95090700808128,0.3783700608546523,0.11663661430339745,-0.14457616703692255,0.25169018292538325,0.04790207491863984,-0.08239190886032571,0.17465472716469682,-0.07486493271147067,-9.43703569057467e-05,8.517101836625081e-05,9.918480667175227e-05,-0.15976200729083923,0.41072104692222716,0.49956860104895595,0.6513952542050738,0.8880726665032538,0.4126121925607847,6.4457264739753235e-21,6.4457264739753235e-21,0.5127555892395885,-0.3118969656341999,0.12018439006303101,0.2890497916589648,0.9041743999728137,0.13356009417332504,1.1428896287442956,1.1115338300795794,0.5724582058619471,6.4457264739753235e-21,6.4457264739753235e-21,0.3335224254918722,0.031440620798966444,-0.36479146873663015,0.2827454625771412,0.12380955489271142,-0.15936566609140984
0.3002700373520397,1.0101194622304768,0.22925720684304762,-0.002564706994638237,-0.29078570005297005,-0.12025767013998229,0.9492153392092627,0.3775327694642931,0.11620791588292259,-0.15089830476851615,0.2529394838290471,0.04951736023999765,-0.08412987811209681,0.17382879770310614,-0.0731198145840631,-9.31778422818395e-05,8.686244832318223e-05,9.912299057703228e-05,-0.15783875057932908,0.40526957799006447,0.4963552607863423,0.6450897056817566,0.8950200491958985,0.40597232212767725,6.4457264739753235e-21,6.4457264739753235e-21,0.5066033887670957,-0.31430055877546276,0.1317533009707208,0.28987990355292903,0.8895017888695037,0.13725104610128708,1.1258958021835948,1.1176155239973073,0.5483627507082446,6.4457264739753235e-21,6.4457264739753235e-21,0.3373018989418524,0.032927371874812365,-0.35493027065163574,0.2848217726698071,0.1224038129781032,-0.15874807022763862
0.3009950933994312,1.010125131452397,0.22694696087114666,-0.0016587783366615047,-0.2972296127150029,-0.12064312883328046,0.9471766939980938,0.3773581344525739,0.11583591948668145,-0.1585078628635537,0.2547212435689885,0.05218148309499724,-0.08692452261290615,0.17210522181568116,-0.07177760541537132,-9.002527803452342e-05,8.610521110457214e-05,9.881186548276751e-05,-0.15649881176277433,0.3981689033510344,0.4961166074753442,0.6387651788763239,0.9052983337115246,0.40022207880894933,6.4457264739753235e-21,6.4457264739753235e-21,0.49995850712265655,-0.31878338378931487,0.14398753698756803,0.29011414629618987,0.8748555026823784,0.137430072722723,1.1100132848063196,1.1204250195950949,0.5217792011922653,6.4457264739753235e-21,6.4457264739753235e-21,0.3424621034252976,0.034301029914793314,-0.3428357375834093,0.28745155497892866,0.12189863751314527,-0.15795064781636792
0.3010030713816473,1.010297341971926,0.22415117445610255,-0.0005279823892491064,-0.3043896730572601,-0.12144775077937785,0.9448046937181179,0.37831386961371183,0.11584999895582992,-0.16739536358133592,0.2571601884193986,0.056581907727487224,-0.091458629351767,0.1697420438539472,-0.07063121614204329,-8.752460159614838e-05,8.824727937882377e-05,9.868632722415978e-05,-0.15634883909422312,0.3900530721203334,0.4995682874859055,0.631824493904964,0.9193088542406073,0.39400757956054405,6.4457264739753235e-21,6.4457264739753235e-21,0.49483652694049807,-0.32228163341278326,0.1536071108460288,0.29000312006468354,0.8603935161667782,0.1365686781470294,1.0926648604131115,1.1191373958578117,0.4922771098381389,6.4457264739753235e-21,6.4457264739753235e-21,0.3497843155824824,0.03543133956069797,-0.32910575353028704,0.29110389858825314,0.12257096884703073,-0.15812689191307402
0.30044884064559835,1.0105138604770907,0.2221635521247263,0.0009924066270260508,-0.3117320982852965,-0.12269033810889458,0.9422491658524162,0.3804491932151382,0.11553097650886528,-0.17691685056602108,0.2591010959460259,0.06112513378671387,-0.09670336842596688,0.1664707056855808,-0.06968862925368957,-8.553683380862859e-05,9.023049838927428e-05,9.879499677047518e-05,-0.15584935817199688,0.38326534570598164,0.502493109303595,0.6246417917581741,0.9347849433186407,0.3865378154793964,6.4457264739753235e-21,6.4457264739753235e-21,0.4923873078789995,-0.3238393128701054,0.15866095852019896,0.2910425032387905,0.8446769324302562,0.13639260183708427,1.0710306153677598,1.1142185953702863,0.4606622185141848,6.4457264739753235e-21,6.4457264739753235e-21,0.35896794790827774,0.03697000421329812,-0.3153549524263711,0.29487500329978356,0.12268488649957898,-0.15936206569653646
0.3000568182857385,1.0106291208308134,0.2213006274589562,0.0028089722689050344,-0.31851933010031336,-0.12407166034328236,0.9397877952464978,0.3828220075201074,0.11438711551736855,-0.1860646177029384,0.2596756844979502,0.06390723993344352,-0.10187932533033599,0.1629662444163912,-0.06848582322088542,-8.214860972876985e-05,9.08385803692644e-05,9.87158830686045e-05,-0.15308310920606003,0.37751096611106977,0.5016817027872463,0.6151634808063114,0.9493682150638495,0.3783131748919652,6.4457264739753235e-21,6.4457264739753235e-21,0.49178018683339325,-0.3231147767648367,0.15941150717485497,0.2936616670433669,0.8290080882056223,0.13795559885877412,1.0460653610365103,1.1064725091881644,0.42875945074623756,6.4457264739753235e-21,6.4457264739753235e-21,0.3680347587894154,0.039296189596540076,-0.30413216997014303,0.2973463584353984,0.12075047536028873,-0.160542669569104
0.30037523565570795,1.010565203315715,0.2205712862543073,0.004433278441054368,-0.3239051727523891,-0.12522912110093182,0.9377742216345173,0.3846316854647317,0.11234547196544743,-0.19266647952081706,0.2589787407871539,0.06448498204279332,-0.10510303166093939,0.15950747963841974,-0.06695346741520256,-8.625086377389992e-05,9.229985497723863e-05,9.885303842300605e-05,-0.14875362127368638,0.3727659133875786,0.4983666462300107,0.6042125870545548,0.9631240650453323,0.3707776050142668,6.4457264739753235e-21,6.4457264739753235e-21,0.4923456826048572,-0.3198331627653961,0.1576284523692756,0.2953908302210834,0.813330745747478,0.14089889624527327,1.018909675226552,1.0959978923140459,0.3999934451729916,6.4457264739753235e-21,6.4457264739753235e-21,0.37418325995995977,0.0414289805100402,-0.2967300999472507,0.29663133688029075,0.1167653630950122,-0.1603860260566622
0.30148747430475425,1.0102773876949878,0.21994400889867402,0.005688834651758635,-0.3276261896692919,-0.1260207016560498,0.9363575998879878,0.3850602754558851,0.11028655099465864,-0.19744376694628268,0.25700482510501244,0.06261001568507518,-0.10520934448509671,0.15636528155610305,-0.0651976966016455,-8.855279601488139e-05,9.07214025373619e-05,9.882780813942507e-05,-0.14315851752426303,0.36797703353700395,0.49425217295957324,0.5908530637273107,0.9760170065148683,0.3659693154763654,6.4457264739753235e-21,6.4457264739753235e-21,0.4916994407434517,-0.31605605838032014,0.15654140231265282,0.2943432647397839,0.7997654455764837,0.14793165358516822,0.9932433889818538,1.0841400729570836,0.37716712408904596,6.4457264739753235e-21,6.4457264739753235e-21,0.37675217475669676,0.04346397382138409,-0.2936123970408196,0.2926894867467837,0.11076362417429235,-0.157916485471685
0.3029767212615835,1.0098407493428525,0.21969385782694545,0.006481723142368217,-0.32995956446457153,-0.12642471047366904,0.935472332925319,0.38393701914498163,0.10919947840760752,-0.20068502385975925,0.2548189556360549,0.05933695805393605,-0.10276708354774179,0.15366061384044294,-0.06332639509686012,-9.118915644372357e-05,9.208262700463841e-05,9.905830328052182e-05,-0.13672519547482334,0.3619172667060266,0.4911056631565482,0.5764922200047615,0.9914964601167509,0.3646384167844583,6.4457264739753235e-21,6.4457264739753235e-21,0.49029525749802927,-0.3120147344281366,0.15622862947281543,0.29081848949972905,0.788241857758361,0.15685688263140476,0.9735600804199963,1.0755426414240168,0.3618853007306688,6.4457264739753235e-21,6.4457264739753235e-21,0.37620036509211646,0.04430653590012581,-0.2934305951686207,0.2873392864883324,0.10432479399074564,-0.15406204784923094
0.3046208082871137,1.0092803610532561,0.22055057542713918,0.006970299072540185,-0.33179867158150456,-0.12650488919614716,0.934805670272824,0.3817656022613653,0.10942530274604155,-0.20313982591395974,0.25342025580793615,0.055584334992956716,-0.09940233989423826,0.15135565626549924,-0.0612369007738768,-9.242829449174195e-05,8.983518066368334e-05,9.91807910170558e-05,-0.1299623780588417,0.35474219720687067,0.4892592016789287,0.562805570123376,1.0111159510766434,0.3659575033113579,6.4457264739753235e-21,6.4457264739753235e-21,0.48824188348578296,-0.3082766923159229,0.15752839972512367,0.2865716727643222,0.7772362878988288,0.1661471669621328,0.9617717921436139,1.073939158590379,0.3523986154895145,6.4457264739753235e-21,6.4457264739753235e-21,0.37375326837087597,0.043708187950771964,-0.2931604287447159,0.2814302351876916,0.09772674463747737,-0.15004027926851382
0.3065131027446657,1.0087180739540116,0.22205991867745198,0.007233229749594377,-0.3338602100810708,-0.12642776374574896,0.934080249340862,0.3789959380653043,0.11065206713695072,-0.205492090479175,0.252470665921494,0.05244785799836249,-0.09636062303258132,0.1495951697077834,-0.05861151032804181,-9.376417149550476e-05,9.169281570729639e-05,9.939033933070046e-05,-0.12317028358614748,0.3469844691577885,0.4881585689629973,0.5505133621517792,1.0369129458952497,0.3674930970136071,6.4457264739753235e-21,6.4457264739753235e-21,0.48606165413352187,-0.303944919527223,0.15994378475351645,0.28271784920843585,0.7656284450722369,0.1727536370356588,0.9559740005130329,1.0800268142178975,0.3449460680616896,6.4457264739753235e-21,6.4457264739753235e-21,0.3706166179155679,0.041834767067445815,-0.29088810446257746,0.27551051636104684,0.0919303438084422,-0.147058913100464
0.3086906398999784,1.0081914055578305,0.223458399185003,0.007284186697041083,-0.3367740159784107,-0.1265168067687243,0.9330237497186259,0.37668324801556863,0.11264137367671576,-0.20927846176614107,0.2517824549913093,0.05056440477234651,-0.09469703835582625,0.14801549758340454,-0.05508093768422212,-9.142640515112977e-05,9.073072806443034e-05,9.915017945048875e-05,-0.11748534123263242,0.34207340847177203,0.48772818969483644,0.5424287973494311,1.0690767901853353,0.36674634033588516,6.4457264739753235e-21,6.4457264739753235e-21,0.48364225198888267,-0.2978975040083141,0.16338876070807976,0.2794413618706728,0.7514071414122968,0.17557169806208675,0.9509876391034472,1.0913824761294117,0.33561982747121993,6.4457264739753235e-21,6.4457264739753235e-21,0.3680474752002364,0.038939862439780384,-0.2853604163871194,0.2692065712621834,0.08706473105659752,-0.14529116948033616
0.3109516604252371,1.0077207003401327,0.22394395001364575,0.007504446714020963,-0.3407747345614618,-0.12678810208233937,0.9315360336636318,0.3746792814715984,0.11499938641485251,-0.21578469745880757,0.25091297601462675,0.04941855194978342,-0.09411533592970252,0.14647386042944474,-0.051239731560969774,-8.326124538068154e-05,9.000037133114015e-05,9.859635396650342e-05,-0.11161593421672454,0.3414666090781148,0.48687360018319453,0.5372992406257219,1.1032553152693978,0.3633982192172248,6.4457264739753235e-21,6.4457264739753235e-21,0.4807983867592231,-0.29101977005193597,0.1679416886739855,0.2768577389704784,0.7343084897246718,0.17345335856595834,0.946933672490721,1.1070946632966145,0.32384366575633095,6.4457264739753235e-21,6.4457264739753235e-21,0.3664420424383361,0.036080166564255875,-0.27736504496243525,0.2632911831545304,0.0832591117853913,-0.14426093028753714
0.3128949864098426,1.0074643013405091,0.2232423876651864,0.007972535966054097,-0.34584533454212385,-0.12747084967438038,0.9295745637405172,0.3733684731808313,0.11771396932362407,-0.2252742111144438,0.2498290663602593,0.048996636175621854,-0.09370953008880328,0.1450070278607929,-0.04704397566764849,-7.15163691916616e-05,9.300701680530862e-05,9.855692673630586e-05,-0.10407496988715262,0.3463128164847994,0.48446996006479587,0.5343220144561752,1.1329454476249123,0.35927915890348916,6.4457264739753235e-21,6.4457264739753235e-21,0.4778941803267671,-0.2827537555102243,0.17185993020502105,0.2760208821374969,0.7115786223950956,0.16575431740607854,0.9444912902060869,1.1281432805258687,0.31330512395342214,6.4457264739753235e-21,6.4457264739753235e-21,0.3663841751893682,0.032969869573069244,-0.2671300573538601,0.2579629899914366,0.08089402713380911,-0.14397232619948602
0.31438604250413066,1.0074076616761165,0.2219119653993061,0.00888412257769308,-0.3517764061053634,-0.12855660302202118,0.9271949536541644,0.37261451030217935,0.12076995473717118,-0.23763939306555937,0.24840108578544243,0.04886684240026707,-0.09252327262120529,0.14367373175896075,-0.04303919625502413,-4.830579924189296e-05,9.742341549608873e-05,9.882472208536993e-05,-0.09441999132260856,0.35857001910795555,0.4795285997011191,0.5338761125642091,1.1522335973901034,0.35655056593789963,6.4457264739753235e-21,6.4457264739753235e-21,0.4741993475071308,-0.2749025846789915,0.17477957562582125,0.2777456290192964,0.682502342829448,0.15537435663232488,0.9410190569207112,1.153001283379899,0.30870428406752565,6.4457264739753235e-21,6.4457264739753235e-21,0.3676070936930462,0.02999158763217346,-0.25608454841518463,0.253335193752672,0.07956288991872648,-0.1455050006894991
0.3155388422843011,1.0073618104454123,0.22086860696873226,0.010296902401018585,-0.3580846966266519,-0.12994556267352592,0.9245723720566066,0.3722867403605677,0.12288189099242113,-0.250783738522128,0.24630933321010112,0.04876577695927786,-0.09052243812763079,0.1420212731053688,-0.03954323855656445,2.9393321836518557e-05,9.787816797746729e-05,9.615166382001046e-05,-0.08393223848970138,0.3767032185803083,0.475467521954913,0.5369187214136475,1.1621580917557668,0.35708881586304353,6.4457264739753235e-21,6.4457264739753235e-21,0.4702823002833635,-0.2685911366376702,0.1751331478227468,0.2804488999738618,0.6487058431516458,0.14661533178724007,0.9364595969851309,1.1829850360442427,0.3142536319689068,6.4457264739753235e-21,6.4457264739753235e-21,0.36955097203010673,0.02770640129250224,-0.24650872664923223,0.24860862361191394,0.07843779466686138,-0.15043482105371167
0.31671225247948454,1.0071540252924456,0.22073806124177378,0.011984902887186913,-0.3643526775891634,-0.13133648675907592,0.9219031459860946,0.37229687706220504,0.12371557790824973,-0.26220425347877235,0.24420177719300784,0.04857200286072708,-0.08933753708788685,0.14037909724315212,-0.036459734801499305,1.5388634368026193e-05,9.356553166217353e-05,-3.7430514473568835e-05,-0.07424169947201709,0.400486266099912,0.47279733295868087,0.5448942312296524,1.1615748151836565,0.36164087625434616,6.4457264739753235e-21,6.4457264739753235e-21,0.46577527272302266,-0.264854234547215,0.17344414654456716,0.2816214199331842,0.6164122572456778,0.14364051283676935,0.9276842658083507,1.212856373875727,0.3309322533793415,6.4457264739753235e-21,6.4457264739753235e-21,0.3713185320893151,0.025620825084342182,-0.23875275487916797,0.243976623828967,0.07720472560899908,-0.15743108691521787
0.31806679759873835,1.0066888456440812,0.22073793051953608,0.013838116745900868,-0.3704015871819811,-0.13249670042183362,0.9192953630081468,0.37233967304584015,0.12291421269976814,-0.27066380485470193,0.24243371528088853,0.04870428145990296,-0.09021342255123034,0.1386004656289737,-0.034119490299913235,-4.594735048710398e-05,8.098657342631144e-05,-7.882333784903128e-05,-0.0651594531485684,0.4307547633555046,0.46979247684288966,0.5586133831195794,1.1490993102507967,0.36985694578284994,6.4457264739753235e-21,6.4457264739753235e-21,0.46103538379460746,-0.2636525370446224,0.17221890185858765,0.2784124967738415,0.5934168872639123,0.1485952194177442,0.9135496043977995,1.2371695103785592,0.35481231864755525,6.4457264739753235e-21,6.4457264739753235e-21,0.3724271733305439,0.02390760880795782,-0.23332413059627768,0.24008036568165678,0.0764580988473633,-0.16480395814258972
0.31940760879301255,1.0060296720871054,0.22006468788061323,0.015690825489650676,-0.3762700560208034,-0.13339842516963832,0.9167467927754627,0.37273004906531065,0.12080023468802949,-0.27621586701974427,0.24139244213225447,0.049741935353457785,-0.0932183928070789,0.13764950298622392,-0.03189244352541709,-9.771368060264421e-05,9.516108417568012e-05,-9.668706159504458e-05,-0.05600615300465332,0.4708151623481597,0.4628717908083978,0.5789665976164932,1.1226330054029732,0.37895081209542353,6.4457264739753235e-21,6.4457264739753235e-21,0.454230390558759,-0.2631865541799278,0.1712118767727778,0.27086906707062836,0.5825458113079894,0.16029632755946002,0.8948357765302686,1.2531088428686339,0.37879571248016564,6.4457264739753235e-21,6.4457264739753235e-21,0.37360030928701454,0.022463907926546563,-0.22963674022550895,0.23751185694143348,0.07660300605511443,-0.17080868207275574
0.32024968622652894,1.0054110746667266,0.21931593441414457,0.017409053034898522,-0.3822472109469864,-0.1340911496935029,0.9141386756406791,0.37354727788792985,0.11917273528294828,-0.2815577880675483,0.24167319989811584,0.05160724135678549,-0.09745342160626791,0.13800029815225257,-0.02938826098721789,-9.836483468314114e-05,1.6831607271748175e-05,-9.532941557043479e-05,-0.04776438647715062,0.5192497875254236,0.45385413318061296,0.605641024007055,1.0830076959073338,0.38595033529254064,6.4457264739753235e-21,6.4457264739753235e-21,0.44714222395643755,-0.26242162056682555,0.1702819107251175,0.2610400130659,0.5815040392670429,0.1752677920466112,0.8745127098190821,1.2622587127557514,0.39683704194677394,6.4457264739753235e-21,6.4457264739753235e-21,0.3753326475338514,0.020747481439836846,-0.22552665082860293,0.2362113218277248,0.07731291388085278,-0.17611743575685493
0.3203411819191975,1.005076292983555,0.21857750429967404,0.018853666237144327,-0.38847156486012224,-0.13487441563955596,0.9113684168050873,0.3752504681476962,0.11869167093669436,-0.2875007010120989,0.243495929778888,0.05426006987921655,-0.10139833347539673,0.13992614603126644,-0.026316208226347452,-9.862934539967756e-05,1.9108985427207093e-05,-9.695780121603598e-05,-0.041848939989007905,0.5687710589041318,0.4479503150952088,0.6358650860284858,1.0336089378485158,0.3902889401719811,6.4457264739753235e-21,6.4457264739753235e-21,0.44076369337036947,-0.2607541585217727,0.1691108852738792,0.2505938886874441,0.5846512554481936,0.1890658264693438,0.8601623115796929,1.2696399913305194,0.40746148749964545,6.4457264739753235e-21,6.4457264739753235e-21,0.3787649849984961,0.018546939570580147,-0.21909238142814016,0.2356742211734118,0.07743442596948391,-0.18115707549578594
0.3199710474736934,1.0051845903785486,0.2176329584959911,0.019927539227125653,-0.39528626809669126,-0.13587103541868328,0.9082669905814533,0.37768661218525923,0.11967397030648773,-0.294470994131251,0.2461048411928629,0.05751576210806654,-0.10537711578678156,0.1428615621150398,-0.022932262152131986,-9.888796098999834e-05,6.5789940138539e-05,-9.82993909291099e-05,-0.03746366145448862,0.6127888921472825,0.4455477701834006,0.6674759524289173,0.9785817925594027,0.3944754697814987,6.4457264739753235e-21,6.4457264739753235e-21,0.43623902427338607,-0.2598251021820786,0.16914623005806437,0.24131474180712112,0.5887766656785967,0.1982516405045001,0.8531128967931407,1.2762816591273498,0.41305552566781495,6.4457264739753235e-21,6.4457264739753235e-21,0.3841197000668709,0.015554449139066341,-0.20948687291454754,0.2364035196278851,0.0775996281345847,-0.18542954127880767
0.3195617446831069,1.0056556754702863,0.2166238633498004,0.020940666153333932,-0.4026957488551224,-0.1370025969153463,0.9048187703171731,0.38074942378094817,0.12051136849164386,-0.30191930405782796,0.24832235677662007,0.05984701025043713,-0.1099441928069318,0.14659757375319957,-0.01994146539196957,-9.678624521467245e-05,8.578256738848522e-05,-9.891850419810937e-05,-0.03344264904726586,0.6499705197093394,0.4450329905889386,0.6984372401732223,0.9218498754765441,0.40081950808769484,6.4457264739753235e-21,6.4457264739753235e-21,0.43221875726626696,-0.260052570937515,0.1710738365118726,0.2338386149175986,0.5945066908256478,0.2027554627899837,0.8527095136266862,1.282028579870041,0.4158710917453826,6.4457264739753235e-21,6.4457264739753235e-21,0.39094749290178227,0.012654453476141352,-0.19708175691154445,0.23730080681348478,0.07718235538873117,-0.18805955548486258
0.31929614151833896,1.006238491155931,0.2155464182554517,0.0219199195183457,-0.4103776202294804,-0.13805083886161304,0.9011803358490206,0.38426545014004915,0.12059322389683363,-0.30917152562711053,0.24970232981810903,0.06059331594465264,-0.11515267791751203,0.15139395696389346,-0.017563816303129125,-9.170454764374151e-05,6.482763505801114e-05,-9.842521003170246e-05,-0.02883941372054891,0.6839938366083056,0.4417865260441902,0.7284963514418721,0.8636819509407306,0.40924369570329927,6.4457264739753235e-21,6.4457264739753235e-21,0.42680167224783583,-0.2613389818885274,0.1741899935113986,0.22840553179631407,0.6017888852763725,0.20322865501637014,0.8548147691768205,1.2851250900264923,0.4179899662140889,6.4457264739753235e-21,6.4457264739753235e-21,0.39816997259662884,0.00990447628612683,-0.18296559546891208,0.23815447550213334,0.07612413962769918,-0.1884207315317421
0.31885243601493374,1.006796639331508,0.21478004136737336,0.022729158546502082,-0.41819305634313914,-0.1390006293427693,0.8974149499196852,0.3883415783991973,0.12076555365952696,-0.3167566433433943,0.2510936606858548,0.060587044140425976,-0.12196240463755763,0.15679330128785043,-0.01610364262830773,-4.895105255195092e-05,-6.41127625665769e-06,-9.821261915580639e-05,-0.023720892972172485,0.7167429096159141,0.43443465583342944,0.7565730639400792,0.8045208594587162,0.41814542225232987,6.4457264739753235e-21,6.4457264739753235e-21,0.41987404010180074,-0.2640474138014721,0.1793557387569038,0.22463432596880795,0.610669797308852,0.20039227320173317,0.856732310880541,1.2844883852767037,0.4197816159965209,6.4457264739753235e-21,6.4457264739753235e-21,0.40561495493656974,0.006699130811168479,-0.16804336000247366,0.2396313101417986,0.07511312456666663,-0.1877677015777444
0.318098040249528,1.0071160760705795,0.21368751265021185,0.02332630016107276,-0.4255453368652516,-0.1400608888987607,0.8937666592580054,0.39344749438980886,0.1216833922809098,-0.32404850672259794,0.25370715830446605,0.06026068678188009,-0.13015474480823722,0.16236921813219996,-0.015485788635817472,-5.824326974606298e-05,-6.587915244182949e-05,-9.836442521279359e-05,-0.017978982778582467,0.7483763217828169,0.4234700812374367,0.7822193672584262,0.7451601541934253,0.42555813628021927,6.4457264739753235e-21,6.4457264739753235e-21,0.4101516155149914,-0.2664219889007253,0.18504589268218025,0.22173959637708152,0.6187460888326769,0.19622505259837955,0.8559880928178939,1.2815787726541434,0.4215224338512735,6.4457264739753235e-21,6.4457264739753235e-21,0.4131639515088821,0.0026231361482815145,-0.15355658943213296,0.2423181804396678,0.0744553260735002,-0.18694979045023927
0.3172292964486941,1.0071870702694035,0.2123390450694336,0.023888638943521917,-0.4325479623612863,-0.14149674753672487,0.8901543258096214,0.3996130492649163,0.12340583098167464,-0.33072731825967566,0.2574656155946224,0.06026536317093645,-0.1390573140439523,0.16674724248024142,-0.015287150232383386,-7.794998368015587e-05,-8.009595998684263e-05,-9.861589243683921e-05,-0.012066990061800953,0.7763830933492483,0.4117809469229649,0.8051944955471053,0.6875457069990184,0.4313822784351427,6.4457264739753235e-21,6.4457264739753235e-21,0.3997605354948752,-0.26801743429201813,0.19030439029034765,0.21940203759111485,0.6253921901365082,0.19245224849106918,0.851922588642008,1.2765173477530471,0.42320485663406304,6.4457264739753235e-21,6.4457264739753235e-21,0.42145694348860846,-0.0019541635660578023,-0.14053698864919886,0.24605629208383326,0.07412216071131461,-0.18663626895759516
0.3162524229741422,1.0072251802291214,0.2110110781228833,0.02469405084879717,-0.4393783624478759,-0.1433671885429573,0.8864801218275024,0.4065113421423259,0.12599460742621385,-0.33839246560796404,0.2619139336622477,0.06117565625886175,-0.14777466804066963,0.16982888051804745,-0.015511022336362966,-8.370827392878031e-05,-8.329988699819579e-05,-9.90438271310315e-05,-0.008597967460969917,0.8006466496229611,0.4029943617670651,0.8273015130110422,0.6345805901577427,0.43545524147655307,6.4457264739753235e-21,6.4457264739753235e-21,0.39055692475762105,-0.26727877673307204,0.19176036477674646,0.21682372342923598,0.6314891713498494,0.19050013096591248,0.8464748277229701,1.2699432962931367,0.42423579294026936,6.4457264739753235e-21,6.4457264739753235e-21,0.43054148302374423,-0.006617705659128262,-0.12860294104976364,0.25003446594478135,0.07392764733463743,-0.18647904194035594
0.31558153452875204,1.0072255084282746,0.2095479053053336,0.025763312773965895,-0.4465414892842866,-0.14528866249549313,0.8825529562707675,0.4124950220818902,0.1290953554472975,-0.34836768308592536,0.26609364523345824,0.063185517279657,-0.15586311703646585,0.17152891364992637,-0.016486543470040457,-7.245701692017071e-05,-8.243734344396231e-05,-9.909764894112867e-05,-0.008554860150491955,0.8200837634281993,0.3986722377055173,0.8500860183206429,0.5895649563811111,0.43835074646154,6.4457264739753235e-21,6.4457264739753235e-21,0.38353644981353846,-0.2664276016319398,0.19025025806970838,0.2146269725839912,0.6369255505422196,0.18811521944200413,0.8416811650643511,1.2622643762040906,0.4245175709926042,6.4457264739753235e-21,6.4457264739753235e-21,0.43930685202806347,-0.011110863131762204,-0.11682118648710872,0.2536157923521856,0.07378111869707091,-0.18614079073882472
0.31503604690393033,1.0073320135575405,0.20784554894190008,0.027295909991687645,-0.4541820235853936,-0.14707103413037614,0.8783084028733606,0.4177707176634734,0.13200363827099873,-0.3601643143938154,0.2701101545371048,0.06593929685021926,-0.1638975057474096,0.1728564889252369,-0.018487302096380675,-4.5775904879715355e-05,-8.18554989788802e-05,-9.906316547837336e-05,-0.01201536399701009,0.835172683177607,0.3997100702267072,0.8730226169630778,0.5549674751867781,0.4410200364895354,6.4457264739753235e-21,6.4457264739753235e-21,0.3783044232884048,-0.2671959240860902,0.18676701712411048,0.21410381199970918,0.6430059173717783,0.18461359206720784,0.8364567763185151,1.2540457081813643,0.42371227414350976,6.4457264739753235e-21,6.4457264739753235e-21,0.44815960252413184,-0.014998679754378316,-0.10490738296235672,0.256973908671714,0.07332827522744195,-0.18523305119189795
0.3148528447952095,1.0073351697587167,0.20505213644542467,0.029141156025968114,-0.4619282442571191,-0.14847824162103035,0.8739631394661797,0.4218597902488245,0.13349476518437117,-0.37224949504271754,0.27270473610810747,0.06764441972825422,-0.1707953210582505,0.17511106713359245,-0.020955352755245307,-3.50206856994733e-05,-8.263442967478549e-05,-9.905666205659448e-05,-0.01677047045236072,0.8480442271163231,0.4027008649982693,0.8934823644081857,0.5295241816156976,0.44386935906456637,6.4457264739753235e-21,6.4457264739753235e-21,0.3732648245519364,-0.26967337559636084,0.1844976090488143,0.21642010940818432,0.649567931974726,0.18052097022657299,0.8288713945437293,1.247130339966127,0.4226897972898794,6.4457264739753235e-21,6.4457264739753235e-21,0.4569298220917302,-0.017765993887727382,-0.09262557199874653,0.25996553876719514,0.07162656015737333,-0.18340166545008424
0.31481720900193455,1.0073993144940638,0.20187497101198906,0.031219597472653557,-0.4692203350654747,-0.14998036495480863,0.8697362351771597,0.4266803477409781,0.13373441898203106,-0.3829943922529927,0.2744513657741218,0.06884315113895624,-0.17678316564167684,0.17814376255102063,-0.022815125245602027,-3.4466813557448025e-05,-8.256537189069208e-05,-9.917610504174122e-05,-0.0217844657752514,0.8602063671708051,0.4059421639555646,0.909635230472336,0.5109547155452082,0.44733088262828685,6.4457264739753235e-21,6.4457264739753235e-21,0.3683787399566561,-0.27364082275988405,0.18487820698545945,0.22075594888893743,0.657719234035252,0.17681459117900994,0.8214254133201014,1.2421449577547796,0.4215639041166325,6.4457264739753235e-21,6.4457264739753235e-21,0.46694387564256384,-0.019378070318392896,-0.08102651253109015,0.2629160539147631,0.0694689878307154,-0.18111169401683674
0.31458306960375815,1.0076260981823497,0.19901645783087976,0.033360743509373424,-0.4753868137324527,-0.15183490584104464,0.865968154480282,0.43292165999801546,0.13395776362530726,-0.3918767326638381,0.2765034028266788,0.07050054374018946,-0.18206209128999426,0.18151387886965392,-0.023557347543265113,-4.0820606329288303e-05,-7.866816329724136e-05,-9.942411651626963e-05,-0.02701771092238433,0.8717141101672462,0.40954425871085864,0.9218872604218433,0.4971178270251598,0.45120443319482695,6.4457264739753235e-21,6.4457264739753235e-21,0.363551528580968,-0.2772270185823024,0.1859383687643552,0.22444762956664266,0.6668572960515996,0.1759424321687814,0.8143160246856139,1.2403255508016027,0.42124925787133893,6.4457264739753235e-21,6.4457264739753235e-21,0.47774053352379564,-0.020339640763521197,-0.07139085456215284,0.26629369422260624,0.06843297840536793,-0.17975299340857812
0.3143783456254438,1.0079167363984798,0.1968350219554666,0.03534127627461392,-0.48023008349946544,-0.1538231120137343,0.8628496782837729,0.43989521215664956,0.13439671535181197,-0.3981818779549568,0.2789272826809406,0.07216927305825711,-0.18633572731192874,0.1843845317406637,-0.023515489276046252,-4.1212432067136813e-05,-5.444373272479265e-05,-9.911057700462867e-05,-0.03159317176245856,0.8816393814374678,0.4126261465713002,0.9313719172487426,0.485803060427485,0.45549251084859443,6.4457264739753235e-21,6.4457264739753235e-21,0.35892119609984047,-0.2803447620361763,0.18726838310967908,0.22673923690213704,0.6742065325739082,0.17679707957835392,0.8080094009839052,1.2416464758529064,0.4222385066143148,6.4457264739753235e-21,6.4457264739753235e-21,0.4879128668554982,-0.021082068716708095,-0.06384918936544871,0.2696793598791358,0.0685923660392697,-0.1796565866355373
0.31386712895470953,1.0083836370270656,0.19507288926364105,0.03731138200543297,-0.4840930810901629,-0.15604460295668315,0.8601991602220279,0.4474309328643168,0.135209591316902,-0.402499342852715,0.2816531130813219,0.07439235626764928,-0.1899155006406665,0.18604980981526265,-0.02331290739176115,-4.588042664969213e-05,-1.758346763233058e-05,-9.918072649198019e-05,-0.03656882263665119,0.8902903133389545,0.4168362635839738,0.941251761977098,0.4761072391820833,0.4600510164024173,6.4457264739753235e-21,6.4457264739753235e-21,0.35539909438832024,-0.28333369007627957,0.18750016490553137,0.22754517020579157,0.6789633663629927,0.1786769240303917,0.8034614420883497,1.244360432230124,0.42402432454198374,6.4457264739753235e-21,6.4457264739753235e-21,0.49794925919690924,-0.021900124555353107,-0.05751367069570449,0.27314825958953526,0.06970964419157025,-0.18068014340241362
0.31344200130622957,1.0087136215615577,0.19350517021391977,0.03899971093434999,-0.4873428075998394,-0.15777981326991022,0.857964426067194,0.4526897079119395,0.13563457538375628,-0.4067183155235172,0.28280868218257194,0.07626750685261682,-0.19251206867532772,0.18694463422798666,-0.02385669961156412,-6.850323221924785e-05,2.7353969105184597e-06,-9.941727590524747e-05,-0.04098682812362321,0.8983884364394875,0.420659933783149,0.9519520415014325,0.46824756803595596,0.4637640512994712,6.4457264739753235e-21,6.4457264739753235e-21,0.35205403059962104,-0.28619564770019446,0.18826017784106217,0.228037989575488,0.6788470475630701,0.17971369767339673,0.7995610076655162,1.2471645100996502,0.42602289983195596,6.4457264739753235e-21,6.4457264739753235e-21,0.5060771186415098,-0.022599984221434184,-0.051371194244231914,0.2761939141724634,0.07057202222639337,-0.1818921768596855
0.31327570132452764,1.0089006485282812,0.1917972719266815,0.040265380793162386,-0.49018564240317913,-0.1586803716754865,0.8561140068365092,0.45490825509907873,0.13530209877871624,-0.4109658846282968,0.2825597182163482,0.077958138068539,-0.19404484298470284,0.18803569288058639,-0.025287717111088757,-7.92225199329553e-05,7.547784343112495e-06,-9.928954710984653e-05,-0.04381918893804127,0.9058648256165073,0.4225613698988656,0.9628350735388643,0.46274789603261574,0.46625829005817593,6.4457264739753235e-21,6.4457264739753235e-21,0.34919068798711966,-0.28794487655443923,0.18889747755362474,0.22891227186035842,0.6742271659728518,0.17950747801173408,0.7945175016120539,1.249061355085921,0.42873857196357495,6.4457264739753235e-21,6.4457264739753235e-21,0.5114601632291871,-0.022940407259304164,-0.04583502026050383,0.2786415132071508,0.07085057356282899,-0.1828512232595491
0.31403054679550907,1.008514950314718,0.19119159922381648,0.04052845075339115,-0.4923655149767972,-0.15786208391785775,0.8549970436168608,0.45131379486051776,0.13401683829393046,-0.41532875202742003,0.2797479939384066,0.07812276287541624,-0.19312955353629402,0.1899383394496502,-0.027974044115175775,-8.414018400559528e-05,-5.959341241155775e-06,-9.913751475131239e-05,-0.04359508802338796,0.9107986078703623,0.42141426668582693,0.9727727527721804,0.45940087863469015,0.4681262932145893,6.4457264739753235e-21,6.4457264739753235e-21,0.3464710454738246,-0.28850905158606716,0.192051069647457,0.22974197150721717,0.664475491436762,0.17807874787091132,0.7861456042924877,1.2510911078746798,0.43365163958845926,6.4457264739753235e-21,6.4457264739753235e-21,0.5111929995830583,-0.022690799138156286,-0.04101529841290242,0.2797270897827481,0.06937985696757333,-0.18178737582624233
0.31583381475457334,1.0076696422304463,0.19175716608940196,0.03972174973969294,-0.4938834830848024,-0.1555444801335197,0.8545851032178876,0.44272280752538895,0.13226871632577403,-0.41961213923933277,0.2748080200992845,0.07640398985741295,-0.1896305176206405,0.1925592923550284,-0.031091255286523747,-8.607133761187427e-05,-2.2797919033656704e-05,-9.912683858825679e-05,-0.041557323106097555,0.9124999920366609,0.41778101193769074,0.98059694077057,0.45733401905161314,0.47006794066656354,6.4457264739753235e-21,6.4457264739753235e-21,0.34480170835743434,-0.2889403586529636,0.19817782809909656,0.23017198210453965,0.6517883270327751,0.1755907589234376,0.7770900440874127,1.2539411438456294,0.440323016764825,6.4457264739753235e-21,6.4457264739753235e-21,0.5053711289889161,-0.022288375279071047,-0.03727390193041972,0.2787540004709476,0.06601870191164447,-0.17845680142211048
0.31777606708571265,1.0067679053584588,0.19286954155991945,0.03850900289918577,-0.4951387296590288,-0.1530477653859262,0.8543654980400459,0.43328631504919995,0.13124857086497713,-0.4234349309485363,0.27007078818504693,0.07394477039040526,-0.1845913329004077,0.19527258186275603,-0.033520151969308604,-8.716651063353357e-05,-2.111788846914283e-05,-9.920448982591055e-05,-0.040102946681116615,0.9134012364752924,0.41442416550239614,0.9872694154765619,0.4543845511447658,0.47191839159056603,6.4457264739753235e-21,6.4457264739753235e-21,0.3427986339240692,-0.29123984951756604,0.20681966702948162,0.2304772664618224,0.6403228029740055,0.17207049700096508,0.7689053425453406,1.2574274917882695,0.4474313094414785,6.4457264739753235e-21,6.4457264739753235e-21,0.49827094658090165,-0.022419508112663723,-0.033687026708058156,0.276960420031384,0.06200643677984998,-0.17455972338646825
0.31908561615499453,1.0063296585149097,0.19409270822228292,0.037831556682249155,-0.496281343279081,-0.15166661566779652,0.8539757976450814,0.42681135074043736,0.13073459319917816,-0.4254907441610581,0.2665224919195884,0.07178333688904937,-0.17892258284903007,0.1976518940035266,-0.03490460930880082,-8.703999310222812e-05,1.4571473779506275e-05,-9.924681147869646e-05,-0.039907845731883794,0.9157144164298425,0.4123871533683949,0.9927924403593319,0.4496965337386379,0.4725540118553029,6.4457264739753235e-21,6.4457264739753235e-21,0.33911656033262055,-0.294483869883329,0.2152623426695935,0.2312704464569938,0.6317941313102943,0.16796282233638798,0.7602666807561572,1.2615529269296883,0.45428136078073234,6.4457264739753235e-21,6.4457264739753235e-21,0.49394012810780985,-0.022981767116544937,-0.029970848609551688,0.2754268537803605,0.058582810723782,-0.17134542120323681
0.3193755788170799,1.0066078530694766,0.19486166381398323,0.038480657777166694,-0.49742977877345723,-0.1520236900951188,0.8532139828618315,0.4249898515878201,0.1299889012368789,-0.42607299198537324,0.26382192047622877,0.07069169702189936,-0.1735553529340146,0.19929249053123205,-0.03554936728243246,-6.91978468906836e-05,6.0499997828361216e-05,-9.92873728431546e-05,-0.040894168189170396,0.9193727640010965,0.41184221148813066,0.9970933790003976,0.4442703589209442,0.4713682735773184,6.4457264739753235e-21,6.4457264739753235e-21,0.33350172060668026,-0.29713310755238725,0.220374018048076,0.23293385360775032,0.6270349689132034,0.1644618060962123,0.7510348673029423,1.2661566632402341,0.4613911484135195,6.4457264739753235e-21,6.4457264739753235e-21,0.4942750816194145,-0.023448851790940684,-0.025843537208264482,0.27411830866900444,0.056465285432229465,-0.16955942043715952
0.31907506788708295,1.0071342499675242,0.19645523431939668,0.03996633550700367,-0.4980787278249045,-0.15334194761736158,0.8525323168785578,0.42642915490446,0.12839454040200687,-0.425000811096464,0.2611792379594041,0.069690098709297,-0.16896621568803138,0.1999675113465618,-0.03610183320856893,-2.4800286146689317e-05,7.703339198745483e-05,-9.92012057097817e-05,-0.04172920031012174,0.9227514526674232,0.41214323264757835,0.9995366211793111,0.43985977213860683,0.4689985005731663,6.4457264739753235e-21,6.4457264739753235e-21,0.32648780860380466,-0.2988715012221443,0.2238103541707426,0.23507827421686742,0.6240488388787496,0.1621975823265528,0.741893325398117,1.2715845161569694,0.4681534899243149,6.4457264739753235e-21,6.4457264739753235e-21,0.49735106400826573,-0.02347426814632825,-0.0217150052877981,0.27278970488928433,0.05480660765308915,-0.1681389780437601
0.3181853121218686,1.0078450326749475,0.1970696496313901,0.04165434821402658,-0.49809959516713365,-0.15528418433591656,0.852088815920529,0.43021887179878565,0.12679661743827694,-0.4229059788785036,0.2596291631478742,0.06947813407450774,-0.1661196312059232,0.2002484729474111,-0.03623520970411193,-1.8770240523858654e-05,7.546105144090925e-05,-9.907887960297e-05,-0.04285963059438375,0.926378230239564,0.41230106847398174,1.000778239092033,0.43711914750913133,0.4659615261913421,6.4457264739753235e-21,6.4457264739753235e-21,0.31907370412930774,-0.2992227523804656,0.22487212257667266,0.23718211211462475,0.6233557650280672,0.1615356228862524,0.7335698274025354,1.276115326411246,0.47392739013099067,6.4457264739753235e-21,6.4457264739753235e-21,0.5018341118672012,-0.02372888330306605,-0.0188206997790889,0.27191517409917726,0.054241574642923826,-0.16807547828403446
0.3170548487210859,1.0084098916483073,0.19663472145975794,0.04274804228330344,-0.49738321136067626,-0.15722513633190638,0.8520964031688762,0.43511833910201225,0.12618481867124015,-0.42009159526624906,0.2599733766826842,0.06992151895375424,-0.16537965134191074,0.20038974187228473,-0.035968603524114275,-5.546400876362803e-05,5.3406662084995156e-05,-9.896990186290816e-05,-0.044301345244577475,0.9303666848672083,0.4119965980643838,1.001290354614759,0.4363889562388582,0.4634033137291079,6.4457264739753235e-21,6.4457264739753235e-21,0.3117480947864945,-0.2990844452948651,0.22486218815097916,0.23876283789204455,0.6259526124532908,0.16209756942234554,0.7291705111135512,1.2789796710720274,0.4776706946350886,6.4457264739753235e-21,6.4457264739753235e-21,0.506705281788867,-0.02453741511901416,-0.017023120195456102,0.2721444765178375,0.054642687812359585,-0.16849024897717205
0.31609689763720544,1.0088480079152828,0.19549158455256663,0.04319080375743487,-0.4961243592087956,-0.15897420824831895,0.8524830592336802,0.43974832416565823,0.12649861352313635,-0.41700051073950795,0.26086434092843414,0.07019028547474122,-0.16604807967320628,0.20020216586147174,-0.03569623262856305,-8.133481636956409e-05,1.1625720285279884e-05,-9.888583392338487e-05,-0.04585569058867418,0.9345215814445682,0.410907565818604,1.0026388221394626,0.4371929710859934,0.4618135852373662,6.4457264739753235e-21,6.4457264739753235e-21,0.30502450078959475,-0.2990005584506278,0.2244143374903038,0.23992671298391052,0.6320927534265764,0.1630901249185371,0.7324892408925813,1.280857568466312,0.4792305647709806,6.4457264739753235e-21,6.4457264739753235e-21,0.5111100883129234,-0.02575335675457571,-0.016619524363419468,0.2728020290252677,0.054861223000919744,-0.16893245513951793
0.31570405538521074,1.0090429543134825,0.19403411477797805,0.043060973778571716,-0.49451779078253916,-0.1599624357894031,0.8532374055919693,0.4416233065302398,0.12699237578442812,-0.41407450196994694,0.26073647980576714,0.0696288654019099,-0.16594663969577744,0.20020214546721077,-0.03586045395488552,-8.779649367807198e-05,-1.655876844696768e-05,-9.882576684355441e-05,-0.047110250999650286,0.936824609033954,0.4099373609035865,1.0031956284483525,0.4396137395420892,0.4616103812070995,6.4457264739753235e-21,6.4457264739753235e-21,0.2993208071809564,-0.2989020188934325,0.22448112558104585,0.24089814977833357,0.6385876441300391,0.1635662992899797,0.7415837874143855,1.283688156745322,0.4795304416916073,6.4457264739753235e-21,6.4457264739753235e-21,0.5129440328288242,-0.02645124537466857,-0.017868056592639847,0.2726665429695086,0.054286000386168126,-0.1694299637186625
0.31623819906532397,1.0087349342612357,0.1940489468505376,0.042379598287515634,-0.4927164875485955,-0.1595673439574729,0.8543874315329631,0.4387305513709028,0.1266663735070158,-0.4122461390749963,0.25759824474890103,0.06711137638346937,-0.16319163088782118,0.20057355132966764,-0.03709297890250407,-8.865897174643814e-05,-1.259753493326888e-05,-9.876751544487409e-05,-0.0470242738884453,0.9365506739993555,0.4082870873288273,1.0013303664211248,0.44262480843599533,0.4631473635339235,6.4457264739753235e-21,6.4457264739753235e-21,0.29584247171790207,-0.29832366040183544,0.22640208517318033,0.24210726742560676,0.6409603328289464,0.16228084440069235,0.7527711221980207,1.2888916319512775,0.47972022794034197,6.4457264739753235e-21,6.4457264739753235e-21,0.5101032442648427,-0.025805338131704374,-0.021069450451832675,0.2707249100342999,0.052431367788179965,-0.1695749696699186
0.3168626029471298,1.0083067757655082,0.19564549107173407,0.0416453149245324,-0.4905418350909988,-0.15864174393010005,0.8558477845973146,0.43372874773804077,0.1262878555969,-0.41206329498563365,0.25298755596591543,0.06460451542412554,-0.15938079833119856,0.20085818558676302,-0.03893933293848868,-8.663841223625272e-05,1.4077701503568499e-05,-9.876181894994566e-05,-0.04633878853167486,0.934749740499218,0.4070117653650505,0.9963336150225657,0.4448777069633546,0.4652597749655686,6.4457264739753235e-21,6.4457264739753235e-21,0.29367790816030787,-0.2971299646344468,0.2299484216666116,0.24326116714185889,0.6406428022636284,0.1609223236457465,0.7620662804213784,1.2942199758495632,0.4798452937850089,6.4457264739753235e-21,6.4457264739753235e-21,0.5049815887002508,-0.02417547193133462,-0.02647408309400384,0.2679438053784566,0.05102996191202147,-0.17009684077280496
