Frame_0,RASI_x,RASI_y,RASI_z,LASI_x,LASI_y,LASI_z,RPSI_x,RPSI_y,RPSI_z,LPSI_x,LPSI_y,LPSI_z,C7_x,C7_y,C7_z,RSHO_x,RSHO_y,RSHO_z,LSHO_x,LSHO_y,LSHO_z,RELB_x,RELB_y,RELB_z,LELB_x,LELB_y,LELB_z,RMELB_x,RMELB_y,RMELB_z,LMELB_x,LMELB_y,LMELB_z,RWRI_x,RWRI_y,RWRI_z,LWRI_x,LWRI_y,LWRI_z,RMWRI_x,RMWRI_y,RMWRI_z,LMWRI_x,LMWRI_y,LMWRI_z,RKNE_x,RKNE_y,RKNE_z,LKNE_x,LKNE_y,LKNE_z,RMKNE_x,RMKNE_y,RMKNE_z,LMKNE_x,LMKNE_y,LMKNE_z,RANK_x,RANK_y,RANK_z,LANK_x,LANK_y,LANK_z,RMANK_x,RMANK_y,RMANK_z,LMANK_x,LMANK_y,LMANK_z,R5MHD_x,R5MHD_y,R5MHD_z,L5MHD_x,L5MHD_y,L5MHD_z,RTOE_x,RTOE_y,RTOE_z,LTOE_x,LTOE_y,LTOE_z,RHEE_x,RHEE_y,RHEE_z,LHEE_x,LHEE_y,LHEE_z,Nose_x,Nose_y,Nose_z,Head_x,Head_y,Head_z,REar_x,REar_y,REar_z,LEar_x,LEar_y,LEar_z,REye_x,REye_y,REye_z,LEye_x,LEye_y,LEye_z
0,-0.07295761457488309,-0.3364390013699556,1.0050979519577887,0.16699613388538603,-0.3522873023277808,0.9898151697680951,0.005522943453523447,-0.1599693921351194,1.0224054446333861,0.1211495262128075,-0.16423995139007108,1.0188482550887517,0.07314055629791932,-0.21386828600313837,1.5066831664820446,-0.10363448020011101,-0.26138158990768384,1.4659724764249056,0.23580768164312904,-0.2905877415432545,1.4648476040610303,-0.19725386740299794,-0.2246995726521424,1.1501570022572005,0.31401529637992026,-0.2611220195180917,1.1308127537715045,-0.1265431686960158,-0.1726332623682022,1.12128624502933,0.2563304351789404,-0.20256554882216815,1.1120358089210334,-0.23394353346154578,-0.2939033413136418,0.9128434742677559,0.3066813383318848,-0.3247976101663969,0.8963215452973775,-0.23927289553297623,-0.25662744709015967,0.8958071456275895,0.3202489018101873,-0.29343072188470454,0.8801698313696069,-0.12229184193517836,-0.26997827697291993,0.5312725918063317,0.2169426449877321,-0.2580039724748257,0.5239490512177808,-0.005134213285167614,-0.26867947322016555,0.5208259917170084,0.097172568990957,-0.2560017823659334,0.5213109499860828,-0.1266981804434749,-0.21953565725923704,0.08221160694392105,0.20876808112724865,-0.21106975892155977,0.0743504026134883,-0.0643010505288734,-0.24385443373549495,0.07309662804097844,0.14737105776857864,-0.23595096485446124,0.07081042686507646,-0.17273559327442412,-0.36758681009737815,0.024543917557669173,0.2594525293445154,-0.3606835945719514,0.019254537781399086,-0.10770055724329565,-0.4378539206089735,0.02329084360437685,0.20348192118150887,-0.4237369918596169,0.01849668534268513,-0.08133691386146674,-0.16222092776716368,0.028682196745798874,0.16535346728668054,-0.15989903341527223,0.037945732903970984,0.044399755986187874,-0.44932680494826377,1.6187786899031003,0.0688558184258316,-0.304783243156207,1.780665747058012,-0.0074808724711640275,-0.2962769429237431,1.6398245046881963,0.13984442465960403,-0.3275691939866674,1.6449019836091872,0.019265098004551458,-0.4070536275834365,1.6605657689352857,0.08432394073744272,-0.4220187846231588,1.665784894304867
1,-0.07293210976917389,-0.3362604011908599,1.0051079433841374,0.1670135270883551,-0.3521000226588331,0.9898276414992493,0.005524973483866437,-0.15980756902592694,1.02242382362005,0.12114809196166362,-0.16408547506463442,1.0188683808205088,0.07314628817503847,-0.21371808149535287,1.5066578845543575,-0.10361333577816227,-0.2612357142333628,1.4659465390311037,0.23580694581436557,-0.29040348168713176,1.4648115442785665,-0.19722001455548366,-0.2245090876530001,1.1501496766184711,0.3140163243603899,-0.26089541447048964,1.1307996069851771,-0.12650569061070538,-0.17246642616639998,1.1212823460953838,0.25632450847390464,-0.20235759966816963,1.112025513387101,-0.23390077607253656,-0.2936699814849981,0.9128595714614178,0.30669037381431996,-0.3245073479278544,0.8963187036285452,-0.2392258689361818,-0.2563982269319817,0.8958235453622582,0.32025034643775274,-0.29314336003555025,0.8801698933588789,-0.12226003314769832,-0.26976789966741077,0.531308321712905,0.21694878485346933,-0.2578384578507948,0.523992953386045,-0.005109850572035906,-0.26846467994392786,0.5208705908179379,0.09718027264415885,-0.2558515843750621,0.5213519720943267,-0.1266713948559436,-0.2192643618947314,0.08228060822758164,0.20876403058981707,-0.21089595885560536,0.07441044100552395,-0.06427686851104958,-0.2435914984360703,0.07316768021874707,0.14737179998028022,-0.23579539135137415,0.0708723067944564,-0.1727052935936516,-0.36730755395601244,0.02461537178369399,0.259455956921062,-0.3605063955686219,0.01930770944569513,-0.10766658303488359,-0.4375558547222347,0.02336541093612548,0.20348227385420584,-0.4235547618923862,0.018566745920463326,-0.08131396682873956,-0.1619661996869671,0.028750783303326966,0.16535021858385462,-0.15976456562132532,0.03799962282254714,0.04441537359303586,-0.4491779499412741,1.6187268426379184,0.06886057342360369,-0.30463078771328855,1.7806371760310018,-0.007471943707937245,-0.29613762867184473,1.6397919156030027,0.13984572885544083,-0.3273940049807981,1.6448636589093026,0.01928104498027323,-0.40693950279863866,1.660522233843647,0.08433968331643218,-0.4218921547861702,1.6657022365732095
2,-0.07282876446878202,-0.33509154090565696,1.0051603136969018,0.16707225145340807,-0.35088898644063754,0.9898967465412527,0.005497384510799189,-0.15875527281784577,1.0225301200918493,0.12109984247736967,-0.16306676593247604,1.0189846890673857,0.07314009826637541,-0.21272392550105962,1.5064963542233691,-0.10352128102550674,-0.26026396756370096,1.4657863175098698,0.23575642572664623,-0.2892160601329835,1.464593223710699,-0.19705086404582708,-0.2232808065215689,1.1500987847726305,0.3139845610463339,-0.2594648324967561,1.1307152002561274,-0.12632003265494446,-0.17138301054337146,1.121256466776986,0.2562506956912657,-0.20104445472464522,1.1119613588627744,-0.23367766104060805,-0.29220387832632755,0.9129555183011349,0.30670193719585775,-0.3226927194476416,0.8962968590786844,-0.23897923481105096,-0.25495920824462404,0.8959193263993784,0.3202190001555406,-0.29135027007757414,0.8801616438453147,-0.12211953808989776,-0.2684411944229904,0.5315126494668883,0.2169421754780766,-0.2567497699975641,0.5242415238172149,-0.005010840582083869,-0.2670993949802002,0.5211241299361767,0.097182546573703,-0.25485396260612064,0.5215846403351169,-0.12655886568201397,-0.21751649814205698,0.08268601998621612,0.2086917349480251,-0.20970634117745734,0.07475735386672755,-0.06417678242680208,-0.24190266729923965,0.07358053443436291,0.14733115957931578,-0.2347150000407561,0.07122658044871272,-0.17257106847796516,-0.365507002846216,0.025033055856002958,0.2594309775395774,-0.35929360840320673,0.01961495151863344,-0.10750893589192168,-0.43565464728464415,0.02379133763385233,0.2034358414076446,-0.4223086312619885,0.01897247519702826,-0.08122362018736734,-0.1603075090605001,0.029150896667811465,0.16528665729442868,-0.158795617763434,0.03831208885770253,0.04446380816307645,-0.44818450042955443,1.6184251399124647,0.06883590911534766,-0.3036004401970066,1.7804623637914476,-0.007472137756893284,-0.2951797771721639,1.6395780344834738,0.13980395386020728,-0.3262389942775066,1.6446335899033766,0.01932507194415744,-0.40612939861935093,1.6602604574141129,0.08438555508238585,-0.4210213702248883,1.665238615565359
3,-0.0728453179087055,-0.3324045562077155,1.0052218553381842,0.16698398308608112,-0.3481875368978489,0.9900020587272569,0.005288931266281506,-0.15634813946737378,1.0227031378158133,0.12085100453863694,-0.1606885648133011,1.019176824835078,0.07296174141900832,-0.21038745198169834,1.5061298194971853,-0.10348512205239903,-0.2579527662920326,1.4654544144872297,0.23546259361607857,-0.2865735670192898,1.4641687410554691,-0.19687234137810158,-0.22056220079378724,1.149968007372772,0.31375955369864605,-0.25642495159299644,1.1305427117805213,-0.12613948419130191,-0.1689517208376372,1.1211879085330327,0.25596268047160553,-0.19826095066989238,1.111836931817629,-0.23338893151045015,-0.28912638401640633,0.9131293603545827,0.3065310051653442,-0.3188991418600102,0.8962527836598843,-0.2386608001293911,-0.2519402870837368,0.896086811904646,0.3199859343953381,-0.28762202584893226,0.8801277012726151,-0.12207690787645616,-0.26565331821111016,0.5318716198615967,0.21674269432523333,-0.25426221474806054,0.5246587205104701,-0.005030012298813874,-0.2641903668032046,0.5215556665881157,0.0970042156417624,-0.2525286158069603,0.5219764571867658,-0.1265455089274391,-0.21371528870313147,0.08344260525379261,0.20835920567466903,-0.20681708002837068,0.07537981436533987,-0.06417583613202943,-0.23824674149479239,0.07433394583405818,0.14706770723596196,-0.23203155405305195,0.07184385793846564,-0.17251842848714422,-0.36159289633179537,0.025812458251027064,0.2591811577610724,-0.3563534541903114,0.020177518337731248,-0.10741096853466829,-0.43159476912007816,0.024548545230509183,0.20313683666849564,-0.4192932036471041,0.019706926909968222,-0.0812478243543219,-0.15662796616749225,0.029884986424395042,0.1649884331424069,-0.15625668706419107,0.03887450838339118,0.044357241117732905,-0.44583913507371054,1.6178923954366928,0.06856655672474926,-0.30108912213421996,1.7801012822631335,-0.0076981223890614505,-0.2927822385885767,1.6390828220038476,0.13951664652418705,-0.3235633483795797,1.6441836542896633,0.01918462034233189,-0.4040154926288175,1.6597560571774612,0.08425995482167452,-0.418860032983867,1.6645137752161245
4,-0.07286929842001089,-0.3272211375347785,1.005321819996026,0.166816041538272,-0.34305598363205203,0.990200644955178,0.0049492230455735154,-0.15163587344719737,1.022993173767319,0.12043358132881953,-0.1560665994794826,1.0195110110578003,0.0726585235693128,-0.20585929723312946,1.5053810517442203,-0.10337025913319782,-0.2534686619112065,1.4648077976082543,0.23492233571051208,-0.2815227565131128,1.463372968075098,-0.19651916973678707,-0.21543826871074334,1.1497039177342945,0.3133429464844243,-0.25068361850331167,1.130265979232155,-0.12580675948856526,-0.16436859099329937,1.1210252991740204,0.25548973770807015,-0.19304235500179381,1.1116382823356172,-0.23280684084055128,-0.28337345339110975,0.9134256533145697,0.3061882258803013,-0.3117010900739229,0.896225110179704,-0.23805019829805069,-0.24628977373101701,0.8963833824131004,0.3195576538580345,-0.2805708389829636,0.8801214330072087,-0.12203110148283552,-0.2605141926844251,0.532588505744584,0.2163817639472255,-0.24960479876394956,0.525476617509308,-0.0050826416887768625,-0.25883026672179466,0.5223968613761345,0.09670016749849858,-0.24814938174081125,0.5227378820986803,-0.12649122859614242,-0.2067507504682507,0.08494322273726618,0.20778546669347658,-0.20140963194526892,0.07662023434148416,-0.06415608810897482,-0.23153875277865033,0.07584180640295317,0.14660936009937933,-0.227007303998453,0.07306131397075191,-0.17241254438126766,-0.354452424722465,0.02739506038435402,0.25869156987364555,-0.3508764648141778,0.021337912624597215,-0.10723883765823519,-0.4241519530600403,0.026108508157779705,0.20256472751818116,-0.4136824435722892,0.021178015512784972,-0.08126032910594462,-0.14987719172731254,0.03134424429245338,0.1644817713452031,-0.1514966184548762,0.03998661709105738,0.04413970253092755,-0.44137590392699955,1.6169008939170375,0.06808481606106405,-0.29619782748556767,1.7793769768067678,-0.008099465935860372,-0.28812062147028217,1.6381158276440717,0.1389993635613012,-0.31844325244634275,1.643297220986409,0.018907847237214944,-0.3999478301052184,1.658824194469855,0.08400922304830767,-0.4147331975900873,1.6632237525516476
5,-0.07309676987055817,-0.3210220692429848,1.0054163485205776,0.16647701840070528,-0.3369552536427748,0.9904294875942439,0.004393240759814267,-0.1459472092592829,1.0233310014335129,0.11981289670013126,-0.15043053200625772,1.0199035288948166,0.07216505962183199,-0.200414995434438,1.5044984395180183,-0.10334146382400843,-0.2480764983088191,1.4640878821399506,0.23416381731067826,-0.27556821889789607,1.462507414496626,-0.19623390736118732,-0.20943885268417978,1.149360636802317,0.3127652940849196,-0.24397497659900932,1.1299743867092082,-0.12557451241162518,-0.15901254842120138,1.120813049890367,0.2548487902906132,-0.18698518625546068,1.1114565758619506,-0.23225535366688838,-0.27680043572330393,0.9137005111678848,0.30567466422874906,-0.30338925636494163,0.8961439498640649,-0.2375096229171839,-0.2398429526487205,0.8966683348498111,0.31897929917257717,-0.27244638251442954,0.8800521544115607,-0.12223485960400605,-0.254729428011535,0.5333312085526438,0.21585865743122015,-0.24409105561646982,0.52635050807542,-0.005354024050221037,-0.2526995130932849,0.5232636680472035,0.09621783542991262,-0.24293681059198036,0.5235345396419323,-0.1266164519216139,-0.1985859629088909,0.0865936467847405,0.20698357088205252,-0.19467687940608738,0.07795210053056331,-0.06431975970527831,-0.22369736825814654,0.07748148033368993,0.14594123621649355,-0.2207073586771654,0.07434003343965066,-0.17250478207095954,-0.3461050120945578,0.02914446925205337,0.2579400096723322,-0.34409740811211037,0.02260577362543003,-0.10725971328243797,-0.4154866402804259,0.027761690052136898,0.20169044298355254,-0.40675072558551745,0.022771205420965092,-0.08145926709538528,-0.14188624228127059,0.03294402332788324,0.16377323103223165,-0.14541840430850078,0.0411908221103131,0.04366565381511111,-0.4360025736315175,1.6158840360397904,0.06732466965030363,-0.29021193429431774,1.7785679610636576,-0.008766212079248582,-0.2823828692098661,1.6369400378272523,0.13821503730977586,-0.31228591359791474,1.642314043390995,0.018334655959731806,-0.3948676076762546,1.6579146136288765,0.08349418325295337,-0.40969482816515157,1.6620140339571097
6,-0.07338340816850528,-0.3155016375367076,1.0054792683497762,0.1661567442696244,-0.33158156702591873,0.9906400130573565,0.0038928224692690245,-0.140777272570454,1.0236098961833087,0.11929405354023369,-0.14527930631354635,1.0202448887213138,0.07173925827319567,-0.19558472398566026,1.5037529397283078,-0.10328580173558959,-0.24329856519741103,1.4635455801351094,0.2335211793804732,-0.2704289751773703,1.4618757153239406,-0.1960093995517776,-0.20428607854523945,1.1490475448585686,0.31229745329981007,-0.23824179125798567,1.1298321467748822,-0.1254269852834503,-0.15443527327573026,1.1205979441952993,0.2543883066904503,-0.18185501283146716,1.1114219460333736,-0.23183803938357364,-0.27123928826100385,0.9138245435971725,0.305248129926455,-0.2963443274415584,0.8960815557808778,-0.23715590550484966,-0.23436776737376624,0.8968258426625515,0.31855557893901504,-0.2655684772485928,0.8800193552459679,-0.1225502065936259,-0.250146928272127,0.5339395873135834,0.21545606299519554,-0.23939889464868908,0.5270575388761831,-0.005683607278737565,-0.24775199302134557,0.5239498711958048,0.0958429621223229,-0.23845575236390507,0.5241729537331195,-0.1267814623620515,-0.19183055217538175,0.08797016538235403,0.20630456698926078,-0.18873410226363802,0.07901659367725088,-0.06453163654270609,-0.2171843982843675,0.07884432967512049,0.14536414125823893,-0.215109221386353,0.07532513437483687,-0.17267225413961743,-0.3392587244147218,0.03062198663164443,0.2571881130327187,-0.3381892582510603,0.023695230769129612,-0.10739580167414634,-0.4083314505697081,0.029124157721990614,0.20086210858296624,-0.4007363176531821,0.024083024909337246,-0.08169949354516272,-0.135176574732635,0.0342766186355056,0.1631883210601192,-0.1399370769634472,0.04214235665498078,0.043080775981073904,-0.4312676042609721,1.6151977425784991,0.0666331796153743,-0.2848086478172898,1.7779146873894054,-0.009384341396613736,-0.2771731741125895,1.6359355944562122,0.1374845817903338,-0.306916874671334,1.6415409671678822,0.017678526374602953,-0.3902221825363667,1.6573079079917745,0.08288484414824962,-0.405201625759846,1.661369562556032
7,-0.07361751825695996,-0.31349745267363266,1.0054646878356432,0.1660407403277491,-0.3296770988511797,0.9907346546463316,0.0036245664512652015,-0.13868987290577076,1.023773342482551,0.11909268312965883,-0.1431545608950006,1.0204455033151125,0.07155742188819965,-0.193979748117083,1.5035048375834974,-0.10323373823317873,-0.24172704781533233,1.4634331659448268,0.23332101043221598,-0.26888920669986616,1.461778974788299,-0.19592896768497642,-0.20267331851266954,1.148869074258187,0.3122445368611864,-0.23643472959733322,1.1299151604567557,-0.1253675930660509,-0.15314162746461657,1.120463735102593,0.2543577804472268,-0.18037230767798165,1.1115982150377932,-0.23173296819946754,-0.2695768256015812,0.9136686994554509,0.3052262565940678,-0.29417012746305526,0.8959525709227364,-0.23715158812497386,-0.2327220108468577,0.896729415293718,0.3186056256035942,-0.26345203515233867,0.8799229237493182,-0.1228779323127058,-0.2491741934810357,0.534060170918168,0.21546164754179115,-0.23809375425348936,0.5272644732606423,-0.0059339376505459845,-0.2465362286316549,0.5240758420581056,0.09578564880465493,-0.23715980994398278,0.5243157049877554,-0.12687476575449322,-0.18965358807616547,0.08840733089562727,0.20610674378921118,-0.18645776258593105,0.07930052150330687,-0.0646807103992621,-0.2151121114231785,0.07926687037282604,0.14517501526041027,-0.21291500682826398,0.0755275319286907,-0.17283218435841405,-0.33715097081547124,0.031126836890915284,0.25679494031261074,-0.3360911976348232,0.02405465697791009,-0.10757422508898185,-0.40609141208688526,0.029501447504757677,0.20043861970229118,-0.3986309122195838,0.024432158294477632,-0.08183198357917464,-0.1329078220686743,0.034716413009600704,0.1630454844553433,-0.13770178808453434,0.04241545913202436,0.04250965177053184,-0.42972539171267876,1.6151851622973428,0.06628664899869208,-0.28282691266900944,1.7777648924692382,-0.00972483472761359,-0.27522088548310214,1.635539706298561,0.13709311579690123,-0.30517752695151423,1.6413423940279004,0.0170775887186736,-0.3884649683525446,1.6575555836438336,0.08234934779496021,-0.4037421176348017,1.661560630046654
8,-0.07369587278689863,-0.31651106191051076,1.0053888903455372,0.16626206983269295,-0.3325256485305431,0.9906998265815826,0.003625027291951599,-0.14117536051968757,1.0238218245607429,0.1192640657395832,-0.14547388957236806,1.0204928824549309,0.07169313650269848,-0.19692655509722742,1.5040037470943077,-0.10322672155724574,-0.2447100832172533,1.4639126273144905,0.2337124285245274,-0.27218944743664425,1.4623407289814903,-0.196047922257146,-0.20573703722262027,1.1489382095406508,0.3127472064592601,-0.2398427277185999,1.1302205620480656,-0.12539302472046607,-0.15617953497901735,1.1205070819902787,0.254798467901006,-0.1836297360829921,1.111952594742516,-0.23208156810172179,-0.2728837437475715,0.9132847011900752,0.3058566961313101,-0.29846174272152637,0.8957687009731088,-0.23758140744968426,-0.23594573508597888,0.8963923558714606,0.319321491379164,-0.26760575011432103,0.8797914761572345,-0.12297009843907858,-0.2527427570345648,0.5335698449531135,0.2160109940482977,-0.24132029822348033,0.5268375882420092,-0.005890854758690784,-0.25005522405706715,0.5235388871033567,0.09615898621168181,-0.24021045163261026,0.5238572783605887,-0.12680735651457253,-0.1933034314706225,0.08760173357274156,0.2065015796714803,-0.18942902001653325,0.0785540352073917,-0.06465121276688056,-0.21862339170969106,0.07843025175818356,0.1454820473620916,-0.21562479621700534,0.07474219416556904,-0.17280694029474541,-0.34096035856617546,0.030232155303008528,0.256960382838062,-0.3393199338648336,0.023394843788327537,-0.10760915439998113,-0.4100109157990449,0.028513420148959374,0.2006715056049647,-0.40198035253760567,0.023517866323228373,-0.08178405065823112,-0.13631658855571988,0.033975549334008155,0.16342609639864972,-0.14022244141102394,0.04178474475955113,0.04212975882762673,-0.4326022372467511,1.6159240520308822,0.06649319595580658,-0.2858618574325699,1.778323298327719,-0.009606580309086501,-0.27803540902050683,1.6360631141679947,0.1372120270308913,-0.3085223607154275,1.6419299266715752,0.016757754661764164,-0.3909410417500784,1.6586372403832614,0.08208404251571007,-0.4065416231415597,1.6625484883565036
9,-0.07382548726736536,-0.32153513757703245,1.005216412029855,0.1664629242423087,-0.3373243055837217,0.9905534821884155,0.003607147449077047,-0.14568399033886248,1.0238369508342489,0.11940079862231255,-0.14978112555139125,1.0204800717607259,0.07175106023864623,-0.20178541043574688,1.5046209971309752,-0.1034454654315453,-0.2495733591445787,1.4643860679583705,0.23409008599066064,-0.2773986969554425,1.4629140539771046,-0.19635006584821063,-0.2103875665927586,1.1490776270452487,0.31327208585326644,-0.24517953441109516,1.1305101966205047,-0.12549605477934164,-0.16073905356725887,1.1206373305671564,0.25518789961808075,-0.18859927636049906,1.112270078127872,-0.2326949643448623,-0.27759963449128944,0.9129476460118466,0.3066164423602047,-0.30491783790921145,0.8956284513396631,-0.2381860628620927,-0.24053496779354747,0.89607589682547,0.3201076314029231,-0.2738211974290952,0.8797019367477391,-0.12290918724440711,-0.25724937811507115,0.5329697575905032,0.21659509707013738,-0.24625961232230947,0.5263229389632873,-0.0057290013244235966,-0.25474550436398447,0.522896967270794,0.09653824131032909,-0.24494415117026092,0.5233064615496674,-0.1266563120247172,-0.1984300365311184,0.08658868241956588,0.20691506964252074,-0.1945632799866983,0.07773406322650803,-0.06452898465404196,-0.22357493619904645,0.07739128394540802,0.14579080017327542,-0.2203802621860076,0.07392823081309065,-0.1726312366492078,-0.3461709818351557,0.02911465838861778,0.25725822776650253,-0.34467119056113704,0.022582206878244068,-0.10748778654483593,-0.4155158524351364,0.027299551137898868,0.20107839226587848,-0.4074349748246378,0.02242105709643244,-0.08163628299027739,-0.1412759932309866,0.03303963963262406,0.1638022461596031,-0.1448432273418482,0.04112676421423703,0.041705509621766314,-0.43732733499912263,1.6165943780271896,0.06673983883035667,-0.2910274496425043,1.7789753257908578,-0.00950345349466953,-0.28288160432031917,1.6367607096359091,0.13734734750906727,-0.3139352066783117,1.642573993045147,0.016421014075561506,-0.3953291147170006,1.6597328586808273,0.08180815251888929,-0.4112202795849051,1.663240178536471
10,-0.07454699303014187,-0.32655700132123633,1.004894041409582,0.16604380420880674,-0.3422351154921179,0.990274296110751,0.0030657638601426763,-0.1504346386778334,1.0237330797456414,0.11896129801156591,-0.15425402883522182,1.0203284916264326,0.07119368766540382,-0.20648359651163023,1.5049657713619313,-0.10426761088355964,-0.25421664210601147,1.464619163047961,0.23375473624784526,-0.2823848349170197,1.463252529295286,-0.19719286531320232,-0.2147889961055953,1.1491833798372333,0.3132137667508571,-0.2505878882203193,1.1306608562458824,-0.12615277130414904,-0.16505789268325946,1.120784478648312,0.25496084124522933,-0.1936239036031401,1.1124076525725741,-0.23377164479572493,-0.2821160415850789,0.9128265004684266,0.3068626215792195,-0.3113495618312787,0.8956554118306095,-0.23920305280277118,-0.244935327462213,0.8959010757271216,0.320345353755463,-0.2800383268115404,0.8797076661230415,-0.1233015793380641,-0.2610278711017079,0.5323981201037425,0.21652916466410072,-0.25093958493936774,0.5257922442332664,-0.006029766948632108,-0.2587675050978299,0.5222701798516177,0.09628446271790968,-0.24944753517886636,0.5227365271842441,-0.12697996101595188,-0.20249062279367086,0.08572931395471275,0.20673157669358458,-0.1993782851062126,0.07709318615244752,-0.06481957375412195,-0.22756956859680033,0.07647314496838642,0.14552428921180394,-0.2247980424965734,0.07330758925257391,-0.17282061377688704,-0.3501480051871731,0.028111392231553296,0.25710442186707927,-0.34956757696182406,0.021860452413358832,-0.10771024413638916,-0.42002949200830314,0.026175780644927895,0.20103082423618446,-0.41237451664287383,0.021429150836272347,-0.08192847536531861,-0.14519140585954732,0.03223720272323156,0.1635944045157241,-0.14906379117281496,0.04067054388506685,0.04084483325495244,-0.44193387840935494,1.617006244640566,0.0663716663114837,-0.2959541980971742,1.7794335183252061,-0.010080538271595685,-0.28741603215808936,1.6371903112243704,0.13688645676344452,-0.3190868886304947,1.6429806908605233,0.015574005633523933,-0.3995151408416919,1.660389796169708,0.08105842629429631,-0.4157119914649265,1.6636070633115354
11,-0.07563020426400797,-0.3291099138401479,1.004537235451656,0.1651373834162313,-0.34501943383068934,0.9900395005975569,0.0021960402929804596,-0.1531112569113006,1.0235919639956996,0.11808666842613283,-0.1567328177113714,1.020175618462506,0.07010385180465425,-0.20867627098980499,1.5046222917581522,-0.10539200308640123,-0.25632426229124416,1.4642868985178548,0.23265632827533772,-0.2846695628008565,1.463047905119404,-0.19822589283667288,-0.21666308952410543,1.1491450074517242,0.3123992640523203,-0.25324278519313126,1.1307065647521517,-0.1271213539206344,-0.16699816299681308,1.1208355811438726,0.2541102234254104,-0.19615572621482374,1.11238446336105,-0.23478387537926887,-0.28390063859275,0.9129871037769892,0.3063260021048074,-0.3141631244430461,0.8960051840121789,-0.24017387605251922,-0.24662209836370205,0.895993947589496,0.3197920386520885,-0.28276341055126564,0.8799986136993758,-0.12403180420826349,-0.26219022943816805,0.5323459027141514,0.2157674090570035,-0.2531350724815637,0.5258214786271675,-0.006695136805040459,-0.26018718751580966,0.5221879197535245,0.09545671943538457,-0.25158535985702934,0.5226916246309378,-0.12757358978382632,-0.203385285344293,0.08591956159817377,0.205894549719589,-0.2013868626779119,0.0774439406782284,-0.06537542060130476,-0.2284835064611466,0.07663226015119551,0.1446591456314756,-0.2266188462365707,0.07366964745823341,-0.1732250792438976,-0.35081482708708395,0.02830829000794066,0.2563516641498604,-0.3514715236245346,0.022104299736548524,-0.10814901186748456,-0.4211436398835219,0.026198279818475667,0.200312162362126,-0.4142178914684843,0.021617016143691208,-0.08247678748456458,-0.14602989454893256,0.03242270057541405,0.16275934349743515,-0.1508081834024449,0.04109816125787112,0.03973165185043168,-0.44426258796069423,1.616718928914747,0.06536814248109273,-0.29810542352902686,1.77923616911371,-0.011255205848933796,-0.28936577513476036,1.636879044462785,0.135846030349977,-0.32140860026364476,1.642655365835795,0.014398941013775797,-0.40156982082274684,1.660083570668333,0.07997492699176907,-0.41797691278428506,1.663273767272885
12,-0.07672122804237208,-0.33001453074142933,1.004286797899235,0.16415556964384873,-0.34635598116643995,0.9899066376738528,0.0012905874622154946,-0.15434937971735216,1.0234746536044126,0.11714085944552957,-0.15786688117609968,1.0200777156146814,0.06890229463391315,-0.20930342081469638,1.5039482461636793,-0.10646434150408052,-0.25682360768699686,1.463727537577361,0.23133013376302097,-0.28521564557209317,1.4625946312755351,-0.199125300118488,-0.21707123399903536,1.1490874410316487,0.3112856606531102,-0.25406618247519425,1.1307160232928875,-0.12806190893481825,-0.1674776456190349,1.1208682625285078,0.2530404455234868,-0.19697795433721985,1.1123126916107309,-0.2354905181576744,-0.2841292854182056,0.9133374209726168,0.30543618984198456,-0.3146663067766596,0.8964907844982045,-0.24087500416839436,-0.24677388224846553,0.8962976143578991,0.31888495794994126,-0.2832307208844919,0.8804033018702374,-0.12491187630710895,-0.2620247517398932,0.5326554606888241,0.21472796746212947,-0.2535882802542751,0.526259212269153,-0.007519457586092347,-0.26019537588736463,0.5224871584309952,0.0944268418569343,-0.25207428365960083,0.5230375014870675,-0.12827997215363274,-0.20257590736222608,0.08671319607803074,0.20479780629859093,-0.20135404246311508,0.07835292794477236,-0.06605035344460464,-0.2277634840183815,0.07742443045973373,0.14357390069646392,-0.2265917076154479,0.07459271064399207,-0.17375519693890945,-0.3497838563160345,0.029206506464275302,0.2553485701859369,-0.35127565316008236,0.022904351118875874,-0.10871878713529536,-0.42037510450118887,0.026828048008761204,0.19929878995721187,-0.41389220520242154,0.022448797188346394,-0.08313653641495586,-0.14520049621562808,0.033180309921337865,0.16168812299890337,-0.15080158989631565,0.04201244623400514,0.03869881615466772,-0.4451455012867131,1.6161362337674414,0.0641821191170183,-0.2984574877397478,1.778693863669845,-0.012570680132953824,-0.28969217796835217,1.6361814597812907,0.13465794422833535,-0.3218540453760831,1.6419545556722142,0.013254028053269386,-0.402267902340354,1.6592990721053424,0.07889946821079595,-0.4188004692310188,1.6626299176018524
13,-0.07727438419340507,-0.3299667272286943,1.004256110865323,0.16362137974747104,-0.34670873499141514,0.9899505406458629,0.0008374869065516482,-0.1547362217610258,1.023493665980372,0.1166387362481893,-0.1582507381320521,1.0201453223457901,0.06810860309823352,-0.2092960163472506,1.5033810565480608,-0.10707056511301383,-0.2566668675377584,1.4632419282537845,0.23040764834870503,-0.2850165792974421,1.4621795687733083,-0.19950107562792227,-0.21679447518368217,1.1490977074792268,0.3103937675193355,-0.253804616510011,1.1307941914274293,-0.12853652161552812,-0.16723898502053447,1.1209490122340093,0.2522415468591675,-0.19675372323165635,1.112348461632929,-0.23558552504635047,-0.2834135794281576,0.9136763112282981,0.3046686812085951,-0.31376481912852333,0.8969809811006401,-0.24097077514624385,-0.24595990299094533,0.896652164999382,0.3180786499682421,-0.28229455858732094,0.8808590878869156,-0.125431416048598,-0.26160934719762596,0.533263073376723,0.21393891906060025,-0.25310172465654046,0.5269629797470728,-0.008081972952019997,-0.25988615414740274,0.5231067570257076,0.09369835889423853,-0.25161797580884043,0.5237070188914636,-0.12872304329152828,-0.20149393218439443,0.08779135770891017,0.20392533544053962,-0.20057439921589107,0.07947587210686058,-0.06652658105219192,-0.22670201766750755,0.07853801544367692,0.14272629928882544,-0.2258948853080343,0.0757450256090779,-0.17412307610844294,-0.34848173637020646,0.030299664940541954,0.2545338848681543,-0.35034959236740876,0.02393342109539436,-0.10914398720042413,-0.41902522694326627,0.02771923427011597,0.19846381486256728,-0.4128012862503447,0.023544645743007853,-0.08355695198554719,-0.1441661694974352,0.034221355390009846,0.16083969474574103,-0.1502679547098739,0.043086322976968454,0.038053852177035254,-0.44513848532840866,1.6154728222276418,0.06337174852726275,-0.2981591760802735,1.7781132750908313,-0.013420913953667906,-0.2894557803507959,1.6355277879971721,0.13384384469171415,-0.32154328351905065,1.6412439289208103,0.012593697923674537,-0.4023558704209391,1.6581830581466364,0.07818881411279953,-0.41886616198984805,1.6619604678425728
14,-0.07741348130447134,-0.32877294404842455,1.0042656903979594,0.16338572026119136,-0.34606956947122797,0.9900195179208007,0.000900530646138077,-0.15398708450431856,1.0235659127969998,0.11662145308295385,-0.15768880946551406,1.0202706602491065,0.06777469830688138,-0.20874400759615125,1.502872926694676,-0.10724677611628394,-0.2558164658697942,1.46272352964976,0.2298691951932112,-0.28442841761293824,1.4617685581911681,-0.1994364174440188,-0.2158111668748075,1.1490486545372238,0.3098380093701832,-0.25282983803446096,1.1308863518312493,-0.12856825738369215,-0.16630499308336405,1.120970091681084,0.2518544141097673,-0.19585103880351773,1.1124625667644297,-0.2351639517934406,-0.28204011598587947,0.9139366328729792,0.30400134101952625,-0.31185257314160547,0.8973562946675215,-0.24054038850771844,-0.24450475569390404,0.8969763622352342,0.3173920343358274,-0.28038851963677,0.8812059015789764,-0.1256575459577226,-0.26085967153121437,0.5339580702639641,0.21339568087520183,-0.25192319807573876,0.5277045669891686,-0.008417794914429181,-0.259266807767064,0.5238069608900572,0.09325902563244635,-0.2503666206553905,0.5244457470977125,-0.12882612234090632,-0.20030262414935557,0.08894090858521347,0.20330102988451987,-0.19926481916794414,0.08063154464292863,-0.06676141279866087,-0.2255221950989386,0.07975492990671233,0.1421128904488304,-0.22464234234230573,0.07690175226814941,-0.17429669797531858,-0.3470820622220223,0.03142744735279719,0.25381295927662345,-0.3490035132190857,0.024954217661228326,-0.1094053799721276,-0.4174657088313062,0.02873819923404723,0.1977139287386177,-0.4112071718705812,0.024602289325879247,-0.0836442955011874,-0.1430837345573884,0.03535748009708352,0.160288322925874,-0.14925182720119454,0.044174838010212804,0.037539787027090835,-0.4444418165438119,1.614764430151502,0.0629587901898441,-0.29736292281668975,1.777526633411716,-0.013839872331406206,-0.28861405002128215,1.6349037284721313,0.13338318706446553,-0.32080526000625,1.6405363045250096,0.012128917757500988,-0.40180780709477054,1.6573358659651065,0.07765392582593439,-0.41838953024286213,1.6612706216103528
15,-0.0774633020652794,-0.3270881302977585,1.0042541597837427,0.16310271338587695,-0.34490521271707025,0.9901213785799907,0.0009905812046149824,-0.1526670743083581,1.0236730966779475,0.11658218946085974,-0.15661279498960806,1.0204290902117017,0.067517818196273,-0.20809227140471626,1.5022410837908202,-0.10731160693118579,-0.254849118113664,1.462068955570273,0.22936132241237533,-0.2838190760761969,1.4612471554767934,-0.19930620839561225,-0.21478242876261688,1.148886500282691,0.3093581571860442,-0.2516666053126267,1.1309652464820508,-0.1285677013165451,-0.16537914432055728,1.1208848763605481,0.2515221364413637,-0.19481901143016853,1.1125868170996405,-0.23456516338539424,-0.2806725923663003,0.9140782581194133,0.3033066692156567,-0.3097015122017008,0.8977016300553642,-0.2399315890113487,-0.24307542166524063,0.8972171535997722,0.31667064681620205,-0.2782847853272168,0.8815009645340534,-0.12578906146554877,-0.2601481271697999,0.5347194826050709,0.21281071889268377,-0.2509276272786526,0.5285311696178975,-0.008732733993840624,-0.258685560173547,0.5246044132071397,0.09281127624334316,-0.24920900818025687,0.5252526073107344,-0.1287393155796667,-0.1994357904326331,0.0902886806198631,0.20267417586533104,-0.19858657498089555,0.08196437385294307,-0.06689426769419185,-0.22461591470923326,0.08120200172658483,0.1414865481497292,-0.22390379942897004,0.07824969763938294,-0.17437065159658874,-0.3458840550525623,0.032682613070732065,0.2529077912009553,-0.3484039124585524,0.026165509628185243,-0.10959765726697518,-0.4161083243640304,0.03005716982179751,0.19679993026068737,-0.4102478308412316,0.025788471018086463,-0.08356405274808765,-0.14247595125256093,0.036751487858880535,0.15978848232885345,-0.14880506088705475,0.045476251176613955,0.036839812816793514,-0.4434790617607328,1.6138099947091122,0.06264805947412486,-0.29658235757063056,1.7768695152037133,-0.014094210116678448,-0.2876621912880736,1.634176699167787,0.13300576867035804,-0.32018937957967586,1.6397256958733293,0.011584113313349971,-0.40108798871243073,1.6564475537480705,0.07702147337744246,-0.4178700403853182,1.6603675719609285
16,-0.0775069636143824,-0.3229207856240979,1.0042837520021577,0.1626905461892921,-0.3413513499269114,0.9903519554156396,0.0009583098696344234,-0.14897343947121328,1.023854892325778,0.11632124774350303,-0.15320370430635227,1.0206767975379325,0.06717731040697703,-0.20504301564760946,1.5011051890004554,-0.10727346383228656,-0.251598189749731,1.46107448251963,0.22862376055553274,-0.2808054499887697,1.460397628031084,-0.1990935706069857,-0.21143956908482558,1.1485806198056003,0.30863752323733523,-0.2479644302970801,1.1310257937930142,-0.12855678723742267,-0.1623653974318515,1.12067062042229,0.25102904711750107,-0.19143801156073026,1.1126893225508232,-0.2338348458699381,-0.2768450513399349,0.9142468649816867,0.3023016285546075,-0.30463847671165395,0.8981998474176751,-0.2391972225282023,-0.2392238760784885,0.8975338584754244,0.31565652801920524,-0.2733360823393026,0.881969705983951,-0.1258025704954262,-0.25705312938249336,0.5358332129152104,0.2120466550353876,-0.2480733403457083,0.5297748973046229,-0.009017196264514263,-0.25568429049001545,0.5258005327868298,0.09227763866444243,-0.2462679790974226,0.5264631768717568,-0.12843380375684368,-0.19643945614722316,0.09240945410750778,0.20184984657772423,-0.1963832000095085,0.08397886726777987,-0.06685315657265634,-0.2215661716620978,0.0834611916348276,0.14072906396298188,-0.22174581004554536,0.08029049498947169,-0.17424161570656732,-0.34248375300724815,0.03485340644527113,0.2518322469341873,-0.3463005958418915,0.028121178461598832,-0.10960398776878268,-0.41243168439393635,0.032381951932332294,0.19571348333630162,-0.40771533838614327,0.027861561067389688,-0.08329606070966894,-0.13991567981864306,0.03893028419882078,0.15911792100423267,-0.14710064011978172,0.04743374338356738,0.03600430680875425,-0.4401624507649148,1.6123993713886065,0.06226316082456371,-0.2931896960415877,1.7757829410167432,-0.014350774078311535,-0.28430074405166444,1.632958593789364,0.13254673175520904,-0.3171443904688618,1.6384346042483724,0.010954159673184171,-0.3981537036395127,1.6552155733105967,0.07629002709242787,-0.4151607837748303,1.6590148603404942
17,-0.07764902464559484,-0.3167731726878729,1.0044022716863055,0.1621577312181851,-0.3358248676856755,0.9906439249238511,0.0007112506584185734,-0.143327028601196,1.0240955968434633,0.1158356057381975,-0.14784489341510143,1.020971038201313,0.06676113902812755,-0.19969023634113234,1.4996133112805612,-0.10716911618040444,-0.24619236166482575,1.4599648540006027,0.22769318194455002,-0.2754267272425979,1.4593524120886474,-0.19881786184077957,-0.20585528607893544,1.1482997940174473,0.3076997968729479,-0.24210087135044367,1.1310176117638697,-0.12850630568575028,-0.15725789549618557,1.1204620324106407,0.25039632609679674,-0.1860417695630944,1.1127206578961275,-0.23321977089711163,-0.2705759029695911,0.9145562279517413,0.30123194337317766,-0.2972544112962845,0.8988064485670276,-0.23855313661208846,-0.23296216945589365,0.8979916090742448,0.3145957878957979,-0.2660472120557007,0.8825994169780269,-0.12571673006242454,-0.2516542215889665,0.5371874769418357,0.21123392893840098,-0.24333930054802913,0.5312379099880371,-0.009215047301592139,-0.25031998085167617,0.5272587275795629,0.09173201077785939,-0.24161098472381012,0.5279157076557118,-0.12804787212543392,-0.1911401921667895,0.095033182945255,0.2010356338589962,-0.192253117618043,0.08635887433317845,-0.06667711540806573,-0.21625920704618357,0.08623817475745603,0.1400469081391726,-0.21790535934551133,0.0827059017977807,-0.17387606197599947,-0.3369171920915792,0.037688104230575434,0.2509958745387619,-0.34228584689200797,0.030560005455771026,-0.1093620807748558,-0.40642506285785884,0.03541651036035482,0.19493987740901664,-0.4034057145477673,0.030470125824550276,-0.08299247757373351,-0.1350377776013683,0.041628571706994605,0.158428832984818,-0.14372787854599234,0.04973042301718203,0.035225819442585474,-0.43480356777368023,1.6108895989067284,0.06179968104801288,-0.2871120392914662,1.7743883847280932,-0.014691051619550173,-0.27855431238666273,1.6313963287192186,0.13198691498052376,-0.31160854339619043,1.636844220912275,0.010373019417382308,-0.39312357832748296,1.6535646043622108,0.07558751559565131,-0.4102966119703276,1.6575081329483534
18,-0.07782317971960066,-0.31045702812541137,1.0045679771117522,0.1617447329625202,-0.33004800861734684,0.9908379707548944,0.00045062808996081317,-0.13738212528250632,1.0242713726184187,0.1154143448845114,-0.14213282365790703,1.021155642678339,0.06645137501940758,-0.19362907541091398,1.4982575367141069,-0.10699129035993821,-0.24017724044095212,1.459063316114283,0.2268602513292656,-0.2693146416629712,1.458425862413501,-0.19852763399114473,-0.19958871131147904,1.1481473631656145,0.306790602090553,-0.2357355702431168,1.1309293634264421,-0.12842258376528598,-0.15147523689829184,1.120334387311267,0.24980253690825696,-0.18017472230121906,1.1126772947678232,-0.23281578960428842,-0.26371200188537824,0.9149258382669773,0.3002859762711252,-0.28932342114050313,0.8992355469115839,-0.23813390823465386,-0.22612412367781046,0.8984713038383427,0.31366567669255485,-0.258173294003313,0.8831180527779876,-0.1256029874066507,-0.24579076298658237,0.5384219986828338,0.2106446652088937,-0.2380021002752623,0.5324448880732054,-0.009295692887623134,-0.24439141973782783,0.5285728068714268,0.09133604547758975,-0.23647982386847535,0.5291624620580715,-0.1277276488170256,-0.1851678930752242,0.09746295404410779,0.20058758704709406,-0.18717943741555032,0.08844058381417388,-0.06644423071013147,-0.210317756700915,0.08878392255190441,0.1397114087665599,-0.21326917785432006,0.08480637739967314,-0.17339007571520923,-0.33089680527958226,0.040433904520842785,0.250713356325306,-0.3372564898728758,0.032734418328301734,-0.10893633308774936,-0.3999118645817411,0.038309379199985755,0.1947259205688286,-0.3983973119023185,0.032799091378811485,-0.08276017886501909,-0.12930618756009246,0.0441351284573276,0.15801378498467192,-0.13943360049338285,0.051727526270307286,0.034725903271839664,-0.42888598307695486,1.6097469579194337,0.06133192629776526,-0.2800436362076694,1.7731210288678552,-0.015049211893328305,-0.2720280202045585,1.6299743667895155,0.1314692381542034,-0.305104937045004,1.6354412768977784,0.00998273409290654,-0.3873415175990705,1.6519514080638062,0.07510570016641198,-0.40460996182397596,1.6563386943561262
19,-0.07798673714897544,-0.30517596422926446,1.0047565626920885,0.161527822874721,-0.3251793227755373,0.9908834047735297,0.00027860413035574573,-0.13228695466473028,1.0243589207885593,0.11518049439959929,-0.1372388110581947,1.0212133434465829,0.06637803786532281,-0.18842338159311303,1.4972802836019463,-0.1067105415303398,-0.23497681350304428,1.458543232285892,0.22629539588187075,-0.26406936390981994,1.457787571301556,-0.19821113934650578,-0.1939325986317679,1.1482004549894114,0.3061524265009057,-0.23040987504297192,1.1308084813504258,-0.12824628080491274,-0.14615841063653523,1.1203747702563343,0.24939102269976857,-0.1752168213694236,1.1126234790279388,-0.2326365457339164,-0.2577428583521081,0.9154107383832968,0.2997023791642083,-0.2824458127839212,0.8994258573695526,-0.23791892792023658,-0.22019220540996123,0.8990001460400872,0.3130863508735634,-0.25129659435017615,0.8834459293809842,-0.12554024045155973,-0.2408898359412277,0.539355489169483,0.21036949674052624,-0.23318036062380948,0.5332364984379266,-0.009295431253261387,-0.23937891484387186,0.5295310662672048,0.09117752429082646,-0.23194842866174867,0.5299720386442737,-0.12754914975328663,-0.18005226012590725,0.09923546153777736,0.20050633956627034,-0.18210420783039244,0.08983983986047697,-0.06622557888875151,-0.2052450944741136,0.09059894800194981,0.13969149077296666,-0.2086817408123673,0.08617178345109791,-0.17299674775972412,-0.3259234501001417,0.04253170592230997,0.2508763117813625,-0.3321114755843079,0.03417759998518908,-0.1085433103131374,-0.39453821392868066,0.04041528056994782,0.1949621924210049,-0.3935340148363991,0.034302412227542836,-0.08265666144901909,-0.12412324444836294,0.045989326220239095,0.15791170370174917,-0.1349925432029344,0.05305604315307684,0.03461599852478249,-0.42411508368764167,1.609149151671776,0.06104302851407477,-0.2738666745625844,1.7721823099389125,-0.015273948479472145,-0.26638860355345606,1.6289499518342996,0.13114138907400666,-0.29942053046740674,1.6344450670619484,0.00984011394397315,-0.3824018295576006,1.6509139225656466,0.07494583098312456,-0.3997694330393512,1.655666852896481
20,-0.07803130805426889,-0.3022073803157527,1.0050033973486192,0.1615393424669005,-0.32233876961866254,0.9909022013230062,0.00010578825649832777,-0.12927109420419974,1.0244153117943489,0.11500638861104874,-0.13432196038111643,1.0212193869259754,0.06645365079484479,-0.18558429293699777,1.4967498665541965,-0.1063498380087997,-0.23218617239559017,1.4584188422717004,0.2260790569587123,-0.26119293124558224,1.4574803997821666,-0.19790315254080387,-0.190502799633686,1.1484169989015518,0.3058642402977877,-0.22744820099624696,1.1307188128225731,-0.1281097981609462,-0.14279373110105606,1.1205693368493344,0.24910306826300707,-0.1724327307092989,1.1126047329387077,-0.2325019433328284,-0.25411357721023636,0.9158606924685663,0.29951437877528775,-0.27807925075405904,0.8994114713568473,-0.23775854197902355,-0.21657989006141937,0.8994625491428618,0.3128343910346088,-0.24688730029918882,0.88356268091334,-0.12560012268808182,-0.2384128325610967,0.540018013120089,0.21038719866159544,-0.2303980750864236,0.5336927237679513,-0.009353901016553975,-0.23677533203993562,0.5301533418147342,0.0912302035228654,-0.2294147603097361,0.5304048099732162,-0.12754245994045588,-0.17719637529861554,0.10024679642873008,0.20066700287131775,-0.1789906710438004,0.0905358701318934,-0.06613218647448994,-0.20241039173432135,0.09160663111633481,0.1398563238313899,-0.2059211643797328,0.08681928894876144,-0.1730009266281916,-0.32315465819588834,0.043740897567699916,0.2512370794095299,-0.32888404008391836,0.034849863928544736,-0.10851190214815956,-0.39160259650939466,0.041516024487128274,0.19538896733637345,-0.3906483080369935,0.03490518184055318,-0.08268981753257841,-0.12108474623361526,0.04708794645322716,0.15800118902493865,-0.1322186019379275,0.053763309844898965,0.034946980042588754,-0.4220378403679027,1.608911670860362,0.06100911370176061,-0.2705767606785402,1.7717088379151738,-0.01521686705282245,-0.2634583901035471,1.6284046817867122,0.1311244847963578,-0.2963839104753744,1.633933809876837,0.010057677494161338,-0.3800344766978565,1.6503224212578675,0.07514307493921235,-0.3974720829812979,1.655361868291706
21,-0.07801018485559341,-0.3025684576710478,1.0051689401838246,0.16172275267329717,-0.3224962420032495,0.9908602404127411,-8.537414294169829e-05,-0.12942680835967002,1.024362074006713,0.11487366658076396,-0.1343348129932743,1.0211215860058556,0.06665415266096092,-0.185914491550491,1.4968795631552911,-0.10604340305975785,-0.23267368364252355,1.4588004135388384,0.22629385854130404,-0.26153447188262213,1.457683287703886,-0.1978336294968929,-0.19046286172316113,1.148721012963958,0.3059634530255011,-0.2277408689735049,1.1306648653222728,-0.12816782745605781,-0.1424804211653491,1.1208375605713374,0.24898926364838048,-0.17262137179681414,1.1125936677549009,-0.23265923048510923,-0.2541191741057125,0.9161042598443776,0.2996193572708307,-0.2778663535250783,0.8991423924442087,-0.23790902472952774,-0.21655492023094908,0.8996729857912494,0.3128563692641805,-0.24655309374888215,0.8833455009538709,-0.12582852652646695,-0.23914138141827376,0.5400581665971563,0.21062931916034403,-0.2304086332893105,0.5335414467388874,-0.009515988083902534,-0.23737681777721248,0.5301001992915091,0.09142675043654182,-0.22954818022576962,0.5302221611688688,-0.12775744982653112,-0.17750525612486856,0.09998268453478078,0.20089599245671932,-0.17871875335194087,0.09010691260391525,-0.06626223453198624,-0.2027259541267427,0.09126571262222052,0.1400583472684048,-0.2057112188359359,0.08634240991871346,-0.1735270161591821,-0.3234196814430825,0.04344427810956817,0.25157707369360555,-0.32854366833781945,0.03430254001484891,-0.10902082100725397,-0.39204488690001116,0.04100195255769769,0.19579467513657411,-0.3905636430615339,0.03423523942270911,-0.08290085650189259,-0.12112848168046088,0.04687362118370415,0.15814069490344612,-0.13184584282905742,0.053434349964749085,0.03564502667771655,-0.4232710147058764,1.6091568788523234,0.061265044212885936,-0.27132698476279,1.7719273985470956,-0.01490145441156661,-0.26417752417281254,1.628584190381061,0.13145560736167736,-0.29707027468520636,1.6341535289081912,0.010565364081203354,-0.3809303648311851,1.6505230150341832,0.0756936845040881,-0.39842394802967007,1.6554335694666604
22,-0.07822992551008953,-0.3042058609250341,1.0052926278038101,0.16173871912358936,-0.32368576451937536,0.9908999905816985,-0.0006722568375638547,-0.13083971068431488,1.0242551559069708,0.11438695050355026,-0.13529441527324035,1.021011770225526,0.06647693716610831,-0.18723842302295338,1.4972477837218252,-0.10612613855204589,-0.23437198027542228,1.4593151494129477,0.22633428860011426,-0.2627703796256605,1.4580869658156597,-0.1981802228675627,-0.191824894485806,1.1489648622006126,0.3058793676978879,-0.22897343610611054,1.130609178550548,-0.12866406803986413,-0.1433468469016579,1.12104355564038,0.24857671103366302,-0.1736329947450747,1.1125305626140822,-0.23322206537981746,-0.255497271882267,0.9161228307368416,0.29951367458873757,-0.2796175017882231,0.8988326747996763,-0.23848426125220026,-0.21786957729437173,0.8996263070117438,0.31265844040679025,-0.2480664355563919,0.8829903291913176,-0.12634285251663802,-0.24124159107688156,0.5397888148879268,0.21066843056854592,-0.2314812845600803,0.5332243029450482,-0.00988581643747153,-0.23935045664554358,0.5297556737411708,0.09137578040357128,-0.2307009025257765,0.5298667711404004,-0.12828741377366099,-0.179096939214339,0.09923649856506556,0.20078409011809017,-0.17962425838696452,0.08930015816843512,-0.06674227893419475,-0.20431672687391803,0.09043200601861016,0.13992869642205805,-0.20652420703582489,0.08554873170056634,-0.17435666397818064,-0.3248911165703073,0.04262526042853529,0.2515131814676869,-0.32951664135416103,0.0334090809202661,-0.1098333784164555,-0.3939034323237066,0.039853226217768475,0.1958100932882053,-0.3916673968065446,0.033220799114897476,-0.08346249079992966,-0.12244971726131416,0.046155864046963965,0.1579663416047192,-0.13241462326997033,0.052814439157252736,0.03637498745093262,-0.42568297493412316,1.6095634750375818,0.06135315784240564,-0.2736849770530859,1.7724567927058028,-0.014812106604611793,-0.2662840811725754,1.6290111569769072,0.13166425164539963,-0.29911982787841246,1.6346658271557781,0.011040116791198235,-0.38304138463008225,1.6509494808805572,0.07629438182255836,-0.40058010194112714,1.655523101102517
23,-0.07867115543836192,-0.305896694337317,1.0054424810328086,0.16158124563698772,-0.32481337315377234,0.9910845902211578,-0.0015745687004423406,-0.1323118265548392,1.0241163924078536,0.11360855101488317,-0.13614726336669292,1.0209092073119714,0.06591432134805737,-0.18815676140836232,1.4977087790961183,-0.1065932139803009,-0.23587590983221685,1.4598134090787687,0.2260819652986148,-0.2634739172836248,1.458549302430042,-0.1989124500102549,-0.19336008742508895,1.1491049587501838,0.3054892502987021,-0.22982778971076034,1.1305759310503147,-0.12955753864733954,-0.14434155151911884,1.1211264853198715,0.24787252689808187,-0.17430307976995243,1.1124390964230713,-0.23406574769651145,-0.2571685070932112,0.9159459111911826,0.29905125005270317,-0.28164884219679004,0.8985351749313641,-0.23941221602931795,-0.2194665573116018,0.8993719315748342,0.3121278863328592,-0.24985777314664329,0.8825791040123023,-0.12706249605576514,-0.24355139490152816,0.5394627845018976,0.21037629929406126,-0.23259392988056085,0.5329316400128646,-0.010439659831458665,-0.24147230026672903,0.5293897317274845,0.0910059504070514,-0.2319163712284396,0.5295473795066699,-0.12908040029780704,-0.18060183295751223,0.09849348698135778,0.20028659064622692,-0.18055687276543436,0.08856183095046902,-0.06749986783810637,-0.2058470179745509,0.08959653807172197,0.13944317563894523,-0.2073010899449275,0.08486785426229426,-0.17528128173397184,-0.32618606928046995,0.04182404458365291,0.2510800937885511,-0.3305474508845153,0.03259307395700294,-0.11073605261346495,-0.39559679422774274,0.038677316587589196,0.19540909785897526,-0.3927186025569902,0.03232162850255384,-0.08430920067037266,-0.12374851861766564,0.045428056392358286,0.15743016417820357,-0.1329665270507399,0.052288201828640836,0.036943131054342174,-0.42745273491933583,1.6101050585324714,0.06113052259866922,-0.27556108697205056,1.7730864910949986,-0.015085226214139495,-0.26796716843797497,1.6295167499859622,0.13160586049783074,-0.3006498902929743,1.6352943818782555,0.011310108805973754,-0.38453161769586347,1.6514548466503929,0.0767925631192864,-0.40213216762864157,1.655438875002283
24,-0.07890641670815579,-0.30886200766552957,1.0055371778783833,0.1615946188601656,-0.32711881570139134,0.9912629074864869,-0.002177642089181547,-0.13495769611606412,1.024019362637053,0.11313829087079615,-0.13830579920883745,1.0208521302457603,0.06561232648384129,-0.1901764401762669,1.4984027777398976,-0.10702687757195932,-0.2383003471620496,1.4603013856356455,0.22614455954073906,-0.2652533857519554,1.4590991382456,-0.19950910421644313,-0.19615408895673447,1.1491573435615983,0.3054837293226376,-0.23182620760555256,1.1306142590488346,-0.13014522463351572,-0.1468227977792794,1.1211221371573297,0.24764710654957678,-0.17627199920423434,1.1123963598685793,-0.234716489963767,-0.2601344766262063,0.9154957331430298,0.29898846468775736,-0.28491433502739927,0.89821820971078,-0.2401512423442932,-0.222381890570406,0.89886960272364,0.3120393610828739,-0.25298686234692,0.8821517836085432,-0.12728785984291263,-0.24674795033688618,0.5389198057955971,0.210376908313132,-0.23494581479381008,0.5325193287387208,-0.010512632778519736,-0.2445945153642296,0.528855849431484,0.09093109782535717,-0.23434462504994716,0.5291057085722304,-0.12943697124853448,-0.1832749545909374,0.09743607968452782,0.20010217878968034,-0.18264684058907582,0.08767649971043434,-0.06783268396425564,-0.20846096955967128,0.08847769437483427,0.13925269828986786,-0.20921872371905306,0.0840254529579576,-0.17566631763619367,-0.3286831302519196,0.04061108226894617,0.25099143561131354,-0.33267643004460906,0.031661283738287076,-0.11112290791202419,-0.39828341402216416,0.03728031976405788,0.19522023160076915,-0.39479005822725965,0.03140404263841616,-0.08463413078820223,-0.12639442581830967,0.04438415621591133,0.15720899608791847,-0.1347589925827646,0.05154321258257938,0.037315142098221024,-0.4294912097771875,1.6109156004413099,0.06105357650939656,-0.2778776587740379,1.7738579821803184,-0.015211351814573847,-0.2703723049432494,1.6302335720588494,0.13166836232929197,-0.3027792505915588,1.6360925310191994,0.01153287131474564,-0.38644837287732325,1.6521816532444555,0.07723051883931714,-0.40403517051611104,1.6553953797655914
25,-0.07892437143705446,-0.31547159097316635,1.0053797661337027,0.16177479695738664,-0.33310492329156804,0.9911794120588003,-0.002167384722140515,-0.1411483049757507,1.0238317564645105,0.11330199245713271,-0.14425297683534244,1.020666411561972,0.06585993346166152,-0.1958813113012643,1.4995626329458094,-0.10731362848933086,-0.24391308187605615,1.4609107616931807,0.2268756128211817,-0.27093068886151167,1.459836546466256,-0.1999514307847228,-0.20252301903269915,1.149176230348719,0.3062353345076787,-0.2378085271260228,1.130685291609954,-0.13034448541366206,-0.15307288657838805,1.1210613155681541,0.2482794257319045,-0.1821786593674616,1.1123741991029203,-0.23517510988597426,-0.2669257869538795,0.9148104128909157,0.29974011256696165,-0.2922870580383131,0.897662070613433,-0.24070568519915442,-0.22915548955956397,0.8981403750911469,0.31283489352078364,-0.26037343739080343,0.8815059145813702,-0.127027770586708,-0.25271839062583196,0.5377728203964112,0.2108931369903046,-0.24074100398939294,0.5315150160458734,-0.010141878110165191,-0.2506916283549479,0.5277301860572992,0.09133319090389587,-0.24001017583151588,0.5280837058924183,-0.12934410659375603,-0.18940986483877373,0.09534105562844139,0.2006311263434812,-0.1881781618973932,0.08601683920071411,-0.06771064845222922,-0.2143714116403837,0.08634938178207505,0.13968146680187793,-0.21442445170302393,0.08238219822839479,-0.1756104954930006,-0.33471537673213114,0.03818422847813421,0.25154823698099965,-0.3381301819033501,0.029970527776019204,-0.11108292134612464,-0.4044877966098029,0.03487761683976458,0.19556731904005417,-0.40017844585260753,0.029691482064080066,-0.08436529609290394,-0.13264723359848687,0.042266849590360964,0.15765493054681998,-0.1398153025603124,0.04996667053626276,0.037415026201116974,-0.4342857788092653,1.6121077504143564,0.06139647318283613,-0.2834977894183454,1.7750398970621424,-0.014949347212529891,-0.2760509491264861,1.6314862313073435,0.13205602746216988,-0.30825618156580836,1.637327495617551,0.011743033981057643,-0.39122496258208145,1.65333459978374,0.07755079147132089,-0.408702180226514,1.6558283388515995
26,-0.07877399632626209,-0.32499292061129986,1.0048803098126304,0.1619928112209883,-0.34215385924449143,0.9907207310610857,-0.001655723260898526,-0.15032019146620695,1.0235146026914088,0.11396523682164227,-0.15336990890588045,1.020309620180428,0.0665015616161595,-0.20487598039572935,1.500952202429009,-0.10751928185902601,-0.2524027213613683,1.4616060728702893,0.22805987689096477,-0.28015936206869946,1.4606596832694536,-0.20030174128670944,-0.21191970386388118,1.1492011697475846,0.30749061079308904,-0.24724411780228522,1.1307339045232963,-0.13024613074672253,-0.16249192025633766,1.1210274227598624,0.24947453572472064,-0.1914180307334814,1.1123641449518076,-0.23557033161684382,-0.27692207782850214,0.9141267316519482,0.3010123930162336,-0.3030205343410911,0.8968661334699243,-0.2411439491674201,-0.23916871416763436,0.8974103339905053,0.31420106371789724,-0.27123343192232285,0.8806632792674648,-0.1265016042596345,-0.2606530068859092,0.5360787371463861,0.2117026433599316,-0.24919153254052942,0.5299384548182613,-0.009565760498366344,-0.25893300633417093,0.5260500776047677,0.09198314060585022,-0.24813865134682186,0.5265190534646396,-0.12900372134419502,-0.19836464609014137,0.09239617695577373,0.20167932106271433,-0.19658492401262456,0.08366168227555422,-0.0673207394213345,-0.22304062360309368,0.08336819358200989,0.1405440954729751,-0.22230020848227483,0.08002256977730107,-0.17536954480561004,-0.3436645565007159,0.034772226556744425,0.2525446324171726,-0.3463440648447101,0.027620445690915936,-0.11086030720432552,-0.41366512306156317,0.03161970711759514,0.19637456239468684,-0.4083643049624524,0.027170157277104538,-0.083771155269287,-0.14180204322423728,0.03925428449192734,0.15858955368391905,-0.14752086734511588,0.04766552818784558,0.03721867891870232,-0.4418410187200463,1.613436837746093,0.06203808387491815,-0.2923988489646352,1.7763745767751662,-0.014445012406620434,-0.2847848518235914,1.633023353896554,0.13263621075028473,-0.31704096526463343,1.6387389289240026,0.011848435208674282,-0.39884131974036097,1.6546775861943723,0.0776600510361335,-0.4161939104040224,1.6566844724747032
27,-0.07871243056054981,-0.33221981978155696,1.004405286846666,0.16186759123039862,-0.3492585079171063,0.9902756221924982,-0.0012530207962564936,-0.1575512492207118,1.0233145613547665,0.11441160923858791,-0.16065399754076748,1.0200885868265301,0.0667758516512791,-0.21211925502006057,1.5015976629562628,-0.10783023676119668,-0.25909356691697694,1.4618598125529294,0.22866920366266555,-0.2877256386344636,1.46097530012473,-0.2005790844244866,-0.21927517365720828,1.1491310640032726,0.3080738012213611,-0.2547095347455111,1.130739250304018,-0.1301549484373725,-0.17000944826246225,1.1209512323919482,0.25008714179520597,-0.19871081139570423,1.1123417640356492,-0.2358734004610043,-0.2846292152378739,0.9138849903831896,0.30165607877833756,-0.3110297560835449,0.8963618731984229,-0.24141236713700823,-0.24696357788253445,0.8971155772797379,0.3149127453467181,-0.27943451623633286,0.8801732931817907,-0.12623003019948514,-0.2662555694989437,0.5349309000433249,0.21200678331883682,-0.2556077386203252,0.5288511741372133,-0.009359101001103681,-0.26481647435687294,0.5249285094481418,0.0921684819897667,-0.25423886178052063,0.5254777771158987,-0.1289146099528936,-0.20528649938297497,0.09046633116103175,0.20235539532341895,-0.2031429261019105,0.08223390643579456,-0.06718046877313212,-0.22973286872074325,0.08146489909841917,0.14104611451224736,-0.22846875860973895,0.07861144768246844,-0.1752402649881651,-0.35062011427688705,0.03255724726892504,0.25314963391651524,-0.35267816853106576,0.026257117368438575,-0.1106797588918734,-0.4207999127276276,0.029588923625578967,0.19686167381470712,-0.4146918763427898,0.025579287211713347,-0.0835363276847245,-0.14889111367479205,0.03724179339461181,0.1591789050045333,-0.15359507277830287,0.0462720456787713,0.036712903599002936,-0.44822472652019407,1.6140309081253563,0.06243558366732434,-0.2997370806675745,1.7769575247784326,-0.014253523257368318,-0.29180934215120613,1.6338126871215901,0.13282658159062943,-0.3242878339692483,1.6393252206079403,0.011688680202093316,-0.4053589601953903,1.6553222609651288,0.07739463725414575,-0.42264776162125667,1.657142630585751
28,-0.07875917142921969,-0.33610666383391863,1.0041476881625861,0.1615052182224601,-0.35340027605988744,0.9900602181618878,-0.0010814739965824148,-0.16169319581573816,1.0233187514838125,0.11451740080503654,-0.16494922443443286,1.0200800533852812,0.06668821780465718,-0.21616718748050823,1.5014728489887479,-0.10812317746408351,-0.2627828115557938,1.4616730131200293,0.2286616864749529,-0.29209157452173634,1.4607623208063447,-0.2007574324664943,-0.22338169283069212,1.1489783215502132,0.3079174937566493,-0.2588688979070344,1.1306523326844742,-0.130140604269966,-0.1743521057066041,1.120818068733324,0.2500062149826999,-0.20278250357614452,1.1122580400673976,-0.23607489541716578,-0.2886900193261289,0.914021054231049,0.3016127336360569,-0.31501711943449817,0.8961647534084249,-0.24154057075819596,-0.2511061817089385,0.8972292289548855,0.31488532065926966,-0.28358296204421973,0.8800238693824473,-0.1262263625335089,-0.26846346603602983,0.5345626279672165,0.21174980125603968,-0.25902497109945405,0.528518958998779,-0.009494208327019847,-0.2672630781746933,0.5246109189084308,0.0918458973621823,-0.25741838773521336,0.5252138256297301,-0.12905113197911178,-0.20861643885919837,0.0899005315145805,0.20238453642257853,-0.2066487824430887,0.08206566469789996,-0.06730245877873509,-0.23294547452030892,0.0809855164493209,0.14100613776085275,-0.23179591440042763,0.07846141575628472,-0.17526556864449822,-0.35386534773144046,0.03195379095113192,0.2531282102867712,-0.35597471675605247,0.026160809165094827,-0.110641221614805,-0.4240329150100697,0.029163918812981356,0.19681518063909625,-0.41789193917584305,0.025267401412547484,-0.0836710788168663,-0.1523958275599,0.03661822407985462,0.15919299759150757,-0.15697552990530436,0.0460869968646013,0.03599816204536767,-0.45196029261864673,1.6138277764530584,0.06243377362466294,-0.3039171662090131,1.7767756500212863,-0.014384473974556108,-0.29564924228663847,1.633767516750232,0.1326355841875964,-0.328514634421202,1.6391182799309056,0.011286244908172087,-0.40924937890079205,1.6551664169265337,0.07684041083037453,-0.4266105241849759,1.656926512695066
29,-0.07868360577266692,-0.33678507085577813,1.0040734762672725,0.1612499660297632,-0.35444798513138465,0.9899686233752827,-0.0009173709398399301,-0.16278771421007188,1.023412315647038,0.11456626000492139,-0.166233866388951,1.0201441576623131,0.06669255617300439,-0.21749832640230785,1.5010123015371204,-0.10810570080626063,-0.2638239944354406,1.4612550081481905,0.22856682903067777,-0.29353588310120243,1.4603189392443066,-0.20062450049641742,-0.22447426003928053,1.148761505722218,0.3076663822584515,-0.26010738790665194,1.1304773142333109,-0.12992263603567844,-0.1757336267119383,1.120612443375103,0.24984889873411723,-0.20402341972433136,1.112119109891857,-0.23605988136195158,-0.2892743317990995,0.9142060482117441,0.30146477044798536,-0.3156893246156751,0.8961658365715465,-0.24140801039284684,-0.2517431884728829,0.8974015534297078,0.31472718257057847,-0.28431513745247505,0.8800793843825458,-0.12613913687207082,-0.2681409764302377,0.5347144574451336,0.21145067441485604,-0.25978843966535503,0.5286637584976692,-0.009511742751070527,-0.26714098848990864,0.524821723518885,0.09153508451350993,-0.2580830102226795,0.5254218287416207,-0.12902672063879078,-0.20909713400284258,0.09015320979874233,0.20222223512618434,-0.20746857997108506,0.08258453752976608,-0.06730001462026967,-0.2334031141583602,0.08134309441117753,0.14085752547806668,-0.23263034664217108,0.07897719759001369,-0.1750667443882668,-0.35429189133918065,0.032256276200638256,0.2528394671371719,-0.3567207591551137,0.026756958066272006,-0.11037249573056292,-0.42420812537160685,0.029674912844974553,0.1964790736618382,-0.4184966823446287,0.02584833728387464,-0.08373882641353504,-0.15304648838756285,0.036838333384600144,0.15910245669496015,-0.1579600185046392,0.046516587279958097,0.03532717107678386,-0.45304501658441027,1.6131865059353636,0.062272531536838635,-0.305250942316101,1.7763231320065553,-0.014472447895892507,-0.2967083945867093,1.6333111603717636,0.1324322787008029,-0.3299869476248656,1.638627761470602,0.010871533721137451,-0.4105916444977767,1.6545930047104416,0.07624993908154556,-0.4280754581449723,1.6565298270499542
30,-0.07860486904505434,-0.33591971911428503,1.00412218329413,0.16118416730800905,-0.3537394137084792,0.9899291065598017,-0.0008782413309013745,-0.1622643518382039,1.0235060336952708,0.11456240232542235,-0.1658139322099081,1.0201980188883284,0.06677908845159514,-0.21734868605349325,1.5006569349266778,-0.10792179203693218,-0.2635195982851715,1.4609302619208542,0.2285043575342357,-0.2932926903782782,1.4599666281756736,-0.20047612530299108,-0.22383348948005313,1.1486514121431282,0.3075424154054366,-0.25976649413338987,1.1302999007540264,-0.12978114274695784,-0.1751959071193433,1.1204762362664404,0.24978630360442092,-0.20368095758211568,1.1120030789137383,-0.2361252724844307,-0.28800815660371826,0.9144132749628199,0.30142744380324427,-0.3149735941494201,0.8961977216659828,-0.24138147829279336,-0.2504730657115451,0.8975734998785937,0.3146743584241166,-0.28354188708545397,0.8801503785636828,-0.12607508636031176,-0.2670885100590563,0.5350406524265225,0.21128355549335498,-0.25923444741544804,0.5289620631880392,-0.009448987803012811,-0.2661841878342165,0.5251720233420976,0.09137484731774267,-0.2576059002454946,0.525744763268588,-0.12899517528889412,-0.20824482425797958,0.09062726688994341,0.20203139684309188,-0.20685994843899408,0.08314395132905789,-0.06728486561901884,-0.23255249381631535,0.08186658416650835,0.1407382740465591,-0.2321359859608631,0.07952750941127906,-0.17489557418367185,-0.35339984429712507,0.03270038561663233,0.25254804540398007,-0.35616245591862583,0.02739857136279095,-0.11013076589287313,-0.4231130271344203,0.0302380158126459,0.19615958887428123,-0.41787998016706634,0.026568739361592132,-0.08380306501613163,-0.1522171025189352,0.03734003072181447,0.15901196333149104,-0.15758748421567365,0.04699422108245154,0.03491175558168583,-0.45280732352418107,1.6126215711033862,0.06214969560737471,-0.3051531776376242,1.7760728150088017,-0.014462884451579111,-0.2963218464698242,1.6329575381816401,0.13235453767910288,-0.3299811621156304,1.6383229498245184,0.010604041835428126,-0.41047510708458623,1.6541047623699174,0.07584611232145284,-0.42809035785633803,1.6564191694908175
31,-0.07828624904732075,-0.3342049509467545,1.00419016256967,0.1614935056460427,-0.35174559825154394,0.9898578933651094,-0.0008446678435404288,-0.16063423516257452,1.0235213420636955,0.11461150418013413,-0.1641453876632043,1.0201913460007237,0.06710463811474486,-0.2161507807630744,1.5004461745629816,-0.10750160265694186,-0.2623716235714854,1.4607323448982457,0.22869805525902173,-0.2918451123130805,1.4597398360851201,-0.20018271681101393,-0.22223411848049637,1.148612124241517,0.3077016570220798,-0.2582627634689669,1.1301251037822952,-0.12958364362094998,-0.17345837841101702,1.1203653215912828,0.2499606190318721,-0.2021863032471759,1.1118613027545174,-0.23604851541325395,-0.28603254058629257,0.9146357647422634,0.3016073728736068,-0.3132098462374077,0.8962522041279835,-0.24127123888427537,-0.2484683517449044,0.8977182917772014,0.31482845968022616,-0.28167649201140793,0.880202444328808,-0.12577823297826382,-0.2661980111046917,0.5353719734858434,0.21147645627210343,-0.2578280096449871,0.5292303229559517,-0.009066034818520814,-0.26520371170025264,0.5254529218357807,0.091574736452555,-0.25650088761613093,0.526004712470264,-0.12877853602602657,-0.20693414339327104,0.09108959090656865,0.20205183700454563,-0.20542984769956704,0.08346242372855658,-0.06707140172763867,-0.23128912203310362,0.08229916030013264,0.14083965341323376,-0.2308933676302261,0.07982854170305041,-0.1746180045854636,-0.3521719423893932,0.03302673538512151,0.2525268260870653,-0.35493157677729903,0.027820191626077767,-0.10978510588873308,-0.42170597274688426,0.03060328534586222,0.19619528052888327,-0.41673158949020034,0.027096691774215777,-0.08367444063282953,-0.15077578229551256,0.037837856839782524,0.15908061487451863,-0.15637406995130865,0.04722534940231216,0.035020062504596834,-0.45187072103773596,1.6124072796980071,0.062379005109139775,-0.30389617243970046,1.776020390712512,-0.014157826696529702,-0.2949373871186173,1.632787347302468,0.13262896999100643,-0.3288826931948466,1.638215149087984,0.010719739431303735,-0.4094381685395816,1.6539228722000443,0.07587015986253273,-0.4271522773671874,1.6567272071397554
32,-0.0779264233906053,-0.3321853223607743,1.0042018434696334,0.1619172074274413,-0.3491206887010507,0.9897546614698828,-0.0008863419953950925,-0.15852296892759604,1.023461480019301,0.1145780293758542,-0.16181947398972885,1.020161984943978,0.06742799011077905,-0.21425622420732957,1.5003017294347794,-0.1070660350574342,-0.2607390679810602,1.460617034005647,0.22893083123296942,-0.28963588213825625,1.4595573150174102,-0.19986362479483855,-0.2203293540096183,1.1486395172022217,0.30783916061279754,-0.25601371993464717,1.1299936603375902,-0.12942660793110775,-0.17123102114964311,1.1203006957155095,0.2501317126924064,-0.19990880954119586,1.1117088668085797,-0.23583876518151511,-0.28407660283094166,0.9148992419105791,0.301709053632645,-0.31093700184584466,0.8964124999246089,-0.24108794622498736,-0.2464713083635706,0.8978824953993974,0.3149179859966234,-0.27936373904585404,0.8803094361206013,-0.12545764565372938,-0.26552597337871675,0.5356970297136391,0.21176519297013685,-0.25590846473164164,0.5294713515884346,-0.008664981499187468,-0.2642270084673755,0.5256845263767608,0.09188282018039513,-0.25497118968971466,0.5262081920729949,-0.1286252053951961,-0.20546369246596471,0.09156767795274601,0.20217239045676266,-0.20342292906203213,0.08368674480491761,-0.06688162602324414,-0.2299094187068228,0.08272547679006627,0.1410035769128314,-0.22911484663736684,0.08003401946146442,-0.17439107179497426,-0.350832469853224,0.03338218396210884,0.25264335780652675,-0.3531349853290704,0.028117907866049407,-0.10946098997232397,-0.420248134683219,0.030944648634277212,0.19639149891580054,-0.4150789178931082,0.027516272413931044,-0.08358651094396255,-0.14904033932411695,0.03831557627677247,0.1591724365029856,-0.15452406712205663,0.04735613308804747,0.03551121024727714,-0.45051273920307383,1.612391985455714,0.06286651771069038,-0.3019269211946602,1.7759732761148275,-0.013720913718209079,-0.29299163173229303,1.6327230309752465,0.1330775340599129,-0.3269925412427294,1.6381190288840348,0.011149469735118243,-0.4078864972262758,1.6539322294357783,0.07623727042919767,-0.42556015146808857,1.6571332819875284
33,-0.07742619667513763,-0.33092124901740033,1.0041382041759006,0.1626079315434806,-0.34712109566679683,0.9896313604198913,-0.0006871969425191851,-0.15689458869185072,1.0233220600251784,0.11479401618017902,-0.15992462614885056,1.0200604171211987,0.06797640654428867,-0.21259079676741843,1.5004395118168832,-0.10649394684960448,-0.25955788080808073,1.46076138462496,0.22953258488538744,-0.2877021033994305,1.45956043662879,-0.19941771573389006,-0.21914877658085521,1.1487874518098897,0.3082947825943291,-0.2542420554739396,1.129890989422736,-0.12910647371560474,-0.169603848080604,1.1203444449407436,0.25057625081819535,-0.19800970831900175,1.1115341448401321,-0.23547644486487856,-0.2830875447815061,0.9150788020954334,0.3021315394842362,-0.3096167212005207,0.8965464262214415,-0.24078938028603444,-0.24542355821413714,0.8979841603191354,0.3153491434337049,-0.2780299770856112,0.8803325006466494,-0.12506673178520358,-0.26511829944418513,0.5357792374923429,0.21232639503749512,-0.2542173930577107,0.5294573600123735,-0.00818458498775541,-0.26345464266639745,0.52564988979146,0.09240707499499655,-0.2535600521266053,0.526134758874468,-0.12845600952693256,-0.204259886475316,0.09160334801311559,0.20255154752726004,-0.20147160051356403,0.08347345133227457,-0.06666826913355356,-0.2287741181480626,0.08269822637330261,0.14136708025828623,-0.22731040027054744,0.07977239880892607,-0.1741906477420628,-0.34984513557604247,0.0333853449908349,0.25300086188629123,-0.35133093890276856,0.0278774062197855,-0.10917096317379184,-0.4191054338854229,0.030924818551168715,0.1967274737586135,-0.4134592234001429,0.027453244166280314,-0.083469727329004,-0.14750086387990718,0.03828883143906763,0.15946034070809312,-0.15248592225922777,0.04703893282601606,0.03664215788552698,-0.4494886152355504,1.612634779663114,0.06374484505437517,-0.30034181051961945,1.776039556997253,-0.012972001995211943,-0.29159886511460564,1.63294261544291,0.13390037269472727,-0.3252079931825485,1.6382174114442194,0.012144304465187727,-0.4067092537270032,1.6542276384043957,0.07725663373963008,-0.4240790939173686,1.6573909902409245
34,-0.07691040141377395,-0.328534538340462,1.0041013463246635,0.16333361652032932,-0.3442419887174889,0.9895314675930733,-0.00024699529595057445,-0.15429857751050455,1.0232492207383506,0.11522152831433012,-0.1571641898276699,1.0200065949783275,0.06861937561421494,-0.2101204414960605,1.5006198088425957,-0.10587145390108552,-0.25759974922207446,1.4609387916814234,0.23024857421508002,-0.2850601708714893,1.4595851888782034,-0.198801002140493,-0.21710613393455874,1.1489638267291824,0.3088201161237536,-0.2517409540025504,1.1297984630433098,-0.1285306689050887,-0.1671539089647469,1.120472612025448,0.25111313261648666,-0.1953476005125081,1.1113670860596014,-0.23492291250382566,-0.2811169867617351,0.9151833179542236,0.30248731309563126,-0.3075027960941982,0.8966623986907569,-0.24025400905063818,-0.24343401326782746,0.8980335910242776,0.31575019870446264,-0.27598001653726134,0.8803504790768201,-0.12472962482876825,-0.2633542564472111,0.5359319564559369,0.21286071486154792,-0.2514364393114182,0.5294533366689601,-0.0077945516411499945,-0.2613718244766829,0.5256859071361406,0.09294449671257726,-0.250862359181075,0.5260754683959017,-0.12838462200357256,-0.20179416466146605,0.09169738048806263,0.20300751568490744,-0.19826118957152758,0.08329986865708752,-0.06658328578310921,-0.22638432919393262,0.0827441422800603,0.14174463008091084,-0.22418577537105844,0.07953359874490398,-0.1740143105840488,-0.3477210945637058,0.033577807719555874,0.2532370625786287,-0.3483056407720342,0.027578586619560492,-0.10890075869806864,-0.41675644172350906,0.031131916231391336,0.19677802641354136,-0.4105660231966327,0.027440574888642065,-0.0835127631174389,-0.14460295815611943,0.03826705413832389,0.1598659672245674,-0.14904349906265726,0.04675427800778526,0.03812354637222868,-0.4476721760183976,1.6127873775558148,0.0647085950815252,-0.29806572800081393,1.775951397536796,-0.012172692848892015,-0.289604876837994,1.633113278515801,0.13482366025819992,-0.32246472956214234,1.6382162206516255,0.013418120850228973,-0.4048806981961213,1.6544534299827969,0.07867848353026183,-0.4217858749369802,1.6571323907894573
35,-0.07650740488282026,-0.32627293300034976,1.0040657409527165,0.1639692716497041,-0.3418247664970643,0.989493602055044,0.0003396343088951624,-0.15196995788331452,1.0232102032279293,0.11580223514965679,-0.1548618059260336,1.0199625659640568,0.06928326195358879,-0.2078944610263171,1.5008728571063754,-0.1053021593875512,-0.2557160745783043,1.461143220884006,0.23099118322419393,-0.2828076556285312,1.459661983319998,-0.1981881052401688,-0.21510626979449388,1.1490733628630196,0.3093923562375534,-0.24964571375462052,1.1296841822613595,-0.12784524786375828,-0.1648838508650713,1.1205851456799372,0.25163422385158546,-0.19308865002035913,1.1111710979330824,-0.2343489207948736,-0.2791063639425273,0.9151057392881734,0.30285791238396736,-0.3059652886051166,0.8966716657627147,-0.23965375428558638,-0.24142805365634099,0.897939982318296,0.3161694015668441,-0.27449917065058427,0.8802837225815081,-0.12443185331177559,-0.2610991817661758,0.5359202793088527,0.21338540026284347,-0.24887813024865918,0.5293722090887042,-0.007458277371769097,-0.2589446389956942,0.5256035111438515,0.09347654085501142,-0.24818723992695768,0.525946181307328,-0.12830096249917533,-0.19918415187320154,0.09163975069282955,0.2035523325636995,-0.1953909120181046,0.08305141311537717,-0.06651102759181786,-0.22377971530314442,0.08266087286959868,0.1421623938063409,-0.2213055569404858,0.07922522004777917,-0.17379206563689398,-0.34544687731796725,0.03366364022739156,0.25343716820630624,-0.3456352493599444,0.027194950858816198,-0.10861462920726872,-0.4143215550016753,0.031314832758407775,0.1968059356278633,-0.40799796369147273,0.027238381549054794,-0.08355180462168232,-0.14162746753070568,0.038126098732964506,0.16039369254778868,-0.1458880223244326,0.04643998980216714,0.03973409838536848,-0.44603906086893097,1.6129322184338568,0.06564626582614476,-0.29608469020646677,1.7758878440153163,-0.0114209580267067,-0.28796930755278993,1.633325894560213,0.1357610774649945,-0.3199312484018965,1.6382624620407151,0.014802115282517646,-0.4033096478376594,1.6546629845386474,0.08029260145959402,-0.41969656646255854,1.6566773117742295
36,-0.07609597534653412,-0.32451217862464,1.00405525552615,0.16445687111055046,-0.3402092062558285,0.9895664613447941,0.000991859267967151,-0.15024400078929018,1.023212728151241,0.1164229455198008,-0.15335594288908966,1.0199641744759766,0.06993362980210933,-0.20646687512771467,1.5011026023952971,-0.1047642277806209,-0.25433789925478667,1.4612635568157128,0.23169950319730742,-0.28144785354856544,1.4597400019071962,-0.1976060818199631,-0.213615086861607,1.14902378009538,0.3099821005980905,-0.2484416369998461,1.1295438353169822,-0.12713985527292654,-0.16332508952676866,1.1205816617527031,0.25216093071132295,-0.19180852124525347,1.1109646248424148,-0.2336685307598033,-0.27771128787046706,0.9148397283257137,0.3033475529894025,-0.3051688234644015,0.8965568123655633,-0.23894858784051798,-0.2400679965817774,0.8976922767705529,0.31670580475599336,-0.27375304271228884,0.8801392981354921,-0.12406091282203138,-0.25917508361151076,0.5357582532939582,0.2139325147016997,-0.24719589145631563,0.5292605720196465,-0.007083684123053043,-0.2570370357734881,0.5254026703110017,0.09407403969971939,-0.24632748467288335,0.5257765915515505,-0.12798157376830951,-0.19732954555556054,0.09149321585138406,0.2042350661915187,-0.19381153205776358,0.08278845710868367,-0.06624861479942207,-0.22191440850829863,0.0824868481522888,0.14271272738562507,-0.21971323442989638,0.07891145519489504,-0.1733902360241158,-0.3438699477686027,0.03358564276629118,0.25381268612316643,-0.3442007405003358,0.026846137543381807,-0.10822494688008877,-0.4126110207749374,0.03145102357229033,0.19708018291395113,-0.4066440113888744,0.02693421445955635,-0.08331075383635997,-0.13965370245104045,0.03793035085822222,0.1610400829189244,-0.14415425321115627,0.046150445465725054,0.04105436725571924,-0.44494640578034383,1.6129744644187758,0.06639308946168053,-0.29482452179804886,1.775849589754684,-0.010770722771803609,-0.287052854026546,1.6334911261882081,0.1365617847066973,-0.31826189932806725,1.6383488177174874,0.015943005530321505,-0.40240802356603644,1.6547647995595005,0.08160891595104437,-0.41835788598708396,1.6564198665543801
37,-0.07584653116924331,-0.32504333735137575,1.0040400641501024,0.164711774648735,-0.34089326687852084,0.9896573130757708,0.0014388474112005654,-0.1506365913808848,1.023228128186884,0.11689108648878047,-0.15397754930748658,1.0199820299107867,0.07035312903674196,-0.20714402522045716,1.5014835373523052,-0.1045017063250621,-0.2548423653991727,1.461464319402378,0.2322328392042975,-0.2822860380467444,1.4599802104718884,-0.19739437579363603,-0.21417858177503749,1.148947031251422,0.3104537416556597,-0.24943297530335395,1.1294360964242005,-0.12677253331156318,-0.1639232164616834,1.1205422810848242,0.2525582354187024,-0.19272113744855224,1.1108371778156958,-0.2332881240784208,-0.2787175175975337,0.9144539826651249,0.30382306248044516,-0.30662245571732355,0.8962175626007852,-0.23858657450103996,-0.2410911302859085,0.8973398984417063,0.3172084342742094,-0.2752012854171462,0.8798242008328155,-0.12378581772167818,-0.25901330156739827,0.5353171691782588,0.21444118039783722,-0.24760103752776405,0.5289277058308386,-0.006802393364433012,-0.2569567331542204,0.5249501760965376,0.09460881020878287,-0.24656611188384417,0.5254262549817139,-0.1276353800767182,-0.19777184364010525,0.09095295751861072,0.20491370068543774,-0.19485482139485824,0.08224524220067525,-0.06591345552572621,-0.22229873404897527,0.08190674027164224,0.1432995869599458,-0.22067449782264137,0.07834600457534843,-0.1730125897323497,-0.3445315194820886,0.0330206041137911,0.25440568030334093,-0.3451947721814622,0.026380092555853954,-0.10789933079848246,-0.41339253069946935,0.031007484148447353,0.1977343713398752,-0.40773506761215533,0.026284035810496917,-0.0829171031934085,-0.14015283915837973,0.0374188595564844,0.16166011327049296,-0.1450610157948064,0.045640385057401305,0.04177479332352356,-0.4455752501918005,1.6130916876330716,0.06676282103167593,-0.29577785583955074,1.776113320058228,-0.010372094876354966,-0.28813269167624134,1.63383800547074,0.13702416791787975,-0.3188889777277316,1.638702948570841,0.0165788114338141,-0.4032013579013645,1.6549540365880286,0.08228249882334865,-0.4188714385964619,1.6567554396380006
38,-0.07575935255035689,-0.3276205175006424,1.0040671274116053,0.16480959499094622,-0.3435145025976167,0.9897832136068443,0.0016474049178508531,-0.15277359180540928,1.0232704185069526,0.11716370331452021,-0.15625847592469674,1.0200225875897382,0.07050601250220245,-0.20937896580736384,1.5019109074769486,-0.10453357109425562,-0.25686008646311215,1.4617096084116987,0.2325373211068329,-0.2847254932499913,1.4603268023091158,-0.19752371626272017,-0.216487174450089,1.1488895646032335,0.3107478098472803,-0.2520124811474458,1.1294129427250148,-0.12673586197522496,-0.16628274263278697,1.1205004245240748,0.25277139036360746,-0.19521110513139314,1.110847891916054,-0.23336527500292759,-0.28152688230856016,0.9140648058141668,0.30426678849281724,-0.3095322401678189,0.8958227894423677,-0.2386982135238706,-0.24389674366006234,0.897005981638724,0.31764147843380086,-0.27804540249947607,0.8794909844804359,-0.1237017172714121,-0.2602375275513203,0.534830253990179,0.21475422793308988,-0.2495237434114088,0.5285119125028384,-0.006702910707865108,-0.2583061157437869,0.5244574396525503,0.0948931111035554,-0.24837494890397405,0.525049871372671,-0.12746987619248162,-0.1998751391524496,0.09019053492351348,0.20527263968953577,-0.19762603106436474,0.08156650492411852,-0.06572589839117425,-0.22433276796538001,0.08109047189100847,0.1436208361258308,-0.2232924224359682,0.07766737367433967,-0.17289003200732805,-0.34681608030703676,0.0321557060988807,0.25485039938984194,-0.34777018904904883,0.025871243379420046,-0.1078632686847932,-0.41599155655140446,0.030178539328416576,0.1983090159216343,-0.4103810735182331,0.025534163461395674,-0.08262858207277432,-0.1423853813798548,0.0367328647756865,0.16197292141971856,-0.14767555062481633,0.04502961943960165,0.04181128174146247,-0.44749773169133117,1.6132313875327695,0.06677409808647297,-0.2984159672221651,1.7765575070947457,-0.010241312461217143,-0.290602240805022,1.6342715016270386,0.13709930513824478,-0.3213070216521022,1.6392066131025138,0.016624383481208087,-0.40516659591576176,1.655179657039515,0.08226151429237695,-0.42080853802709445,1.657389575926284
39,-0.07564658464127932,-0.32832607803937774,1.0041159344594364,0.16488914130188265,-0.3445990252152738,0.9898502040672411,0.0018783860745153367,-0.15311983474711408,1.0232454784853178,0.11741726960457526,-0.15686974816110413,1.0199956458154555,0.07055288418211969,-0.20969937945987435,1.5018186222062582,-0.10455040906730224,-0.2568822945763179,1.4615946235707855,0.23256468600382962,-0.2853070424288804,1.4603581336909928,-0.19753748039493976,-0.21677417213794026,1.1487045881116447,0.3107990026887315,-0.25262096244883603,1.1293703206198398,-0.12664568865319586,-0.16675254541229872,1.1203148552324071,0.2528792104756522,-0.19588228507802027,1.1108757874907074,-0.23344490743050628,-0.28204303371875555,0.9138044452890706,0.3045203918207886,-0.3095711543894187,0.8955440965863334,-0.23876665936509375,-0.24442837872332288,0.8967898142744619,0.3178801200575318,-0.2780627620745047,0.8793483681534735,-0.1236105304164572,-0.26011357550953224,0.5347861986789202,0.2147940161010187,-0.24995622893094235,0.5283858995082025,-0.006639886559321898,-0.2583019869987989,0.5244314776818052,0.09496478989545527,-0.24874416098067137,0.5250246987559665,-0.12724871251592865,-0.20062414219649308,0.09009739825068243,0.20526243625051319,-0.19906054344311147,0.0814297737111539,-0.06549578188819077,-0.22511270745189244,0.08097811200328549,0.14366689651330833,-0.22467794733625754,0.07755447785881392,-0.17269277451061546,-0.3477874506763803,0.032083362391848745,0.25504942211909415,-0.34900108533619273,0.025975145902017913,-0.10780806120103495,-0.4171468625394046,0.030062336063320073,0.19864122929874387,-0.4115578918124725,0.025514183290562167,-0.08228098527906944,-0.1432527723244513,0.03669763134204417,0.16200397702129213,-0.14919932091939733,0.04491649476251491,0.04140091717504444,-0.44739949952089875,1.6130940673030634,0.06652492826376301,-0.2987736287516635,1.7766041327106314,-0.010223071478064127,-0.29084413403040066,1.6342446102485129,0.13689716156894569,-0.3217483412367609,1.639251546773387,0.016283747344948758,-0.4050998766410255,1.6550640890046489,0.08177377842425614,-0.4208643222875486,1.6579440571566524
40,-0.0753912038224942,-0.32706791779859906,1.0041472922642127,0.1651350249622652,-0.3439653499224093,0.989862940777269,0.0023441596119599226,-0.15160864828791823,1.0230483545181521,0.11788603209035012,-0.15574015427335883,1.0198121500026631,0.0707012602162862,-0.20795717198954933,1.5014652730217164,-0.10440405861554233,-0.25484219612810716,1.4613441450822724,0.23260618371433348,-0.283831903549255,1.4601972760071296,-0.19734065609357823,-0.21494777578336768,1.1484305617169341,0.310891946861293,-0.2510983653039979,1.1293244798756543,-0.12635797301764962,-0.16510653963974903,1.1200321932541395,0.2530357004873521,-0.19446022005354505,1.110880968771658,-0.2334248292942502,-0.2802025633013086,0.9135997312603239,0.3048838244200018,-0.3071940022140606,0.8954384909934515,-0.23871796463804684,-0.24262038914786296,0.8965951671591209,0.3182092662456426,-0.27564964129970715,0.8793630480359156,-0.12344837956096345,-0.2588542165536157,0.5349607933557757,0.2147699354116153,-0.2489463602754599,0.528384914704535,-0.0065264530648091405,-0.257137895792715,0.5246427518636615,0.09497972193728066,-0.24763879282647483,0.5251239793405461,-0.1269926655189081,-0.19983658148477562,0.09044406066333736,0.20506470446869715,-0.1986143251313933,0.08154710247969268,-0.06523800568585114,-0.22447773414955302,0.08131435240524829,0.14358104805002947,-0.2242514269077177,0.07770008674116013,-0.17248161502536816,-0.3471777824820134,0.032569063604021065,0.25508718422373505,-0.34834033602013875,0.026288126285479073,-0.10777269070872722,-0.4165156472092072,0.030398157891099134,0.19877331008716947,-0.4107444299785778,0.025834336778670263,-0.08191346587383487,-0.14259553130891398,0.03704829545387088,0.16189792467133596,-0.14896208401899214,0.04500305764633383,0.041207341229936106,-0.4453905621723827,1.612939654308386,0.06638684630696141,-0.2968399327531398,1.7764244108733926,-0.010067547101848385,-0.28898727519797723,1.6340271824457606,0.1368040624247677,-0.3200336113207742,1.639070031940977,0.016159354763278493,-0.40315994076787687,1.6548920323528635,0.0814913455504724,-0.41897520498843815,1.6584409311673387
41,-0.07525999695001415,-0.32302197060868854,1.004295729267328,0.16522210456809486,-0.3406059946683279,0.9899767431255497,0.0025605556891855007,-0.1476075321461049,1.022954504533916,0.11804437311684648,-0.15206111443207992,1.0197551421623947,0.07054098452714776,-0.2037094063556561,1.5006984844334648,-0.10424454425495829,-0.2505921146940564,1.4608909621177752,0.2321767562297076,-0.2796579594180461,1.4597396265463096,-0.1970686920561703,-0.21053851328309658,1.1481996898344602,0.3105130778883237,-0.24660111087365894,1.1293831079707684,-0.1261393763466127,-0.1608513461801417,1.119836130701702,0.2527255804353368,-0.19020655511074244,1.1109665292942668,-0.23325792607458404,-0.2752334715772809,0.9136627656584262,0.30473980299940034,-0.3014035811967774,0.8957240841211027,-0.23852280764804254,-0.2376770688868835,0.8966558773095727,0.3179735895941545,-0.2698229971313756,0.8797363302626403,-0.12353556532429469,-0.25607669232913643,0.5357083863382464,0.21430090408445995,-0.24599750140994292,0.5289283877140016,-0.006702949194499311,-0.25439121384907104,0.5254280086613428,0.09459719046274304,-0.2446563128883093,0.5257185672395401,-0.12699288906258074,-0.19668994865099013,0.091836634465632,0.2043676806010799,-0.19551587131499962,0.08254607044138323,-0.0652958146858078,-0.22157115711601785,0.08271494918506521,0.14308883636691694,-0.22135484966045282,0.07875122616005142,-0.17258050311705997,-0.3439939217127307,0.03423049894709343,0.25456338904593373,-0.34514029972331695,0.027326972172039325,-0.10803972132590835,-0.4130927399407427,0.03188922818289941,0.19827190839623582,-0.4072981312059062,0.027081931171633853,-0.08189757798096425,-0.13959480451423534,0.03841011553301704,0.1613525381946837,-0.14629427787794122,0.04596162476771783,0.041095167218594304,-0.4414108655592507,1.612475176383468,0.06608465659647737,-0.2922772659980099,1.7757812643227635,-0.010116058878456019,-0.28473162394565066,1.6333133522448937,0.13653940775756568,-0.315756770371795,1.6383866534796196,0.016061953548657134,-0.3993142464255269,1.6543628702091255,0.08127814029306878,-0.4151497198340969,1.6584446365221357
42,-0.0754204026163888,-0.3197562022136144,1.004433935708246,0.16505496215094886,-0.33773529351006726,0.990115226276421,0.002412391663999648,-0.1445127550577653,1.02296292450758,0.11782759317014643,-0.1490388897927811,1.0197982483145558,0.0701138099398549,-0.20041839458169622,1.5001897197590268,-0.10430735273316945,-0.2475409193677338,1.4606688246829624,0.23156350588044605,-0.27628548031892464,1.4594387330295602,-0.19701758200164565,-0.20723312391121368,1.1481592185291074,0.3099094642482726,-0.2429063790064056,1.1295354035731988,-0.12618330065680833,-0.15757774044827186,1.119850856700981,0.25210700175198647,-0.18670137737197937,1.1111109474518142,-0.23324532169613033,-0.2712078174722917,0.9138092124472963,0.304217777644146,-0.2971366658719223,0.8961133744402141,-0.23849216375968035,-0.23361436175706304,0.8968092379398896,0.3173446388158472,-0.2655133135935533,0.8801363060943914,-0.12397019689100726,-0.2544979062518059,0.5363826474971617,0.21362135475735486,-0.2440121176859185,0.5294835247245442,-0.007199544276576132,-0.25280042532701313,0.5261187078592086,0.0939844370144187,-0.24264384141657758,0.5262860612259908,-0.12738616599212177,-0.1944149385834911,0.09303155726180029,0.2035221817244642,-0.19290257670299257,0.08350621073370983,-0.0657527275172735,-0.2194937511210454,0.08392823490613853,0.14245250302655021,-0.21893774507892783,0.07975601344972535,-0.1730524322500914,-0.3415320186590295,0.03561104470399877,0.2537751928435789,-0.3425561548584829,0.028092431259657016,-0.10857635607663053,-0.4105379890400217,0.03319961181590924,0.19744573903548598,-0.4044894653224545,0.028101217223317116,-0.08235149466070095,-0.1374583725523822,0.039595321993505156,0.16064238906867032,-0.14399326341164298,0.046938537202580934,0.04116712828768118,-0.43871916770020297,1.6121107048482133,0.06573687781610701,-0.28904593381156235,1.775315761893445,-0.010385368751458188,-0.2817555671047411,1.6327890232188178,0.13623386827066478,-0.312530666888727,1.6378778160819913,0.01606556982704642,-0.396770495536937,1.6539666587598076,0.08127489610437004,-0.412538674514202,1.6581429237756942
43,-0.07615291128623507,-0.31739668024561046,1.0046656758110741,0.16437884779061313,-0.33542260006522184,0.9904211965012943,0.0014495402477851169,-0.14237008534328555,1.023173860702422,0.11679182807320419,-0.14660189413008892,1.0200395517546805,0.0690398882770348,-0.1979347840460337,1.4998206401764347,-0.10488147286731149,-0.24573267594702114,1.4606492120990695,0.23040187735674592,-0.2734535284109883,1.4592713089911162,-0.1975147182090186,-0.20508502421834324,1.1483430908549639,0.30868357518834366,-0.23974888457433532,1.1297353024099004,-0.12692477081958428,-0.15525841760276782,1.120115186721832,0.2507608986322231,-0.1836697077884732,1.1112729228788618,-0.23368733197188218,-0.26820464971555774,0.9141822831540538,0.30292506833360827,-0.29403391614908775,0.8966285025183749,-0.23896272052554457,-0.2305290074123929,0.8972142107437354,0.31594201153724,-0.26233001673314843,0.8805804336161367,-0.12499452427781602,-0.2534084704467169,0.5370955529390271,0.2124810884429984,-0.24227967244461862,0.5302235545209636,-0.008252927970242017,-0.25160735278840873,0.5268203998138735,0.0928934921258675,-0.24101944946292958,0.5269929676917063,-0.12838408387700032,-0.1924979669441311,0.09415443063894229,0.20236047125892445,-0.19047517732476868,0.08457808218968008,-0.06677592121400129,-0.2177510268826693,0.08508630483884559,0.14146280599308364,-0.21669962786583266,0.0808661566797153,-0.1740628561115154,-0.33929193044384076,0.036769143263354946,0.25265251450701137,-0.340270500638241,0.02879210538820979,-0.10957453153968515,-0.408457995318533,0.034368393124878126,0.19625289159859452,-0.40211115489600363,0.02898775392111435,-0.08352849815466704,-0.13552111599881944,0.04079361636484896,0.15952357241876738,-0.14171943673611706,0.04813432565384849,0.041249193353055935,-0.43739041000502016,1.6117168471716294,0.06499405801682126,-0.28726954727791476,1.7749238743423807,-0.011185123579825974,-0.279952028222318,1.6323233839003812,0.13557459721586262,-0.3103752324553375,1.6374951119194934,0.01589731969178308,-0.3954636087189932,1.653558926835186,0.08122749304318755,-0.4111860219697887,1.6575139294550105
44,-0.07686509246577868,-0.31783733656178703,1.0047010620917547,0.1637711720682044,-0.33557928687915206,0.990439558265043,0.0005434978185370414,-0.14283406110587424,1.0232183239427062,0.11587657103270213,-0.14664028995226888,1.0200532780049136,0.06820608929777965,-0.19828788088781948,1.49996022229324,-0.10549811439762484,-0.24666173755698786,1.4609598415677203,0.22972469702779555,-0.2733864989348885,1.4594524199002452,-0.1981332208621661,-0.20586063900821241,1.1485792387984048,0.30791373159108953,-0.23967345172839785,1.1297250011234252,-0.1276773905812623,-0.15578685241931817,1.120388168721632,0.2498294372934732,-0.18358935943551977,1.111244740870977,-0.23432132296863833,-0.26865460822692694,0.914305269613804,0.3019699409238092,-0.2946836657182983,0.896665618487969,-0.2396210881228208,-0.23092481058602374,0.8973442246258365,0.3149382265530751,-0.2629297149472545,0.8805124394861772,-0.12591467189696423,-0.25438239745806646,0.5370610271143721,0.21182860354688063,-0.24260118166604194,0.5301977957489731,-0.009129444513841385,-0.2524368777990326,0.5267335345049765,0.09221789925011924,-0.24145897170501993,0.5269266771686874,-0.1292734260900715,-0.19337255023394212,0.09391390482324194,0.2017871689525426,-0.19059886595372713,0.0844250184264691,-0.0676063608527823,-0.21867731031181253,0.08484215666816135,0.14096369291282138,-0.2168853353490506,0.08073426587033429,-0.17492039725861505,-0.3400737222427186,0.03644405632316883,0.25214836135662816,-0.34052557745772605,0.02834511462960938,-0.11036999469876443,-0.40961388848534336,0.03409872815495333,0.19568524325203096,-0.40242611519318644,0.028562593653743983,-0.08454057188677037,-0.13622978065764357,0.04061032184129258,0.15889377670273855,-0.14167088705199893,0.04813952801495222,0.041672305397757306,-0.43858225304649734,1.611819757691364,0.06452944461895005,-0.28860177463458625,1.7750621495788481,-0.011793647140768256,-0.2811266138916457,1.6324322941973526,0.1352108083299759,-0.310963842268385,1.6377198516637335,0.01600546660858314,-0.39667577322154957,1.6536608224627367,0.08147367784483649,-0.4121446515260871,1.657454308347574
45,-0.07748439635071803,-0.3199548053997586,1.0045684142783893,0.1632419373890085,-0.33725742020534755,0.9902667538567983,-0.0001684230783904255,-0.14492116186170756,1.0231449567680377,0.11520515035331035,-0.14827511548812738,1.0199328582804932,0.06760712141464889,-0.20042130439169603,1.5003437904462695,-0.10611148014317802,-0.24914529019995482,1.4613494072457038,0.22936615420884607,-0.27514383473813536,1.4598091390780286,-0.19876132402572094,-0.2083115008017953,1.14873584989394,0.3075274003052366,-0.24162839946242054,1.1296154210346039,-0.12829726628370489,-0.15801246318118403,1.1205746422112934,0.2493175738588824,-0.18546016368948062,1.1111384560661814,-0.23502089341847568,-0.2711679009818221,0.9141969096020612,0.3014540324837326,-0.2974308022839653,0.8963711027494214,-0.24035259421388133,-0.2334387274631765,0.8972239865994409,0.31442088190136946,-0.2656545708770932,0.880133805988442,-0.12659820165811858,-0.25631080966589537,0.5365481736647143,0.21156979155551803,-0.2440847887669276,0.5297208912041156,-0.009750419638373435,-0.25427087038647384,0.5261664431879594,0.09188947975200572,-0.24306283280358304,0.5264160588341155,-0.12995537762672363,-0.19554061956574792,0.09285912761234279,0.20154691755822574,-0.19184173451452535,0.08355002493049986,-0.06819784584817347,-0.2207732182060757,0.0837533238867065,0.1407485051243103,-0.2180880367925406,0.0798537142494342,-0.1755587626822712,-0.3422239660448862,0.035302260876508194,0.2520250207151764,-0.34161944566475944,0.02734466346902726,-0.11094465110867217,-0.41211388123633874,0.03288821829133597,0.19560133591402762,-0.4036442441744331,0.027445906607661455,-0.08526588836789534,-0.13821962537535723,0.03959372715277078,0.15857252439012293,-0.1425952067164794,0.047370623124760154,0.04221922182256865,-0.44103544594849065,1.6122893989059128,0.06421131560238262,-0.2914212597561135,1.7754694601861771,-0.012274655808415337,-0.28394109928151484,1.6328299139952986,0.13496945401401886,-0.3130111459420403,1.6382409001848743,0.016255376676152164,-0.39918294489855816,1.6540891930211985,0.08185048551499388,-0.41424927584555793,1.6577953003836854
46,-0.0777928927955432,-0.32283713445473894,1.0041774341020862,0.16292889875926017,-0.339715131010881,0.9898233980885868,-0.0004503275864199207,-0.1479175391609467,1.0229290983037906,0.11497544914212654,-0.15097758362613328,1.0196781254846823,0.06739921091809738,-0.2038307514212046,1.5007765643125888,-0.10651833402185037,-0.2524919311095757,1.4616327279357826,0.2294009037335214,-0.2782589651372763,1.4601722647015196,-0.19917702889995517,-0.21149872672078707,1.1487112339592829,0.3076836436726662,-0.24499401648030628,1.129462363839556,-0.12855054370678415,-0.16110854989491621,1.1205937216246027,0.24944981930761695,-0.1887372916480384,1.1110105721111179,-0.23550628888888692,-0.27451833925060964,0.9138310307713603,0.30164004484860657,-0.30136622688535236,0.8958741675739358,-0.24083969725280724,-0.23681241757537325,0.8968257475739485,0.3146367901102203,-0.2696059790799957,0.8796050450072269,-0.1268454561203654,-0.2590517433177336,0.5357533134153251,0.21177846217251856,-0.2465340276318052,0.5289103175348967,-0.009951358298738243,-0.2570119695344198,0.5253315028369832,0.0920353371251683,-0.24557931820121234,0.5255966399480885,-0.1301417344175366,-0.19861499436940908,0.09135269437225771,0.2017657254011837,-0.19390850521717515,0.0822307355945491,-0.06833284304311259,-0.2236735083160735,0.08219505575351826,0.14096048483866253,-0.22006797144963858,0.07849986036403384,-0.175762789756902,-0.34527649188876425,0.033679173577199684,0.2522917494752618,-0.3433376165395663,0.026024615793226524,-0.11111215073048898,-0.41532035352706975,0.031192615818641075,0.19592082411778614,-0.4054692800463362,0.02602521414911576,-0.08537591730808121,-0.14122924768337825,0.0380765987696168,0.1587366310447413,-0.14439840371694673,0.04608473103415881,0.04278329664669464,-0.44403384084940417,1.6129300645263083,0.06417347902446481,-0.29486614662944916,1.7759639564618175,-0.01246135278046508,-0.28775568394984974,1.633324260462668,0.1349579862958859,-0.31588257771218364,1.6387866737838972,0.01663743934927226,-0.4024508663518181,1.6546642514614847,0.0823221765534752,-0.4169622504785893,1.6583134293570772
47,-0.07778196149365683,-0.3257082048365834,1.003645222582171,0.16291159174046208,-0.3423570633117757,0.9892548855988601,-0.00027041604340788215,-0.1510112527807229,1.0225974745637023,0.11522447995928728,-0.15398570546118143,1.019350423742421,0.06754262132148776,-0.20750831068932668,1.5012532404878454,-0.10675864577831265,-0.2557055318251213,1.461774494383369,0.22978019717999634,-0.281879265830741,1.4605001672217233,-0.19932930917938343,-0.214632527014972,1.1485310620943485,0.30832946761877894,-0.24901799157036994,1.1293418125922772,-0.12843995633712949,-0.16425340079979664,1.1204606189311719,0.2501793313086408,-0.1926279309933819,1.1109131656764122,-0.23571749683517024,-0.27793925900775723,0.9133537213830556,0.3024590450971326,-0.3059348086174651,0.8953888959582476,-0.2409983100955097,-0.24023702772634137,0.8962962803072299,0.31552774677409423,-0.27419339574856927,0.8791408867218662,-0.12674576692358172,-0.262105319523458,0.5348974761828656,0.21233748038849865,-0.24931028599013932,0.52801156018487,-0.009802993661011434,-0.26007180965647236,0.5244488515651197,0.09254992494368364,-0.24827916940164066,0.5246919020424975,-0.12992745366983743,-0.20186232753924924,0.08982499926491008,0.20233616810026142,-0.19619381168213978,0.0808386496032451,-0.06811755381639431,-0.22674793098884866,0.08060287427000344,0.14150111323302222,-0.22224593454598146,0.07705832353258987,-0.17560460583502138,-0.3485551170053575,0.031945343437516066,0.2528927713306598,-0.3452824318655335,0.02471097785536349,-0.11093187177079494,-0.41864313353783034,0.029430323135255385,0.1965630181378366,-0.4074921795798343,0.02466196959936594,-0.08500616681493912,-0.14448764743867037,0.036485632119158264,0.1592911171534937,-0.14646227004410126,0.044658966303058524,0.043444682371864586,-0.446723090036896,1.613721641218705,0.06434510671804816,-0.2979356616344493,1.7765309951779704,-0.012437671408284437,-0.29153933549243927,1.6338947516471827,0.13512716192769986,-0.3185620506735456,1.6393440159977457,0.017172082657559352,-0.40555015842399184,1.6554023610135793,0.08291098221269756,-0.4193585169096964,1.6590714367211499
48,-0.07774152174188013,-0.32666209096449883,1.0033290706159668,0.16295744247775085,-0.34328416017269225,0.9889248303541585,-0.00013375816039624367,-0.15220379505692905,1.022373523810841,0.11539497939723554,-0.15516289280228657,1.0191594551749787,0.06753375673301347,-0.2091777137057903,1.5014493257459027,-0.10701391600993058,-0.25693049978036875,1.4616933223801756,0.22987753689655038,-0.28355042123900176,1.4606215228545465,-0.19944581039475312,-0.21574284562293478,1.1483576405622387,0.3087393508707084,-0.2509274579233181,1.1293527504567735,-0.12845313946040907,-0.1653303065742156,1.120317587140963,0.250677942210706,-0.19443393411151322,1.1109279251353603,-0.23582648831910918,-0.27929228133355843,0.9131854879050616,0.30312861231567584,-0.307913060488432,0.8952489893521128,-0.24104974921403172,-0.24156146672466383,0.8960602771313603,0.3162433742433881,-0.2761305530184692,0.879057344738599,-0.1266706346646235,-0.2635204785669179,0.5345695154407191,0.2126849572377942,-0.250268039700577,0.5275812254621667,-0.009677419680183685,-0.26136459687863856,0.524088344917061,0.09288212039677424,-0.2491659287656052,0.5242382858265902,-0.12979179884722075,-0.2031452380837719,0.0892584113566501,0.20266924060449348,-0.1966848437264822,0.08020485187407429,-0.06800278533036333,-0.22790572223374148,0.07997766296670238,0.14182398872952737,-0.22271830490622133,0.0764037899754191,-0.17557185622943342,-0.34990782124680553,0.031175251197270486,0.2532738382226271,-0.3456710321013757,0.02422360634994735,-0.11089513721842575,-0.42000829217463653,0.028697426432280175,0.19701876606422752,-0.4079468574174445,0.024152297549106593,-0.08479170920820034,-0.14562400771590128,0.03585995617736031,0.15961067230686035,-0.146771010251551,0.04398939106474811,0.04425342981623713,-0.447888918274109,1.6143281077493745,0.06440985006298013,-0.2988978506991637,1.7768627959217709,-0.01251979275664775,-0.29326028785953123,1.634207620493866,0.1352012641796661,-0.3192011391567203,1.6396102082400643,0.017749042201657007,-0.4069349447549319,1.656054181342436,0.08352081496914777,-0.4200665822130738,1.6599963857279554
49,-0.07758761512188186,-0.32776660153552134,1.0031966087632274,0.1631359269738022,-0.34425347906777926,0.9887755640553335,-5.701707357516473e-05,-0.15325606958136445,1.0222941940558379,0.11548635797019151,-0.1561381581446859,1.0190931254796625,0.06740767006607436,-0.21090786479088822,1.501658201115287,-0.10734319929165036,-0.2583498324099325,1.4616034120549632,0.2298842192378806,-0.28528553418578645,1.4607674098054702,-0.19953148782923893,-0.21690065425697658,1.148264178560832,0.3091697541495781,-0.25274836046714816,1.1294893562812462,-0.128518403236155,-0.16632018170698595,1.120258659978815,0.2510789445340254,-0.19609446786437,1.1110919490754174,-0.23583461056706953,-0.2806443064783503,0.9131636984557654,0.3039330383364466,-0.30963531932278127,0.8953152959737716,-0.2409696103792176,-0.24284078977953175,0.8959711482924202,0.3170441086248711,-0.27774420555150264,0.8791932123300484,-0.12655664822824086,-0.26477476473700684,0.534448534649562,0.21302201031950335,-0.2511840600918621,0.5273321428277291,-0.009472661209103686,-0.2624821232223353,0.5239046937911713,0.0931962705994572,-0.2500615330269419,0.5239427411694907,-0.1297069390264328,-0.2043031211228082,0.08899337513598476,0.20295451623908106,-0.1974274529483703,0.07989718750697795,-0.06791959446442161,-0.22900850995544547,0.07964927248450412,0.14206149259075082,-0.2234456190732862,0.07609849176839314,-0.17561861329225456,-0.35128082197053,0.030730867859296636,0.25359112220485996,-0.346576433330558,0.024020371619441164,-0.11091944991886249,-0.421523407634671,0.02834295313965724,0.19741824636893338,-0.4089672523134561,0.02387296477218696,-0.0847282565183946,-0.14649948334404564,0.035513260847532986,0.15984642336635907,-0.1472378175171764,0.04367793100266865,0.04527737889167101,-0.44982651372554955,1.6147317427936432,0.06440687057353153,-0.3004261966037384,1.7772293315504426,-0.012672701291054871,-0.2953095513311744,1.6345359805563509,0.1352627578313936,-0.3201659814603109,1.6398701974716452,0.018405650120242135,-0.4089063178377077,1.6565803576582223,0.08421060188903456,-0.42136162554062,1.660962861338356
50,-0.07768262967268275,-0.32773376680477484,1.0034516137775928,0.1630886002549309,-0.34399747278424103,0.9890881590057508,-0.0005391208314776349,-0.1529494057137106,1.0225790087012099,0.1149831788188777,-0.15559036721473743,1.0193779648410228,0.06663444887386209,-0.21099663469154006,1.5015553632240008,-0.10800213476087958,-0.2586973314255163,1.4613811236245797,0.2291496327639949,-0.28515189606852015,1.4607490663012217,-0.19990054651337147,-0.21674230309354822,1.1482420616969256,0.30886404287070396,-0.2524538248344979,1.1297695705315176,-0.12909314634227692,-0.1658720522911213,1.1202875180864675,0.25062965236078694,-0.19566379849107915,1.1113707267324466,-0.2359813661576893,-0.280400311914791,0.9134251983220336,0.3040197164945791,-0.3088306779134365,0.8957601476460562,-0.24107895541602015,-0.24252420226036253,0.896174088295742,0.3170655393698244,-0.27673724782953535,0.8797147833240428,-0.1267439052836432,-0.26415613778537916,0.5349092331832346,0.21283363640895114,-0.2503924020829639,0.5277623380638565,-0.009566114886714949,-0.26169767302876645,0.5243056278285869,0.09298934619722783,-0.24942050571430446,0.5243143374512258,-0.12998177547326098,-0.20330471261934718,0.08968887258515919,0.20262474288016902,-0.19658991100067943,0.0805867474336979,-0.06816648331073023,-0.22803583279008255,0.08029404297341504,0.14170439949787803,-0.22267526115283331,0.07680743388459178,-0.17594148555697658,-0.35049029892884664,0.031360166769210614,0.2533302657026704,-0.3459898133439601,0.02472529943742933,-0.11119514358687548,-0.42093010530261266,0.028788027889623813,0.1972922884132088,-0.4085368763855543,0.02443732096748031,-0.08518245719610464,-0.14507089132197226,0.036163088092873344,0.1594718620697974,-0.14621508550090928,0.0443925952453364,0.04630631225070496,-0.4512042674707542,1.6145129294959457,0.06374654360596947,-0.3009684897108297,1.777262832289596,-0.01332512523905267,-0.2961554973382941,1.6344822679368092,0.13485328388022952,-0.3199438292520866,1.639795822637235,0.018845823107212133,-0.4101187205595091,1.656651781080189,0.08477569598646817,-0.4220275211487499,1.661153830154285
51,-0.07782637978095555,-0.32727055022407237,1.0039662640843765,0.16292118610740802,-0.34317825717038647,0.989741556818605,-0.0013211324943576336,-0.15192770551825216,1.023245868710782,0.1141311088040629,-0.1542763202188474,1.020050548932945,0.06542326676312582,-0.21014815671495374,1.501143073758933,-0.10880955428543922,-0.25864717278263716,1.4610040560068223,0.22794000654426028,-0.28384983916617107,1.4604805233430393,-0.2003652454956132,-0.21598669923004976,1.1481957893994013,0.3079865670900405,-0.2506808145155852,1.130051272978179,-0.12996074472453967,-0.16483956823166296,1.1203598740614047,0.24952700514386886,-0.19382200592902782,1.1116491588055435,-0.23596722222804192,-0.27913926441196396,0.913708017903303,0.3035116450055915,-0.3062359153778508,0.8964449895527329,-0.24112367766826276,-0.2411810120084354,0.896486903530006,0.31644655806707256,-0.2739167866853392,0.880417038749565,-0.12696611875610167,-0.26197631588475995,0.5357839084706851,0.21235184065202634,-0.24845847600651613,0.5287760963733776,-0.00975604613888906,-0.25938715940504575,0.5251680508305564,0.09249390682182065,-0.24772876976527666,0.5252745309482147,-0.13032599519166643,-0.20067954588710782,0.09118595617346886,0.20210556527699483,-0.19500653649755134,0.0821085295955707,-0.06841826986241142,-0.22548890174343827,0.08175942331733549,0.14109887933891685,-0.22117135446130343,0.07835274934249967,-0.17624019043965874,-0.3479514714032784,0.03293287482151719,0.2527749322991463,-0.34462181703117906,0.026150132661821146,-0.11137943365332746,-0.4185963697997099,0.02996911052139193,0.19689755858791302,-0.4073113830078892,0.02565652139469459,-0.08577600251886416,-0.14201592492237636,0.037617667233722354,0.15887788011535997,-0.1446355481591856,0.04595216777790967,0.047264573038160305,-0.452393753024943,1.613458924132354,0.06268997758007433,-0.30127345933458144,1.7769046107547581,-0.014242311788705598,-0.29657931702958434,1.6340208224214692,0.1341856065226193,-0.3192625573205802,1.639300218947165,0.019143625956594107,-0.41121617917364145,1.656028316985239,0.08521962485720402,-0.4226158482458755,1.6603403390793232
52,-0.07791234048529422,-0.3256495282186578,1.0046245487684984,0.16276101414834643,-0.3411389754348239,0.9905644614175922,-0.0022219923026378856,-0.14962995480940436,1.0241367334487144,0.1131298885681203,-0.15167740961730763,1.0209718513854817,0.06411167094608866,-0.20766937288718135,1.5003430764372512,-0.10944259680020979,-0.25726696417945744,1.460434727692054,0.2265213536167917,-0.280882325172106,1.459924756289514,-0.20061415745886693,-0.21394450071159135,1.1481236530401282,0.3066495199545758,-0.24700524293443427,1.1302905428464705,-0.13074460553594436,-0.16263907940665015,1.1204592802588076,0.24798972371739045,-0.19024919129051357,1.111885625566052,-0.2356508199538704,-0.2761695999661378,0.9140130451197022,0.3024934734438104,-0.3013540271826498,0.897310718764736,-0.24091022512785903,-0.23809414868749873,0.8969087551134874,0.31527026838776845,-0.2688214467970276,0.8812786783015107,-0.1270828923685749,-0.25813650530816806,0.5370428624098732,0.21168951196533659,-0.24492523130171232,0.5303283433536822,-0.009917638843674845,-0.2554043334263362,0.52647427797341,0.0918186468134277,-0.24450865823458937,0.5267783809284171,-0.13058069747156922,-0.19623019124541105,0.0934954055004415,0.2014458075030735,-0.19201647833671578,0.08443247218701662,-0.06857021456310065,-0.22111874777812765,0.08407859921051639,0.1403563089051424,-0.2183298274200145,0.08071977081049798,-0.1763665562533261,-0.3433367408951308,0.03551747062978992,0.2521218319057202,-0.34171544723439845,0.028406395000418284,-0.11134574851730886,-0.4140450014195041,0.0321325782685046,0.19645740367849424,-0.4045124505746001,0.02772147476347445,-0.08629507890705312,-0.1372587526304641,0.03990796501467791,0.15815464580360206,-0.141970058694726,0.048281413689132954,0.047938874998174064,-0.4521418921983418,1.6118342384195596,0.06141238005008455,-0.299918650567811,1.7761309198065791,-0.015230229599839029,-0.29540527443482817,1.6330550881366677,0.13334397570696255,-0.31714334920022946,1.638365034503446,0.01924150581825191,-0.4109591240031525,1.6546516470124355,0.0853874373902591,-0.42197528677927487,1.658975413470819
53,-0.078090666702079,-0.32275185100612264,1.0052112504708395,0.16244870823980662,-0.33791378342264117,0.9912995701225518,-0.0031225762521276883,-0.14631905013933233,1.0248880000891527,0.11210968463328473,-0.14810600138023333,1.0217587852317138,0.06285848188351684,-0.2038141105359598,1.4993348823996562,-0.10994626984584045,-0.25439501232385603,1.4597959779836747,0.22508720318904116,-0.2766012772050269,1.4592287116743197,-0.20076486274128175,-0.21063058642776367,1.1480257037712058,0.30512153827232597,-0.24201269781901538,1.1304053191971575,-0.13141889889179806,-0.15929135060263347,1.120521353448884,0.2463004592780688,-0.18547199912988974,1.1119782826824018,-0.23525746700340497,-0.27194522722428416,0.9143072136948105,0.3012077164939741,-0.2951471929408349,0.8981141119272792,-0.24060372602343316,-0.23378155982237742,0.8973402056722914,0.31382002828330147,-0.26248740561703654,0.8820431813276526,-0.12727648868673333,-0.25344032141506506,0.5383716482563087,0.21088707738576817,-0.24048042094478447,0.5318834950773598,-0.010230950728044896,-0.2505457500181599,0.5278540801111155,0.09101946915449263,-0.24031552236632195,0.5283185873120277,-0.13092833658284286,-0.19078605420832329,0.09595793670084632,0.20069768829409024,-0.18804825050762522,0.08677007035154491,-0.06883520950522531,-0.2157840282622909,0.08659021694379292,0.1395812671703929,-0.21454079906792084,0.08311516689462511,-0.17658187064072345,-0.33752265906771445,0.038367577202712916,0.25139954318549496,-0.3376877583538264,0.030749552143033727,-0.1114051228061124,-0.4081738357766792,0.034751435009418276,0.19596169737141939,-0.4005186608232692,0.029944100241018866,-0.08683157845845967,-0.13170495539035756,0.04238306020993709,0.15738520087339272,-0.13845533268405769,0.050593206697675176,0.04817534275622044,-0.4500998147849154,1.610316133127228,0.06021237962349563,-0.2966833419038454,1.775141914860321,-0.01619498064709827,-0.2924640481065599,1.6318763326334649,0.13243762398563036,-0.3135936755862821,1.6372262913787992,0.019092739777947496,-0.4089211552749368,1.653258648704846,0.08524013608079542,-0.4197333807429693,1.657635175197501
54,-0.07830215756933566,-0.31975908391367036,1.0056141477251979,0.16211286427520827,-0.3346619659252702,0.9918198908612722,-0.003869911911469177,-0.14322972060101993,1.0252510976730105,0.11131304832027956,-0.14478150417481664,1.022169246723692,0.06187142841285187,-0.20009465951202982,1.4984770313354059,-0.11030508350764646,-0.2513095491782629,1.4592660343578265,0.22397004444655963,-0.2725620696460661,1.4586693350847453,-0.20088225671924018,-0.20731682167942386,1.1478640372622397,0.3039101682407888,-0.23763078408811308,1.1304248349954606,-0.13187312052826028,-0.15601989939583966,1.1204522880658645,0.24495063069208486,-0.18132483133075017,1.1118966016207084,-0.23494413500655542,-0.26822952237532255,0.9144725123197647,0.30024500175031066,-0.2903267345131772,0.8987800321508626,-0.2403184499122814,-0.2300165615800924,0.8975961395610766,0.31271303081533625,-0.2576334177964657,0.8826234007813233,-0.127640423687341,-0.25005258771607825,0.5393576336859207,0.21017612192626295,-0.23683767856278665,0.5329466821331801,-0.010702241988903584,-0.24698663084537179,0.5288569573665917,0.09033243571762009,-0.23685817044417554,0.5293946717681349,-0.1313797229401353,-0.18647640290651019,0.0978309717406393,0.20005358047962307,-0.18457410747746625,0.08841480532002524,-0.0692467604044829,-0.21155361477990955,0.08853278908437094,0.13897616791594733,-0.21123460051973947,0.08481758385393756,-0.17691421628492204,-0.3328263087241825,0.04065663152120864,0.2508119508472905,-0.33413806644797367,0.03252159857112539,-0.11167529682053431,-0.40333820287852323,0.036921467854808154,0.19556684420751963,-0.3969736266812784,0.03167850108350884,-0.08738628097566649,-0.12736873736584628,0.04427258857230319,0.15675851920993256,-0.13536260156354712,0.05218218957536489,0.048124876921117964,-0.4473811911501202,1.609504326544354,0.059242329166530557,-0.29286654328256867,1.7743403029934057,-0.017023444234522355,-0.28911225426746284,1.630870598700245,0.13160151289533092,-0.309836890204664,1.6363289413137165,0.018800232975320217,-0.4061888754436461,1.652435661611277,0.08495206645166677,-0.41693143948008754,1.6568781811775959
55,-0.07860619901697868,-0.31930768162820133,1.0057821948454022,0.16183549318839618,-0.3339001754052669,0.9920390369891849,-0.004410427678780346,-0.14281418073484556,1.0251627417748863,0.11085051681883802,-0.1440771173084421,1.022106026769882,0.061202375385457156,-0.19903910338746097,1.4983707750558177,-0.11068032516167992,-0.2506066190221238,1.4592258646937286,0.22341901939492112,-0.27125434385215763,1.4587064588124896,-0.20127083111742022,-0.2066192952003868,1.1477540175100986,0.3034239293623899,-0.23646306576931314,1.1305556729986168,-0.1323197155530909,-0.15525864067419962,1.1203300153508118,0.24424358980403893,-0.1802358903847752,1.1118383735747104,-0.23517669970275368,-0.2679369357312066,0.9143330033984954,0.29997296781322613,-0.28990637224005705,0.8991829090846347,-0.24055731011788314,-0.22975116544446028,0.8974681768630522,0.31234034776211717,-0.2572235319360609,0.8829056941859466,-0.12831403390862045,-0.25024600951251347,0.5394815219713762,0.20980822123353632,-0.2363612168312842,0.5329627634302762,-0.01137984633194576,-0.2470142799102269,0.5289186875803745,0.08992629273045297,-0.2364607977612165,0.5294511585595671,-0.1320332622021026,-0.18595648375302493,0.09810627882700157,0.1997101594657821,-0.18401527576754412,0.08851048565616887,-0.0698899459470825,-0.2109982682156534,0.08883699096273288,0.13869795477786745,-0.21066544972339765,0.0849389471893046,-0.17751065234712324,-0.3320559352665061,0.04123510571500736,0.2504664687197126,-0.3335109803108376,0.03277226718323127,-0.1123159048549008,-0.4025637217680844,0.037375445419913673,0.1953409385960907,-0.3963748841358752,0.031952846167986514,-0.08804446629744644,-0.12678391148181392,0.044561278301972956,0.15646758263489846,-0.13477259247839618,0.052243481985434645,0.04804331998051338,-0.4464964267733179,1.6098085460015739,0.05851407000922152,-0.291486738119142,1.774290459684455,-0.01767421930212362,-0.2880992787964897,1.6306968770205625,0.13097124478781078,-0.30852702932081877,1.6363353290926135,0.01853977293765179,-0.4051803170471431,1.652781568717101,0.08475505834206552,-0.4159128927187362,1.657171061991475
56,-0.0789233502149222,-0.32163673273111204,1.0056970337555746,0.16162501365391274,-0.33579708839090355,0.992001865932163,-0.004793111051754112,-0.1451739807205361,1.024853899041421,0.11057313450001012,-0.14607325195558649,1.021825243065353,0.06062875795108669,-0.20091369425430056,1.4988463619457086,-0.11121130805172744,-0.2527199246387741,1.4594890122087392,0.2232120761414894,-0.2729314715931598,1.4592131447263454,-0.20190886927021934,-0.20877403215856327,1.147687824938585,0.30344125260354177,-0.23850133952530297,1.1308907308218321,-0.1329003137690534,-0.1571832758904111,1.1202201837300034,0.24398164292705404,-0.18216419959343677,1.111959758627057,-0.2357472535166518,-0.2707500328836817,0.9140136330125799,0.30021912308706783,-0.29319468192523196,0.8994740321233833,-0.241152681546434,-0.232550604980153,0.8971345009716687,0.31251579716790395,-0.2604847640510417,0.88305892169089,-0.12900367687376565,-0.25327420235015,0.5390159424657335,0.20977654263238793,-0.23885228028443836,0.5323987010244186,-0.011990273093190677,-0.2500597330027775,0.5283434337192535,0.0898157354784277,-0.239001602334626,0.5289318556818656,-0.13255101772793093,-0.18883656644104413,0.09729541516740985,0.19971058536324715,-0.1864873694299134,0.08777919300614272,-0.07041933332423038,-0.21375693481649416,0.0880341912276696,0.13872021830154724,-0.21297546182601312,0.08420449448707436,-0.17810368706479163,-0.3347590073458736,0.040580164757906996,0.2503983120519194,-0.33594938488656995,0.03212576658987747,-0.11301856556847314,-0.40540919777934314,0.03663423104144923,0.19530808879206846,-0.39889184988247045,0.03129906734214315,-0.08851935332609095,-0.1296032160130716,0.04374395211824365,0.1564806725889417,-0.13694900768299056,0.051507930477545705,0.048079312291719856,-0.448238390113818,1.610605513662522,0.05779815416365292,-0.29329318732143117,1.7747951510278734,-0.018332599209071855,-0.29009533303490864,1.6311452454273794,0.13046955429859192,-0.31010596156614084,1.636998598126725,0.018369782463747143,-0.406843729691629,1.6536786329559123,0.08468318832575912,-0.4174402629919044,1.6580126698493862
57,-0.07915273856181657,-0.32493696956670576,1.0053073381042557,0.16153543427514244,-0.33873691754856067,0.9916899968734169,-0.004903433529193248,-0.14856656133508006,1.0244254701678963,0.11052329475688959,-0.14916793669074363,1.0214187269314223,0.06025186326456777,-0.2040754282053249,1.4995075599085266,-0.11174592372651171,-0.25596354375733393,1.4597645760469085,0.22329349219834063,-0.27597116926745113,1.4598621251298902,-0.20245337589025503,-0.2121082079634719,1.1475970648564575,0.3037631946011019,-0.24201510161373196,1.1313053490932459,-0.13334855297597592,-0.16026207527939712,1.120100734693798,0.2440977721920657,-0.1855094195963844,1.1121977489521362,-0.23626219421242073,-0.2744690884033132,0.913588276746802,0.30074640939164127,-0.29758750284965885,0.8996882933683491,-0.24167967385297062,-0.23620760091766288,0.8967020742483791,0.31301873673387826,-0.2648286350138661,0.8832099633787858,-0.1292964469263183,-0.25678900738318405,0.5383086115599439,0.21004576034586597,-0.24241493204419018,0.5316462153919854,-0.012185818262850265,-0.2537580873433798,0.5275383035318691,0.08998451483924189,-0.24261654999110815,0.5282307289966695,-0.13263494205440174,-0.19279250539700626,0.09600836577525382,0.19997824308204729,-0.19024113146856397,0.08688608533377769,-0.07053023287091945,-0.21757826792567203,0.08676105787595417,0.13894728581475813,-0.2164961253072224,0.08328566925230743,-0.17829260742157316,-0.3386466677602901,0.03930455735280135,0.25054600805307115,-0.3397328083386877,0.031237786161479802,-0.11331316155768588,-0.4094057016147915,0.035442653954821976,0.1953502757973598,-0.4026963044529086,0.030449985751105916,-0.08855612645886593,-0.13364868587128706,0.04242446225517651,0.15674422154509926,-0.14034829171344115,0.05059602307168165,0.04831508413428686,-0.45104224494775524,1.611430792669211,0.057154206938047555,-0.2964000674973308,1.775473749293905,-0.018874451141406158,-0.2934028550234136,1.631810758304907,0.130149704323736,-0.31278114620104785,1.6378951592711433,0.018359957126669598,-0.4097217130942765,1.6547624688477263,0.08477556028639797,-0.4199929804729044,1.658938646833431
58,-0.07919429766117625,-0.3281489866483483,1.0047347520824628,0.16167630042204456,-0.3418000866569277,0.9912672678167769,-0.004749653779524135,-0.15179614974883776,1.0240307701266216,0.11071659999135168,-0.15229383596461135,1.0210516430797065,0.06002212541471252,-0.207257946080772,1.5000492940806727,-0.11218069878804204,-0.25917338051625216,1.459868441879346,0.2234714367679898,-0.2790841533661352,1.4603900414963682,-0.20269095600499595,-0.21538056321132526,1.1474183136560425,0.30413039535934566,-0.2454755678166582,1.1316790744402205,-0.13354488231616862,-0.16338825442438543,1.1199536698487242,0.24433766391541806,-0.18886084776039436,1.112455139109325,-0.236404338226848,-0.2776652564056214,0.9131105142820889,0.3012687301929303,-0.301186500078248,0.8997898343946767,-0.24182818966744687,-0.2392855793661091,0.8962716047521913,0.313557528241748,-0.2683887524873688,0.8833294696673234,-0.12908828538442005,-0.25956355779861423,0.537693175633567,0.21057338046876564,-0.24573232423245686,0.5311092665102306,-0.011901478813713704,-0.256809455069693,0.5268887830921848,0.09041540741558551,-0.24593216178267363,0.5277192829510453,-0.13221113347027072,-0.1963128428252036,0.09493973301567994,0.20046804981033578,-0.19388342976723844,0.0863162854887726,-0.07013310182540743,-0.22098473695974674,0.08571639061694694,0.13936158126085602,-0.21991968852433078,0.08267921088873581,-0.17795380116988727,-0.34219831532710004,0.038098740271899294,0.25092638497380293,-0.3434046953694052,0.03058774736468724,-0.11301852421015184,-0.4129526078970895,0.03445121921873122,0.19556201837494566,-0.4063148665982328,0.029823016150533965,-0.08808203848833275,-0.1373664243200674,0.04132245139311923,0.1572113769584774,-0.1437491977530857,0.050003854861950754,0.04858199847122665,-0.4536851821007287,1.6119218881963786,0.05658527527761247,-0.2994164550751384,1.775978928622434,-0.01926116557777208,-0.29674435991910625,1.632332498093514,0.12996000772953645,-0.31539703414772136,1.6386045640778202,0.01841982484210792,-0.41267637644961547,1.6556063106135472,0.08488217711186614,-0.4224822933694095,1.6595520822708505
59,-0.07929536461870701,-0.33019421331254223,1.0041028256832882,0.1617885211825546,-0.34387241450390205,0.9908813185217206,-0.004632375522817363,-0.1538901105848011,1.023669860066509,0.11084825559664371,-0.15438115891290624,1.0207684425802785,0.059596251553074665,-0.20931289646871767,1.5003794047466672,-0.1128153073062992,-0.2612072993354962,1.4598256795301172,0.22328082073875233,-0.28107567218605656,1.4607467013729047,-0.202942375178136,-0.21758429309995445,1.147138868411527,0.3042007308390551,-0.24781619480376677,1.1319461198126917,-0.13372676165296613,-0.16556240389700744,1.1197595102290798,0.24440443079954713,-0.19124615351585927,1.112657923341128,-0.23659166211380994,-0.2796918907629234,0.9126296531530369,0.30153510738886874,-0.30343005737278067,0.899875696136569,-0.24196723368718137,-0.24122102160648018,0.8958572265504862,0.31387863944152106,-0.2706192014603978,0.8834797920180169,-0.1288775869517841,-0.2611480076022098,0.5371755715354122,0.21097811607033853,-0.24760007104392895,0.5307489198132067,-0.011623673450758966,-0.25858279044178945,0.5264169295883078,0.09076995609249139,-0.24775598923352612,0.5273543292615885,-0.13188594193025777,-0.19855142496580824,0.09409596502752521,0.20076340193357534,-0.19591594629389641,0.08592080025456511,-0.0698215731221429,-0.22308072529446266,0.08490376617139415,0.13959884779854476,-0.22177709200689943,0.08226783462371,-0.17763156486023277,-0.3446212962174394,0.03713681348606307,0.2511309967260083,-0.34544766584970843,0.03018218490388662,-0.11271352810736378,-0.41533624201224534,0.033743066177002415,0.19558170933701785,-0.4082542496365204,0.02946516551510989,-0.08771647799229258,-0.13972317792728453,0.04046771913714083,0.15753160092568824,-0.14563911818498632,0.04959404861755301,0.04846995562152145,-0.45499722570905743,1.612093837988754,0.0559280911997844,-0.30131679770671427,1.7762757452066027,-0.019807022849862098,-0.2988663055866464,1.6326397641960504,0.12948600291195117,-0.3168206630321523,1.639020744663071,0.018208247786194228,-0.4144754797289044,1.6560435999070486,0.08466788494346253,-0.4238072493876508,1.6598127472739637
60,-0.07943087720987604,-0.3298566864547063,1.0037177525317396,0.16180734666209895,-0.3435813102999872,0.9907319572839253,-0.004663922219554847,-0.1536454602542912,1.0235556010951117,0.11078827866066467,-0.15414025650027582,1.0207620797186903,0.058838857286306445,-0.20898896612110002,1.5004487648749167,-0.11362032225637796,-0.261028632976268,1.4596273311043428,0.2225578961811992,-0.28063305456456256,1.4609525735635687,-0.2032347946362117,-0.21756439419059365,1.1468193797719088,0.30388779826199075,-0.24758918624114834,1.1322177558570239,-0.1339436935408703,-0.16560824924809392,1.1195713741362323,0.24418521531752835,-0.19126989485272033,1.1129360628636522,-0.23675709300575426,-0.2794609796388348,0.9122287640927765,0.30146090243044515,-0.30298010177170676,0.9000892025242834,-0.24204130921207287,-0.2410062718991084,0.8955010722493661,0.3138739650394414,-0.2702035089825519,0.8837794618450724,-0.12882344992536127,-0.2604824273756478,0.5370578700726982,0.21110322178262542,-0.24695223783320563,0.5307311200367384,-0.011567269896867773,-0.2578744249099643,0.526379311761858,0.09089348184381275,-0.24699077032042083,0.5273133420158647,-0.13187864653915465,-0.19838670827890723,0.09386531253828079,0.20074087797201093,-0.1951050333371389,0.08592545897113991,-0.06981011408711443,-0.22281582056917368,0.08469766900222077,0.13957757486329153,-0.22091318620148387,0.0822694558525358,-0.17749828432289425,-0.3447443227998115,0.0369425615304332,0.25096086084203223,-0.3445191007869501,0.03020932857188143,-0.1125234568899819,-0.4154034156071176,0.0337487055718525,0.19533192221303772,-0.4072538466534633,0.029535955473364527,-0.08770038644946221,-0.1396042785534644,0.04023367659085698,0.1576141085804539,-0.1448532939454503,0.049582226049048425,0.04811096551581551,-0.45386298971126443,1.6120065692384435,0.05512539922397701,-0.300714230924242,1.7762459358754494,-0.02058518962145766,-0.2985434981945995,1.6326405818772949,0.12864680255211006,-0.3157143107310676,1.6390247974259295,0.01779719382516828,-0.41387913372365076,1.6561250166152894,0.08422788632870826,-0.4227256399966202,1.6597247964754587
61,-0.07941805299583521,-0.3287438556864937,1.0035345924322163,0.1618894757393351,-0.3422108204121459,0.9908215206456074,-0.004821706461198822,-0.15255596613149744,1.0236136649503005,0.11059794493931871,-0.15292075899915913,1.020977169526307,0.05783960706717373,-0.20800251544949255,1.500517512601145,-0.11456648608752223,-0.2604383312597254,1.4593232969167664,0.22161226691192676,-0.27935998395496986,1.4611439978108844,-0.20362395988888007,-0.21709774834247733,1.1464000593435455,0.3034920235049559,-0.2463059364929963,1.1326009194251665,-0.13431097186252342,-0.1651191953122274,1.1192793728745498,0.24385514179586062,-0.19027054868476254,1.1133141888290694,-0.23676287383322714,-0.2789074429634869,0.9118017023908512,0.3013059939603216,-0.30153024367633013,0.900423191793429,-0.24201512008006698,-0.24050351316818416,0.8950809857704752,0.3137806229789364,-0.26883994221861074,0.8842190692303323,-0.12867768083240902,-0.2592750063678604,0.5371177844981666,0.21109101008948666,-0.2455338782015831,0.5309694618078251,-0.011447389100124517,-0.25650459632749756,0.5265584207120484,0.09090025605972281,-0.2455224116579638,0.527514619208744,-0.1318165456217424,-0.19775184121088898,0.09403554839417773,0.20064686521385303,-0.1935627619516429,0.08617544782007079,-0.0697413428951667,-0.22203669130075565,0.084904597020509,0.13950490239973298,-0.21942367446815425,0.08255563210241765,-0.17718118745899042,-0.34431241561431275,0.0371984351175948,0.2506051809110231,-0.34284212349488585,0.03053966265298924,-0.11214302937236478,-0.4148087888654188,0.034104178515055365,0.19502524009349495,-0.40559263882879204,0.029869829027114787,-0.08766334219673905,-0.1389487826501516,0.040422705450219025,0.15763329110824392,-0.14351082163331944,0.04982893853096836,0.04810127432572297,-0.45217064820646113,1.611796252931113,0.05431196953441222,-0.2996277828774588,1.776059813488357,-0.02137461434793742,-0.29793863094279466,1.6325544391877143,0.12771359707026167,-0.31387751496974065,1.638841616875007,0.017656962810233615,-0.41284013067294567,1.6562102396413365,0.08405216534077677,-0.42101626075114673,1.6594928903990855
62,-0.07929502759871086,-0.3274142981165034,1.0032916890628192,0.1619828314338993,-0.3402220903580532,0.9908924114353707,-0.005116206719319479,-0.1512414541017703,1.0236490891309753,0.11024960793602737,-0.15130126385630752,1.021199868942909,0.056604597630916506,-0.20713328619048785,1.5005717250519386,-0.11567839266881212,-0.2601238503161187,1.4588321286499455,0.2206009538656045,-0.27788293571625333,1.461299957162714,-0.20413410563081047,-0.21691062661408655,1.1457748765742353,0.30304754801276557,-0.24463731480486967,1.1330052344706398,-0.13482673353769184,-0.16482200603635955,1.1187760695856737,0.24340855178986787,-0.1889267519803176,1.1136779335682307,-0.23658588823974708,-0.27867562807444124,0.9112081498322893,0.30128080976495836,-0.29983078953057163,0.9008532386226568,-0.24188302836792536,-0.2403991625279433,0.8944824881380732,0.313777321223229,-0.2672763087740903,0.8847622590358888,-0.12831111014450405,-0.2579312392825391,0.5371586432818496,0.21105777395363717,-0.24396244214933852,0.5312435323971797,-0.011120101382727225,-0.2548819039133681,0.5267603589761913,0.09091843155526919,-0.24410101468913825,0.5277516715586417,-0.13163705547495883,-0.19722834717207258,0.09417133229731485,0.20067528711856486,-0.19215127892122175,0.08640708442519629,-0.06952249135220512,-0.22128337057471653,0.08510639307997579,0.13953263067372398,-0.21816575855080236,0.08284204821439933,-0.176602816065241,-0.3438921597631712,0.03740224402688808,0.25034971061507766,-0.34137714659948404,0.030925514786129253,-0.11146639087324157,-0.4140080218621835,0.03441798569885139,0.1948527596236222,-0.40411933908694564,0.03031955401665014,-0.08752557275991582,-0.1384643184573237,0.04057890371494733,0.15773674432462031,-0.1424575044609501,0.05002160517713536,0.04860110426531076,-0.45066227306571566,1.6114456570045417,0.05344046182404368,-0.29875752499019165,1.7756990532415369,-0.02216907405320223,-0.297837263323121,1.6323677822239295,0.1267487316096501,-0.3119502272399514,1.6385246630385795,0.017881442066621123,-0.41211286181896223,1.6561287419777817,0.0842324862052443,-0.41937736234455364,1.6591023589531586
63,-0.07892357091153034,-0.3281936768155297,1.0028287816854091,0.16234541888228857,-0.33967033277700254,0.9908509149492178,-0.005400295416770366,-0.15186674243302808,1.0235620530160834,0.10996033961170948,-0.15135730253374313,1.0213319858587602,0.055321708968715605,-0.2085372963104036,1.5010817721574168,-0.1169083076284964,-0.26218189013038107,1.458426672777142,0.21988117807070773,-0.2781754848304922,1.461704553407166,-0.20474677813060213,-0.21922148006227699,1.144939792222482,0.302861181643742,-0.24441591924822867,1.1335351549410775,-0.1354071372561422,-0.16679955216689568,1.1180555901645275,0.24304667521807374,-0.18893763865292462,1.1140936679579823,-0.236254772644399,-0.2811355799584869,0.9102029936383488,0.3016622108797295,-0.2999083100821176,0.9011517981837452,-0.2417050908366358,-0.2430106398966127,0.8935035903944707,0.31413296247555134,-0.2674909383164746,0.8851951752400856,-0.1275211426584891,-0.2582115429875423,0.536685119398486,0.21133641644707893,-0.24399545632408026,0.5311675567908593,-0.010343346592365623,-0.2548345604237114,0.5265318861270304,0.0912429211434656,-0.24448476667333682,0.5276172401687931,-0.1310607369831809,-0.198499569159698,0.09349097473040864,0.20110190855585075,-0.19288852839965054,0.08587648570088173,-0.06889727956635057,-0.22221020280899773,0.0844893136799966,0.13996655103045821,-0.2189783906377672,0.08239422654209755,-0.17564896161386312,-0.3451004078512054,0.03652204633187041,0.25063934342209904,-0.3421502474310841,0.03064214572012892,-0.11041089980197955,-0.41465376647867275,0.0336520171863996,0.19522820838520605,-0.40482540544117596,0.030115488143574207,-0.08691902926210782,-0.139883150228985,0.03994161977192196,0.15818829656394784,-0.14352213042927975,0.04944880690543673,0.049720029922618904,-0.4512840288122834,1.6110714886943969,0.05260004609333336,-0.3007403842527619,1.7755665384136783,-0.022778774625505406,-0.30058063066181007,1.6325162640865474,0.1259970426382151,-0.3123476767387762,1.6385348544421765,0.01866654373012871,-0.4138031997723041,1.655751209414703,0.08491998272294213,-0.41987698291426223,1.6588056635543331
64,-0.07852759896518899,-0.33134328502083366,1.0021341048890646,0.1628157075770014,-0.3410086096204349,0.9907244875930697,-0.0058453504495796565,-0.1547250747979098,1.0232586532521584,0.10959499879326336,-0.15342312548252782,1.0212868939568853,0.05374592186396664,-0.21220788310789315,1.5019145642828473,-0.1184838019505521,-0.2666016217134074,1.4581128464498196,0.21922540300605212,-0.28017165746442607,1.462323097613313,-0.20564012657864014,-0.2240682196732368,1.1439341487969048,0.30279944685644333,-0.24576852418034195,1.1341461123478935,-0.13623226144046827,-0.17118136052314736,1.1171851547437441,0.2426242805453504,-0.1904607562818954,1.1145355441527751,-0.23604243913958997,-0.28625882637998584,0.9088457718143204,0.30253443960004084,-0.30202852607863767,0.9013194429151816,-0.2416986023474892,-0.24829428036139367,0.8921958974588274,0.31490551962395424,-0.2696709814874667,0.8854778755071226,-0.12666268140798276,-0.26077053492901786,0.5356514304992308,0.2117820341886412,-0.24594722680725362,0.5306207030707184,-0.009465081317358123,-0.256988750935886,0.5257920231303606,0.09172195040470069,-0.24696420884414383,0.5269911832733001,-0.13036943723568906,-0.20160955382450096,0.09194758469547161,0.20170275230079257,-0.19565493549934312,0.08452172390799799,-0.06816327254615699,-0.22492117919024426,0.08297484997598513,0.1406071277407355,-0.2217544554161999,0.08112647271052553,-0.17460830709671593,-0.3480835726373832,0.03454737025808601,0.2513793001190079,-0.3449618741649775,0.029579998188137512,-0.10932924615671605,-0.41704579226189975,0.03176200178535974,0.19593204439826425,-0.4075004219933994,0.02921420388567536,-0.08612907747119483,-0.14323790384849536,0.038451805579458015,0.1587948488478928,-0.1465163038850515,0.04807626254796208,0.05104103168257815,-0.4540719496205441,1.6106916538815015,0.05155606119343764,-0.30558546487907917,1.7757280099524984,-0.023502719894799694,-0.30597867893268327,1.6329602146268671,0.1251988446518997,-0.3150800547811819,1.6389168380581378,0.019615475786067774,-0.4178777970883122,1.6553346197268075,0.08577028129898816,-0.4226237608716629,1.6586213814777717
65,-0.07804858530798177,-0.33547587648351196,1.0015533581501763,0.16338878912096844,-0.3431546672088019,0.990749892372436,-0.0065064196383483,-0.15836573548991348,1.023081129932414,0.10905553075665185,-0.1561945613304189,1.0213665553527824,0.05190905359591283,-0.21657075953890983,1.5028052711522044,-0.12005097528834253,-0.27201518410682796,1.457841409715387,0.21846497123845224,-0.2825345186521575,1.4630652774540258,-0.2065474012359953,-0.2296539467493722,1.1429535606954324,0.30267702609655533,-0.24738869826937698,1.1349082607923737,-0.13720043729896977,-0.1762645468613863,1.116400405855164,0.24201377860216663,-0.19234145440240813,1.1151352504187937,-0.23571649870219757,-0.2918321592240444,0.907388895413346,0.3036400281402441,-0.3043496177821561,0.9014905925173221,-0.2416498979111257,-0.2539361892230608,0.8908250226273582,0.31582841162198905,-0.27194243496974646,0.8857880649907445,-0.1258151908392793,-0.2640408961865766,0.5346680736238553,0.2123135258535372,-0.2485265095837881,0.5301444964864523,-0.00863012483266631,-0.25980784403705176,0.5251108082499575,0.09226721226174446,-0.25013882545801763,0.5264168621681444,-0.12948173183312314,-0.20486077872701783,0.09061273058966325,0.20249468321102232,-0.199021740093926,0.08331238921180015,-0.06725569984932646,-0.2277985653974116,0.08163675903045557,0.14146517112431956,-0.22514059384525065,0.07997678804656537,-0.17349197138893976,-0.35107453074470857,0.03270093120853909,0.2526549137419333,-0.3482219768612833,0.0285655465875179,-0.10819463410685846,-0.4195013537713146,0.0299454440674817,0.19719965327265637,-0.4107041888960903,0.028265231667622567,-0.08511571580846823,-0.14676295370827844,0.037194260164868556,0.15952097200204524,-0.1501292116988915,0.04688633773659329,0.05261482247395236,-0.45794457868338534,1.6101101939577962,0.050210219069590285,-0.31157895117352385,1.7760897939595568,-0.024313689036601298,-0.3124702968504713,1.6334320064925258,0.12430575266155666,-0.3186081633562607,1.6395093930470115,0.020763085074437887,-0.42316079085661595,1.654510978689697,0.0867715694561679,-0.42644430329773725,1.6583581384124078
66,-0.07770783776682832,-0.33773316152669813,1.0011980819906852,0.16367012912573556,-0.343753467558063,0.9910290237237074,-0.007559083612271977,-0.16013442431398917,1.0230948275166378,0.10804907780588685,-0.1571968149989762,1.0216182712642743,0.04938918764229237,-0.21872110693634172,1.5032424950244212,-0.1218223939306804,-0.2755410886001093,1.4572744435707863,0.21693996917386105,-0.2825665206023258,1.4636413353627562,-0.20761057143131806,-0.23304954683884907,1.1419226399318436,0.30206246254342284,-0.24687572390014234,1.1357611902526288,-0.13852442008373878,-0.17938190795003284,1.1156811260187927,0.2409251739866774,-0.1924183519563667,1.1158297667656976,-0.23529192032448126,-0.29500850514167504,0.9060140763480439,0.30435280481723226,-0.30423402044796044,0.9018659041916564,-0.2415834347795392,-0.2571356645993269,0.8895198494245586,0.316334408821879,-0.2718006847584957,0.8862684362293033,-0.12535926407966752,-0.2655395476840064,0.5341354964767598,0.21251064815408213,-0.2494033094377491,0.5300686197273425,-0.008253767366411965,-0.26077778614430197,0.5248652176426767,0.0925168023051403,-0.25158148738032754,0.5262192990446436,-0.12865031538699045,-0.20553806619745454,0.09025534186957018,0.2031145945824705,-0.19985351001315568,0.08288886339076103,-0.06645701693037112,-0.2281862789200919,0.08126199745239396,0.1422336351447329,-0.22616851758125783,0.079544103912274,-0.17255932467810253,-0.3513671549866858,0.03196114584287183,0.25394624715126185,-0.34871805819542384,0.028234252184853613,-0.10726707311700501,-0.41935774353231386,0.029149626046964666,0.1985927360419458,-0.4111731832438623,0.02781952297608191,-0.08414337453674169,-0.14773363400432674,0.03693567723354957,0.16007840834156079,-0.15135010998284487,0.04647056904996241,0.054228613451212944,-0.46025899500043244,1.608989000685516,0.048256762492042436,-0.31573256289826857,1.7762270094716404,-0.025612100427220327,-0.3172402899127704,1.633398069278491,0.12277300556338676,-0.31973192040273685,1.6397800283662816,0.021857703541385547,-0.4271181125492906,1.6531080467037385,0.08764034524390019,-0.4286505189102425,1.6574663541700012
67,-0.07751479427088584,-0.3356263202599695,1.0010612600645792,0.1636661522994042,-0.34049153590896236,0.9914890678725958,-0.008734427025452315,-0.15775788961012469,1.023328243659266,0.10676548391583024,-0.15431349228422916,1.0220555651068302,0.04628344268788474,-0.21650517815329637,1.5030185924117352,-0.12374920668917633,-0.2748080385160512,1.4562352455860414,0.21454782578815676,-0.27822836620971336,1.4639414570147071,-0.20876303887177863,-0.232044256279217,1.1407641274951579,0.30083122496576886,-0.2421629445794125,1.1366539715295536,-0.14006722502863042,-0.17847094908689093,1.1149011389033365,0.2394162444197762,-0.18877471931876538,1.1165852258973636,-0.234771241146518,-0.2936834429655431,0.9048833773038849,0.3044477579460138,-0.29914351668470834,0.902595054280553,-0.2414437004955356,-0.2558937165655196,0.8884195519144708,0.31624348516045075,-0.2667441784967909,0.8870848792291085,-0.1251203160513474,-0.26262826301889547,0.5342948269963538,0.21236032794041138,-0.24611297386409103,0.5305208646365243,-0.008197214041613415,-0.2571825870745598,0.5252694471535111,0.09248800458462932,-0.24879576714816165,0.5265398115945797,-0.1279511994665107,-0.2017224224530823,0.09105041788987182,0.20344270169205328,-0.1957483594894825,0.08345159524093052,-0.06579950855863886,-0.22409099738482374,0.08207293784250136,0.14279640216475112,-0.22247998916551437,0.0800409508498176,-0.171773195431055,-0.34722002950551684,0.03266115210826674,0.25486081548920514,-0.3441582915114095,0.02887777625769586,-0.10641944588594848,-0.4146732092584081,0.029867182410934685,0.19966390352742386,-0.4065454812514185,0.028317756964288378,-0.08334812234717069,-0.1441821734303628,0.037830195100992225,0.16043764314335743,-0.14789179679309064,0.046974018325984,0.05601272259132294,-0.4583626392151184,1.6072590108324467,0.04587593532606181,-0.3152507697101363,1.7758018127869308,-0.027362801039095053,-0.3178539684309522,1.6326283406420676,0.12054716435107957,-0.31576740681500914,1.6393787813922582,0.02302867233664382,-0.4271953729972727,1.6510667734453026,0.08849187854184049,-0.4265336308886745,1.6557839213403214
68,-0.07728896816851752,-0.3310094463249133,1.0010414376042032,0.16377027539575828,-0.3348300828605021,0.9921272036410237,-0.009824840602100655,-0.1528569196135003,1.0236082715027008,0.10552508697416092,-0.1490195259837571,1.0225624223860752,0.04295885293205791,-0.21168555053093416,1.5026175637466104,-0.1257337553509532,-0.27154889005883015,1.455005639300789,0.2118279583384441,-0.2711534744203011,1.4641643046137511,-0.20991233646595475,-0.22857338761129542,1.1394832966371577,0.29941786387085184,-0.23437950190866216,1.137661988800086,-0.14165263140102077,-0.17517087588952185,1.1139976350548146,0.23776835413283082,-0.18228134384574474,1.1173661667157617,-0.23412615778580817,-0.29010051202922393,0.9038733999615532,0.3041497056022886,-0.2902822049638203,0.9036226635322206,-0.24120872062721319,-0.2524289892264759,0.8874041623932497,0.31577599742005596,-0.2579833063559509,0.8881520778563303,-0.12485556266979471,-0.2570829173464209,0.5347481038683697,0.21214601095916094,-0.23996033076268902,0.531254444365608,-0.008123050493431988,-0.2508722506724564,0.5259452273088362,0.09239785110756374,-0.2431550001176391,0.5271138248819427,-0.12719084246998155,-0.19537154492766035,0.0923745380546886,0.20367894314625495,-0.18850879402721904,0.08444363864094781,-0.06507657357709429,-0.21740359994026354,0.08343990092494236,0.14328290364559687,-0.21575217538085456,0.08093985760610053,-0.17087300253727308,-0.34067252581025487,0.03409701134172057,0.2554456600198206,-0.3365228433201844,0.029964644635717765,-0.1054214529337551,-0.40743625645290404,0.031355917128997796,0.2003980979654185,-0.3988432769338721,0.02931022019535242,-0.08252819553301304,-0.13801603384786065,0.03924964850690885,0.1607768241218878,-0.14135401195122424,0.04785796898251321,0.05849438746626045,-0.45371201101965264,1.605151015836773,0.04355848453201105,-0.31215502324688676,1.7750410732647794,-0.02911751200775908,-0.31624343647993514,1.6315602343243494,0.11808932284990897,-0.30858717730413565,1.6386166583645267,0.024794276927892236,-0.4248603419921786,1.6488123843338782,0.08986457061984224,-0.42147708605253636,1.6535384148246492
69,-0.07719036302643545,-0.32636336388452364,1.000952165461788,0.16392092692604246,-0.3287906659686182,0.992787030833395,-0.011190477033512367,-0.1477577821762825,1.023630178098294,0.1040884342026139,-0.14338067686346834,1.0228772641974044,0.039363646498838015,-0.20665241543775853,1.502259000499499,-0.12800610436154614,-0.26822976858045056,1.4538124624799205,0.20894505308411193,-0.26353899060028196,1.4643769215015776,-0.21123694351969974,-0.22525908577764603,1.1381246333604964,0.2978292603265513,-0.22556406825647785,1.138636447891109,-0.1434654397638728,-0.17176193907860074,1.1129991276742361,0.23579975008332457,-0.17478547662818888,1.118027624950451,-0.23370788041410173,-0.286851044700613,0.9029764365754511,0.30368432645010934,-0.28011545765236184,0.9048668669816204,-0.24116298629221256,-0.249311324633529,0.8864443608345833,0.3150992248043424,-0.24792523498472133,0.8893521157124475,-0.12477646444367739,-0.25200314801801316,0.5351199203374568,0.2118286916023855,-0.2334101781415217,0.5319883203719722,-0.008126353290019695,-0.244955110791063,0.5265024626830861,0.09216761077861375,-0.2372745795011849,0.5276281483526828,-0.12663177477322854,-0.18941410133423678,0.09358119773485604,0.20375410468383817,-0.18097653313184123,0.0854399184738722,-0.06450661531407006,-0.21108775817410957,0.08470445100782485,0.1435413997846366,-0.20878369215379639,0.08183685097055977,-0.17008006544208515,-0.3346758619179103,0.03555809052430228,0.25561860061726405,-0.32875216979496963,0.03108638260856901,-0.1044754689645216,-0.4007954609190807,0.032860639568630313,0.20063096853131304,-0.3910913995244533,0.0304226005956754,-0.08201265343605618,-0.13203842229121454,0.04051945662550467,0.1609408563812754,-0.13440746663472802,0.04873334884487634,0.061485356992855116,-0.44888026868957687,1.6026621480344114,0.04148035835517749,-0.30960705100680996,1.7741851410530503,-0.030874236772136267,-0.31488218636705817,1.630474793949157,0.11554441687005539,-0.3012474132164655,1.6377919400295198,0.026950318467962094,-0.42256731834088274,1.6464868181097099,0.09159903365351199,-0.4161791574509314,1.65093506834218
70,-0.07747585713878773,-0.32625055227701405,1.0005702813346549,0.16371825052134992,-0.32674507494688504,0.993227010448581,-0.013086720642240469,-0.14701609052311,1.0232790082065826,0.10221210491412684,-0.14177786170508885,1.0228669339209018,0.03541749819166886,-0.20619988098862027,1.5025184463074766,-0.13085192013675137,-0.2696640036426816,1.4530917921887094,0.2060303322101303,-0.2603396101985754,1.4649605715349183,-0.2130142509147667,-0.2271524688415954,1.1367504252476783,0.2963657335192558,-0.2211797643534406,1.1396142767701831,-0.145723818050738,-0.17309236272137632,1.1119824272694423,0.23372930706136547,-0.17143940814713465,1.1186340989411279,-0.23385276656850923,-0.28918824993311115,0.9017761781414121,0.30360036311900196,-0.27504212931416205,0.9060271568110569,-0.24166167908538272,-0.2517271219430386,0.8851597195910899,0.3148118571277332,-0.24287421300853024,0.8904553534945318,-0.1250402232097005,-0.2518903781903102,0.5346695213100465,0.2113911453897482,-0.23125668690331222,0.5320759598730511,-0.008338932199092203,-0.24410571383670265,0.5262470047811365,0.09173850052825591,-0.23582404429427384,0.5274543908435115,-0.12634261048037,-0.18863640702818063,0.09335727653811629,0.20394531182992123,-0.17884246961527175,0.08539828315993198,-0.06414787717869962,-0.2099931067895015,0.08452867427642638,0.14377316168013077,-0.20692722897232319,0.08172185130862282,-0.16964504979905187,-0.33394715167975014,0.035451522629552465,0.2557994863584042,-0.3266255482165375,0.03120368863921709,-0.10382676365601347,-0.3998028202545608,0.032783657729886305,0.2008517822553312,-0.3891389399365289,0.030408858671574793,-0.08180492152629525,-0.1310575053717224,0.040343813931190964,0.1610839615601672,-0.1323395669249215,0.0486555334238406,0.064666987560218,-0.44835743181024057,1.6001524389580872,0.039556781542325226,-0.312849842227786,1.7738561471120124,-0.0327449165199203,-0.31858910974435894,1.6299956808381366,0.11282643743649932,-0.2988537524442393,1.6376453921223333,0.029205059855433695,-0.4247188577027803,1.6443376709149202,0.09333608512109116,-0.4150899957331575,1.6486377038715514
71,-0.07813364910238951,-0.3304250271571402,1.000006192159736,0.16309148010537639,-0.32866485713646804,0.9934844586043498,-0.01543476646575104,-0.15041617587008982,1.0227517105301325,0.09998319693625633,-0.1441091808265385,1.0226963963740614,0.0312044700691852,-0.21027836712712056,1.503398418574351,-0.13421698141455773,-0.2758308023286011,1.4528346872312525,0.20312049558949635,-0.26161819073852427,1.465914724885799,-0.21521024582491938,-0.23416153462464895,1.135428718499123,0.29511330879675335,-0.2214183554502323,1.1406851421431108,-0.1484247121009929,-0.17914005848429113,1.1110413491844469,0.23169914728734028,-0.17235820172945834,1.1193550314542717,-0.23439396963432044,-0.296823656258208,0.9001815806006982,0.30401301031862427,-0.2754851334581312,0.9070725851128587,-0.2425684056410176,-0.25940915702100487,0.8834781177993887,0.31507184600073035,-0.24328313445729796,0.8914493697399685,-0.1256923589608296,-0.25662941435925174,0.5334889143188083,0.21079748760837796,-0.23372187615980847,0.5315595319661907,-0.008860452073772528,-0.24815361817248482,0.5252603954623242,0.09110408645039439,-0.23889638968203808,0.5266528075614897,-0.1263418890714912,-0.19269470683818624,0.0917246109914597,0.2042895742733894,-0.18208463462715954,0.08427851287098127,-0.06404743030781478,-0.21383862985294855,0.08291404372477844,0.14405178283008802,-0.21016514243873763,0.08053684667860643,-0.16963787890048473,-0.33805947328778196,0.03373505816538333,0.25616901691772753,-0.3300953523282117,0.030243241733282862,-0.10358785468299855,-0.4041302820130695,0.031071898617634083,0.20124301571444259,-0.3928604342139652,0.02916410260008749,-0.0818743546971136,-0.13488862849002936,0.03872312326353557,0.1612409988339952,-0.13518265707618918,0.047562124785053825,0.06782736019765506,-0.4519237760492777,1.5978959177757215,0.0379039056792513,-0.3214840770304907,1.77407216744304,-0.03460200716116621,-0.3272033215750706,1.6301448653652277,0.1100004540699794,-0.3013146305293462,1.6381596117494268,0.03144935354340335,-0.4310838060319594,1.642732581127287,0.09494625344519253,-0.4180639453576749,1.6469469915219295
72,-0.07880817853380834,-0.3369123532391689,0.9994410563077951,0.16239623140908077,-0.33276842943752893,0.9937213267032919,-0.01783860642401015,-0.1560716335959643,1.0222981220362253,0.09774855483736018,-0.14866330250516846,1.0226042153192358,0.02701406445436735,-0.21659515354630246,1.5046848660954149,-0.1376642194425975,-0.2844356543100514,1.4528773623134386,0.20030976742103393,-0.2652164273938189,1.4671654814390753,-0.21749734191212144,-0.24371179726541253,1.1342543504528844,0.2940563407920249,-0.22439352225574108,1.1420187084677123,-0.15127463537662358,-0.18755024082762156,1.1102229451444656,0.2298654668264804,-0.17575371098115863,1.1203452832591663,-0.23509241952356777,-0.30674012527959943,0.8984038351830749,0.30479138972577957,-0.2793072960516414,0.908179275849248,-0.2436785154996253,-0.26932635703978924,0.8816684561410423,0.3157542182236831,-0.24698222490469052,0.8925882243858188,-0.12626977316919324,-0.26350230947451825,0.5319495203827764,0.2102216289398289,-0.2385258012793199,0.5308162668109324,-0.009338428237523098,-0.25438703378014177,0.5239719347057452,0.09047640797502572,-0.24423814633100255,0.5256289357577585,-0.1262282671235526,-0.19938776659566573,0.0894855876321467,0.20486089347501935,-0.18861416436538575,0.08266356706882753,-0.06384908238470298,-0.22035812693862109,0.08070227719779292,0.1445059214580729,-0.2165389690729432,0.07889412286318012,-0.1695138470793777,-0.34491252357050683,0.03126496824342836,0.25688974349620625,-0.3370653908688251,0.028862483519403945,-0.10327776512169494,-0.41137304844997075,0.028669265201784165,0.2019935862101895,-0.4001664134941192,0.027484415964492324,-0.08183337688006942,-0.14141497891368732,0.036536234459671586,0.16156423404050585,-0.14124264643924664,0.04602005498878945,0.07118690677362571,-0.4570920401479058,1.5959001600882432,0.036564164810403574,-0.33243485146426344,1.7745352744152763,-0.0360909231888386,-0.33826468686546884,1.6306716494981583,0.107139185393133,-0.30604959012869526,1.6390530903336462,0.03401515054786991,-0.43917993600899147,1.6414095713988472,0.09663400055852722,-0.4226470486206649,1.645825722973722
73,-0.07926583249855584,-0.3389038802260182,0.9990846576563988,0.16170459435620294,-0.3326820105577175,0.9942319343315753,-0.02014874783247008,-0.15747249074811132,1.0220689123441813,0.09548353591165326,-0.1491468463158344,1.0227711544196578,0.022924899187301503,-0.21805573454484356,1.5053065925684108,-0.1406585369026968,-0.28832422191319607,1.4525315750007852,0.19713602138337283,-0.2638771919101539,1.4679409118230495,-0.2193289945452582,-0.24829748742972116,1.1331776145074608,0.2924964473144295,-0.22277763580815427,1.1434985476469248,-0.15380615324028327,-0.1914715627540382,1.1094989742613783,0.22784583059101793,-0.17488419303431255,1.1214603917192183,-0.23528836463241276,-0.3107626766659874,0.8969020766243687,0.3048850602272829,-0.2780426542587569,0.9096494807083547,-0.24431447422971395,-0.2734015022962926,0.8802708140054156,0.315811530433041,-0.24574382444011092,0.894175820219246,-0.12655093767484563,-0.2657509073662348,0.5310906268636959,0.20949851546892506,-0.23892311589091414,0.5308901333757177,-0.009674299896676756,-0.2559646783148085,0.5234990978821,0.08982410083039323,-0.2452820359109173,0.5254088620475119,-0.12578962297819637,-0.20169731409819963,0.08871587610458548,0.20533022753154537,-0.1906834941054075,0.08232686409930078,-0.06338645206611684,-0.22253498479001277,0.08002833025409985,0.1450075452340054,-0.21881959649470412,0.07851551511907315,-0.16888049088703116,-0.34742956771313344,0.030377567305166647,0.2577294872593303,-0.33944797015608125,0.028825676869113106,-0.1025179515515682,-0.41387002231080117,0.027979002551584347,0.20297231559925386,-0.4027447729468084,0.027325839138180312,-0.08146335284114507,-0.14385591040163292,0.03589260196504765,0.1618828209062106,-0.14352167770637994,0.04565627930858926,0.0745944982239902,-0.4567181995018952,1.593633146258843,0.03531341770743129,-0.33721928392534745,1.774255043385749,-0.03712261197192352,-0.34422886413336923,1.630593885140531,0.10410084877252007,-0.3051691911518413,1.6391190674303868,0.036878550695093396,-0.4419715122358969,1.6397101134132606,0.0983470576312035,-0.42176668788723787,1.6442857457975872
74,-0.07969694325260249,-0.33326915520842504,0.9988845821289143,0.16072078472830872,-0.32527073247772115,0.9950371354346983,-0.022669629860168922,-0.15172293017317612,1.022037649842042,0.09277256100839387,-0.14263450135677747,1.0231994178708796,0.018610527601100824,-0.21179306961214045,1.5045837063302505,-0.1433094672139442,-0.28457306637984964,1.4513774710942373,0.19301633020826922,-0.2544684928265682,1.4677416316711775,-0.22077115188671742,-0.24489759801836763,1.1320665244679824,0.289736610413993,-0.21310983522659724,1.1448909252079622,-0.15617855612504605,-0.18807666423068475,1.1087679434004016,0.2250005279193822,-0.16662751879550708,1.1225047721088848,-0.23496376943306127,-0.30593226792536465,0.8959644491719145,0.3035962144988139,-0.2675761379033927,0.9115089790204663,-0.24445959825150199,-0.2687255178407465,0.879615611306851,0.3144469384011057,-0.2355394217758059,0.8962482663500988,-0.12666504038718007,-0.2603432472724785,0.5313300836908075,0.20832192650760098,-0.2318481394235311,0.5322036161675723,-0.01000527792908779,-0.24979016319096842,0.5242885023434203,0.08892215185762697,-0.2391013524489683,0.5264346417010729,-0.12519340317303082,-0.19634543209652935,0.09034291024446552,0.20527578071223984,-0.18474077734166805,0.08409240746414127,-0.06282782572797081,-0.2170666647467891,0.08183021749966066,0.1452286696367199,-0.21365336513119082,0.08022731547702197,-0.16786535539537933,-0.342225630829074,0.032100924209252375,0.25810855111336994,-0.3335795695435819,0.030943176178862716,-0.10139390194769421,-0.40805791047376894,0.0300823798166455,0.2036043220387628,-0.39684600432402334,0.029595770082101677,-0.08092933699632592,-0.13888578347970676,0.037685406740278975,0.16191135169173285,-0.13875505142499286,0.04723914560556431,0.07750901087458327,-0.4481641437356876,1.590670536356743,0.03362024272561858,-0.3325505511456001,1.772618221164442,-0.038118157899411365,-0.3418710176816111,1.6292422803559843,0.10047802551483473,-0.29567720744822684,1.6376498061485627,0.039493295526506614,-0.436722431373776,1.6371426508271332,0.0995770062078826,-0.41291288874500115,1.641769106321803
75,-0.08037664439519843,-0.3232465971022409,0.9986773842010623,0.15910955952953007,-0.31347028905424434,0.9960346219829335,-0.025786284870445306,-0.14202709450763465,1.0221760229362575,0.08921793553536604,-0.1321072926214846,1.0238574563880363,0.01367897919891322,-0.20135248259666352,1.5026403055283362,-0.1460586105730656,-0.27673839699224495,1.449466907465097,0.18778432493577205,-0.24048557014906868,1.4666613249681444,-0.22216618802061194,-0.23726748957641505,1.1308147310413323,0.2856868126305736,-0.19849450504706642,1.1461531097514002,-0.15867926249384892,-0.1809430863010327,1.1079861005676093,0.22100072413024613,-0.15390558264036217,1.1234313546460741,-0.2344350409008163,-0.29646783086155504,0.895509682894826,0.3011369528024967,-0.25098449699992803,0.9135882696288236,-0.24436925355383582,-0.25945363637943347,0.8795541383825785,0.3117594182208691,-0.2193367854993292,0.8986159520005769,-0.1268703689067618,-0.2502387830610903,0.5324884689488701,0.20647777657016309,-0.22011535548022793,0.5345642472502754,-0.010584788260473654,-0.23885960520107818,0.5261133640045792,0.0875406200443613,-0.228607544259082,0.5285156224937149,-0.12467498170379793,-0.18641942219799423,0.09380579674016444,0.20455926042750006,-0.17348928196714614,0.08769960329852326,-0.062370563406111315,-0.20692933204271394,0.0855338689666729,0.14497895326663562,-0.20362351238079096,0.08377287696452847,-0.16674514643415728,-0.33224002422368093,0.035765518627431464,0.257912539903821,-0.3220269522821651,0.034788903186421874,-0.10011980301442984,-0.39689095147216646,0.034255661138118135,0.2037870098956229,-0.3850630019365478,0.033739464334563256,-0.08047976769068314,-0.12947930272356364,0.04136920342165645,0.16142443729854192,-0.12937730824867325,0.050613318542347574,0.07925946330484059,-0.43532727816529543,1.5874023692085315,0.031004336613799702,-0.3218895710451588,1.7699241522227074,-0.03969454176823412,-0.3343802705546276,1.6268063124455003,0.096049288264342,-0.2812611916047345,1.6349160046775355,0.041092033714004134,-0.42694862210282314,1.6340201003674502,0.0997140443515217,-0.39980842125459504,1.6386017549005745
76,-0.08172424580109718,-0.313139711549008,0.9983873388577692,0.15673587553265947,-0.3011895828119203,0.9970231636133206,-0.02982074616822159,-0.13241670590241933,1.0224026929735848,0.08466432987117939,-0.12143001070876354,1.0246094933719516,0.008093716507531296,-0.19115526482564232,1.500484748795257,-0.1493511294370217,-0.2692302928309926,1.4473922669455124,0.1818204209184784,-0.22656297016024593,1.4653741649918148,-0.22421859425602997,-0.23003451848506348,1.1295167642169195,0.28067852086477846,-0.18329320334694665,1.147335027236151,-0.16188760320749424,-0.17416880301229526,1.1072249904435172,0.2158839152873069,-0.1406433501900466,1.1242964700359097,-0.23452973365417643,-0.2874097021055109,0.89520458386596,0.2978599922984255,-0.23343765372279904,0.9156334463617937,-0.24487790704468973,-0.25065452955161127,0.8796586635713795,0.30807460450540647,-0.20218595950760151,0.9009357726288778,-0.12761202279586545,-0.23953221947030887,0.5339069392197294,0.20403015353253684,-0.2081052657402741,0.5371711004175741,-0.0117502612059714,-0.22727962318662007,0.5282083408457325,0.0855890579526006,-0.21796263216765174,0.5308533964571105,-0.12468325310634876,-0.17599531941324928,0.09746600208410451,0.20331878953643706,-0.16129588575396328,0.09179492167383414,-0.062385781429038716,-0.19615067196199787,0.0894632084241356,0.1442451978691358,-0.19271109404366904,0.08777761816828508,-0.16610566550465308,-0.3213928355816867,0.0396762152525913,0.25721782279742544,-0.30934900242363295,0.03892463206672381,-0.09923162712176042,-0.3848599573550459,0.03870483275050582,0.2034805788725096,-0.37207704946375614,0.03816615574642502,-0.08053503910310533,-0.11957851656465422,0.0452435178608417,0.1604438536998368,-0.1191807560342249,0.05446829483804796,0.07960674068938703,-0.42288744938108563,1.5844783690302664,0.027614067900215044,-0.3109142668072756,1.7672110579427782,-0.04205247825256096,-0.3262636820348276,1.6242446430677655,0.09106036259714927,-0.26734870767648977,1.6320638933336964,0.041359540647446985,-0.4170314355652083,1.6310845610810298,0.09864698984752793,-0.3872351925067543,1.6356020509132208
77,-0.08322020761661131,-0.3089035474548195,0.9979052097843092,0.15432152221076348,-0.2940467553613756,0.9977117072335309,-0.03410655634591016,-0.12819549551498644,1.0224787047486834,0.0799437079371363,-0.1158657402969296,1.025141662049119,0.0025419252744150475,-0.18688032710352995,1.4994069341095841,-0.1530616163710925,-0.26770109537036496,1.4459612650193128,0.17643674111885332,-0.2188723607608707,1.4648228213006402,-0.22699053431496738,-0.22931320701123425,1.128282471916696,0.2762520525763741,-0.17433554184366354,1.1484287443288568,-0.16566710514404434,-0.1732336243790191,1.1065162352358051,0.2109234099013349,-0.13305460778156755,1.1250744893378073,-0.23535606011141952,-0.2856715848715381,0.8944539082811924,0.2954105018716244,-0.22336600634003706,0.9172099947657669,-0.24615513663770466,-0.24916311036921002,0.8791814630240945,0.30510172312317435,-0.19226015702577084,0.9026571753262763,-0.12858811959633637,-0.2342967300362627,0.5343012948870314,0.20204990554945976,-0.20177481567041025,0.5386406468679383,-0.01301827651406295,-0.22114431925259143,0.5291874482899782,0.08388618031860756,-0.2128742586060582,0.5320251776127743,-0.12485949764714896,-0.17097068770447796,0.09901188362863962,0.20271635612435637,-0.15444295054118243,0.094077501226795,-0.062442124755744795,-0.190627834204536,0.0911858670760656,0.14394115385258927,-0.1867160536606722,0.08990490238564539,-0.16558954909239015,-0.31606397401789516,0.041276752830904324,0.25715288493734534,-0.30209664810696435,0.04109756085535219,-0.09833213591914648,-0.37875125220768513,0.040697580773611346,0.20362156672753473,-0.3647409873616763,0.04035595265395382,-0.08078027222029366,-0.114746410769606,0.04692410003233709,0.15990554463299098,-0.11358142137782104,0.05661136398467498,0.07928721910465442,-0.41689096091546074,1.582877912798443,0.02432712770734475,-0.3067155684405609,1.7657959879728693,-0.04470195007862747,-0.32360654176136583,1.6228582328748151,0.08642073987608027,-0.26059689222660753,1.6306251642975715,0.040848769632406086,-0.41261070518672105,1.6293563952565886,0.0970678106135687,-0.3809590492847229,1.6338938208945624
78,-0.08435809963245441,-0.3135668454974201,0.9971850032769078,0.15271894475512754,-0.2950533272500452,0.997883691026082,-0.037851276347732866,-0.13198429075183832,1.0222300891132972,0.07604035779487374,-0.11819520074596607,1.0252444132989722,-0.002055031503067604,-0.19149268345241433,1.5006268725184626,-0.15678674053139863,-0.2749130903873991,1.4459709480658285,0.17292765995510875,-0.2206652272978017,1.4658775848505132,-0.23037194491403168,-0.2380024929647001,1.12732519010453,0.27391140048975793,-0.1752863155498329,1.1495777239157927,-0.16980366382237064,-0.180635609632138,1.105976072382492,0.2074865050193313,-0.13430687568120778,1.1259171387228883,-0.23676677679641658,-0.294533368180847,0.8928168929306354,0.29535002928777787,-0.2255450193089764,0.9179288540267712,-0.2481560335558881,-0.2582881602160592,0.8776193397780784,0.3045143457503692,-0.19415162734054855,0.9033889958564024,-0.12944056929620817,-0.23775910833919248,0.5327243427616978,0.20157865418679494,-0.20387837820586127,0.5379183463796336,-0.013870705596699864,-0.22368684102321804,0.5280476314930569,0.08323740248054318,-0.21585382400704914,0.5309657254004532,-0.1247720621366755,-0.17448678735025952,0.09654408162790605,0.20389721958450802,-0.1558913423994584,0.09257787683186175,-0.06204844246931056,-0.19354332810206964,0.08874707457309627,0.14506478203977152,-0.18832951369527548,0.08819197382565278,-0.16491843611710905,-0.31953554352494157,0.03855197150673943,0.2588200566442166,-0.3031826140957606,0.03934829977856753,-0.09712544548681538,-0.38208517511378953,0.03816134131067906,0.20521597443538414,-0.3660853349383948,0.038351730122836936,-0.08074187648114424,-0.1180444708540353,0.04444895116095664,0.16085182691494074,-0.11512842956305833,0.055114239457887355,0.07925979087927575,-0.4197146644727558,1.5833331304506202,0.022241813826561412,-0.31324729327103984,1.7667531942307977,-0.046785110221903604,-0.32982456493796464,1.6238024316991493,0.083105115375653,-0.2643369877286554,1.6318634045699438,0.04050614377894771,-0.41618779947410733,1.629694921480688,0.09592594071295467,-0.3833363691321465,1.6343742462415003
79,-0.08511109058413399,-0.3251461292598428,0.9962225345775608,0.15190975846081528,-0.3026529498921215,0.9976152461522287,-0.04089850870290838,-0.14203253027038357,1.0216131200636844,0.07308029324814942,-0.1268147949415995,1.0249170827238003,-0.005854206170439395,-0.2031443134203244,1.5037753359928936,-0.1604966919147207,-0.28890436699278954,1.4471716389683724,0.1709344843725307,-0.22998318690178388,1.4683271634754287,-0.23422688864067986,-0.25393958510900594,1.1265572654147884,0.2733775865874078,-0.18417489109021784,1.150884523291878,-0.17425795756337356,-0.19444754662218497,1.1055159796767218,0.20547973355348653,-0.14253004566587568,1.126904830666156,-0.23855136747387484,-0.3118411343065452,0.8904370952598839,0.29739622704577023,-0.2377245163834712,0.9180425467463478,-0.25074659174094077,-0.27588471170693046,0.8751072392658409,0.3060748834677637,-0.20564525237604128,0.9033761574613294,-0.13024012405762517,-0.24832831530480765,0.5292903713505102,0.20247160856979207,-0.2127412740574514,0.5352450969556022,-0.014391527093751733,-0.23338181627664312,0.5249239749619005,0.08358508651788407,-0.22518475252954248,0.5278910842717691,-0.12442678563556821,-0.18460904239936912,0.0906659713935711,0.20659472348415187,-0.16395698316455148,0.08769871467193888,-0.06130981164963553,-0.20307354954022255,0.08272583658413513,0.14743475414007443,-0.19594909995413684,0.08305114476260904,-0.1642352718088109,-0.3299094920524879,0.03216140065391575,0.2618608879899697,-0.310926126798044,0.0341757858401719,-0.09591335590638479,-0.39294666465764916,0.031735400613512654,0.2079356621725389,-0.374320037339176,0.032671962017850484,-0.08034773467063616,-0.12758315225427785,0.03842057163056213,0.16313844977046238,-0.12223936691960138,0.05035407738670805,0.08003905862212496,-0.42877638176061206,1.5852863264714907,0.021270627207159266,-0.3282861210011507,1.7694802865341608,-0.048143274963851734,-0.3434896269409124,1.6265568469608855,0.08065900026473881,-0.27587849538210024,1.6352637667631373,0.04090679708204294,-0.42576878266646595,1.6315734659765126,0.09547534218881859,-0.39178577475520204,1.6364990928110819
80,-0.08625842720327498,-0.33786926104272635,0.9951533185611626,0.15083329914568389,-0.31177661929964273,0.9972456707940675,-0.04409259105807161,-0.15330877037967655,1.0208914264667661,0.07004380133936781,-0.13677150035613458,1.0245111016497441,-0.009944091139273758,-0.2164087146874594,1.5071993531136707,-0.1645724668687522,-0.304159612521515,1.448470891774596,0.1685114037941096,-0.24097803635030832,1.4710462428935465,-0.23849681881501864,-0.2710319087166817,1.1257944003340432,0.2725476544492102,-0.19456029809611636,1.1524865385785357,-0.179124015497691,-0.20938565930136788,1.1049918959262082,0.20334945667258925,-0.15204055984963594,1.1281543977300335,-0.2407494937968681,-0.33081571020036427,0.888042590120859,0.2993634628311183,-0.25145603369794317,0.9183322856908163,-0.2538432831421833,-0.29517556991699495,0.8724498236711782,0.3076383259417846,-0.21859475072647258,0.9035226565519022,-0.1314691036250047,-0.2602588084690214,0.5255077187754461,0.20326169217692913,-0.2229315124702263,0.5323285888424871,-0.015326714881882069,-0.2445469793648798,0.5214145160166638,0.08379583723863243,-0.23577361087232881,0.5244614900147083,-0.12421899396385966,-0.1958474434893856,0.08420830208648691,0.2092055644681548,-0.17305091703617892,0.0823479502733029,-0.06077177127613947,-0.21389853038792922,0.07608587075762949,0.14972537810098785,-0.20449812709428217,0.077418194605639,-0.1638584757175882,-0.3413995217206962,0.02526135345435166,0.2648101727562263,-0.3195479787847212,0.028374305475928518,-0.09516250706021001,-0.4050818653903581,0.02460441263275793,0.21057396594546973,-0.38337346976511283,0.026278094295985023,-0.08004147281652065,-0.138264204923999,0.03179944497206653,0.16537120812272632,-0.130135832035491,0.04517623801083233,0.08077728437457095,-0.4384506854351516,1.5870575466940382,0.02026321994589985,-0.3449946520783971,1.7721427602821693,-0.04953397187773995,-0.3590298920851993,1.6293388326617806,0.07767062034972683,-0.28863456757042794,1.6387673246488006,0.04141716255136598,-0.43640453362336246,1.6333312000873632,0.09485192094522617,-0.40092906690080704,1.6385252825955945
81,-0.08833141801816785,-0.3464070275096056,0.9941440332133549,0.14872961585429126,-0.3173074838136428,0.9970371368258194,-0.04816679324607324,-0.16091428435120025,1.020246310785827,0.06603726085569134,-0.14309962390142866,1.0242454529546041,-0.015074300827628994,-0.22634212562122777,1.5097044411306644,-0.16922139244940315,-0.3158114153463233,1.4491796865410478,0.16436626490846568,-0.24833033242776084,1.4732121847400692,-0.2431381524141447,-0.28388432976336786,1.1249534946576145,0.2697898609188926,-0.20030451656170056,1.1542848136291837,-0.18451123917618814,-0.22050153256988916,1.1043622743977335,0.19967616543044295,-0.157313110431535,1.1295812437423987,-0.24340552075709143,-0.3452843178369202,0.8860983880857292,0.2994874068134723,-0.2591962151784484,0.9193205393387217,-0.25738017811096375,-0.3099635798970224,0.8702645668548392,0.30734522675440135,-0.22569753824653632,0.904380951439499,-0.13346678346140084,-0.2685601355352468,0.5225830005349481,0.20298038431572282,-0.22994339026103905,0.5304267895247017,-0.017139377521333682,-0.2522506771317962,0.5187731513610457,0.08317360183118924,-0.24329576420761773,0.5219587115273233,-0.1245952105428731,-0.20343278635701717,0.07926347003683099,0.21066438918438624,-0.17885005316296754,0.07858814065287797,-0.06093933288540111,-0.22132594507777603,0.07103680521021628,0.1510288696385952,-0.21000984032013947,0.07338970826182611,-0.16416122405319622,-0.3489664979173098,0.020152698036098877,0.266632587171393,-0.3247535462711684,0.023947102098145934,-0.09530249591101006,-0.4133059249128363,0.01919217351010664,0.21230780804824217,-0.388900802204065,0.021395992489867746,-0.08024573244514081,-0.14556834318455905,0.026778787351580877,0.1665787061884159,-0.1350978745841252,0.04155961411372328,0.08071065821592095,-0.4440858959316243,1.5875804918300056,0.018341121086713232,-0.3575121894470583,1.7734320429523835,-0.05151898583842181,-0.37132897808415294,1.6309306736537683,0.07329444744944309,-0.29720619247650504,1.6410538591509465,0.04137722257272714,-0.4436485089477995,1.6339087585566219,0.09336265428780997,-0.4063402379991554,1.6393580992856727
82,-0.09068475288903625,-0.34967167261389664,0.9933918272499394,0.14611439033359225,-0.31775876565253025,0.9971921314222989,-0.052749584820726426,-0.1635791417807275,1.0199172442192095,0.06135924009062917,-0.14441708358500713,1.0243370824119615,-0.0208311272358444,-0.2319348933354422,1.5111585307750595,-0.17387123076402994,-0.32312279979134517,1.449229032621598,0.1589083954291932,-0.25077027878350855,1.474745881729861,-0.2475320549753532,-0.29147139722847326,1.1240641717126845,0.26530414475069986,-0.19963082851465286,1.1562211874934247,-0.18988294419918483,-0.22671553460847957,1.1036960831757021,0.19454387158711064,-0.1568367193191455,1.1312116044664324,-0.24590394187539666,-0.3537175926296833,0.8847210167893665,0.29806823741781385,-0.25882444576694336,0.9209859697375533,-0.26064841168305986,-0.31865274851714487,0.8687040203810997,0.305398732985435,-0.22484341742355696,0.9060106633547653,-0.13561338374734747,-0.27196102934620636,0.5209441127597723,0.20202658224430675,-0.23219669431811646,0.5298458692630952,-0.019252904253021612,-0.2550623227932952,0.5174033241455743,0.08218566721976321,-0.24634200935628242,0.5207594405248833,-0.12518846581194226,-0.20632631203493376,0.0764208135738149,0.2113301474088854,-0.18016375761099584,0.07688005739249834,-0.06142131789135018,-0.22418096579536892,0.06817315089581759,0.1517157602511961,-0.21145243754455845,0.07146004762281588,-0.1644074180526488,-0.35186341527658527,0.017348954622675966,0.2677588702843299,-0.32548253265770116,0.021454993000918937,-0.09545652267165085,-0.41649697756780474,0.01613336051470718,0.2135832032623007,-0.38995188932338254,0.018649400707921496,-0.08074834721828326,-0.14828542481162715,0.023977473457060004,0.16703671380051777,-0.13606672186653593,0.03997014466187226,0.08016949550786392,-0.44555701292820515,1.5868475569926808,0.016073483841610232,-0.36490633615693324,1.7733569788194132,-0.053644689289107095,-0.379269714762548,1.6313108526959224,0.06820595333761911,-0.3009343017719708,1.6419583043834034,0.0410766257758418,-0.44701583674334633,1.6332977849968213,0.09144550478095168,-0.4078216130419162,1.638971809591668
83,-0.09280709119245568,-0.34902975610202186,0.9928744376954795,0.1436551990784032,-0.31406125504063975,0.9976702488305766,-0.057389214933724814,-0.16253453811757143,1.0198692221957404,0.05654202177738334,-0.1419324692782288,1.0247164584254589,-0.026477766807923162,-0.234118108607251,1.5123405246560182,-0.17805331663559232,-0.32733927767404203,1.449167909374509,0.15331676912429879,-0.24926950526686714,1.4761733828897456,-0.2515145237625546,-0.29543164614227513,1.123264223384017,0.2601692665756291,-0.1939169235744503,1.1583107472154435,-0.1950309676043993,-0.22940683313230956,1.1031619881059198,0.1886667684609644,-0.15179081218300688,1.133068309502534,-0.24815884128573634,-0.35746458013084076,0.8837399947651279,0.29612591195678944,-0.2525549999185307,0.9230067593144258,-0.26356432225318177,-0.3226520286008382,0.8676615653624702,0.3027120431915718,-0.2181743604932068,0.9080811248140681,-0.13752448513787136,-0.2713278748569554,0.5200948655629143,0.20108183358131312,-0.2300135389016372,0.5300179504171514,-0.02117285616393357,-0.25374157675585973,0.5168277428891669,0.08137796158441474,-0.2452202816135786,0.520343045122671,-0.12578854477752469,-0.20548175452925355,0.07468859338923228,0.21174731284262013,-0.17719004121172227,0.07617713506982214,-0.06189625040569227,-0.22329610336627784,0.06647339234343907,0.15225885655159496,-0.20892172383897584,0.07057860200148428,-0.164452628895346,-0.3511267095680859,0.015712407393044043,0.26878189320370144,-0.3218065092768574,0.019996503103510956,-0.0953387979995632,-0.41581470569766593,0.014395757109388806,0.21491575754614634,-0.3866500322153601,0.017206306640183553,-0.08134041522949785,-0.14722030202992703,0.02236638525073852,0.16720790910564237,-0.13316324438864546,0.039359114914816425,0.07985002568123134,-0.443560046371496,1.5854825560810513,0.014286024255028194,-0.3686692132632893,1.7728088080596618,-0.055292787408545006,-0.38355966385810486,1.6313132683870655,0.06341301601639389,-0.3011642558544912,1.6423308900207756,0.041109922236852475,-0.44693135554076,1.6321826175282186,0.08983752122200808,-0.40607780339091754,1.6380671700862957
84,-0.09441325600408569,-0.34457643387902126,0.992434074714954,0.14164064534829224,-0.3063002693967453,0.9982861266758096,-0.06166227353361748,-0.1577333170221202,1.0198509892751153,0.052059448385823576,-0.1356930060423347,1.0251127326424014,-0.031479446815181174,-0.23281335748052506,1.5135821746993368,-0.18147488278769727,-0.3285514916623706,1.4493425542512748,0.14838352219005532,-0.2440668845664266,1.4777499943479553,-0.25499337239912595,-0.2963820278370432,1.122614914939903,0.25508677134212443,-0.1840273999181421,1.1605046446523795,-0.19982702928463342,-0.22898282941237277,1.1028398535267545,0.18272559734215701,-0.14285215519876784,1.1351080382974144,-0.25002549986084827,-0.3573806800901639,0.8829552672590529,0.293995876454597,-0.2418374065233643,0.9251383326802114,-0.26601899880340785,-0.32291396801757466,0.8669275690773419,0.29973968962618686,-0.20710098970205473,0.9103402428005146,-0.138904343051131,-0.2673564227092743,0.5193265590047217,0.2007331448672171,-0.22408373294726672,0.5303074290887431,-0.022534674751590274,-0.24892333672495173,0.5163514573012865,0.08123614141323607,-0.2404631899096065,0.5200794703480328,-0.12611988680571232,-0.20169761097326366,0.07316850249604773,0.21243420384587086,-0.17074295232242725,0.07553771687923537,-0.0620232273670432,-0.21945565347461354,0.06498377303801249,0.15313366761265743,-0.2030780120539049,0.06976346546374748,-0.16420152331407067,-0.34792564363897566,0.014311144883008433,0.27035021861725006,-0.3148198901961111,0.018793405235876463,-0.09480456586139721,-0.4126065947258102,0.013100586252991655,0.21682677037689752,-0.38021632956304463,0.016171230922586773,-0.08170758844488343,-0.14290279199814773,0.020996402977331203,0.16753737977183214,-0.12683448937689681,0.038764975171618206,0.08073491123148835,-0.4380773384501444,1.584204459041602,0.013864731464667483,-0.3687000688592558,1.7724091657207262,-0.05582006390755431,-0.3841257760278303,1.6315340768574382,0.05968887760423636,-0.2978982410325189,1.642666688150738,0.04236386210299499,-0.44302650961625634,1.6312581894501437,0.08941787041988583,-0.4007629361196912,1.637243365890681
85,-0.09557153615471156,-0.3372047404690596,0.9919592167681754,0.13987016413543837,-0.29547097124575755,0.9989634486156228,-0.06573508143475593,-0.1502339141983805,1.019784910145062,0.04769011763993114,-0.12672623579642853,1.025461813287517,-0.035879787399173774,-0.22870498895974903,1.5145515278234338,-0.1840520765898168,-0.32747757531814914,1.4495836678325353,0.14399790901727777,-0.23577216318981703,1.4791864943306967,-0.25797012978542544,-0.2951057590304512,1.122150193197453,0.24984770369040693,-0.1707337898807708,1.162763941283452,-0.20434335249332602,-0.22626719182635974,1.1027763532296535,0.17656814905941462,-0.1307463752166548,1.1372362016525368,-0.2514120175894515,-0.3544013485481848,0.8824084467391836,0.29149454635844385,-0.22763966553195839,0.9274820845524085,-0.2679599069089778,-0.320398899591242,0.8665334722622344,0.29634938189559284,-0.19260712898905874,0.9128904266448501,-0.13976067550616222,-0.2608766794409212,0.5186846349319174,0.20062922071649236,-0.2156858859300221,0.5309381638644286,-0.023461438425984756,-0.24143025748064775,0.5160859393416557,0.08140782924585876,-0.2333497618569537,0.5201552974371046,-0.12614554019563445,-0.19603916188112022,0.07201580074408899,0.2129554304142404,-0.1619874286301993,0.07536482808979217,-0.06180147084957861,-0.2136064652056642,0.06390685515791258,0.15390751280281048,-0.19512412224969744,0.06941247769438796,-0.1635135795252105,-0.3431833895092486,0.013341208150896502,0.27220506931590316,-0.30553535077294863,0.01829490758186392,-0.09366296370590842,-0.407655807232582,0.012467293062605866,0.21898896692932737,-0.3716328345996957,0.01598060813453514,-0.08192768520181194,-0.13651257722489663,0.019999577129127425,0.16753648550703834,-0.11837167019310144,0.03854099371496139,0.08278633673758658,-0.43000009284356067,1.5829470969033412,0.014679256811470498,-0.3653768556848832,1.7719876974780506,-0.05526377195390557,-0.3815714535728275,1.6316556502004722,0.05717805193818571,-0.29181843934681834,1.6427411708393695,0.0447713987319116,-0.43620209142821126,1.6303708859262516,0.09020246347836411,-0.3927641536524248,1.636349864085703
86,-0.09628174749872473,-0.3298231083587614,0.9913893967779048,0.138167312328614,-0.2842576151524816,0.9995937399370541,-0.0698639609938479,-0.1428931249698176,1.0195917758481934,0.04314564187119089,-0.11772179857783091,1.0256961623486236,-0.04007680350348316,-0.2245365404443921,1.5152659687387031,-0.18604191810675713,-0.3266424043225422,1.4497847005649405,0.13979974931030964,-0.2270067162523427,1.4804632532706197,-0.260561699308231,-0.2943821920700233,1.1217420465911774,0.24427552959018972,-0.15666229764390532,1.1650982496519808,-0.2087743570794942,-0.22403453324026046,1.1028048290880637,0.16999499900582848,-0.11784297994881379,1.1394401896352604,-0.25226665429602485,-0.35162098428114497,0.8817647434661259,0.28864420709195954,-0.21285477167766573,0.9300215865760297,-0.2694374531633295,-0.31821034935970877,0.8661101450546634,0.2925788432299717,-0.17748434638529095,0.915649616505491,-0.14025529150631463,-0.2547524910149206,0.5179485005380695,0.2006723913050415,-0.2082056085330648,0.5318021088536538,-0.024199110679339855,-0.23411435180521972,0.5158276009811961,0.08173962414272312,-0.22728334285585355,0.5204078358287361,-0.12611890362969178,-0.19105975034827336,0.07094570776487621,0.2130036839829469,-0.15408314781887278,0.07549293905335261,-0.061518022270829524,-0.2081845356447753,0.06294841631387268,0.15429584435644875,-0.18814078553551244,0.06940841723061683,-0.16248990055921628,-0.33910153695863177,0.012432591628419596,0.274272856653375,-0.2969247785806154,0.018350316050459406,-0.0921062928074229,-0.40309175325376567,0.012089393625080382,0.22143075754696648,-0.3638304770176312,0.0164041317521556,-0.08227617976959496,-0.13076227759832126,0.019065461341825993,0.1668118571059525,-0.11089945506013961,0.038537947374969544,0.08557080769340296,-0.4217401937414799,1.581759158612249,0.016137117014469984,-0.36141203939967204,1.771535252605948,-0.053970511524886085,-0.3788763324194087,1.6315796198773076,0.0552545247515455,-0.2854612941642673,1.6427467433795049,0.04795687623262288,-0.4291701463452752,1.6295043647757241,0.09166260485573194,-0.38454356139935275,1.635460699770387
87,-0.09619172805284079,-0.32484276529473843,0.9907204587110469,0.1367732264347839,-0.27479081474547656,1.0002628259160642,-0.07405946673111326,-0.13790509339685222,1.0194025265407685,0.038363848570220224,-0.11080969653927022,1.0259862194082732,-0.044281471366123225,-0.22249765762124013,1.5157938752589468,-0.18751086113005283,-0.32805290121642505,1.4497905596274672,0.13549742478767446,-0.2196498644709425,1.4815826850977052,-0.2626642909351649,-0.2962221997428046,1.1212615130574193,0.2383916233327381,-0.14384059860311127,1.1675109777491481,-0.213080466911474,-0.22431567757506635,1.10280657466436,0.16306192196050276,-0.10619533968654213,1.1417029196698245,-0.25229738312043687,-0.3510836114141799,0.8806284035124989,0.28577351963996134,-0.19923543166049548,0.9324479826816197,-0.2702722292693265,-0.3183524473786127,0.8652994716042065,0.28873454907549745,-0.16345157983464886,0.9183508812827974,-0.14006511232861502,-0.2505700066338721,0.5171325132838491,0.20104925638824064,-0.20347415253839188,0.5330035296397361,-0.02452175385826711,-0.2285147903413546,0.5155902073447721,0.08248185993674456,-0.22429722754290518,0.5209544229179668,-0.12591707168321703,-0.1881173937406571,0.07001618852485982,0.21261655044733588,-0.14884039619166217,0.07600141036573772,-0.0610924384803171,-0.20440709169447427,0.062131335683364985,0.1544253050299454,-0.18396123483996116,0.06987525272832949,-0.16074904321701472,-0.33693226956308175,0.011526212855584072,0.2768934752738567,-0.29061587062501243,0.018986549915217834,-0.08979042394371031,-0.39998878024068285,0.011847638993987091,0.22474688777546525,-0.3583856543722458,0.017335654446070346,-0.08274605432806406,-0.12704991865499884,0.01827830617762303,0.165306765106739,-0.1063167999033495,0.03887167016368387,0.08887841457722903,-0.41502982118359466,1.58052920652796,0.017744704249841096,-0.35910632723908115,1.7709361880621464,-0.05210074159827957,-0.3784209402054936,1.6311451826988062,0.05328717639234951,-0.2807403331710519,1.6426807151048182,0.05174823490589582,-0.42399878421045073,1.6284902415618985,0.09347185921763153,-0.3779076236908243,1.634531288923448
88,-0.09520528238209507,-0.3223160530490985,0.9901253842775022,0.13585574752383403,-0.26705175942316367,1.0010696387787699,-0.07818172640545276,-0.13518292044599692,1.0192008991117747,0.033530306755836584,-0.10588953051289689,1.026275780293653,-0.04848494422629146,-0.22219289494744895,1.5163157353208998,-0.18851798368324235,-0.33129672620998407,1.449619631880584,0.13125228436199932,-0.21359208423429502,1.4825962720751775,-0.2643370943294019,-0.30080209091361326,1.120612725896741,0.23245857568074105,-0.1323076714539941,1.169772361661081,-0.21727579887748538,-0.22724931001464166,1.1025715603605615,0.15598303023653973,-0.09585317127781613,1.1437700871020293,-0.25155362111484575,-0.35346673856010635,0.8788304882553624,0.28304819682959764,-0.18665690679164526,0.9343823887124845,-0.2705744642983239,-0.3215196405082138,0.8639160704375733,0.28492133629532834,-0.1503946095704749,0.9205340032388164,-0.13944957722506102,-0.24876724667263245,0.516125255199922,0.201951626212799,-0.201157286866611,0.5343336652507644,-0.024563206708407982,-0.22507591698743495,0.5151901072447351,0.08384285634217868,-0.22423364501522172,0.52159006326716,-0.12572361792316003,-0.18693576337096793,0.06894715303580172,0.21175107286245348,-0.14577500778827762,0.07647799012862046,-0.06072114981270398,-0.2021801086421149,0.06114281186603876,0.15426562182094725,-0.18206177913846716,0.07037055651295687,-0.15901347803219282,-0.3362370111792358,0.010329859306385119,0.2801211028037182,-0.2857431660608183,0.01972509836805083,-0.08750671702144242,-0.398247800632989,0.01132396178357672,0.22926140377555385,-0.35445962221513094,0.018233784728007796,-0.08333295194603138,-0.12513775072813804,0.017321613560634507,0.1629944342392711,-0.10407846259713101,0.03917250112092536,0.0922105304468758,-0.4096895481438823,1.5792136044091856,0.0194302761026919,-0.3586039872498016,1.7702006145285454,-0.04998278705444884,-0.37971507619973416,1.6304685370459613,0.05121375577443416,-0.2776548592179073,1.6426934305053749,0.05565266690751685,-0.4203881399231695,1.627301614381044,0.09526332302698723,-0.3727176592323573,1.6335723811061864
89,-0.09364701833845755,-0.3212518824650164,0.989698713707176,0.1352515103189091,-0.26027794830339407,1.0020453688200823,-0.08223455241745253,-0.13372813416324617,1.0188932787280225,0.028673318035536414,-0.10204774040806569,1.0264554564548742,-0.052729907949841955,-0.2228757474192703,1.5168754536506757,-0.18921322399351598,-0.33556767898607176,1.4493311031436444,0.1269793761568144,-0.20843185258769953,1.4836216114690777,-0.2658611729925803,-0.3071140882576175,1.1197335740135774,0.22639323667368463,-0.12140967407412044,1.1718352630475701,-0.22154726747514467,-0.23191704170836092,1.1019853655349297,0.14875602192804085,-0.0863313293142228,1.1456077814567822,-0.25052354731587034,-0.3580306553311149,0.8765859868579547,0.2801401154452874,-0.1741739003200176,0.9358137758229094,-0.2707737315064914,-0.32695775993204207,0.8620682276863909,0.28085420007679934,-0.1373855500964555,0.9221833749689218,-0.13877996061077677,-0.24905661437684407,0.5148216620732036,0.20352526850010555,-0.20016961100964342,0.5355015231347775,-0.02455697768700299,-0.22353840452898624,0.5144223020474299,0.08595384625209601,-0.22600712272343923,0.5220559135565078,-0.12568190885767522,-0.1868875963812127,0.06741349445623925,0.21043108614878028,-0.14437215338640041,0.07638193824486336,-0.0605347053239385,-0.20105934044580148,0.05964450352923889,0.1539099402172786,-0.1819030437210866,0.07033498161373518,-0.15785488555755472,-0.33648106648430676,0.008574222513048577,0.28424005891242576,-0.2820208315472421,0.02008729057071729,-0.08579745052487196,-0.3976685456902097,0.010222807736178048,0.235487894344664,-0.3517525154805834,0.01858496843352146,-0.0839761672295524,-0.12439565424394719,0.015879577917622564,0.1599177632108854,-0.10364811625809899,0.0389540943397846,0.09507086355536645,-0.405477575507188,1.5777729975014774,0.021228364257664955,-0.35956873626556457,1.7694479287620735,-0.047905844742114484,-0.3819744589999699,1.6297278735514593,0.049041304120613256,-0.2759129833250314,1.6428547870754955,0.0592046457278185,-0.41790703313438665,1.625982083203077,0.09672195345925795,-0.36877009420376095,1.6325756048425377
90,-0.09207323574597436,-0.3197615454503536,0.9894845111187265,0.13458624518904894,-0.2528411132355125,1.0031939253099837,-0.08655582723858549,-0.1318925431739091,1.018445340161946,0.023463498101998166,-0.09760603477896829,1.0264637553387228,-0.05719183238503598,-0.22252583004859983,1.5169777747775703,-0.1896983539281131,-0.33894404313425525,1.4486648697702307,0.12234374375194412,-0.20221089059865519,1.4843264591949568,-0.2674932779057858,-0.31290807414848915,1.1187395489550072,0.2195313189352132,-0.10868920428577794,1.1736039219987107,-0.22605401528992258,-0.236304322774613,1.1011054645242389,0.14072859013699182,-0.07545475760445404,1.147087440728225,-0.24980810409281065,-0.3624163482825972,0.8746962624490662,0.27635084028539664,-0.15884511316341596,0.9371826146998234,-0.27132212715172105,-0.33223498955661457,0.8604650114066591,0.27571631238371785,-0.1215370595717698,0.9236467938300726,-0.1388057199333596,-0.24961921851273042,0.5137424766235175,0.20514790214677486,-0.1978824900562537,0.5368925993840058,-0.02514778802415239,-0.22201155572085576,0.5137261729852731,0.08825580827976312,-0.2270597678479751,0.5226555499505264,-0.12630235744373025,-0.18587886182823155,0.066219446745955,0.20796733879632495,-0.14165906610639753,0.07640154611812851,-0.06103580895294958,-0.199013181095006,0.05842844589459499,0.1527424537939887,-0.1806822596320336,0.07039466942884673,-0.1579372937411466,-0.3355640177021863,0.007195836401417569,0.28871252477157267,-0.2763195570528389,0.02099942930529438,-0.08528089132278556,-0.39622622018417425,0.009467430792835376,0.24296897140898394,-0.3470098077642743,0.019440253003736984,-0.08512789412816849,-0.12277844336912891,0.014720534331331364,0.15543743923181474,-0.10231642549633563,0.03881459758890296,0.09697777801399611,-0.40060269880042876,1.5759757493984958,0.022554699251370304,-0.3595501944289897,1.7683959300749337,-0.04632380213866528,-0.3828516616826938,1.6284996978849442,0.0465076311445979,-0.27335918366963147,1.642663545967983,0.06187983430288751,-0.4147431031578517,1.6242632350232626,0.09742897906077175,-0.364328420176139,1.631241378579545
91,-0.09049534213690646,-0.3190391716629726,0.989236220255734,0.13395472699326383,-0.24587281399148422,1.0042355968809713,-0.09108398576729426,-0.1306964074432918,1.017662119705601,0.01799540976024515,-0.09361109982149456,1.0261189752396414,-0.06181791055216307,-0.2222809781694171,1.5167390706948745,-0.19003466202069513,-0.3425390183255587,1.4477432842838187,0.11736589993179918,-0.19607478797998285,1.4848744082751462,-0.2690994407294104,-0.3191773444413927,1.1176404935964184,0.21197993879143662,-0.09551981841723581,1.1751911624737372,-0.2305244526318397,-0.24134745412923803,1.0999754021647687,0.13201111474108637,-0.06448405178041856,1.1483253558287438,-0.24950449126238083,-0.36761279898350346,0.8732157448446044,0.27190335389745335,-0.14249816561680437,0.9385732122879723,-0.2722136366579856,-0.3383331753144631,0.8591252552800552,0.2697719354402544,-0.10462947750937981,0.9250335709636316,-0.13943758977362264,-0.2511927172809156,0.5126362674989273,0.20708630604147185,-0.1951072455737455,0.5381882041889487,-0.026194707591470075,-0.22114469778490392,0.5128491369602827,0.09099752243702879,-0.22813789420139416,0.5230398045407351,-0.12748049158030328,-0.18499212826032815,0.06511075499354022,0.20467926065737557,-0.13842260615673205,0.07622454258196373,-0.06207824981657855,-0.1970880319813914,0.05722750380990196,0.15110388194466606,-0.17919788374309362,0.07025286828233071,-0.15908852749995187,-0.3347909128974069,0.006000231768618374,0.2936650294508207,-0.2693982016761491,0.02235932661364763,-0.08583758628127623,-0.3951461213008608,0.008758738891047562,0.2519785125765132,-0.34102067301930256,0.020830545737011402,-0.08665143262919371,-0.12124186355868521,0.013587407933105646,0.14991859201578675,-0.1008552247823482,0.03834815855620263,0.09829516775516355,-0.39593356873253766,1.573961967457679,0.023746785686568843,-0.3594421984440468,1.7672832553197657,-0.044956060499141706,-0.3836011754460102,1.6270501627020661,0.04360670418657415,-0.27080020318470377,1.642208970631112,0.06404808322258748,-0.411755920136736,1.6223277564835528,0.09760392443449403,-0.36012006954989834,1.629661060759408
92,-0.08800145625609976,-0.31923576167317486,0.9888519551359473,0.13410651335023227,-0.23934191265507998,1.005078577331123,-0.09513777647644658,-0.13030577855572995,1.0166614874380009,0.012896666020419561,-0.09026391668502495,1.0255367693052146,-0.06590969810712352,-0.22203102406096276,1.5163526259622093,-0.18960710899001476,-0.34628801491128064,1.4467762262721453,0.1127376982099065,-0.1897412900619061,1.4853382758889468,-0.26991476688135685,-0.32565389906940323,1.1164860914041557,0.20451146716538196,-0.08253579766486545,1.1763763721022413,-0.2341021614392359,-0.2466533762851521,1.0988010931651402,0.12336606097515741,-0.05392079883697696,1.149163068574863,-0.2489171012690794,-0.3730773004724375,0.8718837108342976,0.2675313569193974,-0.12640819111527873,0.9394999426592884,-0.27270080966433763,-0.34473607199602424,0.8579084213208734,0.26378723021577494,-0.08802198091638139,0.9259317225752278,-0.13973006964731727,-0.2528034127149632,0.5113889151113802,0.20994836966634953,-0.19135049799885953,0.5392553491875725,-0.026882966918881805,-0.21992361291379364,0.511743743733423,0.09492780218067778,-0.22880651814148686,0.5231198494180224,-0.128610249681701,-0.18429079390139008,0.0640430748048849,0.20171030926014097,-0.13445447420663523,0.07574084057849576,-0.06310923389863808,-0.19515585336694688,0.055986073167038915,0.15017380101905098,-0.17734839532950458,0.06981802056299187,-0.1604505671997318,-0.3344391851979729,0.004995285359945779,0.3000749206884556,-0.2603303245887366,0.024032000424777804,-0.0866268881433684,-0.3942800571779431,0.008098484755371574,0.2635818056112371,-0.3328834317623285,0.022844415059222932,-0.08810245992859846,-0.11969569172116969,0.012474614614041467,0.1444678029138527,-0.09932310495089929,0.03743038220752946,0.10039756505809527,-0.39057832013823834,1.5722834184780894,0.02548896310900087,-0.35855838746911217,1.7663465059210284,-0.042661305823359454,-0.38420837056462076,1.625727247814901,0.04094742236149001,-0.2675558282917475,1.6417040953365303,0.06702095050233461,-0.40811162881846674,1.6206927160385134,0.09832443730015036,-0.35509228372546586,1.6282722137162087
93,-0.0845083903613238,-0.32034458870869587,0.9884577994830843,0.13494784703719104,-0.23332652902755419,1.0057070616822474,-0.09845417397075107,-0.13097113426422805,1.0155274493460515,0.008354498610455462,-0.08784458429581062,1.0247422695845703,-0.0691429544205917,-0.22179439252895936,1.5161113658421794,-0.18827054917635053,-0.3500324477461802,1.4460475092414797,0.10880716967776947,-0.18339003345618543,1.48577671252225,-0.2696802571472316,-0.3321808959031837,1.11539900094426,0.19752309030664636,-0.07072726031906412,1.1769930698473343,-0.23646445928254547,-0.2520915789310852,1.0977132308601412,0.1153196471635514,-0.04469952737628977,1.1495514932210824,-0.2476486242917903,-0.3788456433330294,0.8705285870804153,0.2632280459134926,-0.1120105053005572,0.9395923396208713,-0.272432185632027,-0.3515158363192369,0.8567099369850747,0.25790212283817787,-0.07323710708292783,0.9260512782162778,-0.1396130809461441,-0.2548346838001083,0.5099457795615243,0.21360444671795067,-0.18708025837563458,0.5398999684426007,-0.02723614644086495,-0.21872000560884272,0.5103579633834879,0.10000443509447038,-0.2294009119114364,0.522781365716092,-0.12960262693023353,-0.18413068800947852,0.0628919026070467,0.1998448837831227,-0.1306661235849683,0.07475612440552913,-0.06406901934462199,-0.19355955956813103,0.054591018382129264,0.15069010621705453,-0.1759236669685671,0.06895750638810068,-0.16179093018463736,-0.3347541101209256,0.003950303015366563,0.3081862343974751,-0.24970780096387035,0.025598550376475376,-0.08745036439587994,-0.3937320845649841,0.007298532718968144,0.2777063393788794,-0.3230105287221898,0.025145377931324202,-0.08941787799997,-0.1185472167104851,0.011260468923272341,0.1400313271042036,-0.09859327399932215,0.03596237330468037,0.10337445932114833,-0.3847466951973477,1.5709972851670189,0.028177565298339376,-0.3571311932382262,1.7657527946080636,-0.039385442270909815,-0.3845363260105124,1.6248344924721065,0.03913195470353942,-0.2639648508915345,1.6413831636639342,0.07084005649219804,-0.4038648072733929,1.6195092367354917,0.0998465194924512,-0.3495169004784439,1.6272054452350595
94,-0.08070879426603535,-0.3216814100071379,0.9880859566318375,0.135728716494221,-0.2275969827802388,1.0060779802700968,-0.1013855591920068,-0.13248363378772698,1.0144472258248207,0.004004192088898993,-0.08623140612716866,1.0238553518948195,-0.07162065976531135,-0.22151771688547822,1.5157896033609672,-0.18623446529731574,-0.3534328648516061,1.4455254357836873,0.10532572202565256,-0.17710593997885207,1.4859343020677322,-0.26854696174814646,-0.33804836916142733,1.114565865646951,0.19049630805971512,-0.060204192073980325,1.1770013703781106,-0.23772911770652955,-0.25709008503736347,1.0969859421013555,0.10751100060573826,-0.036935478212286946,1.1495495631787769,-0.2457236656008457,-0.3838646815853435,0.8694113899826242,0.25801641987672264,-0.09899197024912604,0.9390451029039025,-0.2713910206429273,-0.35752746379541905,0.8558283705139182,0.25116013013065586,-0.05998572953785596,0.9256345826241148,-0.1393312658337119,-0.25655318788436493,0.5086519738259037,0.21717310403066373,-0.1826397672822295,0.5404721324233518,-0.027638732661439968,-0.2169516577463627,0.5091020440548415,0.10538176457543903,-0.22994304666895676,0.522466442004564,-0.1307176173431035,-0.18361186518380554,0.0620842959186339,0.19909009441357775,-0.12783975650623927,0.0738443514749573,-0.06522548668909219,-0.19149350007104715,0.0534861573070361,0.15262020604076043,-0.17548909965912302,0.06829987269886724,-0.16319997406889303,-0.33463166955169615,0.00323845118075841,0.3173838845161723,-0.2385407309203943,0.027057728519880753,-0.0883681451570109,-0.3924074887032667,0.0068127839099905284,0.29335814978805014,-0.31207863282391346,0.02765068749541659,-0.0909331640792841,-0.11706058225021516,0.010406872367678744,0.136811921298001,-0.09936115650068082,0.034709015266892046,0.10672767471502555,-0.37867723269082837,1.5699559645934198,0.03139293685138914,-0.35506943809375024,1.7652848156584349,-0.03563048846934463,-0.3843473744711135,1.6242389917031912,0.03816620280325792,-0.26008728854806074,1.6410178398151836,0.07496179875388462,-0.3992492455154135,1.6186458576496663,0.10185063499891561,-0.34365430390843493,1.626293594937892
95,-0.07719587143858012,-0.32282823329656685,0.9877374471426641,0.13598848360234672,-0.2221215488643621,1.0061790242924642,-0.10423330129886918,-0.13445002878850823,1.013486284910179,-0.0003399113993801196,-0.08514953670281344,1.0229071361266246,-0.0733882260151053,-0.22121100032679883,1.5153486452190077,-0.18364323711539882,-0.3564386852491055,1.4452352530612962,0.10235739807363248,-0.17111958460811377,1.4856963579798028,-0.26689069483156036,-0.3435394647494521,1.1142702852228947,0.18302439627734607,-0.05046509534771831,1.1765506832703425,-0.23841092945416567,-0.2618985629061662,1.0968145081574625,0.09947642859498657,-0.030052979964047818,1.1493062172984272,-0.24333202843973759,-0.38843770452544746,0.8688871985092749,0.2513242824338342,-0.08606036486003096,0.9381242028895269,-0.26984017128684945,-0.3630354956661561,0.8556047707207628,0.24293727683569472,-0.046844908475256915,0.924986599003647,-0.1391989575902111,-0.25768599496909683,0.5076693735587022,0.21992306958093483,-0.1780232774110671,0.541153529358944,-0.02841337068037014,-0.21457060016141555,0.5081757203318096,0.11032228833153687,-0.23019708567693564,0.522347788722608,-0.13203998287428081,-0.18258857002895004,0.06166923144874632,0.19915338909086386,-0.12568130690043866,0.0733937197709464,-0.06666308924850711,-0.18886859095289418,0.05275285768057276,0.1555372314841501,-0.17554342051058525,0.06819474942913459,-0.16478276481238968,-0.3337292518986238,0.0028435042494479867,0.32661400725974793,-0.22709104859269888,0.028381262007055708,-0.08951991340003067,-0.3901922689524493,0.006556594211545296,0.30888819050639027,-0.30024292543013686,0.030118992152899274,-0.09272919310083325,-0.1152758036780122,0.010007932068819685,0.13479224208465884,-0.10101353318768615,0.034155202983974356,0.1100736340624079,-0.37283259839274063,1.5691592477869813,0.03478122346979645,-0.35253297194446037,1.764921206864244,-0.03182413645698944,-0.3835857423072744,1.6237892391908009,0.03804121175893349,-0.2562244726544056,1.640596639061954,0.07897978045428301,-0.3946933509715777,1.6180492764568415,0.1040863074638569,-0.3379790255796881,1.6255727070194634
96,-0.07381597192836623,-0.323902092903553,0.9874825734801638,0.13620012850442484,-0.21710508507191315,1.0061067731831488,-0.10671380533808476,-0.13648960508906474,1.0126874312363126,-0.0042271458163341815,-0.08432438889437462,1.021930518945536,-0.07421288540214954,-0.22084639960539168,1.51499015875535,-0.18038860544069613,-0.35908298133860406,1.4452300631584236,0.10022763326284696,-0.16554671683317504,1.4853065151908718,-0.26475461637280695,-0.34904202041483745,1.1145015078301672,0.17518393143636243,-0.04109190768348185,1.176028242861595,-0.23853157263620223,-0.2668324928663638,1.0970855974125642,0.09120344858665537,-0.023545070545098575,1.1491147943079247,-0.24062456798435447,-0.3933558741668057,0.8690828704922453,0.24316794555224824,-0.07278487680905271,0.9371787053812473,-0.26790666707831606,-0.36882787660812444,0.8560365416766301,0.2332664177906507,-0.03325171304141816,0.9244379490195056,-0.13897138261719577,-0.25860714115809946,0.5069999568768744,0.22202392813019836,-0.17355144459102134,0.541845714486232,-0.029208007620918,-0.21214362371777762,0.5075239037271659,0.11478343075395366,-0.23029316131847682,0.5224051413223891,-0.1331950164876289,-0.18139266387158007,0.06141894207964183,0.2003869770275782,-0.12438592878546555,0.07324890756317687,-0.0680025171556168,-0.18615077825938395,0.05220667356919828,0.15951376668561987,-0.17615207435958463,0.06845244231602675,-0.16594322984531987,-0.3324711013676036,0.002490375909120335,0.33547109035260336,-0.21684475783136536,0.029312952432411707,-0.09032443575532163,-0.3876887157607718,0.006151785590521359,0.3232507502533663,-0.2892258622126879,0.03209529554436656,-0.09442254085118475,-0.11359756724007314,0.009817000164628062,0.13448441555973775,-0.10334523950000009,0.03415327704754238,0.11350088365063477,-0.36733824761211353,1.5684918778266697,0.03869603195206523,-0.34963988913453026,1.76461035214096,-0.02774288740150208,-0.38236711465205986,1.623487983736914,0.03901587741328133,-0.2526063077721137,1.6402186556753144,0.0830631870496484,-0.39033647119001896,1.6176032680487085,0.10673192747097254,-0.33269752987761086,1.6249655101790295
97,-0.06993219395153812,-0.3244803153851991,0.9872170009575157,0.1371440400813311,-0.21201187676723982,1.0058401559224721,-0.10825314808222328,-0.13773937841956835,1.0119876789136175,-0.007035705072730259,-0.08291861005252207,1.020922594787733,-0.0738773052425618,-0.2199204879706519,1.5148836476745662,-0.1762704054204242,-0.3609387383658933,1.44543422272554,0.09928006355320007,-0.15988643771958064,1.4850143109490794,-0.26196586144486256,-0.35402877964581153,1.1149551159694284,0.16759253556285092,-0.031478858633991504,1.1754789552074587,-0.2378277531786813,-0.2712242665520028,1.0975169752874845,0.0832672696242912,-0.016776124377323048,1.148956257209684,-0.23722050216890553,-0.3984941345985305,0.8696551421163068,0.23444745967992078,-0.05882064247273043,0.9359536286671195,-0.2652169616212029,-0.37479470797300646,0.8567656584521978,0.22306615643958097,-0.018888138694935816,0.9236526001883105,-0.13822833102044135,-0.25921011445892367,0.5063622689239877,0.22435401798934052,-0.16891657210902492,0.5421325764815157,-0.029447984538974036,-0.20974384805731017,0.5067442048755793,0.11945747155953956,-0.22989037595500314,0.5222150977615336,-0.13373964603164146,-0.18002888151856783,0.060958002034593645,0.20373860655530043,-0.12338478897105436,0.07288133599670853,-0.06880327533619182,-0.1834107453713612,0.05147950619633141,0.16524757944153923,-0.1767314018080429,0.06851120816126449,-0.16610674244666102,-0.33106635326950984,0.0019219140683323808,0.3445947323912678,-0.2080802849348523,0.029548868084504236,-0.09029322126330556,-0.3852191576589817,0.005442812684145868,0.3367913933630426,-0.2796543576107526,0.033177489283399725,-0.09553964703549561,-0.11197481623122149,0.009422571106540741,0.1368636136817992,-0.1055679526882703,0.03404987776158519,0.11761327826926776,-0.3614022913501136,1.5680576696064747,0.043262953290181705,-0.34604336907838845,1.7643625545186579,-0.02285632079889601,-0.38051943024550017,1.6232548012649712,0.04090040179932646,-0.2486934014160072,1.6401167564798742,0.08784158901380447,-0.3854750579124993,1.6173241647626821,0.11012366898684216,-0.32708291203892953,1.624629352649009
98,-0.06555510290292726,-0.3237755279121274,0.9868061573422037,0.13884958756270815,-0.2061141442308476,1.005386627427059,-0.10875467449020207,-0.13743985390150276,1.0112320275766726,-0.008722618818560943,-0.08015401171510031,1.0198621387262292,-0.07261653225464958,-0.21772639571343178,1.5148874025463739,-0.17144545579640405,-0.36130707145300345,1.4457218905050309,0.0993200279667533,-0.15349654128640344,1.4848683034834689,-0.2584029462052207,-0.3575208913824056,1.1153323688869898,0.16079196971119758,-0.021453676704175802,1.174911779305689,-0.23619405745755107,-0.27406683635821594,1.0978772853197782,0.07626942831332452,-0.009389536112371779,1.1488188455496222,-0.23289460058473566,-0.40275037013170994,0.870314748583511,0.22579623468210477,-0.04442804514136094,0.934205532814739,-0.26153226710309685,-0.37983650845998806,0.8575064601724379,0.21311642339970005,-0.004096121089814257,0.9223867954398608,-0.1369804393975698,-0.259316794349469,0.5055600916173861,0.22725974178282096,-0.16364243643679685,0.5418645588752149,-0.029068332170878227,-0.20721759985362775,0.5055664929424233,0.12460669397662526,-0.22830982907402358,0.5215843769824582,-0.13385402304739002,-0.1782618980230664,0.060158424518780826,0.2095555236291612,-0.12187093778510746,0.07210447430727687,-0.06916686608848042,-0.18049491884183277,0.05047631193258491,0.1729619295627045,-0.17647192413106316,0.06814849616893412,-0.16524660922402645,-0.32945759867947955,0.0010440477393040299,0.3542360778816875,-0.20051282566522946,0.02945803828946471,-0.08940102380526287,-0.3827132280367601,0.0044440259990296185,0.3496801875808898,-0.2714929620140268,0.03371494266253833,-0.0962439382708339,-0.11002885963263141,0.008640175423626113,0.14226112184989267,-0.10667592261620717,0.03341597564150154,0.122281691388877,-0.35475379880373303,1.5675335160931894,0.04847160977123797,-0.34134467284555414,1.7639957371967414,-0.017382326489639548,-0.37747575244237574,1.6230123725754644,0.04354480174623042,-0.24390440035127092,1.640139471326347,0.09314052367900717,-0.37971027069028956,1.6169387486997402,0.11413048837015548,-0.3207700509525063,1.6242593951039765
99,-0.06112416629449803,-0.3228947834648938,0.9861344281197069,0.14065878996951373,-0.200600594467972,1.004694833590537,-0.10869820648919641,-0.13705319788355802,1.0103991171411202,-0.009878354278805727,-0.07748317875667372,1.0188193647479806,-0.07089698632134415,-0.21582344024208777,1.5145082312450668,-0.16622647729957044,-0.36165159198355656,1.445774329533533,0.09981196124561571,-0.14792231252462124,1.484495785379385,-0.25413357369987916,-0.3606551349977909,1.1154546189925179,0.15514003356055425,-0.012918628875968211,1.174054117749081,-0.23381030860838958,-0.27659584170533696,1.0980627318271772,0.07061812916944475,-0.0031415509757391703,1.1484817127413482,-0.22747392097513297,-0.4065234687208956,0.8708657425957619,0.21784089241156646,-0.03166215117239783,0.9316871877600793,-0.2566931701738205,-0.38437787671438484,0.8581111499393018,0.20405731089551687,0.008933917041543773,0.9203806232546397,-0.13542954582261543,-0.25969357133568044,0.5046402911265016,0.23050028481956747,-0.15863681775351454,0.541264765840333,-0.0283327581396519,-0.20536562218299154,0.5041499653561266,0.12999958357048622,-0.2263481969078331,0.5206431931032437,-0.13393131617412907,-0.17684878867895745,0.05938609904291519,0.21761348771322586,-0.12042027984183411,0.07133233376144595,-0.06945489576342226,-0.17825766710184074,0.04955050688087681,0.1824948945362335,-0.17592469572930478,0.067749570898941,-0.1640598346306875,-0.3282359857100895,0.0002862252202644146,0.36447137305637767,-0.1944801383085433,0.02969692229754578,-0.08832690642599367,-0.38080319505075755,0.0035667006366612744,0.36216755475457385,-0.2650885521677663,0.034491472911087846,-0.09681436761951258,-0.10852695885187037,0.0077414840888494615,0.1503821197159844,-0.10736808739773383,0.032544440330959,0.12717995365388077,-0.34878487896753263,1.5666162111656745,0.05371003547897146,-0.33704987474052955,1.7631657430842091,-0.011623584082370532,-0.3748370383468585,1.6224045712689699,0.04629313663255751,-0.2395436442016042,1.6398035800853927,0.0986378227527538,-0.37450820200056784,1.6161264068844072,0.11829046527279535,-0.3150814923146552,1.6234538276082695
100,-0.05690443874221679,-0.32222817121830855,0.9853195122770442,0.14203397863917866,-0.19597150768502347,1.0038284762606877,-0.10845447678457161,-0.13726745138014837,1.00954196986007,-0.010953446612863385,-0.07566961996785082,1.0178429679607264,-0.06872938011701149,-0.215154049624918,1.5135649270587435,-0.16056825830568133,-0.3629565304881977,1.4455050986658138,0.10077778603262895,-0.14414043969819318,1.4836145861871626,-0.24913209020455868,-0.36440307024415597,1.1153685248041643,0.15103889568782536,-0.006743893446692413,1.1726864388449105,-0.23080629749572754,-0.2798011159956041,1.0980934491297591,0.06666397980427584,0.0012089550708359155,1.147813985930306,-0.2208641333216569,-0.41052458672287256,0.8712241781571259,0.21090660402046166,-0.020753294739501736,0.9283702830124194,-0.25070334626136787,-0.3891348251800574,0.8585445894534101,0.19620710562781307,0.019912426352594506,0.9176960864189236,-0.13367534555031138,-0.2604416421462793,0.5038123661536575,0.23387558778307255,-0.15404490066772203,0.5407119827620501,-0.02745127378134488,-0.204167595703576,0.5027608132225145,0.13556458257926512,-0.2243238686225316,0.5196883981976959,-0.134298877706782,-0.17602055536373892,0.05891466133098071,0.22766673505755355,-0.11922301580043192,0.07096244805581545,-0.06996681268800739,-0.17684042911525072,0.048916992954263834,0.19379875401332147,-0.17538928980986634,0.06773442014865586,-0.16305086448408485,-0.3274788253797347,-0.0001746039961919431,0.37595952039033215,-0.1895151428280147,0.03095744103245958,-0.08756006474485255,-0.37946217007392347,0.0029247826858717044,0.37522243169851954,-0.2598440268500842,0.03636821762141028,-0.09755733084303209,-0.10771217989007012,0.007027202180081017,0.16079640725246722,-0.10801898931178214,0.03179319903603169,0.1321471780156811,-0.34448480684043437,1.5651589043350218,0.05890383171329284,-0.3341168165483713,1.7618068839225873,-0.005675608502632497,-0.37346481943011733,1.6212612981002446,0.04933441380313984,-0.23655187701889174,1.638939093276448,0.10418881793695921,-0.37090733769145756,1.6147609677552093,0.12253789710277396,-0.31100336473669954,1.6220592316031592
101,-0.05294358763262639,-0.32205130398865733,0.9846676560241929,0.14294687013570442,-0.1923566061683371,1.0028876637717485,-0.10807446292523515,-0.13829961850419373,1.0088349617583763,-0.011983666320900576,-0.07494117896633978,1.0169760967229693,-0.06562797245201361,-0.21529280620692035,1.5122421461233144,-0.1541642635916267,-0.36491941871061134,1.4451412471666427,0.10256983138513374,-0.14155920062556418,1.4820978575905088,-0.24328439633787946,-0.36897496216328785,1.1154824596875985,0.14821093402856134,-0.002103474461840656,1.1707442741029717,-0.22710131280508017,-0.28390704188553095,1.0981299157296265,0.06412451073123503,0.004210763161361316,1.1466967928413727,-0.21288875363457466,-0.41530883880679326,0.8716828626470531,0.20452518735542397,-0.010798753012025535,0.924616606763319,-0.24348451717415165,-0.3946173247918182,0.8590632285760265,0.18897717610736495,0.029709148154372075,0.9146685256577236,-0.13184274966348628,-0.26189558891283243,0.5034293757904943,0.23697922942966793,-0.14987013510807093,0.5406082549379296,-0.026595399845799835,-0.20380432064846193,0.5017285083811928,0.14084009704674455,-0.22238660086628115,0.5191158897565455,-0.13509653595641993,-0.17600346536228836,0.05903553457443129,0.239408275357416,-0.1183439873767597,0.07132878562052954,-0.07078528019242389,-0.17642760180789702,0.048772420147505956,0.206654744520335,-0.17501631787864164,0.06841550534876079,-0.16247207512757048,-0.3273291413214481,-0.00020823122584426106,0.38876535826117065,-0.18547540639908597,0.033462691179592975,-0.08729883167184871,-0.37871885127615246,0.002697599157568095,0.38914112442788057,-0.2555585392516597,0.03960458044694535,-0.09862490418607836,-0.10774514876059899,0.00685407134703765,0.17301859853017257,-0.1088128876388197,0.03156518544340019,0.1374887797304108,-0.34123872279751816,1.563346933330718,0.06453109726535064,-0.33172306770588433,1.7601588421006147,0.0008173589569937772,-0.37265856254904,1.6199112189766056,0.05338782238709453,-0.2343880368282606,1.6375347950700028,0.11003449500207835,-0.3682161570839555,1.613084290461202,0.12729962500593534,-0.30789791640739483,1.6201658535635712
102,-0.048711970071737484,-0.32104446849710705,0.984225033527722,0.14408693935429603,-0.18842371751238304,1.001837398517977,-0.1069874289669004,-0.13874319419557682,1.0082879844861672,-0.012319005700506059,-0.07392569284986288,1.016147582869335,-0.06119059114169419,-0.2146383470707294,1.5107781418668969,-0.14669465107168336,-0.36604574277047514,1.444907078334157,0.10543647670465839,-0.1383394441162745,1.4801510241626918,-0.23647340377041073,-0.3728121505014758,1.1159501448317066,0.1461673798069602,0.0030155880738705256,1.1683966713864495,-0.22245105373793433,-0.2873140188584918,1.0983229934756444,0.06253183796856561,0.007730056405371137,1.1452418814653478,-0.20329113319887893,-0.41996414161897544,0.8724102686037647,0.19832535846561225,-8.666647599657289e-05,0.9209441640378739,-0.2347505017349189,-0.3998812756598844,0.8598157426192949,0.18187315583297708,0.040040201801725336,0.9117864773999588,-0.12977070153577172,-0.26275323919218385,0.5035168817236514,0.24016595550488612,-0.14467624085244057,0.5408703119932402,-0.02554748952113894,-0.20290750515908199,0.5010519067008938,0.1461069630164395,-0.21922841466737328,0.5188437004831079,-0.13595582702613107,-0.1757024115404724,0.05959422814402296,0.2526965216181992,-0.11615108318750175,0.07225796333853818,-0.07157252814454443,-0.17579765860632776,0.048995535284058,0.22094561562896772,-0.17324772269421682,0.0696230192035949,-0.16204339689186165,-0.32690627325679505,0.00022025428886875785,0.4030139096456953,-0.18061007082828975,0.036940798452303435,-0.08727349818548885,-0.37763514801631054,0.002947489292232095,0.4043405055449619,-0.25037405811366226,0.0438563808504509,-0.0997428424980171,-0.10741311600770945,0.0071991981051888546,0.18681575691410793,-0.1082068342203449,0.03183438675394596,0.14408892552525673,-0.3373022271348294,1.561496200372815,0.0713505087807823,-0.328296560210864,1.7585244423880673,0.008535901547073203,-0.37089870323855245,1.6186159848928787,0.058955615944145376,-0.23131869653559028,1.635891006359979,0.1170213990156433,-0.36475523238552776,1.611370054813291,0.13338629426160542,-0.3039974474376671,1.6181267506966437
103,-0.04368980140375388,-0.3182862407469239,0.9840108168422901,0.14648855658126647,-0.18336699458676378,1.0006848047836971,-0.10441523459131367,-0.1374487657071169,1.0079392129306899,-0.010995945599954916,-0.07145245276452411,1.0153401076361719,-0.0551169188801697,-0.2117106976518836,1.5094157688427916,-0.13791634846906212,-0.36490598144997477,1.4450473163872797,0.10967276999475734,-0.13311145465283156,1.4779459712525573,-0.2285376543184126,-0.37480066034158777,1.1169054524228628,0.14505541718108694,0.009375764486559964,1.1657487315436434,-0.21661699314752925,-0.2889115191238817,1.0988309709441402,0.06202698532533395,0.012607306877477506,1.143523618053452,-0.19215878779830242,-0.4235535671465255,0.8735121585326271,0.1922080563688735,0.011519800984930575,0.9174702901990729,-0.22450687328041355,-0.4040128428177308,0.8609126455084096,0.17486813081750988,0.051150710412412696,0.9091116497527463,-0.12731345869660593,-0.2623247017866901,0.5039630926348807,0.2440713008966676,-0.13795346766289868,0.5411826284928256,-0.023986697330466506,-0.20090621654178786,0.5005697173020898,0.15179154859768318,-0.21423631056206965,0.5186548643988955,-0.13649583236255436,-0.17492498118109767,0.06025705710040828,0.26747449582241145,-0.11208329359224202,0.07321720122262848,-0.07197568088700956,-0.1748874809184292,0.04927287818213148,0.23657861914738992,-0.1695315951141973,0.07081687193651838,-0.16145260012111506,-0.3263334787344845,0.000921990575779825,0.4188430458737461,-0.1743928003166681,0.04068106781793054,-0.08717734789111105,-0.37643903740839335,0.0034612485566554614,0.4209783654229001,-0.24374168151909442,0.04838991643735488,-0.10048232555686797,-0.10658052737970052,0.007598525353149817,0.20209001624139142,-0.1055556234085278,0.03214565888320324,0.1525134211872806,-0.3310546680990821,1.5600293743303977,0.07972067507613714,-0.3222327302905149,1.7570646727770054,0.017874429815037868,-0.36667642481812657,1.6176164398916353,0.06611059277473218,-0.22576990097311211,1.6342008534995731,0.12576023756494562,-0.3588873452823697,1.6100292381279497,0.14123452335741088,-0.2976554617102938,1.6163443335438312
104,-0.03775894868827327,-0.3148049947582735,0.9837471844945461,0.15044643570994032,-0.17796733263401363,0.9994104488514526,-0.10040922238099512,-0.13519372303238125,1.0076168903994995,-0.008060378620743424,-0.06817388463391047,1.0144638505448755,-0.04782417055136778,-0.20765107685127143,1.5083173917405392,-0.12818293624355873,-0.36260794847714267,1.445549367464066,0.11501720351661629,-0.12690304594934085,1.4757867142884487,-0.21986856822673304,-0.37601426830747997,1.11824526018402,0.14491415724158752,0.015945793691730884,1.1629983560105548,-0.20989572663323697,-0.2897657363020978,1.0996630012902453,0.06253706285954423,0.017800049414790988,1.1416051971035206,-0.17985839079182153,-0.4271287565206858,0.8749446585113083,0.18706567557434162,0.022347194611357448,0.9141643495116022,-0.21300485477832642,-0.40813722359551474,0.8622781542028454,0.16886565758140118,0.06148044893859497,0.906468047964482,-0.12441410689770416,-0.26125056532953483,0.504399386891634,0.2488971088126145,-0.13078620640031993,0.541168308810469,-0.021755698977049324,-0.1984582663223648,0.5000151944914386,0.1580544716815441,-0.20843048805649178,0.5182412475085263,-0.13642884740776426,-0.17390780716067866,0.06059163814997431,0.2832809684871116,-0.10735522767269194,0.07375345739919585,-0.07181355857870209,-0.17391560485538154,0.04922718600524583,0.2530978498508603,-0.16507805211979718,0.0715315416133859,-0.1607367404407094,-0.32587511305102407,0.0016085526346737479,0.43579796170418633,-0.16818894788964653,0.043927644183641354,-0.08700602576039537,-0.3756284266699188,0.00394167446011014,0.4386345426625779,-0.23708971521131944,0.0523642311206433,-0.10050687412502024,-0.10544853990902413,0.00760992808505605,0.21840265718727606,-0.10203538409566473,0.0321042569489487,0.16251219322884042,-0.3237721610351693,1.558805245593619,0.08938903289679537,-0.3152445729260806,1.7556574612129445,0.028453214527049457,-0.3614157616369636,1.6167626829696577,0.074403224716125,-0.2191778720711324,1.632627015804436,0.13601366516758348,-0.3519352671079347,1.6088757498741835,0.15052996525281015,-0.2902215496970572,1.614773367935792
105,-0.03085964202715414,-0.310610807780229,0.983318635527789,0.15610082802087266,-0.17219016725664094,0.9979720844096802,-0.09497920177960299,-0.13196491707751293,1.0073133445070266,-0.0034614194000850214,-0.06402470916324901,1.0135457209224454,-0.0392948176167166,-0.2024540789230666,1.5073784680337021,-0.11738716856431021,-0.3591063068495338,1.446291168175137,0.12170449469307171,-0.11997043024640532,1.4736377568623764,-0.21034325395463543,-0.3761447140871322,1.1199374444857848,0.14608756083116745,0.022487347944734015,1.1602141734352274,-0.20214335686831383,-0.28960387740044413,1.1009800893582633,0.06428542595369882,0.023278766668336528,1.1395900701954753,-0.1667907706140125,-0.4297990326769313,0.8768048129985699,0.18359738780859208,0.032267187436128,0.9110627613831681,-0.20052213676999378,-0.4113944932688248,0.8640271204156325,0.1646430428690355,0.07102442243040981,0.9038832195258202,-0.12096717628644732,-0.2591091322629784,0.5047396066349763,0.25486045266020113,-0.1235566695182522,0.5407208520067596,-0.018694668299726658,-0.19513530883169378,0.4993138949538653,0.165179008248532,-0.20224660644076206,0.5175644024584966,-0.13599994733521217,-0.1720738203374129,0.06072703452805405,0.29935659362567574,-0.10266127113488101,0.07381712122372755,-0.07132410741378939,-0.1723027066384654,0.0489514555588192,0.26991814038300854,-0.16076514247436413,0.07178773794808649,-0.16007271182337587,-0.32499213548878714,0.00232014255748941,0.45358074803104426,-0.16212291697478345,0.046680694410476495,-0.08700217142933461,-0.3746727437099434,0.004467243899597008,0.45732131285677013,-0.23049753428028846,0.0558528631818193,-0.10000369550748256,-0.10341725071756176,0.007296368490590603,0.23498567737198262,-0.09845529004410535,0.03160981991767816,0.17384105086569107,-0.3157877357458046,1.5576600404359395,0.10035456199862947,-0.30757653635901305,1.754227881870834,0.04002622154056845,-0.355141733298929,1.6159124898086559,0.08380417107131789,-0.21175211376175662,1.6311055855299252,0.1475994069793215,-0.3442018334408412,1.6077917548373484,0.16108136170849402,-0.2820433962699296,1.6132977664584263
106,-0.023465031114198457,-0.30772924192251866,0.9827968464746908,0.16263087293874223,-0.16774917944565204,0.9963943869602256,-0.08883991008348471,-0.1299015481061158,1.0070697665429502,0.0019985634056099034,-0.061036009625866076,1.0126650886919386,-0.029892727981375784,-0.19791452850622845,1.5064544062453993,-0.10575622837439978,-0.35610978548203015,1.4472221071409246,0.12951369903630983,-0.11402739546123986,1.4714342186158782,-0.2002322952201954,-0.37736557339507554,1.12224373307419,0.14836742943478437,0.027746151228494963,1.1574052782207909,-0.19384476337668996,-0.29068817643267114,1.102949978703883,0.06691094350492835,0.027895054395675675,1.1374858564149948,-0.1532449396837736,-0.43305857740213183,0.8793431576484426,0.18197519260623313,0.03964695414928021,0.90814449820446,-0.1874340245469398,-0.41536899071873795,0.866420990534628,0.16237337260741086,0.07820007800077025,0.9013027155726652,-0.11729270973712357,-0.2578388467183905,0.5050178455316308,0.2612982204301645,-0.11790011044078676,0.5399586961585529,-0.01524956447084157,-0.19279924982281815,0.49854418617166374,0.1726698042882031,-0.1974023216682531,0.5166898640322906,-0.1355798757031101,-0.17108142518838373,0.06099398359688989,0.31435575709251307,-0.09954982073542973,0.07373022401242077,-0.07089207216297383,-0.17157450648704997,0.048815228621865575,0.28579842373137865,-0.15816426727569446,0.07189608603385733,-0.1597103678678776,-0.324983074659771,0.003178059748201788,0.47076207881674464,-0.15750184182227264,0.04909222535697093,-0.08738815260379076,-0.3748594174695499,0.0051931885762750655,0.4755530999469202,-0.22534695544372946,0.058997047556769974,-0.09941917363875945,-0.10217555154930992,0.007050060474099324,0.2504820565506105,-0.09641448075577469,0.030982432707045846,0.1858300493589421,-0.30869174411161515,1.5566242035246902,0.11197401648605418,-0.30068876063359423,1.7528182599231836,0.052093687804314004,-0.34948013627608815,1.6150331456552742,0.09382792940873724,-0.2051430497176186,1.6295160213028064,0.15981379343185567,-0.3372816745659425,1.6068304583189053,0.1722492647192005,-0.27474891733390555,1.611913059516829
107,-0.01584948808702918,-0.307002835384965,0.982153544806804,0.16958688766240393,-0.16559847529064492,0.9946049985359872,-0.08213188093211349,-0.12991704586359232,1.0067851125464322,0.00816223808310668,-0.06023284861910035,1.0117344422049717,-0.019591209336026545,-0.19552652147486896,1.5055885220122767,-0.09337579721907996,-0.3549461794375266,1.4483069902332222,0.13836383769855026,-0.11043829517114184,1.4693167467456691,-0.1895651459720284,-0.3801756791267134,1.1248285393228452,0.15174098962016194,0.030768765650790224,1.1545541190892086,-0.18490399711083874,-0.2934928328534888,1.1053313780211826,0.07050826359953255,0.030616780974315284,1.1353395699140512,-0.1394992007095564,-0.4371111039101136,0.882230948110998,0.18231939801604172,0.04331401197826461,0.9052974170675866,-0.17401386615585152,-0.4202222062899794,0.8691865635300121,0.1621699032694206,0.08174801452292871,0.8986776002004062,-0.11339659924438812,-0.2584348889915484,0.5050660900044117,0.26795957433408646,-0.11478215323217661,0.5387295485081046,-0.011441730292301763,-0.19249097427208114,0.4975457581716298,0.18030847830921753,-0.19493805622241006,0.5154633323252437,-0.13521629178208555,-0.17133833155839256,0.06116348372678679,0.3277577671972407,-0.09869006148676326,0.07326903663268342,-0.07048408909969217,-0.17205685666985768,0.04863084146828764,0.3001633316351124,-0.15791390495180485,0.07160819518585809,-0.1594601574587838,-0.3260389838397358,0.0038628528170443753,0.4865357017755492,-0.15502591093299234,0.05069587880945691,-0.0879431370161639,-0.3762744564909386,0.005631025387717951,0.49256966722799783,-0.22248414213851217,0.061193191962628735,-0.0988817014505651,-0.10216910775958679,0.006781658117478138,0.26434228338705307,-0.0965566723997218,0.030040999434995108,0.19847657929021106,-0.30374695144428615,1.555614434979256,0.1245426033770244,-0.2960741102291292,1.7515699936163633,0.06489644399451547,-0.3459666405503721,1.614154576523454,0.1045611676233058,-0.20087141640143225,1.6280662065239846,0.17276482860795625,-0.33252025073401764,1.6059242315140665,0.18414786505391498,-0.26968263575772805,1.6106307466763812
108,-0.007967084673403116,-0.3084850778459745,0.9815343482946258,0.1768234613187631,-0.1657264603615555,0.9926261393469755,-0.07484945932993824,-0.1321122423912085,1.0064369077470716,0.014891135989532903,-0.06170009316762102,1.0107135107739498,-0.008495831935783942,-0.19539933764298084,1.504739990288717,-0.08038659249724439,-0.35576211667592583,1.44938226084746,0.1480229649145572,-0.1091937906631631,1.4672066614746346,-0.1782615855168326,-0.3847517896956765,1.1273321343603495,0.1563087339632163,0.03156636796391101,1.1516527812531292,-0.175318582867008,-0.29808831845309636,1.1076539263295597,0.07527693739613112,0.031266544930238234,1.1331954471088934,-0.125270241874889,-0.4422139561875926,0.8850291302753742,0.18431278469886825,0.04361819423338349,0.9024947717989972,-0.160135325953313,-0.4261219324861371,0.8719075139401032,0.1636870407370476,0.08201696042666023,0.8960312809042511,-0.10927189090891933,-0.2614595209472416,0.5050637642491842,0.2745884302350136,-0.1145790874710242,0.5371125695325429,-0.007358126449979201,-0.19480657922276348,0.4964664523566884,0.1877932223762886,-0.19523318547485832,0.5140665045699349,-0.1349883353070524,-0.17346209434829019,0.06140263762611288,0.3392037980781425,-0.10063743599774726,0.0724132638388126,-0.07007327148650204,-0.1743913571081755,0.048552610170405124,0.3125599444459272,-0.1603853703215926,0.07091540561418888,-0.15914254921791043,-0.3286025242520957,0.004294894090922642,0.5000912053065011,-0.15570552037759436,0.05123849490135508,-0.08836538875185793,-0.37938091341626856,0.005681880490361514,0.5072069660874274,-0.2230417122301628,0.062238881298954406,-0.09849337930331363,-0.10408735927114471,0.0067259501614687295,0.27624999878756595,-0.09931755022864514,0.02877048373985019,0.21142713363291954,-0.30105737274606925,1.5544830705192743,0.1378385125402226,-0.2936363222957305,1.7504542436653892,0.07828724408136692,-0.3446544271089362,1.6133178513570483,0.11598134195693995,-0.1989546817035237,1.6266501308965085,0.18610107053890923,-0.32998192158846706,1.6049798743255512,0.19657528137233887,-0.2669102579295098,1.6092890938016398
109,0.0004153771543125228,-0.3113603143201983,0.9809762377058648,0.18431207507195504,-0.16702251647187039,0.9905569841497808,-0.0671489954117599,-0.13561974333720758,1.0060132353342912,0.021890540200608162,-0.06451548331371998,1.009599618855473,0.0032868166711212034,-0.19680100635481218,1.503901572744314,-0.0670012712942427,-0.3579820681819727,1.4502204609944025,0.15825100439079512,-0.10928033168272416,1.4651482293239895,-0.16653642070928973,-0.3901107051248478,1.1293469663776086,0.1619881533276602,0.0315559453003886,1.1487680300798364,-0.1652477028081513,-0.3034049036065456,1.1094427303668224,0.08124106414088687,0.030956936092707388,1.1310519229161542,-0.11043031205733092,-0.448359982246242,0.8875834324600649,0.18807297763877068,0.04244758984392427,0.8997881504572952,-0.14567807381375183,-0.4329901378672335,0.8743046008083853,0.16700673341082878,0.08078478291346526,0.8934064269325412,-0.10459129691978204,-0.2660926845494237,0.5052957254165873,0.2810728593111043,-0.11619633926784652,0.5351865239961542,-0.0029173156134509933,-0.1988011906222356,0.4955809485267809,0.19505899781775785,-0.19737504137483208,0.512644553378216,-0.13493531663796002,-0.1768571555535357,0.06179150620922315,0.34861078764918496,-0.10425597940447578,0.07113291181880328,-0.06980042894990138,-0.1778945278223866,0.048643001726957395,0.3229014727437482,-0.1643812689143244,0.06979320902378243,-0.15870022069922918,-0.332063365176982,0.004409237896812631,0.5109054929691726,-0.15835331717885923,0.050648761845090706,-0.08835692839654997,-0.383431736106158,0.00531603484102727,0.5189151150871262,-0.22570492361347527,0.06200089849282087,-0.09855758916127105,-0.10725065207985449,0.007046502822052806,0.2860907505093776,-0.10365775340817006,0.027171457467194706,0.22456310398605137,-0.30022027764531817,1.5528559334141945,0.15196626767823113,-0.29282441605134285,1.7492559575714781,0.09221356121818419,-0.34490130163508115,1.612559993686556,0.12855904156985756,-0.1987572959048463,1.6251591938134637,0.19964481123914557,-0.32920843581668296,1.6036726522931513,0.20965775471218223,-0.26596253670327297,1.6075604782137392
110,0.00983587126223075,-0.3149813107608184,0.9803614289743144,0.19260748367460587,-0.16873188400453698,0.9882286797766903,-0.05868535785214202,-0.13969901341593932,1.0055478442865269,0.029493766438074533,-0.06789500251877141,1.0083523936762067,0.015790127734880904,-0.19853044473341933,1.5028010795903306,-0.05314001323510384,-0.36052413760710417,1.450516076688288,0.16921617083844892,-0.10958225880573913,1.4628756468393436,-0.15432387291741856,-0.39523030350303984,1.1306786296014373,0.16892084406330063,0.03170605365063668,1.1457915403578305,-0.15454118682810422,-0.30843424335470515,1.1104733274631289,0.08848823684388848,0.03063297989113839,1.1288793275573035,-0.09498703474267958,-0.4550461668090795,0.8898744789199554,0.19337687058166786,0.04106456378524448,0.8971270635112399,-0.13065033354029057,-0.4402686102388751,0.8762910496077457,0.1719553466573854,0.07936796375909061,0.8907480345772019,-0.09923373526447775,-0.27149866357989727,0.5058936808966361,0.2878193591885421,-0.11889280801769966,0.532911215535223,0.001994088006335406,-0.2035389754932904,0.49493238286773156,0.20248033556809825,-0.2007593720753866,0.5111535544784279,-0.1352167226928778,-0.18138441732976912,0.0625393161415752,0.3560668047088107,-0.10875226194090061,0.06939756026801641,-0.06996731212020202,-0.1823670326994748,0.049033929173563806,0.3312765593912342,-0.16916510726462033,0.06826992950971857,-0.15830391925890236,-0.3363307645900911,0.004482933600290178,0.5188838026561934,-0.16185592398102075,0.04911074955748374,-0.08810027638255821,-0.3880340678652525,0.004865299913306106,0.5276081227943968,-0.22904799129652836,0.06067011822122467,-0.09932251758472237,-0.11150080003257276,0.007763185865815424,0.29386178194142726,-0.10885174522334569,0.025245777976911618,0.23802507966606873,-0.30029622399603756,1.550512524791354,0.16670615730321622,-0.2927074794452078,1.7475812207931638,0.10661312576654228,-0.34565684255306783,1.6114986451673816,0.14226833330668248,-0.19911443295127212,1.6232117077469834,0.2134816174999097,-0.32929371410628916,1.6017344946512817,0.2234305505808401,-0.2658887598820412,1.6052116018876386
111,0.02041619189831715,-0.31757824036638654,0.9795898395820082,0.20170577690753028,-0.16898899101566517,0.9856436614237125,-0.049491513277910876,-0.1427710026450629,1.0050082011135768,0.03772567207372241,-0.07013925291281717,1.0069609421554668,0.02908316369415726,-0.19895115778210837,1.50160754670527,-0.03876333766082505,-0.3617437969009278,1.4503263255946708,0.18104139303949388,-0.10830067093752627,1.4604998824215456,-0.1416655358049339,-0.3987532363433591,1.1316435115714303,0.17691442038649588,0.03348137171074846,1.142596911765988,-0.143131340508246,-0.3118790674387852,1.1109528030079103,0.09676199377215403,0.03173333749966739,1.1264832817618378,-0.07895282907211554,-0.4609219249409547,0.8920359312930272,0.19993324805706927,0.04111826496156587,0.8942042980308995,-0.11496659366435295,-0.4466783916849851,0.8780700504024809,0.17819471970440426,0.07934491066958221,0.8877611516113402,-0.09308294084776694,-0.275535200961316,0.5067446764932484,0.29497537492000897,-0.12058650202231791,0.5302539983140847,0.007419265065940506,-0.20670608447434569,0.49445443961128144,0.21031730435024262,-0.20332503303666666,0.5094781834183155,-0.13592383261514843,-0.1848717321480332,0.0636238963523303,0.36177171266158004,-0.11142736536176272,0.06723159423408556,-0.07075240846221209,-0.18550708283366366,0.0495816317552214,0.3378422503486227,-0.17211272586256146,0.06631200448221054,-0.15819994894884518,-0.3392690926422286,0.00478846287851336,0.5240129354120296,-0.1635738394912713,0.046443039506234816,-0.08776079623366677,-0.39086103627092883,0.004552186856771043,0.5332662662310235,-0.23033852312435238,0.05795721412075613,-0.10101434626793937,-0.11463825891216176,0.008708637489224449,0.29955470716757115,-0.11216328580471555,0.023049612037003016,0.2521937846587229,-0.2996584761736477,1.5475582850411778,0.18206556003981716,-0.2919094632868527,1.7453650482420953,0.12151423673507587,-0.34531983090443735,1.6099918004094729,0.15700391077373005,-0.1984518141227069,1.6208272641267092,0.2278965956419666,-0.3286359702899635,1.5991663541770247,0.23806258139571707,-0.265110485358341,1.6023439217511721
112,0.032444297480982875,-0.3187163401998664,0.9785338217426169,0.21217373131668896,-0.16740534928236914,0.9827444023816354,-0.03901587409481304,-0.14420957422394587,1.0042601569436445,0.04723593634327641,-0.07054631606860316,1.0053370628300966,0.043910782886696836,-0.19819012727984378,1.5008916622720965,-0.02319121794360118,-0.36183282740953143,1.4500744580912297,0.19440312193260212,-0.10559277593755738,1.458500127573195,-0.1277297589739888,-0.40050055363514186,1.1322131510922548,0.1863222513004813,0.03609950478220553,1.139385200443479,-0.13012106646874788,-0.3134473558393484,1.1109849594463206,0.1063923762700166,0.03347008340105205,1.124018831368052,-0.062009594017578745,-0.46501420005307653,0.8935579943576902,0.20833538631880316,0.041486162357584115,0.8909562758857406,-0.09820832012000422,-0.45131509297144407,0.8792488659727837,0.18628354626362975,0.07966043117060487,0.8844798397536963,-0.0861448282627234,-0.2782531524850479,0.5072681500831093,0.3032064925167764,-0.1204897571181827,0.5268990128609015,0.013703500820739059,-0.2082582767239149,0.4935501011231807,0.2191899189801002,-0.20417142774110061,0.507131104525476,-0.1366905923399132,-0.1864425793864621,0.06425219225670581,0.36696672231369193,-0.11122475394691778,0.06385406308046375,-0.0716759931395478,-0.1864789214927575,0.049450874101249986,0.34380533640474764,-0.17227959240395693,0.06304843181278319,-0.15846718410731592,-0.34022540234903975,0.004685742667614528,0.5277069866503723,-0.1626373627295842,0.041639200858299155,-0.08764077931999395,-0.3913652364863023,0.0036466212440731593,0.5374204963350766,-0.22898122726403602,0.05274419832091617,-0.10298891694825243,-0.1155523494254158,0.009126006706859273,0.304312810518299,-0.11245040415489517,0.01988632856585364,0.2681423626123165,-0.29800033215301125,1.5445322830205115,0.19922355513769596,-0.29073138423164757,1.7432052499088182,0.13792993136425621,-0.34409866566356573,1.6084785285208874,0.17322246041315562,-0.19708062568181,1.6188107635752975,0.24405863559486313,-0.3270147009632304,1.596444795358937,0.25437283161940105,-0.26345848253631365,1.599550625284463
113,0.04541934198821878,-0.317661929897575,0.9775404930309248,0.22369272763918918,-0.16347841036229935,0.9798575457776664,-0.027616416134963677,-0.14327569189409983,1.0035744911958149,0.05775446408024687,-0.06836790167609837,1.0038116659066063,0.0601371118113496,-0.1958965571359736,1.5008023469598395,-0.006311045765894198,-0.36054186596346405,1.4500888438921828,0.20915314086643566,-0.10125486364836168,1.457123258455487,-0.1123777628658961,-0.40073742476260155,1.132760751646098,0.19701370667668924,0.04017657724270733,1.1364904101022708,-0.11564120634131679,-0.31336608064564064,1.1109957107757038,0.11707570801628596,0.03666758489583409,1.121785231739457,-0.04382293691612783,-0.46711780040587325,0.8944961867985037,0.21873048557099872,0.043038322679277985,0.8877563300228439,-0.0800884079313158,-0.4540945610568369,0.879992934932525,0.19628421124469786,0.08128027376499693,0.8813297150506688,-0.0786640075570303,-0.2796563129652648,0.5075742166451382,0.3125034153892764,-0.11821901712053352,0.5232878399553877,0.02074253798150437,-0.2082490097710412,0.4923408091201077,0.2290136815569737,-0.2028071572599915,0.5044605568831747,-0.13747774147772773,-0.18581373221369527,0.06456095863805063,0.3720369735822325,-0.10836267858586333,0.05956067717801095,-0.07261847832008896,-0.1851741575315442,0.048905513015110855,0.34940745195441103,-0.16986692410048454,0.0587759732785264,-0.15902637802968309,-0.3391036984883752,0.004326751912116517,0.5308038972085666,-0.15958746217754835,0.03490564218039786,-0.0878283874957706,-0.38965068411516623,0.0023533907844806214,0.5407722719522715,-0.22572576775140965,0.04549068944881827,-0.10505921916808757,-0.11401622112400275,0.00928361761726824,0.3085909477026064,-0.10981057464755198,0.016174849804900023,0.28595004832039317,-0.29448641129842124,1.5418469213806625,0.21819684301758227,-0.2884301455801131,1.7414035314347862,0.1560263746371688,-0.34153966786251777,1.60719766078591,0.19051316683266756,-0.1943253928663787,1.617309648306107,0.26212364658050946,-0.3236327078481616,1.5939793914174585,0.2722985301872229,-0.26004577055479183,1.5971951494672278
114,0.05846067243489769,-0.3154922582327314,0.9768196459812858,0.2353434839441109,-0.15846565805317578,0.9773206879703509,-0.01601030423836876,-0.14111658221233478,1.003175600587434,0.06851223888435228,-0.06487763548576019,1.0026659923563188,0.07722548357528396,-0.1931985598607488,1.5010875764373295,0.011622577311301636,-0.35888437069971546,1.4504096009993939,0.22455300734516562,-0.09637234316058209,1.4560810298668245,-0.09589515706615123,-0.4009030731539921,1.133512897643707,0.20847661401754744,0.04518734876897431,1.133962810102784,-0.10028811191547167,-0.3131923308404106,1.1113256420802302,0.12830968723507713,0.04088289174639068,1.1198958002907182,-0.024912776331591554,-0.4682781270092687,0.8949455571941269,0.23074863199173343,0.04533358737019483,0.8848573356174781,-0.061266663567724186,-0.45602908832089983,0.8804702950335912,0.20786500826100643,0.08370366634300894,0.8785483867113674,-0.07105099098654531,-0.28035615522544916,0.507891600171549,0.3222253270353971,-0.1152299241076462,0.5201202148798054,0.028075299730806302,-0.20763368900121587,0.4911842504473869,0.23916693276641987,-0.20071543483911353,0.5021365026704482,-0.13837734157595338,-0.18352113725677646,0.06503792876050912,0.3766281135735026,-0.1049438069002204,0.05531046480072426,-0.0736582131665975,-0.1823986771068741,0.04855131035021926,0.3542795910058546,-0.16687292940904075,0.05447801395893897,-0.15986179167561168,-0.3364287626753444,0.003996831491813294,0.5335357227991011,-0.1563572914185135,0.02755581098081446,-0.08840180637012277,-0.386453419601052,0.0009807731312108656,0.543705505166814,-0.22249127479244327,0.03759751152675802,-0.10721146335865793,-0.11082848869685788,0.009786025806637254,0.3121391214127114,-0.1063977507415917,0.01283986005572942,0.30490846414011064,-0.2899459388041535,1.5394209951836295,0.23869237924561146,-0.2854826115862921,1.739923205377148,0.17544046471255756,-0.33845860218455365,1.606214591775641,0.20852674944647498,-0.19089863533785942,1.6161059260731876,0.2815598874969944,-0.3193290568750544,1.5918095109731276,0.2913146941713719,-0.2556145546951296,1.5951378492598032
115,0.071140395923171,-0.3136728130285065,0.9763794611751205,0.24654661667287403,-0.15409673280101047,0.9753625390303988,-0.004593266591777105,-0.13956721471709113,1.003281082009397,0.07899113510901129,-0.062063153133321246,1.002227353241256,0.09444559626543725,-0.19168719929975472,1.5012518201951226,0.030191871132924004,-0.3582612272828253,1.4507994656154721,0.23977620825417906,-0.09244692929867897,1.4549906386319333,-0.0789700874417903,-0.4028576714917347,1.134554470959863,0.22005332470696704,0.05025329365795271,1.131978283884441,-0.08484629324709805,-0.31492576596465593,1.1120934218152505,0.1394869610474608,0.0452008721965967,1.1185667528428591,-0.006171336282228943,-0.47084528229174244,0.8954894324238994,0.243426149780989,0.048116467528963876,0.8827377076512062,-0.04276637121625626,-0.45930433525634307,0.8812317930216197,0.22005816967618735,0.08665887112070497,0.8765597193131195,-0.06338260307333844,-0.28117573435198123,0.5085459666096481,0.3317654988223864,-0.11330943857324319,0.5181232044805227,0.03548907738909611,-0.20750876686449118,0.4905483863924199,0.24886967652675965,-0.19962974799426872,0.5009439236048134,-0.1392182793212929,-0.1803920178104177,0.06652407883895485,0.37991859595979405,-0.1031379971487896,0.05239347038217281,-0.0746964363989574,-0.17909811790640393,0.049318883409021866,0.35749528716344725,-0.16531866946814655,0.05150150578940361,-0.16065271809050397,-0.3327505724439965,0.004285663244405543,0.5353550883729636,-0.1554249933302638,0.021534587260421994,-0.08922879548364254,-0.38225576978771186,0.00024730097760925266,0.5455835900372732,-0.22162362267024666,0.031067842952147803,-0.10919989701437172,-0.10715606496940983,0.011548302975293917,0.3143627626482157,-0.10432100394730141,0.011030366717430561,0.3238629208755572,-0.2866585783886121,1.5368374965820017,0.25968903507625746,-0.28346750045957936,1.7382780322663636,0.1950831456705353,-0.3365180753413161,1.6051783579690049,0.22689305854522565,-0.18832065451037117,1.6146622806792685,0.30117565618317854,-0.3163227321572986,1.5895533851801404,0.310508494894894,-0.25231249434265324,1.5928858833532278
116,0.083604800663765,-0.3129950328343232,0.976248276289664,0.25728031071293755,-0.15128561171258972,0.9741523669031811,0.00663234299019373,-0.1396141599340691,1.0039152744988515,0.08922448106546518,-0.06101553667269272,1.00254873892597,0.11160598228227293,-0.1921918631613367,1.5011066887840039,0.04916818337003498,-0.3593261867078195,1.4511235773416344,0.25465431862380017,-0.09028094416082207,1.4536110670638465,-0.06191761721492956,-0.4069191511167825,1.1358946655210205,0.231860684041809,0.05437821703780048,1.1303116748942539,-0.06945847225632179,-0.3189803545089723,1.1133106017231258,0.15083997529910192,0.04869689546240756,1.1175575419187203,0.01213564565439484,-0.47585393840176937,0.8964828226767909,0.2566943808326625,0.050443339633003445,0.8813204396831567,-0.024889412439993052,-0.4648509414834871,0.882545867518556,0.23294249071161022,0.08914192580854086,0.8751824698879535,-0.055252224599412494,-0.2825318324213613,0.5098580514049622,0.3411273356297184,-0.11338655612232017,0.517543931867723,0.04317093738834364,-0.20840509206312174,0.49077889568751887,0.25810186618791486,-0.20036318709236534,0.5012090452176452,-0.13978263623632278,-0.17738581836029038,0.06948254621503125,0.38154982342987587,-0.10362282473003225,0.0514508573991579,-0.07548314200566054,-0.17622232836418206,0.05166439035823575,0.35882110923938515,-0.1658265319740422,0.0505891693237768,-0.1610457907362529,-0.3289938451231092,0.005623881103883939,0.5360455905175933,-0.15709736466185026,0.01794484527744811,-0.08992250733464038,-0.3780311077633439,0.0005941247245411782,0.5462432499454454,-0.22329104816300496,0.02702145064241967,-0.11082881641399633,-0.10405852727841228,0.014983630696497927,0.31503047374978055,-0.1043060170198361,0.011132995481748257,0.3424701954051702,-0.2858599105647394,1.5338444461028784,0.2809634219744717,-0.2834048922917678,1.7362165077109835,0.21460034030900318,-0.33662188191674514,1.603907371761164,0.24562583925206732,-0.18750930063852478,1.6126923437572784,0.3206392782424972,-0.3158809852905753,1.586942919081501,0.3296600628452355,-0.2513901065805087,1.5901669866399932
117,0.09605028044428804,-0.3134096287324011,0.9764129695168328,0.26792047702351174,-0.15005225274364256,0.973655090303716,0.018009831896874946,-0.14098537612258472,1.0050724542389349,0.09966575747628653,-0.06152592069624443,1.0035506788105908,0.12883215600794032,-0.19457935452737576,1.5006087917749418,0.06849050642907555,-0.36211171861654995,1.4511402218365066,0.26960330205341393,-0.08999196738546697,1.4519554519235593,-0.044709030423785386,-0.41216630223325135,1.1371271856157954,0.24427865257429135,0.05721684419676405,1.1289158463944038,-0.053842908594063085,-0.3243522524235088,1.1145272911743862,0.16288524305259305,0.05115028076316849,1.116815722008956,0.030294059351297337,-0.482859590191181,0.897803619622988,0.2708223439677106,0.05157344906704042,0.8805161253910097,-0.007283207187810952,-0.4721956780159132,0.8841068575780984,0.24691290070784833,0.09045914662390676,0.8742582274448265,-0.046650314668360976,-0.2850625904256408,0.5118834047724825,0.3506128799665485,-0.11504216137278091,0.5181011566096713,0.051168646710905596,-0.21079047196007605,0.49177675391364895,0.26721825026451884,-0.20240524403467477,0.5025760147947784,-0.13998462111282897,-0.17570319192823303,0.07377789911280272,0.3819430743844156,-0.1055532106268037,0.05210902228974288,-0.07595479475867385,-0.1748834963133614,0.0554516992426869,0.3588421197303728,-0.1676444035872523,0.051368874149223843,-0.16118811711701278,-0.3266406733176173,0.008250347394246405,0.5359994933967999,-0.1602443990608955,0.016688979913375618,-0.09056870916956826,-0.3754001832811416,0.002118909184044583,0.5460902166189124,-0.22634367457727306,0.025390126697606527,-0.11202445594170526,-0.10242591570416251,0.01984136119063128,0.3145813889379036,-0.1056122986932627,0.012653867055933028,0.36074351371156976,-0.2875955175092255,1.5303894431822544,0.3024394796679738,-0.28556792613842774,1.733660856986455,0.23400745632108524,-0.3388472720716303,1.6022472055040102,0.26471078663612135,-0.1887069239852519,1.6102792865310371,0.33987099512025004,-0.3180614077823216,1.5838533588486674,0.34872264571522343,-0.2530086663002128,1.5869511494496773
118,0.10828450459504789,-0.3134775825569296,0.9770694275472429,0.27851873561331414,-0.148978015710152,0.9738797577529756,0.02942663521674582,-0.14204367315459548,1.006779561120752,0.1103752127576202,-0.06197372875420967,1.0051592425435332,0.14574959655043218,-0.1969971397875668,1.4999655452894731,0.08746514365117716,-0.3648745708446661,1.4509111969324309,0.28467334857986104,-0.09009882393873672,1.450277077330331,-0.027813519145881163,-0.4161884223671086,1.1382833237300152,0.257308238624889,0.059803051384584166,1.1276528661081098,-0.038277726365924296,-0.3285598825295628,1.1157462687749926,0.1756534844547617,0.05359129417673601,1.1161350955215619,0.047991427115478,-0.48898752360936143,0.8994776415938207,0.2860354671396624,0.05257393962329535,0.8801215570247849,0.009858315704221155,-0.4784857602725357,0.8859044819964026,0.2621186048820063,0.09158621361260282,0.8735822282349113,-0.037803957767073806,-0.2879538311350941,0.5146334081361087,0.3599390929133832,-0.11648141446658088,0.5193807085647781,0.05926389705177687,-0.21365083944979696,0.4935113185607823,0.2760424644721056,-0.20390954033982978,0.5046357701095551,-0.13997698751681928,-0.17494042891211026,0.07905412241429514,0.38141360098105404,-0.1068051197667478,0.05360485702337585,-0.07624415611315753,-0.17452601086301903,0.06031110495832649,0.3579954249201495,-0.1687252472348709,0.05310333977860791,-0.16131288374356528,-0.32536270550850355,0.012034631350039536,0.535136375059287,-0.16261271467631036,0.016804444086138993,-0.09125763376668505,-0.37394355296286275,0.004622226799173742,0.5450647480298011,-0.22855400245777552,0.025313992662147143,-0.11303436773541461,-0.10169916438586349,0.025708404059751423,0.3133617658522161,-0.10622057278974222,0.014864362596290842,0.37844995202265974,-0.2897557739264498,1.5266314797879361,0.3237331169069442,-0.28828470111632787,1.7307278717442272,0.2530440980082583,-0.34139514284386424,1.6001688803625758,0.2835183483946921,-0.19025751342927988,1.6076664525945015,0.358629099384084,-0.3207624595748081,1.5803472070420086,0.3673648578196894,-0.25514192966944993,1.5834341970109382
119,0.12046237517529014,-0.31285306563061993,0.9783851287602913,0.28936644103029574,-0.1475603745613806,0.974741063027031,0.04112069162791251,-0.14213471990404855,1.0089123678928884,0.12159185399600186,-0.06167224188487213,1.007139356949223,0.16241381984901715,-0.1982397947938999,1.499543313570033,0.10583351674489662,-0.36663292250557195,1.4507077997433064,0.3001479012143169,-0.08974606883086411,1.4488033189920857,-0.011225672555007367,-0.4183053340597082,1.1393085785396593,0.27128264540665487,0.06222818331046691,1.1267127763444003,-0.022746241134897805,-0.33088842739879387,1.116906647063841,0.18946934191334783,0.05608789062297041,1.115621826617766,0.06476397627889702,-0.4924936468769501,0.9012031415206527,0.30295917956524565,0.05315200357935968,0.8802814278454522,0.02617157831552805,-0.4820855867340054,0.8876187586649866,0.2790987870166738,0.09214421310594183,0.8732687758868177,-0.02886973731460911,-0.2909235931516456,0.5179012090501607,0.36881083877119886,-0.11688499844471582,0.5207708242170387,0.06739444007834895,-0.21673663465734697,0.49577891214937264,0.28447603953030315,-0.2040310013600265,0.5068256986807453,-0.13967486347831062,-0.1748872324604984,0.08484263386658708,0.38061302622820936,-0.10646230776031272,0.05514200900820996,-0.07625074040610332,-0.1748830340396619,0.06574573790630522,0.3569057810053885,-0.16818738783146125,0.05494018333729778,-0.16163839188617796,-0.325033238884616,0.01667263885369386,0.5338945615426223,-0.1632905531327737,0.01727016839599253,-0.09210847538479382,-0.3736707517243163,0.0078016002864860125,0.5435516560207604,-0.22914451134240402,0.025794286331728398,-0.1137051993418895,-0.10150457279381224,0.032025962310435946,0.31199290528301993,-0.10523001712361886,0.01703501330090102,0.39544294522997564,-0.29075431572297583,1.5229913065307894,0.3446149433609136,-0.28987878027137326,1.7278458735303701,0.27166226901099666,-0.3427401328738988,1.598145595015639,0.3019083150272811,-0.19092083861122477,1.6054435001398164,0.37675972802055424,-0.32225230587381026,1.5768964799243892,0.3854028401952508,-0.2562195362963153,1.5800469963070753
120,0.13259716812349517,-0.3132917598035576,0.9802451545003255,0.3004258729306017,-0.1473453372624551,0.9759139491349833,0.05290711411104232,-0.14296531172641314,1.011289755018763,0.13301508991252972,-0.06226392052629064,1.009285687460014,0.17869396957501016,-0.1996176813955705,1.4996366133500387,0.12340688841979638,-0.3687782130028643,1.450999110862434,0.31589120149888633,-0.09025594867226971,1.4478763706848756,0.004623678548856314,-0.42071808240560504,1.1406431260406191,0.2863177226796335,0.06352616475829677,1.1264093948733225,-0.007798161320401655,-0.3335084393919819,1.1184038719734672,0.2042255878271796,0.05754564181529642,1.1154525264715707,0.08006739022696671,-0.49536869790266147,0.9034835685073888,0.32189540472240125,0.05245920172353535,0.8812213162958037,0.04114116408681138,-0.48501288023132366,0.8897343666070625,0.2980364231666609,0.09133629188344732,0.8735841247896605,-0.019672366572576174,-0.29580235040440217,0.5214482673410094,0.3768173296692671,-0.1179016780275039,0.5218604650879819,0.07578109546999075,-0.22180650333824628,0.4983317357995997,0.29206614134768066,-0.20451178582387217,0.5088376023931064,-0.1388414889480553,-0.17697537432418575,0.09089615584177929,0.3796846785006484,-0.10665199450787997,0.05641924843903469,-0.07583719857817231,-0.17722845172069576,0.07141711099525477,0.35565452050700574,-0.16820252005533276,0.05652395326156986,-0.1619303008908732,-0.32667494232795413,0.021403326671476115,0.5322085624970049,-0.16453454513151292,0.017551802283924712,-0.09294102751315166,-0.37533231877988943,0.011054554969648545,0.5414660228285768,-0.230427222898772,0.026227732495120434,-0.11384130950380865,-0.10340065344142549,0.03865041048593511,0.31065449902420245,-0.10476786927952765,0.019005103230565895,0.4118028202064322,-0.2917555887862612,1.5198971177512617,0.36470462536073417,-0.29128540866871727,1.7254767254034815,0.2896891273687604,-0.3440634429300354,1.5966395977355334,0.3197757435220156,-0.19185417375761205,1.6039895768336998,0.39423683818491595,-0.3236133101000527,1.57398609603667,0.40279404995019635,-0.2572906930405686,1.5772156545364844
121,0.14475934629270326,-0.3152087969424183,0.9825162174092097,0.3115982099656111,-0.14854225693537665,0.9771969545995621,0.06460133229820564,-0.14509705985710025,1.0135879504400946,0.14432988500880384,-0.06417101851807651,1.0112823544309242,0.19463547779467516,-0.2014324729414974,1.500558892996313,0.14021158239790465,-0.3713294446558883,1.452198799959657,0.3318122174671516,-0.09171089202683255,1.4476815773671488,0.01968472533608181,-0.4241071326219194,1.1426931050290414,0.30283699597947333,0.06301288774654082,1.126796761589687,0.0062371650100357025,-0.3371396642414526,1.120454163098879,0.22017738562112135,0.057397988914804715,1.1155728633217696,0.09439782138211876,-0.49782538524679504,0.906359950105064,0.34338385556150725,0.04856518131972816,0.8829990052974716,0.05523722643603046,-0.48757838756633165,0.8922772914687963,0.319627805611963,0.08731109424495043,0.8744928548739245,-0.010071179030350166,-0.3025895550099316,0.5248107610134506,0.3838406004075138,-0.12000688115683689,0.5223442554929836,0.08453541331428839,-0.22882592095887133,0.5007970201975576,0.2987736662181356,-0.20591503028888,0.510399225586285,-0.13736187567730546,-0.1811042135909053,0.09684002782783656,0.37900158191664574,-0.10808176059100358,0.05713939590325819,-0.07479040587838678,-0.18130808468600468,0.07682780305916559,0.35464683872671476,-0.16948216816244158,0.05751145065356501,-0.1617974463252803,-0.3299305364644919,0.025695494205433794,0.5305010736941985,-0.1671681480509683,0.01728626479373052,-0.09320093464943731,-0.37838383320244146,0.014008536159910595,0.5392289395248484,-0.23335711519591015,0.026190885228551865,-0.11328898059471422,-0.10739032571671862,0.04516685745896863,0.3096409606422733,-0.1055241201511752,0.020450761299763115,0.4279781139006947,-0.2933462995865596,1.5177106174764008,0.38429183766703023,-0.2929939031884979,1.7241494959135197,0.3071770881297273,-0.3457048395243598,1.5961202212994428,0.3374526404008053,-0.19342643023719588,1.6035637888581458,0.411433514324908,-0.3254658947345347,1.5720274836648283,0.41998199042440976,-0.2589197561213507,1.57534025115543
122,0.157063785178732,-0.3179615178497961,0.9848972949548589,0.322578906845169,-0.1502888069812538,0.9784457106714303,0.07598394203203418,-0.14835423438544765,1.0157712445530511,0.15509547184893704,-0.06702222349787479,1.0131665655746542,0.21022425109173035,-0.20336100090163045,1.5021014591675617,0.15659357882317904,-0.373857668664673,1.4542033694695427,0.34760271282538174,-0.09352324034495221,1.4481130511261304,0.03411334993029852,-0.42839876723012954,1.1456335620269258,0.32046098117818145,0.06109686801109236,1.1278410860550057,0.019328041293343094,-0.3417783097990836,1.1231448494341516,0.23701922566066935,0.055944793901724695,1.1160350335336287,0.10847724233262691,-0.5002787264119415,0.9098471188669375,0.36660526331115617,0.041905079188508484,0.8854225371024375,0.0690977051393209,-0.49025604126796607,0.8953424102844215,0.3430725036981154,0.08053026806793015,0.8758482983901275,0.0002798492999763302,-0.3102525294800859,0.527739207073747,0.39003726074342154,-0.12251762943128314,0.5223714134344103,0.09387635297386998,-0.23667454897265425,0.5030017571202754,0.30486848029069624,-0.2078602337477262,0.5116377330196878,-0.13477767111978817,-0.18620400094306916,0.10257064310578891,0.37870327243747703,-0.11038274683733894,0.057494740911172876,-0.07268739421055319,-0.18600323584182385,0.08182401301963031,0.35427164609439915,-0.1717235752765274,0.05814520727281725,-0.16049299054164692,-0.3335555907085607,0.02933230860930377,0.5294167849791208,-0.1705160571429369,0.016870911027185624,-0.09217904670284366,-0.3813446962490933,0.016455942700238473,0.5376385571035528,-0.2371055869629492,0.026129753244383803,-0.11163168581965674,-0.11251480290247445,0.05147202281536139,0.30900467825616623,-0.10731117879763494,0.021525864415556293,0.4441904808602708,-0.29565041448625534,1.51645007656164,0.4033485293754583,-0.2949552554143248,1.7237851944719895,0.32407760835741267,-0.3475665020035566,1.5965196724758848,0.35510304374920376,-0.19537615968450528,1.6039562970822365,0.4284465815013099,-0.3279431446512018,1.5710123679561636,0.4371718431197787,-0.2611847623018265,1.5743680802835893
123,0.16974275467614336,-0.3211198527808885,0.9871877788013408,0.33344647405456285,-0.15198757771995547,0.979660447891734,0.08702696881626079,-0.15239121624403024,1.0177945917553317,0.16527073813458865,-0.07035973478080397,1.0149645613340608,0.22552816378030524,-0.20502187727843763,1.5041106260016,0.1728341226858794,-0.3760283833346501,1.4570506563112586,0.36309488534690604,-0.09514484242072975,1.4490248904277254,0.048384301171120546,-0.43315151161817117,1.149402137282616,0.3386687208865031,0.05770246025434385,1.129216660216764,0.03187242288020158,-0.3469277006270185,1.1263999003758864,0.25426948178482606,0.05313663671163739,1.1166619509757345,0.12330649283770827,-0.5030239121964649,0.9137845700166981,0.39087821825568825,0.03166832932085683,0.8882859618062724,0.08354649915694698,-0.49335516446230676,0.898838101256703,0.3676468348900727,0.07032563358704247,0.8774337806994648,0.011747594261224167,-0.31817538404172857,0.5300310946386947,0.3960159542516479,-0.1250877706103208,0.5221086287060738,0.10412683608105872,-0.24455135866066102,0.5047937929655264,0.31095062977390486,-0.21013042507307314,0.512679300128607,-0.13035755622143724,-0.1917214555779407,0.10754964067407066,0.3791238318315193,-0.11287773279925012,0.05746148677999763,-0.0687216199307902,-0.19070205042247135,0.08606671457699888,0.3549824706463073,-0.1742180416039121,0.058438989675404805,-0.15705940777120528,-0.3370355670769996,0.031798405111064285,0.5293574570725139,-0.17368038577078218,0.01649654707102792,-0.08877012483036542,-0.38355428865003593,0.017984893803180555,0.5372405594913329,-0.24070569593073926,0.026139305410286147,-0.10818091444501969,-0.11815379054994093,0.057116174437463293,0.30908160210482843,-0.10946149824065925,0.022160401466079418,0.4607279157815423,-0.2981194912717076,1.5159077406473664,0.42245893180344385,-0.2967495737477778,1.7241350145559275,0.34082321240018326,-0.3494032328631767,1.597719126795548,0.3728903430841534,-0.19720394604040917,1.604962650696092,0.445643094695328,-0.3305354936263447,1.5707302504506016,0.45463137716679297,-0.2635463518113091,1.5740469076211119
124,0.18220356915303332,-0.3226145245742604,0.9893934471669387,0.3436569473422566,-0.15171153793092884,0.9808259706547044,0.09748444758379948,-0.15501466853588994,1.019819483256398,0.17469382927029906,-0.07211581325089444,1.016801161284296,0.24015599919748995,-0.20458154522091643,1.5059493615773263,0.18864156368513915,-0.3761904162137123,1.4601054603590546,0.3776535987193318,-0.09468950149719248,1.449916405201504,0.06271989253058287,-0.4364845480882811,1.153437574190372,0.3556324573143611,0.05554409604924711,1.1306714452096387,0.04440956536639623,-0.3506899036674165,1.1297629553062896,0.2703774752489907,0.05151301848738057,1.117466073775918,0.1390247905235933,-0.5057795728105156,0.9179804132641907,0.41386196995980484,0.02184046922109502,0.8915732823156819,0.09882067873353728,-0.4965674097443792,0.9026463035415755,0.3908911219066489,0.06065414439047411,0.879414426517626,0.024037579431264344,-0.32450789469918667,0.5321342729776191,0.4016485813706055,-0.12579414954036144,0.5219876843049956,0.11505959920149621,-0.2505408755199455,0.5065564708709497,0.3170049893229602,-0.21087647943371954,0.5138456392834501,-0.12405813853602411,-0.19639418002108727,0.11210907898893396,0.3798930758875715,-0.11324425327658459,0.05768337031861639,-0.06276891898240836,-0.19439832214520855,0.09005971097563617,0.3563452767724809,-0.1747078150100037,0.05902535743668595,-0.1509439252638964,-0.3399382441892389,0.03398239802908854,0.530244422224306,-0.174292871434799,0.016826234164637164,-0.08231358908694232,-0.3849519446285502,0.019493874933115732,0.538300653576697,-0.2416978224831167,0.02681252544807551,-0.10301566522782991,-0.12277192945035931,0.06231404643983267,0.30944870241720723,-0.10968573405517715,0.02298847103575637,0.4768470871554372,-0.29834815905758705,1.5154778364450512,0.44086784870599754,-0.29617476048634606,1.7243400337262138,0.35703598222396193,-0.3491897679973961,1.5989254115979519,0.389884336846149,-0.19666937176760352,1.6056945290509548,0.46229055635553695,-0.33080148750529415,1.570537497613802,0.47146336563121305,-0.2635627933911025,1.5736502253540585
125,0.1938362294294723,-0.322404119271852,0.9915004477837965,0.3528686755460065,-0.14955309736996367,0.9817609514231196,0.10702260994617714,-0.15587531874216468,1.0218609513593289,0.18317602478499373,-0.07208059028163585,1.0185749687999845,0.25366134689071107,-0.20206792390176748,1.507266552419666,0.20341915722226864,-0.3744927891229308,1.4628604779999272,0.390719103009989,-0.09214148045409142,1.4504816240705583,0.07657990708939998,-0.4378828916137256,1.157335574310623,0.3699353505408588,0.05585847027840293,1.131899298107877,0.05674372299837921,-0.3524168605974603,1.1329298806825818,0.2840158684522371,0.052187298163986824,1.118217530472346,0.15487401384123506,-0.5086915699981279,0.9223938409179557,0.43389730375736896,0.014778734882877294,0.8951907636710504,0.1142868672206922,-0.4999653401661674,0.9067364087299419,0.4110353417107726,0.05387567427985234,0.88190224699685,0.03664337934380553,-0.3291747452179256,0.534410462999784,0.40659512980326024,-0.12474224781129728,0.5222072825864862,0.12637127724309363,-0.254563167617906,0.508560185582697,0.32254585515077083,-0.2101767581243396,0.5152599755381905,-0.11596800171018656,-0.2005556859386874,0.11633059336803106,0.38036671620915596,-0.11158771878368538,0.05846254891448772,-0.054830225754742765,-0.1976100176627687,0.09402512643948586,0.3576059480084711,-0.1733436269206217,0.06020482276788605,-0.14180790658819195,-0.34294294283502114,0.03588519466949725,0.5312784077679815,-0.17259278059228958,0.0179071401616477,-0.072405562409061,-0.3862806167496079,0.021078090453130197,0.5401035502674149,-0.24017479772002348,0.028081790618261673,-0.09629526940178014,-0.126572538992633,0.06724635806235445,0.3095119127601415,-0.10801910480885193,0.024320678665030647,0.49177752217548665,-0.2962176066001469,1.5148802161183457,0.4576726852967899,-0.29297881716112906,1.7239967766464606,0.3721222956910091,-0.3467899853701381,1.5997358541142739,0.4051764315293238,-0.1936032453770765,1.60568502012093,0.47762109525885477,-0.32851615025447206,1.5701336114550777,0.4868028089387168,-0.2609877053570828,1.5728317178926987
126,0.20437003863252418,-0.32093736359908903,0.9935820419158239,0.361270129258124,-0.1463971396451653,0.9825585139128079,0.11584906571060709,-0.1551946077909197,1.023894732217931,0.19115948076043934,-0.07071448145217384,1.020252053512127,0.265951090201373,-0.19817516296439225,1.5081080978546306,0.21674336643306297,-0.37154747295686436,1.464963477462166,0.40242046167601164,-0.0883271786138001,1.450714214449572,0.08958226925531311,-0.4374127058300232,1.160449519965726,0.3816920620937965,0.05838427901158883,1.1329004765586268,0.0686440462034365,-0.3520956367423608,1.1353110911254856,0.29540517215599077,0.0549333900720108,1.118829302615089,0.17038063677456386,-0.5110382981686405,0.9264532470136038,0.4509279936676843,0.010665963420631102,0.8990445945596527,0.1296555755136038,-0.5028519372201382,0.910451876664833,0.42820905348324484,0.04995668910506586,0.8848390205448456,0.04917628501600151,-0.3318494868348925,0.536773487964728,0.4107551247455147,-0.12245508591088727,0.5226342576553404,0.1378154491351142,-0.25653348835112233,0.5108200683847879,0.3272365450012446,-0.208232086626855,0.5167536284298647,-0.10581122570122084,-0.20427317816642748,0.11975241835216105,0.3805005752603151,-0.10847492756497773,0.05955437180441076,-0.04466858507242465,-0.2005386692384249,0.09754519796912275,0.3584354861859501,-0.1706229031981817,0.06166588213883682,-0.12956528958762395,-0.3464452392220285,0.03740483862467312,0.5318643441599861,-0.16980688525142384,0.01919416113736716,-0.0590836755977149,-0.388264907071037,0.022726720591799532,0.5417196080379034,-0.23746264226925945,0.02943208403153423,-0.08758421962595822,-0.12962783721010201,0.07131400681700546,0.3093607404314205,-0.10481066428532564,0.02583003638277028,0.5049971524422523,-0.2927908709706134,1.5142367597207596,0.4723082244577434,-0.28822064610494,1.7233055965083477,0.38552796011344076,-0.3429325655100411,1.6001778409981817,0.4185620996834498,-0.1889792625729218,1.6051076182460546,0.49108715859384217,-0.32476682904406057,1.5696184684978578,0.5002397519181363,-0.25696541856214233,1.571803956386257
127,0.21368563636190255,-0.31927426369350337,0.9953829211921488,0.36881074173068396,-0.14354463950786298,0.9831493787453486,0.123946495618625,-0.1541826001644406,1.0257790536684492,0.19865968680903598,-0.06934573780731534,1.0217734154255844,0.27684779274499327,-0.19447085624001875,1.5084249909835383,0.22844269078684337,-0.3687259498140305,1.4662761597086358,0.4127059856907317,-0.0847360182807711,1.450592953327781,0.10125112571834655,-0.43636502782109254,1.1627149048637295,0.39123324760671696,0.061894361563133826,1.133688573071782,0.07956514879098481,-0.3511485202549189,1.1369719603081978,0.30487739086250226,0.0584470177649562,1.11929353606329,0.18478962409052135,-0.513363166344069,0.9300633716888508,0.4650671244820676,0.008199998356277775,0.9028838646726156,0.14418514444161296,-0.5056181610400456,0.9136625960642961,0.44261488395939347,0.04750756507652419,0.8878955852718419,0.06150548531768064,-0.3332621064983633,0.538918919345925,0.4139203117965806,-0.12018187246480538,0.523083680004106,0.1492397937021651,-0.25744382992963494,0.5130879205597234,0.330804949020696,-0.20619508460106328,0.5181981152836073,-0.0930437933445624,-0.20846139563209917,0.12203159425286308,0.3799141748737148,-0.10573498323202901,0.06084833838233645,-0.03184873553606474,-0.2041288983416189,0.10023041539975854,0.35843814569063775,-0.16831708737454765,0.06333422626956159,-0.11397013145885032,-0.3512041074359898,0.03814132845649792,0.5314601386956991,-0.16735460136439384,0.0204849003151732,-0.04233678981564321,-0.3917645929968866,0.024056905547198887,0.5423402731671452,-0.2348412243457119,0.03079876432811327,-0.07611282207769933,-0.13328965271262383,0.07406757785859276,0.30867810335361046,-0.10204896025780663,0.027371826679551636,0.5162694914795626,-0.2897640112585927,1.5135610445495205,0.4844052249362565,-0.2835041399152422,1.7224230560029485,0.39691052472989014,-0.3390672934121121,1.6002483019993106,0.43005653125021054,-0.18455204919602564,1.6041184995404918,0.5024412882220768,-0.32135572000230817,1.569032966010414,0.5116531516393135,-0.2533127905007532,1.5707120060296975
128,0.22177205737734787,-0.3186554281119777,0.9966819067683723,0.3754717164577299,-0.142201170021133,0.9835643322681664,0.13127767233462445,-0.15430419604453716,1.0272448502779943,0.20561407380820643,-0.06936690990142041,1.02299416574971,0.28639003783641814,-0.19274057026540017,1.5085277037236058,0.23866850320146607,-0.367561662155737,1.467091811587844,0.42158743938304466,-0.08279752913862197,1.4503179212051331,0.11148515853270621,-0.43645478563139445,1.1644268176188861,0.3990873012403223,0.06444078561103114,1.134358452266498,0.08912907548613469,-0.35147716535184287,1.1382254227208586,0.3129116689317971,0.060727466072046765,1.1196727602914585,0.19842847799073032,-0.5167337759374606,0.9333263645942309,0.4768609924020245,0.004777746989947456,0.9065318199211018,0.1581327674735299,-0.5092994983504403,0.9164828921697213,0.4547969937399071,0.0438573274008069,0.8907809010496924,0.07354618391987812,-0.3346427709692736,0.5403561358713662,0.41617083877846006,-0.11897327740485912,0.5232712049474977,0.16042723024433705,-0.258625338890812,0.5149438472153107,0.33329313598253535,-0.20501470912893072,0.5192993145433821,-0.07790849231498823,-0.2136526187728069,0.12289894338333343,0.3789611495710759,-0.10413561745930329,0.061890370694495746,-0.016682320873183512,-0.208839615585798,0.10161126912255111,0.3578148893490641,-0.16702143386831,0.06470660214780721,-0.095756583474488,-0.3572385256798539,0.03801920417755871,0.529994763116196,-0.16594737476826185,0.021371704143251794,-0.02303519137701549,-0.39679243591186747,0.024872277484178883,0.5415156038477449,-0.23311314861075474,0.031786408256514576,-0.061886773663606516,-0.1384338525724012,0.07506140723955909,0.3078866396892491,-0.10054566389336671,0.0285603044442882,0.5259034229534046,-0.2885131728078545,1.512748584160688,0.4946762113452865,-0.2807215643523954,1.7215817025193756,0.4067323237477479,-0.33705258182498343,1.6001624123404108,0.4401166668333472,-0.18213193351234502,1.6031461312890054,0.5121897661888207,-0.3199913808382473,1.5683703999568517,0.5215008216747515,-0.25166210005557427,1.569647848942109
129,0.22859004597070212,-0.3187558066107382,0.9975372966088588,0.3808597488157785,-0.14172043161236478,0.9838505718711819,0.13738644142637932,-0.1554419101379757,1.0282494883911817,0.2113262508426959,-0.07044018047673271,1.0238833675671044,0.29444380215277993,-0.19286197044126607,1.5084287883516283,0.24758979759738559,-0.3679030115935783,1.46750636339662,0.4288402842730749,-0.08209308649297208,1.449947677696674,0.12044466190631134,-0.43810565089107784,1.1659710962010026,0.4050744664128143,0.06647278799333084,1.1348790965039957,0.09730105161322497,-0.3536034236764462,1.1394223322347379,0.31931921035467337,0.06216341370661776,1.1200141726553867,0.21137900795799294,-0.5216709677878837,0.9365621992896844,0.4859272430548069,0.0020043961505683498,0.909521562704791,0.17145391391582127,-0.5144287343674467,0.9193200085937534,0.4642239749053173,0.040660101580830686,0.8931101620513217,0.08526563038303112,-0.336498430604843,0.541186082295451,0.41718629080221786,-0.11828739766004867,0.5233342455846168,0.17109506260155197,-0.2604726030894197,0.5164299338343505,0.33466165334093156,-0.2043711122942084,0.5201716615004429,-0.06147304698888333,-0.2201981582660224,0.12272634705874726,0.3774433936609185,-0.1032201323153018,0.0628825516021816,-0.0003057611082308482,-0.2149426729436221,0.1019397360650408,0.3565346291191198,-0.16636487196844518,0.06603252425428985,-0.07574226830628959,-0.3648304945144299,0.0376703923747547,0.5277612192287713,-0.16460399611838486,0.02221571776844821,-0.0019398843816800003,-0.4034882811823076,0.02570240150209842,0.5398035616672207,-0.23124313040398398,0.03284016427479955,-0.046183479677248465,-0.14536686173121635,0.07462493489474299,0.30664112752985284,-0.1001990725665467,0.02968048743992082,0.5339473736094403,-0.2884420975436438,1.5116407917988983,0.5033423599750381,-0.27975543461354163,1.7206212786383297,0.4151914632370488,-0.33683711004171024,1.5997861879878008,0.44872108914321956,-0.1814565650386329,1.6021867241963927,0.520487421333927,-0.32021179442146247,1.567457157870904,0.5298168563352738,-0.251476219817497,1.568453365902052
130,0.23498187380963156,-0.31893309377734075,0.998066278672266,0.38560728895266233,-0.14115870591777352,0.9840477847874068,0.14267883869725922,-0.15680430685956326,1.0287918548485766,0.21610237870933344,-0.07165413361012224,1.0244029297725938,0.301552145851159,-0.19344492673141653,1.5084528333595562,0.2558203158151103,-0.36855417855358363,1.4678380004498015,0.43491266804422957,-0.08134833840875569,1.449647510173741,0.1285461008157409,-0.4404011459207291,1.1674906336008062,0.41001178718506875,0.06815537248924497,1.1352296314741,0.1045702925713368,-0.3565920803991674,1.1406592790413002,0.32485025119968636,0.06301164656160349,1.120256462036965,0.22386783405162275,-0.5266801034485521,0.9397473043087045,0.49322560591244313,-6.508258452374966e-05,0.9115515696818555,0.18426841598019011,-0.5196710970633283,0.9221816810369776,0.4717857490890816,0.0380237438847435,0.8946120546977108,0.09705118943682245,-0.33856918249891227,0.5413430752706476,0.4176507102819807,-0.1171475481868954,0.5232882493171661,0.18170261667027782,-0.2624940216847127,0.5173517010867495,0.33558296589211367,-0.2033993631407057,0.5207604309133771,-0.044608807656609246,-0.22720091163242814,0.12128506678544479,0.3760851925870043,-0.10179905723204391,0.06373026504001826,0.016520941225858315,-0.22142807575295387,0.1009463377755372,0.35525915316589135,-0.16528508141378337,0.06711585716744867,-0.05481044037256196,-0.3725894915534174,0.03739862529148688,0.5256248778616412,-0.16254477092225647,0.022845533150390132,0.020338965228123132,-0.41022571199166524,0.026742313644661612,0.537785581571091,-0.22872617166761874,0.03365854860483228,-0.0300580811672076,-0.1529612773598267,0.07241862910265146,0.30551602062398775,-0.0997788359203086,0.030732150284253155,0.5410710180162439,-0.2878473024656714,1.5104778138078017,0.5114026199792122,-0.2790089732396194,1.7197078278289388,0.42309832221394533,-0.33685998315007754,1.599523460119373,0.4564091037693458,-0.18092726786461166,1.6014953392002227,0.5280772176114569,-0.3201447361251052,1.5665512000657544,0.5372500724589204,-0.25100410046012955,1.567288470317017
131,0.24171966852566523,-0.31969953904663306,0.9985733826797019,0.3904150693344063,-0.14080459124856015,0.9843683116023841,0.14774896472773488,-0.15850959373057918,1.0291530132186333,0.22053959543498938,-0.07313315752258756,1.024798239494764,0.3080565954966283,-0.19385119507188664,1.5087499948245333,0.26370123464443945,-0.3690276110951163,1.4682942558603842,0.4402179017627327,-0.08020427386939762,1.4494939408791874,0.13626662844187207,-0.4427179100979348,1.1689476840890782,0.41441604413547284,0.06940610634515904,1.1353728959728202,0.11135354313603717,-0.35967721387652185,1.1418724375368179,0.3298855135811317,0.06336149409876794,1.120306142638806,0.23577302002230224,-0.5300381882621583,0.9428266169224305,0.49913729281296515,-0.0012119514639228166,0.9126222556098952,0.1964381847134655,-0.5234573767342727,0.9249997052057138,0.4778636809246078,0.03616056254257935,0.8953071484849444,0.1092444361027195,-0.34081424113329417,0.5410812521195544,0.41798997882673533,-0.11578441013090057,0.5232146803772297,0.19264749644120382,-0.26439577397483854,0.5178921239001105,0.33647436682193776,-0.2023312368718569,0.521170879377234,-0.027634530852482644,-0.23461282342121442,0.11866994558970032,0.3754305558948435,-0.09995665371825559,0.06438359989712539,0.033537950563278345,-0.2281043095194309,0.09878766128113083,0.3545575858221209,-0.1639632659051134,0.0678422040621428,-0.03308852398930924,-0.3805714401644218,0.0372662492909689,0.52448472950614,-0.1605849231450152,0.023245057338863492,0.043870222562725096,-0.416992163540685,0.028028922339009065,0.536244258069583,-0.2267270424041029,0.03416471478847124,-0.014146883012137816,-0.16079448429593768,0.0685610347620236,0.30494803628421396,-0.0990628112793442,0.031636910276742466,0.5476157958277466,-0.28652751211180283,1.5094466806510456,0.5192674118529754,-0.27815445009660467,1.7189048377509415,0.43061700538282827,-0.3365782587933431,1.5994978501677815,0.4635870988751985,-0.18016479195186452,1.6011451595656205,0.535164370212524,-0.3193981798008676,1.5657728363160828,0.5441543776003775,-0.24999706755778428,1.5662688317227105
132,0.24905638781685335,-0.3206489530964369,0.9990839182285457,0.39559879729684305,-0.14033479418175035,0.9847550849028907,0.15302088258382487,-0.16021882399128898,1.0294302154277988,0.22510383391492939,-0.07457463537010603,1.0251348624851289,0.31427722897907945,-0.19332961198354703,1.5092789993384337,0.2712524050941663,-0.36860875203332305,1.468945662939685,0.44510797446872125,-0.07825666573834122,1.4493442733310364,0.14360982825512314,-0.44348030778930014,1.170234668289297,0.4183048882723804,0.07057252146284818,1.1350256296138799,0.11787929208290449,-0.36115625730428474,1.1429618054306596,0.33430887869369974,0.06364063245704381,1.1198624856068922,0.2468433092455079,-0.5299464102625343,0.9456053936116996,0.5039342881190065,-0.0014174372098977692,0.9128672262508194,0.20772962676011264,-0.5239337439357719,0.9275458313495684,0.48273337812616507,0.03508549539414882,0.8952181768908645,0.1220150557277347,-0.3427090617329286,0.5405928514779659,0.4184440543886456,-0.11377049001021265,0.5230423512763007,0.2042557324330392,-0.26551756038433516,0.5181749872462117,0.3375603267057604,-0.20077432856981942,0.5213762925379879,-0.010018747947947066,-0.24207087353511977,0.11524842060950993,0.3756057192856441,-0.09736537774437702,0.06476377774286939,0.051361092424319396,-0.23459390747431802,0.09595201105115185,0.3545876911982911,-0.16204357368350553,0.06814713519278681,-0.010026780537885843,-0.38852645127796515,0.036975770601315336,0.5247568852242503,-0.15850402014186965,0.02340363582282194,0.06924989112683211,-0.4234379977810724,0.02922688786080406,0.535680709693796,-0.22495189610391847,0.03434176380396559,0.002019549683073514,-0.16835614592916714,0.06365475507091871,0.30502601241069294,-0.09734341636281542,0.03219271517118344,0.5538561230275952,-0.28450409652966463,1.508618346710778,0.5271054838022086,-0.2765158559493811,1.7182265648707673,0.4378342263300079,-0.33524598641638775,1.599775061877526,0.47059308703129443,-0.1787181788208843,1.6010104618451049,0.5418666126887337,-0.3176358686294136,1.565190794019279,0.5508270588630558,-0.24831101233133618,1.5654141115611886
133,0.25669470690130924,-0.3223741365624526,0.9995497819488603,0.40107009550840045,-0.14032673662779968,0.9850959594706256,0.15857705462558766,-0.16265468917439893,1.029739352502658,0.22992856694987562,-0.07664301672607127,1.0255037674366985,0.3201973883991309,-0.19260549051020404,1.5100371062261673,0.2783964211384236,-0.3679856601092025,1.4698818434382726,0.4495793669085888,-0.07615931774135248,1.4492655343714071,0.1507039612268935,-0.44336897898106387,1.171379732724681,0.421826547052936,0.0712530793947649,1.1342595694237385,0.12433042664230044,-0.36161387472907686,1.1438884135517764,0.3382865880742543,0.06335105457114977,1.1189858277391749,0.2577016599558869,-0.5274174905904365,0.9480797544557353,0.5078116357889622,-0.0010728476518668815,0.9124657292200083,0.21882324380206558,-0.5221522777477261,0.9297888839621773,0.4867143762948195,0.03430115539016943,0.8945165848360891,0.13536486175987647,-0.344980097081735,0.5399401254426317,0.41884122331161144,-0.1115685130754597,0.5226327193020935,0.21639923432831817,-0.26629577704393154,0.5183427463232945,0.33863215539079566,-0.19918905695561714,0.5212564237364907,0.008529420337191356,-0.25004102535011785,0.1114243098487814,0.37658113769553464,-0.09491642443520469,0.06451330243230911,0.07014795654450863,-0.24123227610207756,0.09279853945873612,0.35521563070313267,-0.16015215378961023,0.06774788353334636,0.014841834011821486,-0.3969572277083901,0.03619089593727216,0.5261028342867274,-0.15702298881143625,0.022951879531233847,0.09666890418173923,-0.4298106108655237,0.029915426861480146,0.5358787129154983,-0.22386083749142363,0.03390460772959858,0.01870930336683459,-0.17606640965096446,0.0583196461733353,0.3059191377161412,-0.09524186436707753,0.031957531370448815,0.5597332938187032,-0.2821767458435027,1.5081563385951484,0.5344840338553654,-0.27422399103846967,1.7178660808267727,0.4446139348821897,-0.3333094828736047,1.6003939753960292,0.4771829654681892,-0.17693468687672878,1.601032879622196,0.5480446560646088,-0.3152626650594024,1.564984389217169,0.5570779387861389,-0.24629311444013313,1.5648744478885623
134,0.26414840455842525,-0.32536749861985403,0.9998581121707448,0.40649569662382307,-0.14135325368817306,0.9852077287371979,0.16407302768780482,-0.16643870282592807,1.0300298004926056,0.23465954081925217,-0.07988670395650563,1.0258456770294309,0.32583056520858206,-0.19293822358640814,1.5109104608499138,0.28510447112820264,-0.3684197080902362,1.4709754786934746,0.4536847103537041,-0.07487611730894274,1.4493024843683018,0.1576241009623795,-0.44428432725618555,1.1725487494113178,0.42478619709116533,0.07140739862487545,1.1334383624889546,0.13070781429913142,-0.3629107854256338,1.1446421963151265,0.3415512241764461,0.06238237538464843,1.1180274166414188,0.2685343742843914,-0.5255981836720307,0.9506975446369036,0.5106876723808879,5.143174390984714e-06,0.9117174032066863,0.22989389803427712,-0.5211618186477576,0.9321304217413906,0.48968359832024333,0.034161454611029554,0.8935457537740532,0.14886012436615564,-0.348445897671524,0.5391779705694747,0.41886230665491,-0.10966055560874201,0.5219899383397025,0.22853641487816176,-0.2675299043973222,0.5184847755789483,0.3394634362459535,-0.1981363107494292,0.5208000301921298,0.02819195485005822,-0.259868452688391,0.10727560621628054,0.3778365022673911,-0.0933734340401692,0.06370102743961241,0.08995279738954051,-0.24926215659157058,0.08952360956274871,0.356029500441432,-0.15897095094895874,0.06680251770056624,0.042133599902096204,-0.4073796123139032,0.03482668213312077,0.5278834771730173,-0.15619220205165155,0.02190799115341696,0.1268306169633256,-0.4374069579540902,0.030158870900119244,0.5366992456296792,-0.22321950907024468,0.032980718257513,0.03612683387366611,-0.1854452314638994,0.052783365258430005,0.3071235121795135,-0.09372693037818323,0.03098544775649233,0.5651855425751775,-0.28088868392777055,1.50812673996394,0.5410576363139962,-0.27243255888170975,1.7180005413351938,0.45073614642046156,-0.3319970344891072,1.6012730220057616,0.48333162192396484,-0.17597232928775744,1.6012145088629242,0.5535479625483577,-0.3136223858996309,1.5652224674833588,0.5628100100699562,-0.24517525143094598,1.5647617990692313
135,0.27085452196788906,-0.32985591525054614,1.0000257557309118,0.4112116677099014,-0.1436434570234677,0.985176100206618,0.1688537099280285,-0.17178536081095813,1.030296313866222,0.238565969968316,-0.08457409213014769,1.026168562254257,0.3307812292045309,-0.19493488635419132,1.5117238843649787,0.2911336779654856,-0.3705855279440259,1.472002634096874,0.45716759134580215,-0.07503524128358452,1.4494710466060194,0.16439210931165335,-0.4481197251404355,1.1737056869958444,0.42725808327573467,0.0706458373789793,1.1328989205315803,0.13687448280747344,-0.3670995321767848,1.1451909847770871,0.344168236985823,0.060295795115084594,1.1173774545247346,0.2797320510862809,-0.5276284590801453,0.9536688169942537,0.5127991843460895,0.0002366133364596737,0.9110228218648493,0.241419561447378,-0.5240837517612312,0.9347877504793856,0.4919078255801331,0.03326075262419559,0.8926876130617719,0.16174173754271018,-0.3529279800859016,0.5383186567292805,0.4183416617619565,-0.10829207091309692,0.5214099749240498,0.23984129223461764,-0.2694902954849908,0.5186457087647286,0.3400049836355721,-0.1979013324751311,0.5202807622878445,0.04859605545743208,-0.2715159551647842,0.10307909881308097,0.37911861846236267,-0.09298096266842998,0.06279423811378933,0.110288343483661,-0.2586428196819686,0.08634222651797978,0.3568820967922409,-0.15869638728060503,0.06581453516282464,0.07130932771398733,-0.41919067349515116,0.03335413871919039,0.5295584671803265,-0.15593310109201483,0.02065576883696653,0.15900622831116312,-0.44549643274002537,0.030432276849846552,0.5377297037092753,-0.2228774403224471,0.03195521769425319,0.05413023111248818,-0.1968403397325194,0.04727613012782664,0.30852028234671636,-0.09337259862279379,0.029817157898247872,0.5699244309869819,-0.2810279543337594,1.5082839575903997,0.5465530824353063,-0.27201213834237925,1.7183525369885357,0.45599924172029027,-0.3321604101867868,1.602090432262587,0.4886681783145448,-0.17646154313994108,1.6013642184098342,0.5581949047675381,-0.3134216270564116,1.5656263674388138,0.567700989807143,-0.24544171413501142,1.5648485177782046
136,0.2768219142270013,-0.3363693128980325,1.0002294563686167,0.41503568364404275,-0.1476646030330442,0.9852067849770586,0.1725965523920068,-0.17906323179525555,1.030601205824008,0.24130538653631625,-0.0911035626340789,1.0265522510413385,0.33475176550728675,-0.19924778240694482,1.5124205432335123,0.2962691379297551,-0.3752092055912001,1.4728886238425556,0.4599920917468619,-0.07751523217588994,1.449820636705063,0.17087178827120736,-0.45544819976344275,1.1747726084181376,0.42940412163006353,0.06850943409454237,1.1326904983994166,0.1424923425312905,-0.37467243005903117,1.1455608618388982,0.3462054600301691,0.05695454761535591,1.1171756414372083,0.29091991722443655,-0.5340597745956246,0.9568711835213084,0.5142254387881273,-0.0015126452701680199,0.9104795786522675,0.25300063816817786,-0.5314326861399171,0.937658962330158,0.49342877880656155,0.0307665625921279,0.8920618700816473,0.1733403717208705,-0.35872091969142506,0.5375990461332377,0.417323082513097,-0.10853367291136115,0.5210093140427365,0.24954878291916244,-0.27295322252651977,0.5189389843758185,0.34033878075721913,-0.19952660502253802,0.5199352850774187,0.06873377554526978,-0.28554870286844386,0.09905013198063352,0.3798809359836579,-0.09484144378254462,0.06208744542235779,0.1301364449049154,-0.2701066774226024,0.08346435701219229,0.3575025581382691,-0.16060805664235892,0.0650920460158969,0.1011411126443919,-0.43276506188722275,0.03166934647716028,0.5307228171570665,-0.15717730176909245,0.019737369169735477,0.19171830944895282,-0.4545612173230781,0.030544953332909602,0.5387300290442409,-0.2238219046820511,0.031357170345168495,0.0717776642826785,-0.2110132314462636,0.042290206592171545,0.3095134561033874,-0.09554504051298403,0.028820167379929765,0.573676592052443,-0.28370477313737197,1.5083167578359777,0.5511263691070926,-0.2742810708261816,1.718517200013883,0.4602932507222275,-0.3351267149178969,1.6026967736741042,0.4932320858190656,-0.17964402933991944,1.6013892282903726,0.5618600860832784,-0.3159765482357425,1.5658575415034437,0.5716768971423511,-0.2482738489603482,1.5648009645126848
137,0.28186599006867563,-0.34297718527954807,1.0003466158274934,0.4178195037595386,-0.1517756686495201,0.9852788599196236,0.1752262653333492,-0.18654105102514806,1.0308964429688046,0.24288904181193313,-0.09795639771028875,1.0269620350253053,0.33737331928722775,-0.2043470657951818,1.512602093918532,0.3001777472240199,-0.3807673992542644,1.4732141845863387,0.4619541537619924,-0.08120577843297203,1.4500977986987105,0.1764139894259677,-0.4634789501387607,1.1753559922024228,0.43095459009435855,0.06598871143227682,1.1327086823597288,0.14700568599982292,-0.3828267024994487,1.1455632666615139,0.34758018604220436,0.05359752568991527,1.117334946165925,0.30119140183950144,-0.5419791454471082,0.9599795708360191,0.5149054116528642,-0.0043259676441700584,0.9103936812036263,0.2636998441188193,-0.5400741557674015,0.9403677299324793,0.4941681375297844,0.027598069424898355,0.8919725925000037,0.18305183801981195,-0.3638178841163941,0.5371999163720335,0.4158336819752706,-0.1090695478700272,0.5210095068822223,0.2572781341410303,-0.2762843604987751,0.5194890213552324,0.34036008450692873,-0.20149421252265362,0.5200288008795626,0.0874799143953237,-0.2990514849519238,0.09583983290323278,0.37951985298842306,-0.09689066573008874,0.06223799720614747,0.14843783335069727,-0.28103935791185114,0.08138378912271724,0.3573631989038872,-0.16289889152875667,0.06516922377726665,0.12940792816394783,-0.44510823944417915,0.030343180797307374,0.5309969084359961,-0.15844232908616304,0.019684239065469816,0.2223334772524422,-0.46222701572635155,0.030755792447262505,0.5391746184647523,-0.22483144909908082,0.0315634266625294,0.08810126343883512,-0.22505564398553443,0.03857944414707041,0.30942118125710383,-0.0980786814398727,0.02871223311243418,0.5761464237922977,-0.287697195351207,1.5078961308307686,0.554601471389433,-0.2779850910372244,1.7179968425081193,0.4634293177996216,-0.33963535806592826,1.6027878060251481,0.49664768418715294,-0.18411983680291427,1.60099038691949,0.5643560435406255,-0.3200568782823139,1.56554778947348,0.5744558548539521,-0.25238370117395414,1.564240839591098
138,0.28599706366276084,-0.3482590142034102,1.000211187151207,0.4196253576283904,-0.15468672782782272,0.9853088845279759,0.17687032802767322,-0.1930367852212683,1.0310901915022077,0.24350054300783774,-0.10403084905649078,1.0273210344806103,0.33841627287815096,-0.20919158760111997,1.5121239415129852,0.3027693932820829,-0.3860764700792883,1.4728253368598152,0.46283145240156687,-0.08496345420694386,1.4501738990224897,0.18089211945870812,-0.47019182342481564,1.1751969074000193,0.431935642204381,0.06375003413979072,1.132783094586384,0.1502528975139146,-0.38960945340696446,1.1449745396979374,0.348480546701175,0.050905972510048816,1.117575795137419,0.31025659877337286,-0.5479253366285304,0.9625922013816862,0.5151895517850514,-0.007172243635012707,0.9107635463591615,0.273163788315181,-0.5465710855554406,0.9424846058918049,0.49448960381158247,0.024576851876329284,0.8923728947098059,0.1909314214128164,-0.36710014166895083,0.5368907222061112,0.41384254999688347,-0.1087917581351108,0.5213262306491111,0.2631895776607671,-0.27821794232476715,0.520080062959369,0.33993061283880327,-0.2026538882649374,0.5203948916640476,0.10419689258720197,-0.30997614977425947,0.09343225194741585,0.37776119046467227,-0.09797929637519229,0.06319145123807068,0.1646651034307886,-0.28943010361064814,0.07992737508818118,0.356182286174044,-0.16456225035202,0.06593779669359424,0.15492586692051882,-0.4542720038400357,0.02922051234862391,0.5299449860458163,-0.1585616363977446,0.02021303653718763,0.24928910231465556,-0.4668619340119407,0.03074731513812463,0.5385543802636816,-0.22476721152548343,0.03226309909877975,0.10247157741613938,-0.23679570590892854,0.036087313227375135,0.30796423844148,-0.09983279370200895,0.029515944609001612,0.577098186279925,-0.29170461036040957,1.507104129902629,0.556575389503043,-0.2817601394409548,1.7167654543513213,0.4650396200977873,-0.344319410342638,1.6023499817228144,0.49863736742675724,-0.18852639905271212,1.6001050909587151,0.5653684189282998,-0.32438642706693177,1.5647658957615505,0.5757981712543201,-0.2565462705571616,1.5632268148974195
139,0.28952952547796584,-0.3526342301508415,0.9997192154078272,0.42098650672298704,-0.15711795650035937,0.9851975949948447,0.17817258421742896,-0.19889919991428337,1.0309645262265636,0.24385125072700006,-0.10963082028860849,1.0274418636497287,0.33857688983195044,-0.21397501596398402,1.5109751867180858,0.3045748390302815,-0.39129823441570827,1.4716832654814473,0.4630102233552045,-0.08888246319111476,1.4498758852660272,0.18488568496002444,-0.47595797168825665,1.1742170693300156,0.43247888341320323,0.06117917537300358,1.1327124503052826,0.15300386332763738,-0.3954794148879549,1.1435804377762546,0.34907427897820564,0.0481354693253195,1.1175481211782121,0.3185821919047978,-0.5519077559718268,0.964668965810632,0.5154646230442035,-0.011101191732136714,0.9116153569651604,0.2818199148993657,-0.5509004209334367,0.9439654908901629,0.49475156425440603,0.02048982776198163,0.8931750756475626,0.19744471438548322,-0.36958863123900637,0.5365875108916359,0.4118381789589749,-0.1087009983288081,0.5218543588754508,0.26801114316714714,-0.27974459203399044,0.5206048718996861,0.33932817697259626,-0.20368178258859754,0.5208451270529225,0.11914921108597645,-0.3191188669945458,0.09159707988779253,0.3752051240494663,-0.09871504873965561,0.06465425659753819,0.17915200319297647,-0.2962624549496731,0.07889680161936019,0.35439184015313774,-0.16609049660723776,0.06706897877166326,0.17727709816021706,-0.4615257037414616,0.028160200341266203,0.5279938286480333,-0.1581203254225534,0.020952077146740064,0.2722152313064559,-0.4700767764381632,0.030505078190695378,0.5372394326835968,-0.22415575035481347,0.033050341354017715,0.11538056243758417,-0.24687117795298125,0.03450391641239394,0.30564386596831805,-0.10132218923850039,0.030935940035190942,0.5771588573291458,-0.2962958389546308,1.5061035014349322,0.5572772399190449,-0.286115472241378,1.7151372639809046,0.46550034334517654,-0.3492874859801649,1.6013723635875154,0.4997032774565292,-0.19310615953830584,1.5988875902655122,0.5653656503069843,-0.32937520573422985,1.5636701303765856,0.5762147893282659,-0.2612424509796294,1.5619977995763517
140,0.2931321455449279,-0.3570303774582294,0.9989641521385144,0.4223677696326164,-0.1599574380006862,0.9850305194504145,0.1796412842180861,-0.20489307074842247,1.0304413196028326,0.24435717601882329,-0.11538510742473962,1.0272629997290308,0.3386639646731356,-0.21895852520703282,1.509423371212851,0.3064168426575752,-0.3967536459531763,1.4700051777509389,0.4629802044045015,-0.09313761543783326,1.4492153204467173,0.1897010431562537,-0.4821430495992758,1.1723885518246888,0.43314648437359415,0.05736185142148593,1.1323228894304689,0.15668994312639203,-0.40193946911467016,1.1413339096090251,0.34986414722147446,0.04423636442614806,1.1170021122173865,0.327982497823576,-0.5551542505338014,0.966125914699981,0.5163368177966358,-0.017956308325875213,0.9127749473167879,0.2915685579591393,-0.5544379978955317,0.9447643997125472,0.49560712127765655,0.01350599149455916,0.8940698252549636,0.20377361990913093,-0.3723590844334113,0.5361392702499498,0.41041042152703056,-0.10964844284673943,0.5225322403111714,0.2728375263428761,-0.2817259329266747,0.5209747769233278,0.33915079988029817,-0.20536728191582654,0.5213230490015556,0.13303180127319209,-0.32765721231838907,0.09011488919275333,0.3730336034342847,-0.10029041453091372,0.06616921162126188,0.19256976210593144,-0.3026751318171712,0.07809575059110328,0.3530115446631091,-0.16839492480076154,0.06816795109444396,0.19699833665470343,-0.468470825073497,0.02683438911652537,0.5261636863943843,-0.1582329292644513,0.021521551866037596,0.29193676181875466,-0.47351309224540417,0.02986861354294309,0.5362317462965028,-0.2240071801761832,0.03370049665152505,0.12766326396315836,-0.2561983046706128,0.033472466621538625,0.3036766621411169,-0.1037975210990711,0.03241236139041856,0.5772086685564942,-0.3016389303612106,1.5050113851587947,0.5573413220009817,-0.29123236497529226,1.713453928292429,0.4656616916673177,-0.3546055707377485,1.599954491799854,0.5005220067131873,-0.19803628774999374,1.5974950524977676,0.5651940750388174,-0.3350746087226881,1.5624289783674121,0.5764551741583971,-0.26662139112295186,1.5607526959628373
141,0.29733138584824625,-0.36213995992293124,0.9981458497978375,0.42411773098220046,-0.16395686616866437,0.9848914845252275,0.18167838717976215,-0.21147418925809394,1.0296119889541624,0.24536450790732559,-0.12172615840916896,1.0268245013622672,0.339253285697127,-0.22457764847075914,1.5078052596337206,0.3089017839919344,-0.40290944615165797,1.4681089661959474,0.46311938237717,-0.09803847528431617,1.4483531989555232,0.1960594076052604,-0.4897913750191797,1.169945291083463,0.43426267989673056,0.051885045402264775,1.1318282647901694,0.16213136863564948,-0.41004963362603086,1.1384788748475836,0.3511560162377825,0.03874586197475499,1.1161162622790117,0.33931075803278304,-0.559495729868181,0.9671562323730445,0.5178879102149799,-0.02815625837215241,0.9143597039863697,0.30330694282167103,-0.559139742378379,0.9451416963685306,0.49721507382919894,0.003243763987489893,0.8952039027850891,0.21029452861890993,-0.3763450655474188,0.5355810489218196,0.40990302071836865,-0.11216956767766266,0.5232906269826068,0.2779403196017857,-0.28492024482884226,0.5212232831082863,0.3397826082699903,-0.2081767630812599,0.5217725732284095,0.14543433850983128,-0.3360684318103359,0.08871541389244256,0.3717745722531547,-0.10291492402599842,0.06734647863771044,0.20445222551869469,-0.30926944823084823,0.0773124130646258,0.3524892173822739,-0.1715572271890441,0.0688531224301595,0.213959467200423,-0.4758180280479408,0.02513527762104438,0.5252007822025959,-0.15950340451004857,0.021706787475108583,0.3088001937953398,-0.47788611463568675,0.028804136193689954,0.5361236875706599,-0.22503245086511078,0.03392830679339418,0.13884946158140243,-0.2651026684288729,0.03257617540923706,0.3024499528321117,-0.10738717221400555,0.033522169825400565,0.5780055067830987,-0.308041235399862,1.5040465034688848,0.5575399919832821,-0.29733821991517584,1.7121508970809662,0.4663623270344811,-0.3606720209277216,1.5984752857566313,0.5016240654435231,-0.20361076346880455,1.5962606972346167,0.5656779878270076,-0.34168814460365593,1.561325914628275,0.5772193114607429,-0.2729006448372516,1.5597478776024298
142,0.3019816523154605,-0.36698012267397356,0.9974218354092474,0.42600833220004,-0.1678565351365312,0.9847810132698402,0.18396716688463763,-0.21756076169329808,1.0286664253325957,0.2464776061343757,-0.12757406259814993,1.0262204112299256,0.3400990055405111,-0.22966138927299662,1.5060986644814103,0.3119985773908058,-0.40866441651119684,1.4659893377984443,0.4631846476117001,-0.10231242327737695,1.4473341739280647,0.2039977934415855,-0.49812794286290807,1.1671054565250343,0.4354428473667143,0.04685363023144596,1.1314103180969846,0.1692270732412506,-0.41899894854722053,1.1352632369207898,0.3525221715771514,0.03375717187529245,1.1151290497160933,0.35276407034314017,-0.5652249102220575,0.9678733830969978,0.5196415315440552,-0.037730346773867454,0.9162811637857137,0.3172477573787238,-0.5653662609290908,0.9452823075915464,0.499050351682766,-0.006314315954399007,0.8966603035226519,0.21675120640969192,-0.380055303420501,0.5351430539686682,0.41007301655251466,-0.11428511275624505,0.5243301665147478,0.28302823048915976,-0.28769830026221377,0.5215804948151913,0.34115431349770514,-0.21045002913838562,0.5224384086326667,0.1556618227926218,-0.3425590825712346,0.08784226043589871,0.3713975572815176,-0.10436933876929963,0.06863623349982301,0.21408893598010986,-0.3143308046979586,0.07699803654805665,0.35279782755283196,-0.1733500246531689,0.06963352305873335,0.2276037867979536,-0.4816161339632,0.023658180431342903,0.5252492534497433,-0.16003527850187554,0.022018383582675872,0.3224497328612136,-0.4812611615184886,0.02785962789087473,0.5369193217697176,-0.22552002782861505,0.03423676435672154,0.1480669507018723,-0.2717868184398441,0.032297591529121365,0.30202932155785445,-0.10969082514724825,0.03466054964119737,0.5793216523093396,-0.31363845265738194,1.5031198688009735,0.557882543310854,-0.30277994062040053,1.7110858629386265,0.4676311197778759,-0.36603117470918056,1.596961158934803,0.5026299988228755,-0.20830251365303137,1.5950996094819503,0.5667305920236034,-0.34735367526719685,1.5602735245516055,0.5782510123659904,-0.27822668896936753,1.5588477807893595
143,0.30675487537825324,-0.37000030472993617,0.9967705520671005,0.4279659961155704,-0.1699757738814325,0.9845780126067507,0.1863530396191224,-0.22167123468466732,1.027626566381358,0.2476447305152965,-0.13139161303432634,1.025464219887556,0.34091601195811133,-0.23279438591992802,1.5046125354839706,0.3154305008151044,-0.4125687479974703,1.4639268751002708,0.46299898006112994,-0.10444690442265389,1.4464125566535218,0.21339451047367403,-0.505484152206136,1.1638594619149663,0.43650294448862276,0.0441730612855345,1.1308570167627416,0.17777554115344907,-0.4269914884427016,1.131720855164182,0.35372165754008916,0.03106802170142009,1.1139979509924036,0.3683736931846072,-0.5706724849289868,0.9677126096046286,0.5211863876396047,-0.04287323211427805,0.9177213690041738,0.3333877040407804,-0.5715559622469761,0.9446948893846983,0.5006641440666503,-0.011486185440305892,0.8978008814581505,0.22261494570872092,-0.38178568662971935,0.5345202606537209,0.4107705552600628,-0.11410326779846028,0.5252012549822218,0.28759802515594174,-0.28836303721141987,0.5216663828728675,0.343109481172916,-0.2105193730016159,0.522940819391229,0.1631414615378195,-0.34559061586898454,0.0870617946424762,0.37154958358367085,-0.10316469164439705,0.0696502033222347,0.22102721406276446,-0.3164368180591882,0.07668912660807768,0.3536056395466401,-0.17232539915101466,0.0702148190598129,0.2375564034706485,-0.4841469765975977,0.022195077713956804,0.5258179353867524,-0.15788702203911162,0.02224833279021092,0.3325062981009587,-0.4819707840518874,0.02672578748893769,0.5382040852650848,-0.22351767090967303,0.034446816689321785,0.15464465236886332,-0.2747871814517635,0.03218110822817069,0.3021428147305271,-0.10915842099655414,0.03550704541416548,0.5809026441166022,-0.31632887166584234,1.502294265485636,0.5587127578666842,-0.3057411679468135,1.7102048527686866,0.46944410597988895,-0.3690198439283655,1.5957378263169582,0.5034334886641725,-0.21052568522281495,1.594150699056792,0.5682774266879133,-0.35009324623692284,1.5593833949998572,0.5794609377961438,-0.2807097235878992,1.5580713379712618
144,0.31110669150779385,-0.3719514991311587,0.996212658995048,0.4298623603383296,-0.1709552171741479,0.9842309603422499,0.18868173899109758,-0.22448992831966805,1.0266179715049144,0.248861936000497,-0.1337819055328534,1.0246811244106588,0.34157853680058387,-0.23470668831936736,1.5033920122254942,0.319008467136791,-0.4153835084665579,1.4619906546728032,0.46245692738797534,-0.104969598582979,1.4455390155576375,0.22418306945873598,-0.5129255019159569,1.1603894478057366,0.43717884465696943,0.04378258965835478,1.1299215426029634,0.18757027550092184,-0.43509867986773243,1.1279768797979044,0.35441329775413,0.030426039523908027,1.1125655567309292,0.3860740201801962,-0.5767010699009871,0.9670292824854645,0.5219111319917762,-0.043201987882908154,0.9181764111400794,0.3517355266108493,-0.578506382358463,0.9437265071197356,0.5014444511048279,-0.011993373521512958,0.8981623967095109,0.22738964428870354,-0.3824768063639061,0.5338777889210485,0.41183990819306615,-0.11306493638477937,0.5257473772374931,0.2913229004912757,-0.28810151267711165,0.5215387324395674,0.3452658375953323,-0.2096562756719063,0.5232142842615927,0.16777791025499372,-0.34638261254012936,0.08657901245986949,0.37175127080525194,-0.1007825315567957,0.07038812735396048,0.22529964393307955,-0.3169248663307449,0.07646817963883452,0.35429052231883307,-0.16995471784301314,0.07061215974413952,0.24372152578418996,-0.4846094829435553,0.021187431729595526,0.5261978464209558,-0.15462644444561452,0.022336047449596524,0.3387557411441878,-0.4813729742990342,0.025743704599519343,0.5392623579535512,-0.22059851807401115,0.03445479058254738,0.15852676392652928,-0.27545150757573383,0.03229592605864782,0.3023218423101323,-0.10711837906677,0.036144129874307776,0.5824391761269041,-0.3166709804242806,1.5014288692856106,0.5597728298789965,-0.3069143250992072,1.7093576170690232,0.47149862556104,-0.3702849439761124,1.594707591766464,0.5038715049420561,-0.21096432445435873,1.5933553149426514,0.5699872536574452,-0.3505766133135206,1.5585114377373606,0.5805734992968046,-0.28099682669285353,1.557286843694422
145,0.3149346764401791,-0.3731621413678589,0.9956440180735094,0.4313456576288784,-0.1710032594186423,0.9838115199183887,0.19080886178114242,-0.22685501113359868,1.0255658799164107,0.24988438446635497,-0.13556261520715276,1.023874365028329,0.34185113902407627,-0.23629093624739808,1.5023671280348925,0.3225941373485185,-0.41795301778332067,1.4601353938144859,0.46135089703659476,-0.10456589697214025,1.4447259567985618,0.2361962252402299,-0.5206114778506074,1.1566820712883354,0.4373859770819726,0.04530316533730988,1.1285104136253086,0.19828697997062744,-0.4436346243266583,1.124145662697788,0.3545570616837935,0.03133633540261114,1.11080334277747,0.4046674496660125,-0.581751978064302,0.9657823434995055,0.5217397635981299,-0.039264177465623676,0.9174383344071672,0.37115478969960375,-0.5846377737382814,0.9423509301814041,0.5013184904962142,-0.00844535195357018,0.8974913499205384,0.23096708784760672,-0.3825167074451391,0.5331074241056898,0.41287610031402344,-0.11162211718315293,0.525885256658454,0.29405393014227116,-0.2874490321863791,0.5211221697422858,0.3473160784034959,-0.20842023362740178,0.5231627648615456,0.17033563450492772,-0.3457423341905388,0.08627541335501965,0.37156847660013703,-0.09801998872489132,0.07085418854231001,0.2277099180490648,-0.3163459337010929,0.0762646162337079,0.35443661564710527,-0.1671326843811222,0.07083567212543598,0.24705926780341364,-0.48376673536770637,0.02055299449368484,0.5257640765948013,-0.15105102006509896,0.02221225786733133,0.3421381840009972,-0.4801032726345554,0.0249023289733584,0.5395309795158978,-0.21741951237165563,0.03430342023647345,0.16049706834403593,-0.27464079947065734,0.03244573014420656,0.30217617013864934,-0.10446201550519846,0.036634811071911175,0.5835013016643937,-0.3155422154534242,1.5003823308027595,0.5607386887514949,-0.3071035578938943,1.7084951420316168,0.47334885329831505,-0.37070513984965164,1.5937326402609906,0.5039060104337115,-0.21061691273913224,1.592599356393774,0.5713755307191111,-0.3497889476554548,1.5575146218640579,0.5812890789023414,-0.28005721892562585,1.5563734672284237
146,0.3182083224205979,-0.37568577098570405,0.9949821576110229,0.4323668832334799,-0.17207166561757645,0.9834252730739942,0.19255828787114349,-0.23075644240120233,1.024523590510043,0.2505634838852634,-0.13871756224706533,1.0231556654684906,0.34190992997080794,-0.23975617398330745,1.5015097309897987,0.32632457878225296,-0.4223944221679823,1.4584874087923996,0.45986256242721724,-0.10556636705752216,1.443998349140786,0.24960426595602686,-0.5305537307538932,1.1530808540233484,0.4377796232239512,0.045737312336708864,1.1267038420897142,0.21006476281910405,-0.4547536394568037,1.1205693061236035,0.3547810376425146,0.03085081487306401,1.1087144092617418,0.423187019940128,-0.5872491084465569,0.9643254696247645,0.5214293377436816,-0.035768452077616475,0.9159624718427621,0.390609037983265,-0.5912135308428466,0.9409129575547562,0.5011411747159398,-0.005446223929218863,0.8960888081890634,0.23317352631857236,-0.3837145561327585,0.532348068317483,0.41358339610745787,-0.1116557975380001,0.5258562771281052,0.2956250750886269,-0.28829645597003706,0.5205895995327632,0.34894360671595365,-0.2087237775851654,0.5229397007362392,0.17155543048548674,-0.3460563231562533,0.08612323292311419,0.3710463161156251,-0.09684727355914632,0.07115243209425251,0.22887494127686983,-0.31673613710565507,0.0761523538901072,0.35412776163358084,-0.1658415135772642,0.07095335255705931,0.24863781429547976,-0.48391784621404454,0.0203369658360695,0.5249215751838121,-0.14918525912384972,0.022046153565185196,0.34378358049842833,-0.4801315759459007,0.024387116535552072,0.5394208112680007,-0.21582647514618164,0.03409239176307006,0.1612982540118427,-0.2746946162417443,0.0325956305857487,0.30162887360468427,-0.10321975293370846,0.037082448083939956,0.5842030338843314,-0.31526267829624105,1.499436292256416,0.5613029949569263,-0.3083528670758665,1.7078390317877556,0.4748380515841978,-0.3725397816267335,1.5928248819397655,0.5036709321334504,-0.2117076854462473,1.5919223708332018,0.5723547564518419,-0.350074199650355,1.5566346459122542,0.5816588067895986,-0.28014962472899635,1.555573779264988
147,0.3213536849593555,-0.37978316747366364,0.994050315107014,0.4331249241328149,-0.17437981107645384,0.9829639046137643,0.19398589927127266,-0.23637330677694052,1.0233504717741144,0.2508420218461895,-0.14342633583214243,1.0223854491050341,0.3420146896975535,-0.24523655035144223,1.5008089298005087,0.33040776079880296,-0.4288445249658771,1.457001141340184,0.4582725473117007,-0.108403369387564,1.4434860815654025,0.2645325435775205,-0.5430798408663334,1.1497368470473883,0.4390511805649482,0.04406720917598694,1.1247373406797998,0.2231467217951989,-0.46882001488738945,1.1173342010138871,0.35572991880472854,0.02817912214841377,1.106405881666629,0.44120371032269934,-0.5936459508421394,0.9628596858481613,0.522082116048006,-0.034859507359497326,0.9142254059204873,0.40969999362876697,-0.5986901604150143,0.93962218775771,0.5020633123564534,-0.005009606299516255,0.8943238559570762,0.23452342628295064,-0.3859973708306965,0.5315361864131175,0.41400421718058966,-0.11283963532691793,0.5257083743636675,0.2963924536882343,-0.29020192528600386,0.5199576443966952,0.35028556922768345,-0.21044739427145248,0.5225720252018481,0.17251431153925187,-0.34800968238560875,0.0859286250137756,0.3707421399391406,-0.09750086548666637,0.07135319927521704,0.22976378821011362,-0.3185314943096926,0.07607135638565149,0.35406283543333544,-0.1663755737294545,0.07102772452766655,0.2500503699062991,-0.48554496724258944,0.02036381695641171,0.524437980696471,-0.14898622851348298,0.02191710553283227,0.3452009247974651,-0.4816037992357698,0.024190203778091328,0.5397363691447149,-0.21580378589663046,0.033950595930768115,0.16191252029911463,-0.2763603016708132,0.03268697160852428,0.301244200523269,-0.10380578337609281,0.037474464715623323,0.5846246036606314,-0.3165249401532161,1.4984094160558108,0.56180221476511,-0.3110876451023146,1.707219226408996,0.4760326115415915,-0.37604988343782014,1.5919447147936072,0.503545786496793,-0.21462174816275628,1.5912179570425458,0.5729723299646949,-0.35196303126398043,1.5556933331908478,0.5818926008906409,-0.2818653300312792,1.5546776046299335
148,0.3239548286820752,-0.3845714643456385,0.9929750010771913,0.4335166014176785,-0.1776182587895456,0.9824077939401853,0.19492124677780126,-0.2424472588862109,1.0221687196082845,0.2507218143112784,-0.14869014294867453,1.021597874015418,0.342389972584575,-0.25170067915105293,1.5002036294633287,0.3348667429430989,-0.4362773734034795,1.4557792156053764,0.45705994628319135,-0.11260537586349961,1.4430568108052926,0.2806138252616965,-0.5569988666002055,1.147091553053774,0.44154958866305466,0.03975227073524056,1.1227710936199395,0.23725464206199734,-0.48464286745301133,1.1147187315902845,0.3577516747955252,0.02318407957367367,1.1038986677895626,0.45808982727983355,-0.6000937078528678,0.9616708734771664,0.5242992255931549,-0.03854987290854516,0.9129290842660367,0.42771810708628205,-0.6061656534487533,0.9387077801720908,0.5046441251068958,-0.009069516047728727,0.8927989240745641,0.23505244563284836,-0.38871262104542803,0.5307695859110964,0.41412370226986883,-0.11497208522536316,0.5254434340524811,0.2963919958068413,-0.29254615834977094,0.5193205437338592,0.35116454803706504,-0.2131341920564338,0.5221273701431747,0.1730662729719496,-0.35123097463295067,0.08566163275920452,0.37059309582767364,-0.09973946905016048,0.07133945031376719,0.23013366639359933,-0.321393982852698,0.07599671628519042,0.35419318117988785,-0.1685824024315418,0.07093526232031191,0.25116833366756325,-0.4883801419276008,0.020541279106683775,0.5243287896820558,-0.15034182930835863,0.021766061660490745,0.34630438884309045,-0.4843766069797728,0.024224858667370595,0.5404379480341669,-0.2173347235040101,0.03373689866889407,0.1621476230700888,-0.2792583998969589,0.0326116177524496,0.3009141362318322,-0.10604405887667517,0.03762930339317374,0.5852175478073007,-0.31879749336232455,1.4974778784779992,0.5624235204760399,-0.3142911595783136,1.706669362219499,0.47721296990765205,-0.3803748290867867,1.5911823829653238,0.5037477700491725,-0.21843862986975157,1.5904136819772388,0.5736436500261934,-0.3547480205994591,1.554854770733383,0.5823348276464071,-0.28445785359031456,1.5537575796234417
149,0.32549398060236023,-0.3888071085149946,0.9920240507132423,0.4334120797803848,-0.1808595583054635,0.9818410418902179,0.19511592157337515,-0.24734218430986618,1.0212922571476633,0.25011555434431265,-0.15301520057783732,1.0209839402652612,0.34326622583956784,-0.2578643308495122,1.4995168491070061,0.3396963569809231,-0.4435103928771265,1.4546407607847158,0.4568812620906489,-0.1172336258600804,1.4424463531362766,0.2969679686113982,-0.5711419140725429,1.1454610211331202,0.44519543212822105,0.0339044117537116,1.1211534590508232,0.2515186159458277,-0.5009170027928531,1.1128847762797784,0.36071213981205746,0.017201531573575547,1.1015106045545338,0.47328588233095703,-0.6067621647729885,0.9610632293438219,0.5281003938705402,-0.04608755201020783,0.9126135895736887,0.44391244999295293,-0.613716565724623,0.9383927125504791,0.5088785963276873,-0.016805733006721335,0.8920879039396807,0.23503434833798398,-0.3912628210331448,0.5302803477604692,0.4141679255717259,-0.117334231425749,0.5252023879381962,0.29591519431080365,-0.2946943174817096,0.5188665942262147,0.35168837086389276,-0.21592392811652245,0.5217349723031709,0.17309139006692753,-0.3549466404931845,0.08552144758008932,0.3705075580163073,-0.10267315965424754,0.0712564748510069,0.22991799431080231,-0.3247189051778703,0.07607951663572003,0.3543488900936602,-0.17163215083055125,0.07081302129528348,0.2518978665364813,-0.4917755301063189,0.02083329695692989,0.5242622395012025,-0.1526926213248055,0.021620722853190652,0.3468861642691081,-0.4877713968727449,0.02439535933713733,0.5410033357668607,-0.21995353725010947,0.033488101187741696,0.1618415987392878,-0.2827472595157513,0.032615829795632156,0.30059833126122787,-0.10901182587920376,0.03767900496113688,0.5862411851766282,-0.3211081971192049,1.4967320698671873,0.5630627847146609,-0.3169536772837405,1.7061569683606934,0.47848520224049673,-0.3844245169786103,1.5903827869104021,0.5043911508976922,-0.22208445648863565,1.58946888671152,0.5745648569184483,-0.3573616106667809,1.5541510881308997,0.5831407010555686,-0.2869105882373551,1.5529111834414795
150,0.32634002608733126,-0.39075983047984386,0.9913921678579835,0.433207428045772,-0.18251537859801623,0.9813695627349903,0.1950133501159163,-0.24937893249027893,1.0208197747591252,0.24952789179642926,-0.15465079072403454,1.0206532304872988,0.34504036078786704,-0.26203576844780296,1.4988414439190128,0.34514294522814626,-0.44868598692387873,1.4535655355889436,0.4582857331685847,-0.12079231155909714,1.4417492053848524,0.31352001917479566,-0.5830123145392232,1.1445436061813261,0.4499555784828039,0.02804754187363034,1.1199785591380842,0.26593945547320064,-0.5150161747812891,1.1115449443037366,0.36471531247225714,0.011813821727863548,1.0994667981507913,0.48724760876139356,-0.6111756247762146,0.9606832846304403,0.5335323984558831,-0.055012031834980685,0.913269725907002,0.45863073024563883,-0.6188752596906993,0.9382381771782933,0.5146768558199539,-0.025907361521967244,0.8923100274184161,0.23493945434060265,-0.39262243611508385,0.5299567001225008,0.41436724382964246,-0.11842212409663087,0.524843696324103,0.2954368522227663,-0.29566055585202455,0.5184621116569539,0.35210515882916865,-0.21722438508735875,0.5212566606201069,0.17278015536398156,-0.3574146690111745,0.08520331452176334,0.3705329031659321,-0.10435501342572076,0.07085033060077256,0.22944963893449424,-0.3268446965829367,0.07598224599320069,0.354520856361333,-0.1735353245610504,0.07042584005703757,0.2520413808528833,-0.494272727380624,0.02073172583757761,0.5242551950264173,-0.15412153823219796,0.021190068540501244,0.3467860988272486,-0.4904448683398065,0.024188403379726393,0.5414399818461745,-0.22168223998787145,0.032977892488354615,0.16129145497566344,-0.28497126114420857,0.03248968989139209,0.3003283860083291,-0.1106786782772772,0.037363099436172095,0.5881288013160842,-0.3218114701153682,1.496294020990912,0.5642788825415159,-0.3176294884737456,1.7057875386420789,0.4803804884608448,-0.38657144187188197,1.5895946998913697,0.5058750887034656,-0.22405078833525646,1.588614671240222,0.576267820124492,-0.358185180298076,1.553679051351809,0.584735093610725,-0.2876999717916876,1.5523422078915017
151,0.3270093772656608,-0.39111615982811376,0.9910636461417244,0.4332969041911639,-0.18293619906062364,0.9809432638706173,0.19488351123107892,-0.24936607053127724,1.020665812395774,0.2491755740176716,-0.15419032433863272,1.0205323389736394,0.3478821775940428,-0.2643569850610414,1.4982095338229222,0.35128955059172967,-0.45183152925166437,1.4525552856659674,0.46123854730288794,-0.12312503746727467,1.440897923580556,0.33055348454078337,-0.5928854610364663,1.144051646427599,0.455814194088454,0.02236512224837032,1.1187315491265628,0.2808842077580249,-0.527235374073127,1.1104118523678423,0.36974769295251597,0.006932277851964748,1.0973304831108799,0.5014730413396091,-0.6143718177409176,0.9606756818230329,0.5404593649789544,-0.06444280422632444,0.9140945864037177,0.47336041366967613,-0.6227007229679604,0.9383011722405761,0.5218448423289265,-0.03554909060178126,0.8926849921546224,0.235122590235863,-0.39330687822351196,0.5296374023561665,0.41500206789172334,-0.11894604691223015,0.5242817836321899,0.2953180444558149,-0.2959647177139672,0.5179828799356464,0.35276316282989445,-0.21781222995891264,0.5206201069036045,0.17258514293220598,-0.358353149696478,0.08465781789467754,0.3708579357271623,-0.10531464903685048,0.07010613205722208,0.2293016047485852,-0.327658233212974,0.07560874132254569,0.35488450753815426,-0.17467719148213548,0.06972522155786176,0.2519897716965747,-0.4956837654930758,0.020197447599826026,0.5246398223844349,-0.15516644795293877,0.02037252287926869,0.3465303661435702,-0.4921531493023254,0.023585442096957898,0.5421117679523388,-0.22303479973695267,0.032140222336067156,0.16106671541308698,-0.28551853040661784,0.03219155427083682,0.30025219086456834,-0.11154820395745106,0.036688518949741906,0.5910879185089436,-0.32113394891885577,1.4960657607033288,0.566351709890414,-0.31672360011555417,1.705472008386063,0.4831610425365975,-0.38704888673640614,1.5887683757431865,0.5083512680707462,-0.22450480137578419,1.5879135215960132,0.5789927346506059,-0.3575192899681806,1.5533645637776572,0.5873381775561428,-0.2871148961349168,1.5520265703411658
152,0.3279650007117711,-0.3900440692714269,0.9909343941873349,0.43365840686259305,-0.1820880335286141,0.9805260386335818,0.19497546154671236,-0.24794459084447648,1.0207111029677205,0.24904691253962374,-0.15222149864025128,1.020520997555381,0.35163692128342416,-0.2646162660917616,1.497676564072727,0.35779952683306226,-0.4524820253553829,1.4517514799576594,0.46519169102017444,-0.12370559029869267,1.4399168039349393,0.34724860882910147,-0.5990788215129778,1.1437873608331537,0.4628183646327521,0.017397720181504824,1.116931594515434,0.29577468687833464,-0.5358998724742663,1.1093455167513497,0.3761388175506537,0.002860088255284043,1.0947132219053475,0.51558247799625,-0.6142198324961933,0.9607778760311505,0.5487492014809532,-0.07301140640753095,0.9142414075752786,0.48785499331234616,-0.6231581788334865,0.9383299362965717,0.5303623454934678,-0.044565878431144595,0.8924028900078784,0.23564384775113736,-0.3933908509489224,0.5291536907704075,0.4159273942953576,-0.11891392399093825,0.5234923270384765,0.2955395091699091,-0.2956787311940821,0.5173736485156256,0.35378147793437575,-0.2179326570774361,0.5198402915896032,0.1729766871081108,-0.3577198341996689,0.08373669324234954,0.3713708052263715,-0.10555191644159811,0.06910239882599647,0.2299044984554763,-0.3271123732209265,0.07480346455698862,0.35540776058720314,-0.17503099641386993,0.06876131328427375,0.25230987211719885,-0.49567381120724396,0.019215203671098538,0.5253290004689375,-0.15554474658261702,0.019208350866493158,0.3467687519901529,-0.49241242869103247,0.022626822546200104,0.5430043735545548,-0.22369340161918772,0.03100826108051978,0.16161190351425972,-0.2844496066235765,0.031523278197470875,0.3003470260754874,-0.11169701841738283,0.03568555617679746,0.594911051431398,-0.3190717663784691,1.495716651977064,0.5696177661956515,-0.3144384090624707,1.7050607641118807,0.4868639588054892,-0.38574539482490156,1.5879782184978681,0.5117929205262179,-0.22335822725274204,1.5872538367305016,0.5826777962284657,-0.3553898710634036,1.5529680872003593,0.5908974864294803,-0.28518594302393174,1.5516495111540607
153,0.3290382061573783,-0.3887334058808756,0.9910668902812423,0.434020536187231,-0.18094754243046596,0.9803162727638675,0.19511445995783044,-0.24659562207289742,1.0211249772901163,0.24893469140458305,-0.15023135254076322,1.020821841786968,0.3560900445473357,-0.263884406064784,1.4972066136893318,0.3643667603503376,-0.4516041167651207,1.45121991932575,0.4696982569258242,-0.12338099626679033,1.4387390018561241,0.36257426864167036,-0.6010505075322796,1.1436699264422183,0.47079775059735146,0.012679657701179212,1.1144257423181065,0.30968286062962,-0.5402799758707297,1.108414057053984,0.383853126279613,-0.0010759098994710173,1.0914726114861488,0.5283172103279562,-0.610238375451284,0.9603745207101817,0.5581491189297629,-0.08060429484953058,0.9131843329095256,0.5008271504259799,-0.6196819022118999,0.9377422426218655,0.5399528879449006,-0.05275194584096574,0.8909565721901205,0.2361588842072536,-0.39346121931469324,0.5287755779624083,0.416803567729604,-0.11901019734073363,0.5228405577244097,0.2957682562811701,-0.29546694764511494,0.5169346268646795,0.35489869750279845,-0.21828021571455164,0.5192817852127204,0.17374968127405688,-0.3566234109579051,0.08274174758325063,0.37176407609202644,-0.10574992787345955,0.06808170728164228,0.23087432742138886,-0.3262534478545191,0.07388277437455507,0.35585442882165796,-0.17532591199688846,0.06775559795910348,0.2530054973153949,-0.49512907863517674,0.018140094467820052,0.5261001398934805,-0.15592947533823134,0.01800236952721496,0.34757698365361916,-0.49205394323957746,0.021651266102373428,0.5439438123569985,-0.22432076582153818,0.029838639471188876,0.16252268540457798,-0.2828851827144522,0.030694168838499822,0.30035700271455146,-0.1118696887413751,0.03459745002076932,0.5994324190665966,-0.31663388724753044,1.4951410880423786,0.5740122610253647,-0.31185859759035,1.7044816639116769,0.49147515094264843,-0.3837777868355903,1.587257178062561,0.5159727817663234,-0.22159929378648355,1.5864681216029946,0.5871959467781042,-0.3528209351378894,1.5524190217471363,0.5952283868487519,-0.2828252863256564,1.5510385705317216
154,0.32961021692076975,-0.3874465024728673,0.9912034675510165,0.43388491389291445,-0.17959126960212124,0.9802578696595852,0.19485490400275765,-0.24564245236470478,1.021881155892752,0.24840084062721549,-0.14852962567832254,1.0214681466069666,0.360811379149372,-0.2633579874798708,1.4966010947868464,0.3706003881301504,-0.450626007311261,1.4506473015137185,0.4744214657385008,-0.12313642242455353,1.4373050077515714,0.3755759977063867,-0.600102627095411,1.1432374682340902,0.4793297700846301,0.008140918596275618,1.1116297763072047,0.3215942578292662,-0.5414673572328161,1.107267708126184,0.39246845506871497,-0.004972957040721228,1.0880255947103374,0.5387119365680431,-0.6036680730816095,0.959291465811405,0.5679404656624659,-0.08729910063341413,0.9113163783395608,0.5114260915947411,-0.6134276974974283,0.9364067127562652,0.5500750094702401,-0.06008958989467761,0.8888296363887576,0.2362031124142751,-0.393387213174521,0.5286564727012311,0.4173520026201026,-0.11898245434652155,0.5226418643079411,0.2955168415701382,-0.29513154966847616,0.5168401721890598,0.3558528144161054,-0.21858392786893027,0.5191393288647502,0.1745198544416207,-0.35565036791233806,0.08206845573515724,0.3719977889774965,-0.10580719619199802,0.06740197303937036,0.23175972295078842,-0.32559167155507507,0.07324981527848079,0.35624619462645857,-0.17550973619008212,0.0670278331142948,0.2537450985489177,-0.49460553594360807,0.017301982412802522,0.526778779713304,-0.15592725928022869,0.017142912998153317,0.34855805199688683,-0.4914892390397293,0.02091858384467265,0.5448434284004983,-0.22448170012125696,0.028976239834112162,0.16333766994861418,-0.2815283945254808,0.030094918284177957,0.30031394568346886,-0.11200968791316604,0.033802556610547506,0.604030754633766,-0.31490377807643166,1.4938759750703996,0.5791071194837552,-0.31039346991324257,1.7032553326368112,0.4964764291905901,-0.3824790287800447,1.58615167106643,0.5204978852845207,-0.22035404824996266,1.5851931360199543,0.5919411232691786,-0.3509787787607404,1.5511885015082876,0.5998134856261828,-0.28114343105712464,1.5497332387753473
155,0.3299182745922809,-0.385559624318389,0.9913330367301838,0.4336281316631192,-0.17757127413720328,0.9803990061992948,0.1945740587171786,-0.24439166393242184,1.0228161474139885,0.2479158037110012,-0.1464197322024511,1.02238315342311,0.3658633483803153,-0.2625986006785789,1.4960451283018,0.37677969834180763,-0.4492378082015147,1.4499502577086696,0.4793791286130555,-0.12255604180468768,1.4358188188171477,0.3872792323097828,-0.5963378878494359,1.141884995153465,0.4880869207717515,0.004196679178777203,1.1088030721238773,0.33248167806991813,-0.5394849510923033,1.1053464009299714,0.4015666712818661,-0.008261763847092929,1.0846444548240843,0.5482992261207532,-0.5936975135538056,0.9570653250081622,0.5776626691297948,-0.09347280756876127,0.9091881286643555,0.5214789893580827,-0.6036659303908838,0.9339320550308635,0.5603800109099553,-0.06689849760479082,0.8865416481490224,0.23582662322333933,-0.3921099034509544,0.5286038742671617,0.41780073731724016,-0.11785563477462932,0.5225784005576312,0.2949180171860666,-0.29350223632368927,0.5168572180285496,0.35670133003719995,-0.2176637097717082,0.5191176563865282,0.1751459052821023,-0.3541092887482922,0.0814065731515655,0.37232239397213523,-0.10465033011381986,0.06668172904668125,0.2324492427555258,-0.32429949214455844,0.07255064109203072,0.35675672597751595,-0.17454026056241362,0.06621025013557508,0.2543095923786518,-0.4934684342619429,0.01647587787595441,0.52748584502662,-0.1545899987018655,0.016308041497678626,0.34943663686559867,-0.4901934219347599,0.020150470198169408,0.5457262530308948,-0.2232770765701594,0.028120268189760128,0.16395935797932967,-0.2796411576908346,0.02939517437217845,0.30046689591816045,-0.11100327799768306,0.03290071178437332,0.6088941389401327,-0.31329898378680265,1.49193760722501,0.5852100730791526,-0.30926090813508184,1.701364724531528,0.5020499216461175,-0.381248304193948,1.5847170359573355,0.5255448580823974,-0.21906149460113655,1.5835818687596606,0.5971254383083813,-0.34921415067084927,1.549272572413448,0.6048542679473032,-0.2795281079980539,1.5477739593448505
156,0.32981377892383806,-0.38353826940457153,0.9912570622838225,0.43324447440544345,-0.17543004893701242,0.9805510276370079,0.1941584923911483,-0.24294531103407604,1.0237484336229408,0.2474566653002243,-0.14413139297448185,1.0234185691105009,0.37103666038718464,-0.2622930566088792,1.4955810366624263,0.38291369546374227,-0.448543772506375,1.4490591480105288,0.484495064399656,-0.12246539644254995,1.43433282459664,0.39816080129988024,-0.5920096571224938,1.139711353934526,0.4966908103136962,-7.408883597462127e-05,1.106124376976306,0.3426784874672723,-0.5366063807752479,1.1027645526037997,0.4104849873822654,-0.011862613586220495,1.0814711358910514,0.5577908210226117,-0.5830900149397653,0.953834265816951,0.5869251155428894,-0.10064202358864115,0.9073099419472679,0.5317132961713809,-0.5931200733290549,0.9305486080002504,0.5704717887185675,-0.07462885576571844,0.8845325489127063,0.2351474755776872,-0.3902902480571453,0.5284531331867452,0.41808399766624704,-0.11624802408330759,0.5224427829778182,0.29410226549258894,-0.29121316254841595,0.5167779226440936,0.3572930778940046,-0.21611283581968352,0.5190121089114226,0.1754063171336995,-0.3527005571013464,0.08064568687126346,0.3728546970808554,-0.10324154648478397,0.06582783178063562,0.2327898818391713,-0.3230747552986608,0.07167208161120721,0.3574297608857381,-0.1733577977457095,0.06519384123526328,0.25455546028234277,-0.4924233849667249,0.01563477229270721,0.5283529411947906,-0.15301056733058924,0.015429238139486654,0.35005192104439325,-0.48886188594869695,0.01935279095186707,0.5466803370988204,-0.22184345841150607,0.02718431984068305,0.16420099319121015,-0.27795396576734244,0.02850559506246517,0.30085289766310336,-0.10974743942302218,0.03179923531503536,0.614050566534852,-0.3120204742773678,1.4895494915429057,0.5918796496893399,-0.3083612817495722,1.6989665804324525,0.5080105434403399,-0.3803832074557893,1.58294475093816,0.5308849409977149,-0.21807568751784406,1.5817880934543762,0.6026792167602159,-0.34764588790332707,1.5468618873107838,0.6102379733635922,-0.2781077721128002,1.5454034224211906
157,0.3290349695241311,-0.38315973802463077,0.9909164181009013,0.4325941593102332,-0.17502858145032746,0.9806978191725483,0.19348582827540894,-0.24290163461039185,1.0246716463209524,0.24698327507637663,-0.1434839952289965,1.0246156843260574,0.3763812932675619,-0.26438074474461,1.4953273767582105,0.389055320208022,-0.45043289490903493,1.4480924150225516,0.4897587240991148,-0.12490401110617144,1.4328940540629342,0.40834733861548445,-0.589114241644023,1.1371908153964387,0.5053202508240277,-0.006835537358497916,1.1035996002013193,0.3522609544925107,-0.5348826809662811,1.1000212651136838,0.4193212422737142,-0.017848415214166483,1.0784486385532577,0.5663738111143998,-0.5735492575338437,0.9495828080088602,0.5959356907869691,-0.11098574492301075,0.9055600298035729,0.5412138599706647,-0.5834619161899154,0.9263503183259857,0.5804921837659635,-0.0855291771185416,0.8826625728038778,0.23415742976214432,-0.38966730068207334,0.5281582544739477,0.4180623124887186,-0.11617472257156466,0.5223971985867882,0.2930973451406264,-0.2901718115803039,0.5166229883577105,0.3573885323799138,-0.21587940833649927,0.5189711888293751,0.1753762384683022,-0.35266587001440547,0.07970614229921116,0.37356694632667825,-0.10323491533266907,0.06495464491164595,0.23291459261182645,-0.3230272636689089,0.07067232542403012,0.35816316579007873,-0.17348620891566735,0.06413202606552143,0.25449650468544693,-0.49263488558760266,0.014728956581419638,0.5293923938331297,-0.1528402913918225,0.014751149074146916,0.3503193145770488,-0.48871051747400507,0.01857371122758855,0.5476559707879103,-0.2217111065356652,0.026380167242408277,0.16425307318418964,-0.27774062106907677,0.027340570539908633,0.3014164867347613,-0.10976308237636276,0.030604585877932123,0.6196224479172352,-0.3132212972098933,1.4868516261156906,0.5991281199173898,-0.3093902303067778,1.6963151265113898,0.5142920772322525,-0.3817696379285805,1.5810446492223422,0.5367030009143764,-0.21937778939092561,1.579854910037461,0.608664111940505,-0.34842962502448793,1.544195336929644,0.6161008968897275,-0.279063831819894,1.5427383726931403
158,0.3275076052844651,-0.3850097017845084,0.9903934501631286,0.43136211088492254,-0.1767634687261999,0.9807584608434121,0.1922867047271425,-0.2450109301350319,1.025685168342064,0.2460882083858179,-0.1452825262672814,1.025998286476342,0.3818158210556249,-0.2691706602076373,1.4949845045391408,0.3953494779232801,-0.45528537494666654,1.4468840352456498,0.494962073514915,-0.12999359293263993,1.4312344724262358,0.4182061844795884,-0.5889927634299528,1.1348419686907436,0.5135797174054356,-0.01563095518482499,1.10111071363262,0.3614226506944244,-0.5357071355546772,1.097640887042387,0.4276285699524916,-0.025919021128876132,1.0754289481643697,0.5736930162362399,-0.5669365495545878,0.9450059596322596,0.6044329644484302,-0.12304857633603286,0.9036112533282828,0.5493939866604169,-0.5766736290531412,0.9220071612204377,0.5899524501424608,-0.09816461331261898,0.8805826845318927,0.23284458894556673,-0.3910984726497896,0.5280733903667845,0.4175359241408829,-0.11852934831375413,0.5227443564659356,0.29174212321953674,-0.29135805763894884,0.5167163946960662,0.3568427088372686,-0.21793640293013034,0.519334620879722,0.17498298926429628,-0.3545607066855335,0.07920823303991044,0.37409950537318354,-0.10548933591323563,0.06455865187776252,0.2326696705880415,-0.3247692507187546,0.07018859904498463,0.35866796155274533,-0.17575429665924447,0.0635880261715915,0.2543060169427519,-0.49453610561706723,0.014340934984033701,0.5302798173671475,-0.1549401305147507,0.014604476217349624,0.3502662059031861,-0.4901155684057533,0.018362050273200002,0.548463780807225,-0.22370431941227437,0.026073989543961805,0.16390129794883185,-0.27962560121400953,0.026521032390400105,0.3017672193749126,-0.11195487083443917,0.029937758643717068,0.6253975473207956,-0.31718007897637496,1.4836775830605147,0.6065844907018035,-0.3126663933278621,1.6932330825572046,0.5207229390891069,-0.38578770105047777,1.5787653494794145,0.5427410497404266,-0.2232351371121403,1.5774961217674086,0.6148776346765976,-0.35202036864351616,1.5411140961062455,0.6221827717205837,-0.2826928450522348,1.53957702159564
159,0.32521964875669546,-0.38939480948898275,0.9898179648340232,0.4294246619896808,-0.1810198465545758,0.9806227653426293,0.19062481061697953,-0.2496915079967621,1.0267815438604135,0.24471809838425648,-0.15001646431527815,1.0274652178364627,0.3874194733405229,-0.2769505131571707,1.494325604598351,0.401753409303675,-0.46317396195771854,1.4453105421124615,0.5001910582510816,-0.13791772055124307,1.429199305129089,0.42766362105363226,-0.592294816453885,1.1326120356456455,0.5213307947717102,-0.026269652391624855,1.0986841694778207,0.37013438457584086,-0.5399009063090335,1.095534502844816,0.4353395284707091,-0.036012729832291215,1.0725369957491668,0.5796619982734779,-0.5636880780892548,0.9404962837036999,0.6122579575354391,-0.1361090526098928,0.9010687949492068,0.5561206385096621,-0.5732297267941545,0.9178206486542819,0.5985863141585838,-0.11184506874346792,0.877962260099081,0.2311277184217617,-0.3950622894237835,0.5282428491348259,0.4165990186836729,-0.12416257142404569,0.5234434289883498,0.28998105464265206,-0.29548478903175385,0.5171370139034436,0.3557019509624243,-0.2230183470324462,0.5200909332310311,0.17423834482036518,-0.3591063711035398,0.07918983307915113,0.3745251755545795,-0.11089504797596539,0.064587699514449,0.23204619099024507,-0.3291743268553496,0.07030237717019557,0.35899163510442267,-0.18097612969474142,0.06354832576276592,0.2536003236102934,-0.49909126113801605,0.014501007249404655,0.5309723039247687,-0.16020241350729308,0.01501843698217315,0.34948452784458417,-0.494235630487621,0.018753272485012074,0.5491245104189632,-0.22854935180683664,0.026308306934002306,0.1632912364589347,-0.28435105871769384,0.026085341185384758,0.3019886613459637,-0.11724127223549907,0.029732020844473333,0.6311535552411908,-0.32432852926063604,1.479841609001626,0.6141134593276542,-0.3189854959854021,1.6896038276924483,0.5271190923386876,-0.3930108604995719,1.5759073786900937,0.5490536803103209,-0.2301240493365694,1.5745156827891995,0.6211312095164373,-0.35910223200467134,1.5374130721803012,0.6283807516351063,-0.2895907155212779,1.5357510283890807
160,0.3226067953030186,-0.3951778483474699,0.989376202098286,0.42698960470083025,-0.18673534564836244,0.9804081574509262,0.18881474578504492,-0.25588390205504064,1.0280555679389995,0.24305652671343875,-0.15661006786709764,1.0290406721801912,0.392988515602918,-0.2859808118189998,1.4930696230364546,0.408180067210917,-0.4722253097049221,1.4431897915925265,0.5053055020646685,-0.14695332284453422,1.4267294859172523,0.4365849005747413,-0.5974707396194768,1.130190273222165,0.5284263735094477,-0.036918119190872345,1.0963470957927912,0.3783899047095028,-0.5460110989087937,1.093342114484463,0.4423892345956418,-0.04643226899584075,1.069932403906418,0.5850354363038388,-0.5630804691018311,0.9360771999867424,0.6194192121916725,-0.14770857003439522,0.8980805707058717,0.5620416215806494,-0.5724262863625945,0.9136767776771336,0.6062427812650698,-0.12405758650000273,0.8749354073576219,0.2292172140860169,-0.399965430920037,0.5288967447994365,0.4154492389512994,-0.13150007411847137,0.524507432033566,0.28795234100447786,-0.30081358116121804,0.5180395436578337,0.35425378202754415,-0.2295962112010631,0.5212565978728365,0.17325011074802676,-0.36494531847472494,0.07977621777640208,0.3745881082471624,-0.11776149183222186,0.06520252397842068,0.23112815076031074,-0.3348970647564628,0.07102851699994632,0.35891943496042217,-0.1875873617957932,0.06420172030145695,0.25259400867599896,-0.5050176863251535,0.015372438037091447,0.5311822561341967,-0.1670695356878473,0.016054471280816274,0.3481434258537657,-0.4997293547095144,0.01983297647877154,0.549381536600894,-0.234828699784492,0.027228008651892947,0.16241996943174647,-0.2905563975784289,0.02625716987874166,0.30185126889158564,-0.12405596712804828,0.030184943651860214,0.6368409779532216,-0.3326290932946278,1.4752964252785061,0.6216583508999136,-0.3267594762891221,1.6852757285884028,0.533591957386523,-0.4018289190081046,1.5723353099892177,0.5552927131411639,-0.23830053269557414,1.5709070281150768,0.6274529211021478,-0.36768176519872303,1.532978700518682,0.6344991019300007,-0.2977338362509236,1.5312163632876414
161,0.3199684216358973,-0.4016238152513859,0.9889745202019176,0.42427699667412494,-0.19287413723189367,0.9800866310040244,0.18698948722823405,-0.2627381215687107,1.0294530585369597,0.24116370592295058,-0.16399176374189273,1.0306529008228116,0.39827349516056765,-0.2953259680448078,1.4910980019394613,0.4143510026713041,-0.48164175416308025,1.4405532343010743,0.5102249833742583,-0.15613468055590532,1.4239409686555067,0.4445929718749427,-0.6042362627197551,1.1276744545637332,0.5349712068835957,-0.04680806872916908,1.0942632641867005,0.38581902402917106,-0.5537727719724932,1.0911192291879752,0.4487992443538077,-0.05639839883275395,1.0677995180800455,0.5900750137891781,-0.5659076337538382,0.9320380196089432,0.6259090085286478,-0.1568345412678443,0.8950146889023465,0.5673998320090843,-0.5749973336009074,0.909806536002283,0.6128715776093261,-0.13369445202000224,0.8719053582540098,0.22716181008853487,-0.4049405452296594,0.5300718976613287,0.41406019898529334,-0.13873521586963242,0.5260434289929938,0.2856355929897847,-0.3062504820095572,0.519390269393102,0.3526747888682751,-0.23619470576344231,0.5227930217719964,0.17213061886768197,-0.37143505825643985,0.08103181841092891,0.37418873534474134,-0.12440726183865099,0.06668765418002588,0.22993597156094214,-0.34116653213455916,0.07241675338903775,0.35843662226838763,-0.19408875373290468,0.06574861640314793,0.25160169790200454,-0.5114762671306433,0.016956435628168526,0.5309009684956683,-0.1736454228186916,0.017861015797876422,0.346616797122413,-0.5055310587054928,0.021583358652918057,0.5492603325216456,-0.24086176988371027,0.028974859427072664,0.16132061239394452,-0.2974879264655391,0.027249903299448708,0.3012601307535503,-0.1308610621095891,0.03160014353443946,0.6420994643950373,-0.3411534440237284,1.470145622278271,0.6287146084403297,-0.33509215191241865,1.6802285141403313,0.5397276464304487,-0.4112387573203271,1.567984234042216,0.5611465112312622,-0.24679922008290253,1.5667054578989168,0.633387326349603,-0.3767524863289029,1.5278165392312615,0.6401657372898139,-0.3061902274948072,1.5260680121922854
162,0.31788529884658406,-0.4076436257882147,0.9887386252710224,0.42178171335041664,-0.1983061746673434,0.9797212995619387,0.1855416331674935,-0.26919525426676194,1.03087320636922,0.23940800328496126,-0.1708352594389072,1.0321678530281553,0.4034771274705117,-0.3032728795185128,1.4887279297369296,0.42052758359668413,-0.4895454297873109,1.4377078374967973,0.5149097397270558,-0.16353526099618335,1.4209901476112465,0.4518288239651771,-0.6099772781674524,1.125352209191936,0.5411450750560749,-0.054510078345992564,1.0922667563428055,0.39255426154764583,-0.5605262437825469,1.0891350411670402,0.4548522926116472,-0.06430687628061536,1.0659723025965255,0.594764091429119,-0.5696806532579411,0.9284402703257608,0.6316564258667804,-0.16214088393253195,0.8915775700252428,0.5722077962613976,-0.5785063049086555,0.9063107360191555,0.6185521270956866,-0.13941765934676217,0.8686457758389908,0.22516525362930007,-0.40878287676442426,0.5314833636402615,0.412691332588024,-0.14452142355019307,0.527801138104422,0.283297131375366,-0.31041680757966483,0.52096076552121,0.351327201452184,-0.24170338112657366,0.5244587996404707,0.17126641235991907,-0.37668945689232725,0.08267660487688369,0.373656156886668,-0.12956213789568172,0.06876390781187101,0.22892892547840135,-0.3461153232111722,0.07417856011750121,0.3578815665047047,-0.19924473794679762,0.06786502737783134,0.2509805545968046,-0.5166456994564503,0.01888520676698607,0.5304350593919536,-0.17886589905193123,0.020070875956587037,0.3454052859599287,-0.5100482517368908,0.023582328523348708,0.5489314416322816,-0.24577570012425984,0.031132412212126856,0.16041631857354893,-0.30313199131486207,0.028755214362808052,0.3005837542480409,-0.13625429472281472,0.0337059701355584,0.6471014123538483,-0.34807199016760704,1.4645648778238363,0.6358097698928705,-0.34219715366218706,1.6746669213396277,0.5458484383590272,-0.4192719554262211,1.5632524939737467,0.5668742558412951,-0.25381263649011987,1.562153018154277,0.6391415664099837,-0.384219325816466,1.5221623212792053,0.6455792112921761,-0.3130458994497906,1.5204617707575885
163,0.31670897644424867,-0.411837275291935,0.9886371996629836,0.41984445281660915,-0.2015741458637771,0.9793677856064273,0.18463247272523203,-0.2740858361215892,1.032212078708983,0.23799092251420498,-0.1758163582478212,1.033546340051189,0.4088502888585264,-0.30846474868070733,1.4863092394583821,0.4268697898341815,-0.4945061728455392,1.4348891967793729,0.5194938475049677,-0.16783370080425072,1.4179957216222392,0.4586716046926972,-0.6130502766304864,1.1232223541432864,0.5469043180961151,-0.05947300615517905,1.0901300839137644,0.3989439527343093,-0.5644293084110595,1.0873826917111689,0.4605465480922215,-0.06941828981984702,1.0641591648876854,0.5994074612233817,-0.5726321845001578,0.9251488768908237,0.6368404104641322,-0.1639536167884004,0.8878058481956301,0.5767503226389863,-0.581266060454757,0.9030464774503026,0.6235884736026376,-0.14161520926524154,0.8650786434076209,0.22348303261869984,-0.41105732813792795,0.5328883543992593,0.411681816230966,-0.14809488594142634,0.5295080942796666,0.2812582325811114,-0.3128197942316233,0.522482326945243,0.3505524225283605,-0.24543344312053506,0.5260194244894948,0.17070616747356962,-0.37977261213196833,0.08442113958968783,0.37346328571835197,-0.13277843712546186,0.0709906820867466,0.22822791267272674,-0.3489797862340491,0.07591994452186852,0.3577492439306598,-0.20253365119315866,0.07007370113556066,0.2505834728200429,-0.5196734204048173,0.02082651608259821,0.5303349366624378,-0.182087575009654,0.02215306426640553,0.34459678066158683,-0.5127084149905821,0.025506299347757697,0.5490177265930798,-0.24890196265238607,0.033121280278018354,0.15979449469978083,-0.30645526579011184,0.03046433785398031,0.3002233172250079,-0.13973162817298118,0.03602926080968544,0.6518961530450897,-0.35218106349759476,1.4587293684313452,0.643169736003082,-0.34669101362439153,1.6687332132491028,0.5519792886397497,-0.42427511061743883,1.5585156389723873,0.5727764543437841,-0.2580270233586406,1.5574723547184202,0.6447197924520639,-0.38859660085614167,1.5162242600453788,0.6508904453798641,-0.31700506706762926,1.514562119033505
164,0.3165220192531291,-0.41364371129276634,0.988777968218968,0.4185693969122212,-0.20239023643409865,0.9791339096069908,0.18447451135785517,-0.2770976758271751,1.0333623944967762,0.2372074683944887,-0.1786281200103981,1.0346873661946498,0.41462693917242965,-0.31104964471375096,1.4843023215343574,0.43350690590877816,-0.4964609283709578,1.4323635198667906,0.5241071084693707,-0.16922936777046466,1.4153262326699567,0.46547081937841606,-0.6129105856698297,1.12109561102623,0.5523248845678063,-0.06217245058268475,1.0878571951215683,0.40543905596155505,-0.5649734381825657,1.085668992502279,0.4661037358208834,-0.07202983619441697,1.0623076846984174,0.6042663364520058,-0.573299799333665,0.9217590705833119,0.6417663365276516,-0.16392710158049026,0.8837851613714857,0.581383570235483,-0.5818792058421367,0.8996464795915666,0.6284396416436466,-0.14201671178440928,0.8612556992337491,0.2222366939836186,-0.41162090150211966,0.5340180451100056,0.411281081955239,-0.14965390163653472,0.5307930998868375,0.2796662173370575,-0.31336675127698177,0.5237434400793747,0.350495053112105,-0.24739727270271425,0.5272270700528079,0.17052117445134793,-0.38050444979109344,0.08572937331151645,0.3738728785687455,-0.13457822164886254,0.07265993550812626,0.22794164173552695,-0.3497361713118655,0.07716779029537466,0.35829140315286917,-0.2043520454417658,0.07168060024216458,0.25019625765599646,-0.5206409961356014,0.02220469138134768,0.530901037887496,-0.1838228700250253,0.023512014266742605,0.3440580961159008,-0.51373290304707,0.0268783027366684,0.5498711368797149,-0.250646095592544,0.034345121840982276,0.15965396344986704,-0.30729765698853506,0.031734176087448704,0.3004370682446572,-0.14172638422277234,0.037740327071791174,0.6566829338136889,-0.35387185338650906,1.4528754542308753,0.6512438690381699,-0.34901192179844426,1.6627835138830727,0.558297195062856,-0.42641792852677385,1.5541881468006606,0.5793564426167472,-0.2598437712799348,1.5529961222051496,0.6503529862311436,-0.3903770938200191,1.5103223871584066,0.6564808581312168,-0.31861467186404424,1.508642558557535
165,0.31693865431515245,-0.4127264797304735,0.9890590363645381,0.417723147525575,-0.2005126677639296,0.9790403701889938,0.184719992908628,-0.27772902128493127,1.0344126092068398,0.23685003203478255,-0.17894489484358514,1.0357064789080492,0.42061280837792914,-0.31137587898912095,1.48267683334269,0.440437078523986,-0.495929205852101,1.4299960869339472,0.5286606986473041,-0.16823496689148904,1.4129922129007981,0.4725351152522663,-0.6099062271505901,1.1189188086016237,0.557232598196294,-0.062470370642244706,1.0855427134794018,0.4122036395390989,-0.5625870243687786,1.0838567265463692,0.4713161608416835,-0.07197337031935028,1.0603996144088081,0.6095074303367843,-0.57065463026108,0.9185599430403267,0.6463855391261083,-0.1626118675484115,0.880223025399877,0.5863471641791379,-0.5793805881812069,0.8963649119781283,0.6330697362892844,-0.14117867029071746,0.8577907474687378,0.22117382054141574,-0.4102039998013899,0.5349364246588351,0.41143087056844624,-0.14889298597407374,0.531680283099318,0.2782358529529023,-0.311764379128905,0.5247745338838994,0.3509722950670723,-0.247266302716991,0.5281172815942277,0.17035250836933655,-0.3789412327137628,0.08663869425130331,0.3743835514688188,-0.1344869277148358,0.07380983125274716,0.22779025550992996,-0.3483161413440705,0.07796200899793906,0.35899469911643145,-0.20430507274211282,0.07275920522746512,0.24959377939841945,-0.519446968368329,0.023078976510587577,0.5315253904778052,-0.18373503642775238,0.02411932658665883,0.3434205955378304,-0.5127978440174602,0.027709730656836615,0.5508875425552205,-0.25075309280268826,0.03482649007033073,0.15954650128259665,-0.30584286826764523,0.03250334048763953,0.3007968539200199,-0.1417779006991285,0.03888311384221527,0.6615923326730753,-0.35338945478390216,1.4471833732136048,0.6597740520837497,-0.34944716562851724,1.6569128779032323,0.5647854629168968,-0.4260996091721032,1.5502404944342205,0.586339245294161,-0.25959002406021414,1.5487589684445853,0.6561284937012685,-0.3899049845911885,1.5046078439163402,0.6623278547746199,-0.3181378547013849,1.5028611220814965
166,0.31743401612707195,-0.4093613965475404,0.9892706152857083,0.4172984676819413,-0.19638771937154703,0.9789789577117585,0.1851531486252063,-0.27576361852699577,1.0353113926165802,0.23696020506283286,-0.1766962774921633,1.0366113620922857,0.4266935206460993,-0.3103514524018587,1.4813507805553034,0.44728388060124913,-0.4940447188751004,1.427638895095573,0.5333490284315626,-0.16601337325700252,1.410945758094957,0.4797013192883052,-0.6052947095250153,1.116617095570034,0.561759557927462,-0.06120959465308746,1.0833106912939536,0.41905450068030203,-0.5584286461766277,1.0819213512649704,0.476136341130156,-0.0701746084050204,1.0585322402837394,0.61513624871983,-0.566220925201933,0.9153848211299993,0.6505468224789046,-0.16083782278081327,0.8772193419611403,0.5917810431281338,-0.5752185722359443,0.8931337592217261,0.6372791108077416,-0.13981912509839264,0.8547976132149986,0.21996743934938467,-0.40692886008727003,0.5355138424472634,0.4119348825601818,-0.14597687228479359,0.5321180473360784,0.27685419182593535,-0.308275325041956,0.5254618801220561,0.3515807642146903,-0.24501079930679678,0.5286177254298124,0.16995179411500858,-0.37563391915712563,0.08705818354560865,0.3746852741770914,-0.13250370111819848,0.07433103816370858,0.2275570345165896,-0.3451415099305659,0.07819962109537235,0.3593987411357709,-0.20242336643781084,0.0732184122919689,0.24851168515246358,-0.5164829904148096,0.02349907081897441,0.5318996680242292,-0.18183139311949706,0.02407114271463073,0.3423617051365204,-0.5100669804733076,0.028099395984980534,0.5516037251045212,-0.2491264060860269,0.03468500589508525,0.15932403327922023,-0.3025950320591261,0.03255560380011326,0.30098990399752723,-0.13988528271994158,0.039309059893817125,0.6666548931481474,-0.3523625588194371,1.4417903659871014,0.6682255924768663,-0.349443418950533,1.6513554347198107,0.5710941657855407,-0.4247034563111844,1.5464855367252601,0.5935399970730256,-0.25856307942034606,1.544744165166611,0.661914580491229,-0.38896434685631315,1.499158224562867,0.6683836387163251,-0.3172093781006046,1.4974060831721723
167,0.3176874572094341,-0.40495852327871323,0.9893687783376257,0.41732171186472367,-0.19164693457537293,0.9789022005952409,0.18563975459265003,-0.27223753396844275,1.0361198054541279,0.2375440738696767,-0.17304701538019154,1.0374814112450639,0.4327975648927073,-0.3091966114977311,1.4802804779981362,0.4538685725678791,-0.4920748772767247,1.4252693352510573,0.5383829951939345,-0.1639336106866629,1.4090656887533082,0.48665972094964965,-0.600083340577299,1.1140892913765397,0.5663295536381253,-0.059699303587586044,1.0813163696750405,0.4256301605599902,-0.5535678369145891,1.079754352788939,0.4809155170809897,-0.06798751315373787,1.0568602306087698,0.620979096910929,-0.56039092702668,0.9120990291939166,0.6546021456936398,-0.15931585502067025,0.8747039122650468,0.5975661662880083,-0.5696654435787045,0.8898874400709392,0.6413324107708458,-0.1385572962712936,0.8522448507602959,0.2187300257303261,-0.40304752826288026,0.5357489673007075,0.41275646967008434,-0.14245198695783276,0.5321484401504093,0.275740352492282,-0.30433392141237675,0.5257981722746493,0.35214460898199046,-0.24187677135691382,0.5287244844751413,0.16916634954658985,-0.3716281568764378,0.08707091711517173,0.3748553603194668,-0.12975568771488388,0.07418462097091902,0.22711424571797598,-0.34129476005332027,0.07792002071539167,0.3594724927064778,-0.19977420531778722,0.07305539379535499,0.24669717566408372,-0.5129098329909065,0.023523290076038705,0.5320849447377104,-0.17944990172161498,0.023541223980257226,0.34062477830551585,-0.5069079626332574,0.02804483021553292,0.5519760811238896,-0.24706055032581117,0.034095693516417905,0.15887132865091416,-0.29855857931765317,0.031987383813927794,0.3010545485223432,-0.13699508829064622,0.03901909853233037,0.6719316568299717,-0.35202460658097406,1.4367812198444727,0.6765399188008325,-0.3500274079953907,1.6462883910041637,0.5772927696564202,-0.4235199807971404,1.5429339495078376,0.600761286860328,-0.2579562781568805,1.5409875938064594,0.6677832213880204,-0.38870120405614267,1.494091260797426,0.6745852122223159,-0.31693887911313157,1.49237883841489
168,0.31734873241677863,-0.4016573903721887,0.989181749478298,0.4173786095528791,-0.18819441300978976,0.9787537146825867,0.1858294117199229,-0.26935756363498975,1.0367667262385347,0.2381228407762196,-0.17014199872352853,1.0383199126009426,0.4384844190377648,-0.30948054045683615,1.4791361157078935,0.45960187293386223,-0.4917241780374674,1.422744333956557,0.5434784349204594,-0.16358561067603652,1.4071200978419642,0.4925041985172371,-0.5970908639989589,1.111328229843969,0.5708596742043216,-0.05984744574937709,1.079447495708021,0.43113782940781215,-0.5508617747075133,1.0773814742443075,0.4855310364710084,-0.06741127069415478,1.0552956748344728,0.6259490498079732,-0.5563128631063619,0.9086592089467839,0.658375952878774,-0.15986451410299218,0.8724298908207737,0.6025474534812391,-0.5656625998960279,0.8865507584034528,0.645061149516032,-0.13921381012697348,0.849886446806504,0.21751804969209793,-0.40037679795054143,0.5357972506908806,0.4137498881845322,-0.1404525054218391,0.5321628277811686,0.27488413977709936,-0.30186673199813435,0.5259300728056968,0.35260707067622277,-0.23980070527390415,0.5287106830921662,0.1680324188936152,-0.3687501182417857,0.08704005116069878,0.374972952230877,-0.12784999511532877,0.0739744140272695,0.22630014810331273,-0.3385823329110896,0.07754208484449061,0.3593163265144871,-0.19789677047165619,0.07284458619596647,0.24424229718835289,-0.510496618123921,0.02355052499194006,0.5320791894731991,-0.17802395523492873,0.023223042453497326,0.33828763750776386,-0.50516721781601,0.028000507531941648,0.5520438843494557,-0.245867607788949,0.03373331476425966,0.15814801578768534,-0.29555163817937535,0.031390402935780916,0.3010225759264096,-0.13477675685067858,0.03865606329187737,0.6768520942212504,-0.35371061754659106,1.4320214208192645,0.6839444317059369,-0.35235006107115185,1.6415024210191538,0.5827861139675896,-0.42411289657319307,1.5393124370965234,0.6074106423828334,-0.2591214665288213,1.5372417923629231,0.6731338139742582,-0.3904426152135309,1.4892842729165552,0.6803459769018597,-0.31863318252140804,1.487642397509691
169,0.31654843655481235,-0.3996393586733148,0.9889831071101002,0.4172290669901681,-0.18623218103791014,0.9784722427798949,0.18588978830246888,-0.2675467146547582,1.037268040269814,0.23865637640065931,-0.16833659167635864,1.0389512515154062,0.4435191545386435,-0.31053900384485456,1.4778158042704355,0.46440933793840006,-0.49224160241327586,1.4201484788741354,0.5481479668996285,-0.1640648021575964,1.405063929117776,0.4970319016847399,-0.5957513310603729,1.108514838771437,0.5747922434014635,-0.06071160846681665,1.0776515617679698,0.4354838879139121,-0.5498242461590153,1.0749776759007963,0.48951169929640376,-0.06760212736526269,1.0538802297474839,0.6298686832387944,-0.554048824004669,0.905130970219699,0.661114600237259,-0.16131189860776884,0.8702270058896913,0.606489843279514,-0.5632786865627468,0.8831340655355079,0.6477956365744747,-0.14068325456207978,0.8476582929992923,0.21642279735992356,-0.3993344288295755,0.5359941177749573,0.4147557691868232,-0.14057652461311823,0.5322485589140792,0.2742403089921456,-0.3012821215853523,0.5261330680555012,0.35294867716654665,-0.23937130257472203,0.5287523158395768,0.16666585541375153,-0.36763260554910593,0.08734707631851299,0.3750837257479097,-0.1273934933883683,0.07405156735968942,0.22508507176365483,-0.3376766351185297,0.0775493422804508,0.3590015941744047,-0.19742137425839323,0.07292316201766932,0.24152257647466852,-0.5097989592763709,0.023947340781072905,0.5318943454305526,-0.17837810675351623,0.02334999018470939,0.33553514025690523,-0.505382240129738,0.02834697166694931,0.5518090703829491,-0.24641652684960907,0.03379511650699186,0.15713784066261366,-0.29429682629703635,0.03126784154774879,0.300934250875188,-0.1339638492641402,0.03861795240314211,0.6811833120708766,-0.35574808792846857,1.427481619681249,0.6904266618976292,-0.3551977736523297,1.6369176368590752,0.5877131728361921,-0.42553616533707195,1.535571421073649,0.6131978571373579,-0.26099326394879163,1.5335057278229383,0.6779109083997821,-0.3926294685654868,1.4847202942074733,0.6853993037995655,-0.3207057318191576,1.483126582064065
170,0.31523603037736647,-0.3987926514389423,0.9888305778775153,0.4166302670419511,-0.18557972214510196,0.978060979447229,0.1857247171443369,-0.2668521108896766,1.0377294918276663,0.23890884556195552,-0.16777508834848062,1.039414347163004,0.4477497832725917,-0.31205750546822036,1.476122685428661,0.46833086815145775,-0.49336814419244346,1.4173975274533233,0.5521336517116907,-0.1650554055538665,1.4026585753676093,0.5003326391091668,-0.5960751570522625,1.1057727880443629,0.5777792391215502,-0.06183111265529892,1.0758055640144757,0.4387145330935607,-0.5504006477415812,1.072630864392146,0.49253342852769744,-0.06815047409527908,1.052442554478646,0.6327802426028409,-0.5539903998552311,0.901819724264175,0.6626053386243242,-0.16350607207858628,0.8681384986760549,0.6094094609676645,-0.5629647559398202,0.8798532320409465,0.6493518654329136,-0.14288206079370044,0.8455705995590923,0.2153268301034586,-0.39967344801358884,0.5364760990563412,0.415570227387202,-0.14268982380868156,0.532531910379673,0.27359771652897613,-0.30227664963098627,0.5265805206894837,0.35310164522367515,-0.24064945173106903,0.5290215043560407,0.16509243056700668,-0.36814605258921146,0.08816836664057688,0.3750590287951911,-0.12842701956285066,0.07467763001725812,0.22357995890142005,-0.33845434405935854,0.07821397558006679,0.3585193788111919,-0.1983981873948831,0.07355539860288189,0.23877719890524648,-0.510612566987966,0.024920862955107634,0.5314167885584448,-0.18037767528553783,0.024057242283443688,0.33253593839790696,-0.5070702694851226,0.029317324650060164,0.5511375088003789,-0.24847865035179095,0.034415226405752446,0.15579137162169335,-0.29480592033033765,0.03183401592579943,0.3007604667179405,-0.1347607924713167,0.03920313196850304,0.6848948380433997,-0.35745071574556814,1.423128930447577,0.6957701932406949,-0.35769452054481654,1.6324037743171178,0.5920148923006049,-0.42729286613784445,1.531690598085509,0.6179217372761869,-0.26297053853129826,1.5296041166882217,0.6820513122569662,-0.3945058685743437,1.4803693101180786,0.6896029509346255,-0.3223937387746586,1.4787188594127512
171,0.31340415069033256,-0.39739718576306826,0.9887995208893317,0.4155135130182244,-0.18450214775133184,0.9776129389780537,0.1853196117335798,-0.2655034494803048,1.0382637124708327,0.2388616742955285,-0.16678670883730046,1.0397546897470424,0.45099523479456693,-0.31259041017329536,1.4740899983910067,0.4713100766391395,-0.4937515849169173,1.4145911365969923,0.5551443119886557,-0.16511714593944454,1.3999596427472705,0.5026241537297995,-0.5964552158710078,1.1031952444503816,0.5794887011920568,-0.06172271582374702,1.0739283803905433,0.4410101472904127,-0.5508281194429191,1.0704776653253965,0.4942737443936477,-0.06754579444679332,1.0510057025687218,0.6347855002342703,-0.5544581612946115,0.8987194552114784,0.6628660413147148,-0.16514801454768432,0.8663085833023034,0.6113879324843274,-0.5631056208904462,0.8767299216624809,0.6497099872189999,-0.1446027344964938,0.8437215356594397,0.213944216013332,-0.3995491809782395,0.5374502553690855,0.4158760031390072,-0.1449617314348372,0.5330280790297129,0.27268653089720485,-0.3028997362267272,0.5274773936528501,0.352842287585682,-0.24206621968404674,0.5296519256850204,0.16339901473882615,-0.36830442755469756,0.08978547622851586,0.3745469143166745,-0.12948147039296337,0.07603088908500093,0.22191234850259975,-0.3389787892082284,0.07971556295552137,0.3575555838807315,-0.19942029154663132,0.07494875686526442,0.23613858121120282,-0.5107810477525512,0.02672147450675203,0.5303732769791064,-0.18220362192258593,0.025429516788702443,0.32946511827201297,-0.5078120758074822,0.031148147504134305,0.5497167949621724,-0.25019548001770014,0.03570924205969315,0.1542514674752284,-0.2952060244650226,0.03327570204949445,0.3002166014977718,-0.13583953352998793,0.04057551081331535,0.6877800801801369,-0.3572293260540386,1.4188738669573224,0.6999059929912698,-0.35837177243810786,1.6279948985583943,0.5956218363703863,-0.4279499735346522,1.5276945118969079,0.621351174098997,-0.26353584458507906,1.5255961184292115,0.685430375882856,-0.39461487384110183,1.4761202169966223,0.6927469405035781,-0.3221415607888532,1.4743311315027061
172,0.3114359323707186,-0.39455420086821075,0.9888617310532412,0.41420378403061925,-0.18227477910728002,0.9772501572969231,0.18481852937548698,-0.26274130582864663,1.0388594888031668,0.23866357459065723,-0.1645870473123581,1.0400485357333913,0.45341229435503555,-0.31133433667116045,1.4719015409336647,0.47364840998911056,-0.49267146291355773,1.411853068196439,0.5573615399700619,-0.16359226940480376,1.3971656301885986,0.5043995357261403,-0.5954939522610532,1.1007739539422134,0.58036983514612,-0.05964092395907898,1.072213604774809,0.4427579759104278,-0.5499358084350181,1.0684510585513955,0.4952501613896133,-0.06501582007021542,1.0496664096791224,0.6363707222477025,-0.553048261304432,0.895993989929335,0.6625487386203567,-0.16516286606228367,0.8650086153086551,0.6129901125232525,-0.5614795389863872,0.8739429260452808,0.6494984036942961,-0.14476341660526876,0.8423503978274993,0.21247243420656461,-0.397689155990286,0.5387669299286886,0.4156363137556149,-0.14547002806845194,0.5336904739904212,0.2715874487579323,-0.3017986922572659,0.528697685816213,0.3522028161417372,-0.24180854530198811,0.5305080846372048,0.16180046386594757,-0.36687116326513497,0.09190723205051894,0.37339224217621453,-0.1285163186274436,0.07786063386254119,0.22027859526575294,-0.33793914485602566,0.08173606093259252,0.3560903967369478,-0.19853495434594223,0.07684449201917459,0.23383996982561508,-0.5091253900227855,0.029042303563167844,0.5286357138738728,-0.18164614228545564,0.02718945304579419,0.32666888980388875,-0.5064411414729125,0.03348017908524664,0.5475834927882888,-0.24950635970908386,0.037421221465629234,0.15274835725926084,-0.2941986040266088,0.03527273487176339,0.2991803621763701,-0.1351678477048996,0.042482232141818274,0.6900151568753893,-0.35479054520231834,1.4149558790478522,0.7031022677194885,-0.356475485373627,1.6240104819635333,0.5986791223166658,-0.42662842588243466,1.523946440935134,0.6236965602720173,-0.2619186576534343,1.5217877769403787,0.6882005424711405,-0.3924679461281444,1.4722334008529658,0.6950380221842496,-0.31953839170692017,1.4702296995937172
173,0.30961394260109565,-0.3907958151317807,0.9887905466943244,0.4128963920562774,-0.17919182884813276,0.9769200458121855,0.1841533098084703,-0.25914292593551613,1.03934492081394,0.2382112489176152,-0.16155329050632397,1.0402966960467446,0.45509808451460326,-0.309036526577536,1.4697198910885467,0.4754079829990051,-0.49088189145001054,1.4093236453102567,0.5589057765883421,-0.16118542609890682,1.3945321998818834,0.5057127847408903,-0.593993445573782,1.098628536626227,0.5807444290277515,-0.056484777162629396,1.0705717623336861,0.44397109310594457,-0.5485564577831183,1.0666709528007434,0.49569652252963997,-0.06153269651691245,1.0483456393963073,0.637366505438375,-0.5507468772835624,0.8938002886150682,0.6618215708746326,-0.16392860754621,0.8639611790369965,0.6141172510350372,-0.559119792458023,0.8717045213181004,0.6489044037627388,-0.14367751590055175,0.8412401269327728,0.21100878777337617,-0.3942361777873634,0.5400839941378609,0.4149237663856275,-0.1440136949421087,0.5344691605004557,0.27037472553456715,-0.29897710762795204,0.5299467085432024,0.3512574065883767,-0.23976966910070469,0.5314395957363508,0.16030818345814662,-0.3640031007580915,0.09410696939729712,0.3716523062524027,-0.12532509323806187,0.07981383422108718,0.21872113812784216,-0.33530488312997214,0.08381253820289493,0.3541750513384626,-0.19549642249599006,0.07885789558916685,0.23197898836551684,-0.5059571431643456,0.031419633005808884,0.5262969255231105,-0.17857342464428688,0.02908121674986894,0.32438145892706194,-0.5033239598829824,0.03584147983603592,0.5449869369103764,-0.24635218496289835,0.03927434452471747,0.15125428501170596,-0.2917343499343297,0.037354192270384,0.2976432337638641,-0.1324079522273252,0.04448249311951208,0.6916294542416017,-0.3514705419130022,1.4114305892950214,0.7055714463415392,-0.353228745310107,1.6203805195062626,0.6010674000687991,-0.4241261995658487,1.5205601127288024,0.625245695772776,-0.2590253273891008,1.518308071126409,0.690294917024302,-0.38929102760069456,1.4687143827742086,0.6966179470594975,-0.3158917319785636,1.466507262579521
174,0.3083267724834635,-0.38680390844344337,0.9885672581638106,0.41206516737320475,-0.17597979758900906,0.9765996855657884,0.18370701723159644,-0.25541368402461867,1.039644808852778,0.23795706436326508,-0.15827927801229524,1.0404916781026428,0.456549198270082,-0.30644177279241,1.4679449112115621,0.47703012855210447,-0.4888170441590361,1.4073778060825823,0.5602295027486375,-0.15863576752063635,1.3923726391235205,0.506739541718947,-0.5920883142693453,1.0970278580542034,0.5811336427177146,-0.053751128875907564,1.068939261895644,0.44481033866521147,-0.5467611827370342,1.0654164618362258,0.4960921926775947,-0.05847360013966875,1.0470228260813284,0.6379767335335876,-0.5483792281623066,0.8922485196398624,0.6612346386213832,-0.16274222900277108,0.8629372597814003,0.6149759423791681,-0.5568577770317794,0.870200169575645,0.648453783024676,-0.14255317137011717,0.8402186823226967,0.21000409811106957,-0.3903049610188429,0.541090405884965,0.414189186013812,-0.14138656207740913,0.5350656746496677,0.2694494682279087,-0.2954615061158067,0.5308609417629373,0.350328472998891,-0.23666939107556179,0.5321512318763992,0.15909177021719612,-0.360954216019951,0.09586712183353978,0.3698611286043846,-0.12105316942814323,0.08128255021558987,0.21745906492186307,-0.33228596779904956,0.0854333180349368,0.3523226130896916,-0.19140727667590085,0.080362938162883,0.23084475997318396,-0.5026675884062854,0.03327426765629689,0.5240565592423405,-0.1743637119021106,0.030531833096843854,0.3229785033738572,-0.49993886459288245,0.03762774803723573,0.5426865252886378,-0.2421851287986103,0.040666673154072505,0.14991032621591555,-0.2888622717859869,0.03897793786235458,0.2960303901019534,-0.12851281967680672,0.04596736530930986,0.6930465228682272,-0.34846084492306356,1.408413537380909,0.7081513935680454,-0.3499231176672885,1.6171523382433473,0.603235312578983,-0.42127517461718195,1.5177991457562625,0.6268104605395464,-0.2559983394627879,1.5154236513284172,0.6921481204026052,-0.3861750880110498,1.4656554477047459,0.6981113708604276,-0.3124970281918823,1.463282574909076
175,0.3078100297018069,-0.384021050042267,0.9882998390521497,0.4120021461647549,-0.17386957490598082,0.9763041264463914,0.1837173484040503,-0.2528954552469661,1.0398100021585663,0.23814326906964797,-0.15597850750460607,1.0406547672430644,0.45820670937524244,-0.3045815293517362,1.4668081286131625,0.47871723684151707,-0.48739161916035434,1.4062732420565731,0.5618044696598933,-0.15711057931037767,1.3908066683390419,0.5074848750071524,-0.5911809500692916,1.0962521032630805,0.5821097352837408,-0.05295381242859122,1.067310377706334,0.4453687830351887,-0.5458002950521278,1.0648990352342362,0.49712520290612006,-0.057257051230713445,1.0456480139645166,0.6381267901105814,-0.5475452366051488,0.8914544991095927,0.6610763829255109,-0.16348221254626652,0.8616407986350456,0.6154151953892838,-0.5560729473013302,0.8694946772888592,0.6484873453413387,-0.1432948283872863,0.8389781256651665,0.20977307529655578,-0.38763520129999846,0.5416781254674271,0.4139213351173517,-0.13933957839510533,0.5354400287740255,0.26915939798075955,-0.2929600604488106,0.5313636061554908,0.34988084532284286,-0.2342757154639431,0.5325908222468149,0.15839926879096725,-0.35899861575641057,0.09693595612159539,0.36860429548796225,-0.1177852768906615,0.08214630654813171,0.21677581308559624,-0.3302232322977473,0.08643756024800925,0.35104650543801924,-0.18827379595847138,0.08120478751120057,0.2305176437592029,-0.5006528323586357,0.034343959995594996,0.5225516599550932,-0.17124831343763294,0.03142857211062155,0.3225869420828342,-0.49769999850986524,0.03862470510085497,0.5411951612878984,-0.23925207322730074,0.041511192509753846,0.14902066183073356,-0.2868537009093938,0.039975467484436464,0.2948606507090732,-0.12542001954310047,0.04678027213060718,0.694587278425944,-0.3468891762816278,1.405945991444227,0.7113715425361937,-0.34780259811085124,1.6142725197771737,0.605542452231346,-0.4192289214576532,1.5157407084080943,0.6289124783629261,-0.25413799507360085,1.513228663558389,0.6941029293457986,-0.38425255731516517,1.4631139587062727,0.6999078906748453,-0.3105373620022429,1.460611742272267
176,0.3080913918844743,-0.3820572792931674,0.9881365263621946,0.412786482558814,-0.17241098565126844,0.9761556794472717,0.18442253669498093,-0.2510160572591542,1.0399288305001295,0.23907164975175782,-0.1542036770820236,1.0407811209192073,0.46008783207993065,-0.3031781724025508,1.466367977358357,0.4802881073684709,-0.4862994544046308,1.4060154151004005,0.563707342609058,-0.15628620425935622,1.3898392741788932,0.5076059279127967,-0.5906725934261062,1.0962376995353842,0.583404582003648,-0.053153368379197735,1.0658073655815619,0.4454034269491396,-0.5449812430455123,1.0650985688628862,0.4985652040709887,-0.05691491869311526,1.0443718108874822,0.6376418741499856,-0.5474087109416446,0.8912886390735181,0.6610323578196093,-0.16533103914793756,0.8602334657391302,0.6151384660748178,-0.5557969008693658,0.8694186799029291,0.6486503442712861,-0.1451349296531348,0.8376193770604388,0.21030748295467433,-0.386239532249626,0.5419845264422586,0.4142597314563471,-0.13782487761731696,0.5356332562384832,0.26961703455855474,-0.2914702422893864,0.5315816234988971,0.3500623276590174,-0.23260196800269806,0.5328282966692374,0.15830945850149228,-0.35749918924353835,0.09745890321303011,0.36807217474971754,-0.11562202649668901,0.08258997756150095,0.2167320364766958,-0.32871911177432983,0.08696716082067164,0.35042073955560826,-0.18618721245520933,0.08158299617422773,0.23073893072410603,-0.4991943557342954,0.03474675689543593,0.5219000032792706,-0.16935866035259445,0.03185329789977856,0.32280803305068706,-0.4960706206429081,0.03892940050053839,0.5405139610335375,-0.23770622963715599,0.04190079902558734,0.14876438445164866,-0.28527982626064646,0.04050571836236274,0.29431574667043414,-0.1232430912566273,0.04716860364476857,0.6962311619372015,-0.34629241022874724,1.4040666990831001,0.715068689261475,-0.34685956399327456,1.611913137945871,0.6079732210711889,-0.41788020720276225,1.5143281805268534,0.6314800318036312,-0.2532480101989579,1.511809926844097,0.6961690573518231,-0.38325916849001557,1.4611456487298196,0.7019782265702085,-0.30964536816349053,1.4585889079872911
177,0.30876257617223263,-0.38066899467214316,0.9880549420990064,0.4141626391042994,-0.17157693878865887,0.976106777365252,0.1855948936276356,-0.24948054902001474,1.040065539891471,0.24056400727867552,-0.15281522595877223,1.0408919237237635,0.4620041431659948,-0.30216853907926844,1.4662796890663399,0.48139989676446987,-0.48570409623340854,1.406320058156313,0.565989116122804,-0.15604480504354618,1.3890518931799753,0.5064843080495186,-0.5909606592510588,1.0968081299379613,0.5852597677032689,-0.053714425706925334,1.0643518592567673,0.44435525437318296,-0.5447316185658408,1.0658331688580271,0.5007286476834942,-0.05684117504657381,1.0430581129541499,0.636397725033417,-0.5483260841922547,0.8917508162570634,0.6612066928065744,-0.16791790935306614,0.8591176404879075,0.6139608610161899,-0.5564369688230237,0.869900099472687,0.6491025972345265,-0.14780856305340526,0.8364753745871972,0.21133669578544198,-0.38554976652924655,0.542099729428874,0.4148560076622479,-0.13649147778996662,0.535799653102537,0.2706376981857454,-0.2906977324494507,0.5316689575316742,0.3505103780887555,-0.2311810044635107,0.5329843326494731,0.158679687405766,-0.35616577230614777,0.09761365541644822,0.36793991429882483,-0.11414333121797496,0.08280702920858785,0.21712747965482154,-0.3275399660397092,0.08716619279706583,0.3501478481464474,-0.1847121302850367,0.08171218518883959,0.2311261419513704,-0.49799955254283906,0.034757202629591366,0.5216939779574746,-0.1681206983746289,0.0320200474860245,0.3231612925580555,-0.4948487149617887,0.038849621006819095,0.5402366531833659,-0.23677226259558787,0.042048355731111355,0.14905566949358248,-0.2839144729266211,0.040717407649877344,0.2941418796863467,-0.12161675251582513,0.04734752795105212,0.6977608829846442,-0.34663217462343954,1.4026822223052418,0.718521654598739,-0.3467765081052766,1.6100845724018233,0.6102062774056441,-0.41727796864845956,1.5133911444829082,0.6340795953114784,-0.25313470877329536,1.510832975973823,0.698053148390823,-0.3831243328465388,1.4597158259888852,0.7039719993596468,-0.30961660863594276,1.4571061251773814
178,0.3096089169359271,-0.3798434678792671,0.9880188883742177,0.4158304293739552,-0.1712332443541157,0.976116213494791,0.18691758193676325,-0.24837136555334166,1.0403090309111909,0.24227697242107388,-0.1519209209791362,1.0410737936518069,0.4637696415803608,-0.30136460508586066,1.4664201861827917,0.4818926245382473,-0.48543530277246244,1.407052973347413,0.5684782956176356,-0.1560728091539306,1.3883416072677193,0.5038321508101666,-0.5915527502600134,1.097765390194015,0.5875521870111234,-0.053728466794188356,1.0629183894805303,0.4418955290890975,-0.5446043393639715,1.0668686947055848,0.5034483864654276,-0.056043321595418125,1.0417015339395466,0.6342157276490343,-0.5487864980090809,0.8928158017442984,0.6617097952149301,-0.17009625745828652,0.8584073173711952,0.6117365621630381,-0.5565909671346417,0.8708859753768612,0.6499483073596041,-0.15015243814126977,0.8356334919894844,0.21244045176696147,-0.38495125297860827,0.5421348298757495,0.41551785006916253,-0.13512718215794134,0.5360314013945814,0.27185509160195803,-0.2900912617643777,0.5317472959384678,0.3510664866992826,-0.2298959321448044,0.5331766453686686,0.15914654721342825,-0.3545183253206179,0.09761363931637064,0.36789345292554226,-0.11297854560404284,0.08294379326967985,0.21760524854203775,-0.3261288624894881,0.08716327299366843,0.34995792859989616,-0.1835026565945974,0.08177268308807013,0.23136155911426132,-0.49652262478572684,0.03455752424844912,0.5215662266542882,-0.16697433938971434,0.031999538244512654,0.3233065462464013,-0.49345464394641053,0.03855428256757667,0.5400540776814023,-0.23579962597108606,0.04203201604003198,0.14947508533787257,-0.2823480675528648,0.04075470320089063,0.29406550730299386,-0.12034186883100514,0.04747713480700212,0.6990905105261426,-0.3476943941833737,1.4016722787267997,0.7216035008673177,-0.3471590956420707,1.6086691880990531,0.6121143992914843,-0.4170967025004974,1.5128667371552276,0.6365142536351778,-0.253396395276268,1.5101278804239575,0.6996647588736662,-0.3836300029612736,1.4586951240072459,0.7057674156849709,-0.31019375321828957,1.4560006663056702
179,0.3105530384489879,-0.37918180816214947,0.9879839538347004,0.4175403873297589,-0.17115421481908732,0.9760480296536762,0.18827954663870933,-0.2473354340609653,1.0405091302337843,0.24400447102630768,-0.15112478818582312,1.0411555733565776,0.465263442497555,-0.3000422215992522,1.4666697803910282,0.48182486650868905,-0.48469355051823837,1.4081913778106518,0.5709753978446355,-0.155850155465668,1.3876431437447778,0.4996575743139437,-0.5917501664484268,1.099172951563581,0.5903032483200118,-0.053672042114926606,1.0615776229504785,0.43793477870398556,-0.5441010695252608,1.0682132334781327,0.5068258175732065,-0.055032480643257914,1.0403353670770081,0.6312706148944666,-0.5476268642342162,0.8949601271086276,0.6630657868238,-0.1724451344965188,0.8583235819569714,0.6087192260792789,-0.5551624065643704,0.8728459351206708,0.6517440820746487,-0.1527102862216128,0.83532768344247,0.2134462730306038,-0.383943737129428,0.5421096431074971,0.4161336514911882,-0.1334859295183133,0.5361667087034111,0.2729567559683631,-0.28909304526096075,0.5317774235561448,0.3516882983126772,-0.2284191320409808,0.5333063915864565,0.15956931280785072,-0.35277466930958407,0.09750030332518167,0.36782497726646657,-0.11175696874044848,0.0829259002750483,0.21798118134124939,-0.3245174534371022,0.08699642403690666,0.3498756913775415,-0.18227169530741177,0.08171170373570288,0.23163579482791502,-0.49483331014848053,0.034252786001808866,0.5214718472175337,-0.16527493120653136,0.03171900851632559,0.32344229786221496,-0.4916547009535606,0.038194815275331834,0.5400578399658039,-0.2341631455694708,0.04178546970221144,0.14980098797423538,-0.2807426143094295,0.0406169697798457,0.2939941754935578,-0.1191620436866589,0.04744112283359959,0.700224630712326,-0.34854464761766146,1.4009225919760528,0.7243144657838356,-0.3469962454795619,1.6075493133143037,0.6137892498042965,-0.4165288425822431,1.512671689549209,0.6386657120621159,-0.2532024801092851,1.5095774685703027,0.7010869090576581,-0.38381479972593335,1.4579560112192949,0.7073546400110436,-0.3104871212052758,1.4551169469638592
180,0.31182151854285123,-0.37908722562524927,0.9879925773656811,0.41937059784420383,-0.1716925239776194,0.975953791612089,0.1897678979379937,-0.2468948735778706,1.040567114497237,0.24577141443963085,-0.15081701120609786,1.0410796444863022,0.46654820004548514,-0.29819994316110054,1.467037729381366,0.4813564138560649,-0.48338445181238376,1.4097107305051102,0.5734840211707806,-0.15560023202770412,1.3870457657934196,0.4942503849887469,-0.5915025574265202,1.1010067067633011,0.593699010787366,-0.05452908646196084,1.0604831774117607,0.4327609533498318,-0.5433072210414044,1.0697738747045111,0.5110204615608248,-0.05489328412796577,1.0390591590934748,0.6277500579716251,-0.5441242015360505,0.8981302342499695,0.6656286898912261,-0.17580585944486643,0.8588622700838769,0.6052349443848518,-0.5514026800622743,0.8756773091096961,0.654834241823008,-0.15633558808321424,0.835560062479147,0.21460165405423512,-0.3828807666666301,0.542045881693183,0.4170147442989062,-0.13226661529716582,0.5361801738753108,0.2740818552449186,-0.28798750623889696,0.5317504481976301,0.35265879883732487,-0.2272897682787558,0.5333389756099263,0.16000023961541826,-0.35147913387540985,0.09728794287146622,0.36792490741290695,-0.11077630001106803,0.08269244290647337,0.21833468408476767,-0.3231198559371715,0.08672296111145236,0.3500669647944413,-0.18131306745624018,0.08145085282339176,0.23228192642548,-0.49337761146818904,0.033927633434447574,0.5216287042210541,-0.16366668813245688,0.031191220066955832,0.3239216952052314,-0.48988231765471324,0.03786823934833829,0.5404010433945367,-0.23261524924854726,0.04128851959468656,0.15002307809474832,-0.27962670165362413,0.04033190866436968,0.2940598127524319,-0.11831571641821827,0.0471690675953558,0.7013253056279474,-0.3490896488335784,1.4004114423474314,0.7269423428162951,-0.3462474988498661,1.6066505266445037,0.6153515041219815,-0.4155957965134107,1.5127738720823976,0.6407182223631133,-0.25260042559657586,1.509197159193746,0.7024678603779941,-0.3837478835964657,1.4574737777314533,0.7089158773129991,-0.3105980305053154,1.4544461295482483
181,0.31369815592476097,-0.3792471969133572,0.9880578527732884,0.42166223864926666,-0.1726985159632455,0.9758635671372988,0.19185028174796578,-0.24678536874514403,1.0403705278728506,0.24809402656040838,-0.15076830703699887,1.0407678239442777,0.46800121617216695,-0.29594220569169244,1.4675177315935173,0.48102224922287673,-0.4814293887677547,1.411550277198958,0.5761844826817836,-0.15534861730449684,1.3865498934283143,0.488141141570681,-0.590530545856802,1.10335965650386,0.597699551971564,-0.05718647286669886,1.0598047612615364,0.4268402956332294,-0.5420564955736176,1.0717587602330527,0.5158375472915263,-0.05667511767121712,1.0380660281773995,0.6240904208629782,-0.5382157043503037,0.9025972437232264,0.6696934954691045,-0.1810004303992857,0.8602314038903615,0.6016877614766507,-0.5452555409067871,0.8796935076811572,0.6593252176164889,-0.1618219833539237,0.8365406556092341,0.21639779562389996,-0.38219551644547406,0.5418485010006775,0.4185628697655388,-0.13186929945018572,0.5359147116687875,0.2756417514916817,-0.2872201354060671,0.531535291414518,0.3542852040303802,-0.22671740978320543,0.5331505743503564,0.16075290499829936,-0.3510078111158745,0.09689679896453957,0.36850007679345725,-0.11017299761487248,0.08213899141726624,0.21898684672638788,-0.3223845186236602,0.08627516001169208,0.35074864318664883,-0.18068469562898937,0.08088056654211812,0.23366326811928465,-0.4923478359863398,0.03348909820785224,0.5222594855666729,-0.1625380992320193,0.030320462617777995,0.32513493275661653,-0.48838766805137046,0.03741994847528561,0.5411722882025879,-0.23150510247998007,0.040396188060357406,0.15044075017598807,-0.27932931255157994,0.03985256463617316,0.2945150874539514,-0.11775618316057952,0.04661121529271799,0.7028215170905677,-0.3489906724656749,1.4002651925413683,0.7296177993937877,-0.3448530235733919,1.6061351380004742,0.6170717154883777,-0.414294627888961,1.513159230886386,0.642941298861747,-0.2514988476164933,1.509063902940531,0.7041688935483739,-0.3832606245341179,1.4573743336344696,0.7108276159030855,-0.3103421482324915,1.4541357940532325
182,0.31603117694133576,-0.37995505304191507,0.9882510370536899,0.42448377266557014,-0.17456476558457618,0.9758163624326976,0.1946398209204797,-0.2473107319901643,1.0400006454444592,0.25117550818825024,-0.1513931847967321,1.0402721808674589,0.4698248714229985,-0.29428053397034387,1.4681844002938753,0.48096641216984104,-0.47986235929800725,1.4136430563906723,0.5790351007704038,-0.1559068820724,1.3861842906486692,0.4813808086304761,-0.5899716254947557,1.106411560763016,0.6019197793590145,-0.061669271065839554,1.0595371583958153,0.4202941311615655,-0.5412477388454303,1.0744332850785892,0.5208078436002795,-0.060473775067067526,1.0373987025240896,0.6199819260254407,-0.5322525214631247,0.9084395581068054,0.6745823658570682,-0.18756340609086478,0.8619516671662261,0.5977054606195511,-0.539144755842763,0.8850729581612691,0.6645504692069102,-0.16866865600653863,0.8378961795327174,0.2187891184409326,-0.3826693058702382,0.5414803467579626,0.4207377451838588,-0.13280723011166543,0.5354093010960181,0.27769631869864353,-0.287766444024657,0.5311154429191846,0.35645346474897815,-0.22723917096826263,0.5327328269954528,0.16186876934260572,-0.3519332235988159,0.09632764734688694,0.3696642211933153,-0.11075275099012862,0.08127588970376086,0.2200209430980603,-0.322940909198514,0.08563770259848488,0.3519429863314068,-0.1811228409298653,0.07998095554644177,0.23554233526696258,-0.4923952095535217,0.03281252407375935,0.5234152716473263,-0.16281789843764308,0.02911781329049423,0.32690043849921036,-0.48798314776050933,0.036656168053688584,0.5423261301535185,-0.23172210309084995,0.039096226375609465,0.15120455250914497,-0.2804003553219597,0.03921718230894168,0.2954661194104651,-0.11816571622476149,0.045770267560807286,0.7047448817833054,-0.3487155097572452,1.4003739562601816,0.7323910111017761,-0.34354462707262146,1.6059564835483149,0.6191179617860519,-0.41345758171963226,1.5137430687125202,0.6453126961525155,-0.25073114394380686,1.5092276942142366,0.7062480983055432,-0.3828208595670627,1.4575379737882581,0.7130494924665087,-0.3101177386309483,1.4540992778524233
183,0.31835814136456664,-0.37990203978684206,0.9886095893070908,0.4274640484711397,-0.1759109270655399,0.9758641642549726,0.1978570343019286,-0.24726566149247117,1.0396026816295392,0.25477664272814077,-0.1515640745676891,1.0397356871266503,0.4717262351653578,-0.2923620759506756,1.4689515666301682,0.4809261708586897,-0.4779189634194757,1.4158770629130601,0.581586611347407,-0.15606262432973064,1.3859143546990325,0.4735567417009893,-0.5896006993924345,1.1102710100200563,0.605358326215495,-0.06509965168273937,1.0595897730820936,0.41271598731472703,-0.5404560390578874,1.0779201312938986,0.5248833209007359,-0.06338607468324117,1.0370348303723396,0.6150596988588717,-0.5271448522399471,0.9158040818608626,0.6787371548262926,-0.19235103198569364,0.8638744121862564,0.5928220239058367,-0.5340558282739993,0.8919850894019353,0.6689160399140465,-0.17362030292744954,0.8395008957756156,0.2215801963948366,-0.3834028619813088,0.5411194083918789,0.42316052311903,-0.13364727272208682,0.5348983311605471,0.2801744133485008,-0.2887678309762789,0.5307064842151741,0.3587891900107704,-0.22753641184058476,0.5322909348483723,0.1631310055137145,-0.3528704304583294,0.09587057820686239,0.37110298211994186,-0.11131059567774436,0.08042850447812772,0.22119503359087245,-0.32349553303900586,0.0850772875976755,0.35329791216554635,-0.18148783336949456,0.07905652070972227,0.23741531743555294,-0.49244080044068095,0.03212878677554128,0.5246214102379029,-0.16347630212685665,0.02778847380910991,0.328626238761044,-0.4876068960968787,0.035765562748555774,0.5433236534303111,-0.23223885049682122,0.03759713789233728,0.15214982381157893,-0.28147692806148,0.03872789674987122,0.29666879879059577,-0.11833675221134543,0.04500527245846691,0.7067494303419648,-0.34714710541958077,1.4006864221534285,0.7348796016579304,-0.34153251254571954,1.6061698243730307,0.6211784307348687,-0.41204396549408895,1.5144091548153582,0.647408887027,-0.24937335867327956,1.5096721807743505,0.7083816120345874,-0.3812780906039206,1.4579059776579653,0.7151805667117506,-0.3086992030585248,1.4543351061290097
184,0.32023245542402656,-0.3788966989304714,0.9888996410401182,0.4299292789170312,-0.17608164677356297,0.9757631367261019,0.20071440217796166,-0.24636149556481868,1.0391313130987971,0.2579155589122704,-0.15090030707991486,1.0390824313841078,0.47312598808199197,-0.2899893061347389,1.4694582817033992,0.48044976266407324,-0.4756073622886492,1.418063996419251,0.583380284442317,-0.15527157111329118,1.3854154820230171,0.4642504859210906,-0.5903229876392352,1.1150050857438585,0.6073105219353776,-0.0656925622198506,1.059561967239623,0.4035571736825171,-0.5405551263883671,1.0823184784404423,0.5273946686558613,-0.0638095259427529,1.0366510837272032,0.6086947432498276,-0.5247121841852294,0.9247939574825668,0.6808790236103174,-0.19310834471224156,0.8654672075149982,0.5864262556322876,-0.5318992175182959,0.9006280966630449,0.6712691398709296,-0.17444101725422406,0.8409339231137695,0.22428736595546572,-0.38391201807099284,0.5409325290343828,0.4248809205822174,-0.1333417839333718,0.5345387402763635,0.28247499065769044,-0.2895816339131493,0.530429025031291,0.36057762795186976,-0.22693792040081218,0.5319295303539917,0.16410271393751918,-0.353519629990183,0.0958765270249039,0.372188426058214,-0.1112644701251342,0.07991064409156308,0.22200720790975953,-0.3236753086988153,0.08496974826654616,0.35436957766773375,-0.18136533613024336,0.07846878624351647,0.23898242148253313,-0.4922663190377903,0.031799011766855734,0.5254309344773214,-0.163434798682376,0.02676920065180438,0.3299928470954277,-0.48684226205942127,0.03517917933260485,0.5440395237274136,-0.2319936206772896,0.036411012359397546,0.15272728852194928,-0.2821677680423252,0.03880919533243733,0.29757958676678165,-0.11793246741120289,0.04462758402271443,0.7083293379472925,-0.3444930713537973,1.4009777535076027,0.7364727971187149,-0.33896716222558143,1.606545076432568,0.6227531719765184,-0.41001618032126064,1.5148629324588843,0.6487013326082371,-0.24733914317915065,1.510063397372918,0.7100737565175484,-0.37862530501525804,1.4582279205986262,0.7166880747309189,-0.30600421973342223,1.4546067045035758
185,0.3215309354598416,-0.3776593106971964,0.989050283011861,0.4316055542026147,-0.17553637624595547,0.9756341930505036,0.2026561701476746,-0.2452164054849562,1.0387267193343386,0.25993520809817866,-0.14992143378995632,1.0385129782655902,0.4737559078946854,-0.2872632625052931,1.4696982615925722,0.47933296682424387,-0.4730542971516999,1.420234413748728,0.5842729842153425,-0.15363971149848726,1.3846238947959226,0.4535046524330069,-0.5924213413506891,1.1205208241748648,0.6079569193115136,-0.0634617972397349,1.0592820910768113,0.3928848254528272,-0.5419332622328186,1.0874134255087011,0.528584218065496,-0.06171543548145892,1.0360353017061337,0.6009302463879983,-0.5251983739709682,0.9350342367032144,0.6809589205109374,-0.1899781862829677,0.8663987460322389,0.5786427442744047,-0.5328278174278305,0.9105844632119415,0.6716232800778728,-0.17134466370642212,0.8419143215278888,0.22654060116726948,-0.3840402659878827,0.5409901918627896,0.4255924962518344,-0.13170027494916253,0.5344885365415515,0.2841985372789181,-0.28983401537668085,0.5303744353514626,0.36157759653940963,-0.22542859564728612,0.5317950193491343,0.16448517574103916,-0.3535958286123127,0.09641942240455953,0.37254618831696995,-0.11047433451320052,0.079789834712425,0.22215856610140433,-0.32328606739888527,0.08538371036636858,0.3548667166933254,-0.18065004273881466,0.07831799205162271,0.24000848028550914,-0.4916030856790405,0.0319452030239903,0.525610817575124,-0.16227281329920076,0.026220477877051698,0.3307638314407853,-0.4854356438277678,0.03509462378188413,0.5444413399231548,-0.23066282749128447,0.0357550239893909,0.15259453834091635,-0.2822432635511646,0.03948495636669383,0.29787049366774115,-0.1169870584589265,0.04468191985803455,0.7093323676314847,-0.3413432479089296,1.4012312904970248,0.7372661056852526,-0.3357938927785127,1.6069245359444944,0.6237609298888991,-0.4073935645060286,1.5151941999023868,0.6491506623450358,-0.24476673679220554,1.51025706532074,0.7111871438277569,-0.3751865362971857,1.4585232784088689,0.717491487970982,-0.3025087105780107,1.454828064255017
186,0.32234100601783633,-0.37722785103382434,0.9889772360949702,0.4324711568682481,-0.1752432004379611,0.9754523982364249,0.2035463072773812,-0.24478067178649274,1.0383724936133443,0.26066582754513073,-0.14961152326761204,1.0380219035851637,0.4737212855566174,-0.28494594668820705,1.4696339274079278,0.47789849158141445,-0.471015068088256,1.42238342591989,0.584457177314529,-0.15202285391430898,1.3834817573311644,0.442613245740286,-0.5962717088697276,1.1266139353659348,0.6079699949052714,-0.06078251701595201,1.0588088373940314,0.3819623682895172,-0.5451905689477706,1.0930091626332137,0.5292418019727715,-0.0595731449913544,1.0352344698404343,0.5929701548991804,-0.5283427151389699,0.9461538803487883,0.6798218440922735,-0.18605568907335915,0.8667776777549279,0.5707358140634742,-0.53635081546428,0.9215116119918254,0.6708205806598576,-0.16748549477163777,0.8425409033084512,0.22816684046245025,-0.3840938807276897,0.5412686912567767,0.4252516297764411,-0.12939642118989458,0.5347903281374393,0.28514016355202454,-0.28967407191950195,0.5305532001471615,0.36177708428235,-0.22370071989914256,0.5319487273864363,0.16427550749786238,-0.35330536699958814,0.09754978024269739,0.37219417268858906,-0.10931677986612433,0.08023727869915183,0.22167409735281443,-0.3226233274110767,0.08637587839017002,0.35485683239819343,-0.17968237250971833,0.0787917525133962,0.24063178900350884,-0.49046568251641287,0.032661456402192666,0.5252487615740351,-0.16013510965355765,0.026373343581860255,0.3311082443143107,-0.4833764205309556,0.03565077348104829,0.5446409673111618,-0.22835892097380142,0.035879015189580914,0.15173312067263603,-0.28196836392703767,0.04077357456297434,0.2975673484679275,-0.11596126643708497,0.04530697780771385,0.7097726905898784,-0.33878586095505414,1.4014002951613866,0.737363122438301,-0.33263754783426774,1.6071087088520197,0.6242642739255262,-0.40494394158066194,1.5154115436070474,0.6489291204607589,-0.24242499672556972,1.5100737425626147,0.7117112813282145,-0.3719439876170971,1.4587524685728868,0.7176476686465856,-0.2992470964420156,1.45486478703784
187,0.3229296336343782,-0.37818388271865644,0.9888376065133583,0.43294988563268105,-0.17614297299577303,0.9752901366360132,0.20382115678340976,-0.24554459377248725,1.0381473154671004,0.26068720557624464,-0.15051303087017573,1.037644261332575,0.47354107810985363,-0.2835111713850999,1.4695938477154518,0.4764909168351771,-0.4698314292621784,1.4246912784531005,0.5844584392021696,-0.1513038792566715,1.3822551437411243,0.43274424256208643,-0.6014110897382801,1.1330167148295394,0.6080000459939281,-0.05956641360778646,1.0583679954468304,0.3721172996855916,-0.5498838685148657,1.098764980984231,0.5300529712346721,-0.059123997595931774,1.0344014260613907,0.586065476452825,-0.5334689872593368,0.9576672540367789,0.6783499469533563,-0.1841447809035885,0.8667925494218687,0.5640819601500802,-0.5417341490101283,0.9328895504798307,0.6697681805575617,-0.1656298093315382,0.8429634435265505,0.22936010886671082,-0.3847086101027167,0.5415689436828961,0.4243641446575498,-0.12770971278258272,0.535226467564244,0.28567554751245583,-0.2899172826836315,0.5308457828724454,0.36148238222502566,-0.22279398578026113,0.5322355688601796,0.16385172327115746,-0.35342560764220576,0.09886470922236226,0.3715654212872029,-0.10916423870303721,0.08094383709907545,0.22104254396979928,-0.32257171750591623,0.0875455208966591,0.35459043645779603,-0.1796609533358148,0.07955019932133028,0.24109810388572323,-0.4897509449702022,0.033554406726811536,0.5245972903393111,-0.1587866947675894,0.02685589145544209,0.3313909327592119,-0.4818781135605276,0.03641684716089399,0.5446141271786908,-0.2268906017718919,0.03634092400001148,0.15064433258654536,-0.2822025647614693,0.042226346236067774,0.2970395674593119,-0.11602956486681809,0.04618629476233989,0.7099881048426954,-0.33750483504187473,1.401526905839236,0.7373955612777565,-0.33011813023550035,1.6071360238654422,0.6246541265100666,-0.4032396616124312,1.5157014716979629,0.6486157929628826,-0.24096091791229707,1.509703314621672,0.7119819028753817,-0.3696758198266067,1.458965202107091,0.7175893397038017,-0.2970628084391706,1.454770352667569
188,0.3232631900661943,-0.37943235884968324,0.9886893920411359,0.4334010055635985,-0.17762661521695428,0.9751247805871299,0.20390333333903382,-0.24641779498908023,1.0379155053456488,0.2606586408100536,-0.15162273605978926,1.0372420734256032,0.4734846394176452,-0.2822634473546814,1.4696927500817152,0.4752162554454021,-0.46863756324473205,1.4271999668409696,0.5845817990911327,-0.15099804633312594,1.3811278017163133,0.42457842017225417,-0.6062099542530771,1.1393662988150697,0.6084697827196603,-0.06018467310519248,1.0579819957412742,0.3640018930582083,-0.5543304977396555,1.1042794359722083,0.531287418664804,-0.060457863373025646,1.0335259386193276,0.5811444926911092,-0.5386398858695134,0.9691057284167051,0.6772623543607819,-0.18550523126384025,0.8666396637283313,0.5596236925066297,-0.547019299605622,0.9442057379928182,0.669101343058767,-0.16701836112871996,0.8432359259724039,0.23041665300438852,-0.38566276099478053,0.54161856083031,0.42358561844024495,-0.12702932387632668,0.5353589712045511,0.2863387609737687,-0.290599559837442,0.5309741315108631,0.36105902448227717,-0.22270250586773746,0.5323545801148597,0.16361063072214846,-0.35355569943476345,0.09977912128116834,0.37098454020667276,-0.10977835109330383,0.08144199875899588,0.22071209034545375,-0.3226818798000243,0.08832719709970023,0.3541467864376919,-0.18028634318823272,0.08005434516334244,0.24146035940045424,-0.4892567687520402,0.03413860341801267,0.5237065351858321,-0.15886119370348764,0.0271421586523922,0.3316343688818608,-0.4809991020500818,0.03686357365392265,0.5439318111002245,-0.22688151381870275,0.03655581542336017,0.14990435018516013,-0.2823998122820321,0.04318681587289322,0.29655198271938893,-0.11655443279577155,0.04680897417534095,0.7101396788663946,-0.3366941827872647,1.401649290166978,0.7377131737409433,-0.3277818265063492,1.6070734995473086,0.625038976835032,-0.40168371614580967,1.5161813845315475,0.6485190277346163,-0.23977773697932123,1.5093255265954135,0.7121939927005402,-0.36782921926000556,1.4591984324093854,0.7175917359969841,-0.29540828986671475,1.454621210667621
189,0.3234101167953041,-0.3794324905782562,0.9885941745532942,0.434132308295038,-0.1784298895798606,0.9748924456714068,0.20412920661218598,-0.24571547262104665,1.0376030318918978,0.26104803869838283,-0.1513482922118245,1.0367083700547899,0.47360183557892044,-0.2800316102635763,1.4698883487781864,0.47399979695427197,-0.466227018051133,1.4297595183964948,0.5849410605157139,-0.15002003774839542,1.3801151459105268,0.4184119504939962,-0.6086825044855991,1.145251462752188,0.6091579106707157,-0.06105956599033731,1.0576016990779713,0.35789801827676465,-0.55660159399388,1.1091896558958179,0.5324891871838409,-0.061844879360401596,1.0326770138706893,0.5780938007718017,-0.5414241334080919,0.9798932569908537,0.6764514985893288,-0.18811728355262577,0.8661470443776987,0.5572869304554421,-0.5499385433488219,0.9549582597634318,0.668689755454996,-0.16961268334529625,0.8431943602304376,0.23144084156410896,-0.38589260093282385,0.5414027672872515,0.42324441580647676,-0.12656269658061992,0.535038156085179,0.2873537152433067,-0.29080203817018013,0.5308391481867836,0.36069736749866566,-0.2224710511796248,0.5321614964259713,0.16374378500775344,-0.3527624218825756,0.10009377236577056,0.37066196924485184,-0.11019882374490039,0.08147062735830501,0.22092309259911244,-0.3220446585398887,0.08857573873021367,0.35364277592530047,-0.18057554943516982,0.0800630941940611,0.241691336360902,-0.48842087400923345,0.03421484154372686,0.5228800549431334,-0.1595896140989199,0.026979860344593966,0.33182702928178315,-0.48021710507894544,0.03676935102703627,0.5428890097991573,-0.22768990489917118,0.03631814740767201,0.1498206919263162,-0.2814678684776318,0.04353190767738005,0.2962311183431997,-0.11644476909167138,0.046909389339416685,0.7101999152298338,-0.3354065104080061,1.4016755330303334,0.7383538970533645,-0.32490826896172975,1.6067777265284462,0.6253100222625206,-0.3992630281664832,1.5167030465636562,0.6487016022384504,-0.23779957730964682,1.5088852090716212,0.7123328184748218,-0.3655789414523179,1.4593010402609938,0.7176709936941266,-0.29338706854065505,1.4543220342137535
190,0.32326583437224526,-0.3776365213162648,0.9885326303749148,0.4352180829911737,-0.17804886523753397,0.9746189398824152,0.20462267680215065,-0.2428545456941637,1.0372186991010826,0.2620575181877443,-0.14913516029006316,1.036091425607859,0.47385321479773573,-0.2763214425870336,1.4701070868854897,0.4727218632245185,-0.4621366294405979,1.4322982379242146,0.5855544160977706,-0.14789136196410502,1.379115823493716,0.4136133275152097,-0.6086698701533803,1.1506910819397516,0.6099538668261655,-0.061108099011744445,1.0570730101524786,0.3531748099822668,-0.5563421747453853,1.1135660890783545,0.5334807503366303,-0.06215684500581076,1.0318111654256361,0.576317028664275,-0.5419116998689452,0.9898774614061606,0.6758175750661104,-0.1902548064549974,0.8650270389848115,0.556318519979472,-0.5505950222773789,0.9650193581735285,0.6683997893776711,-0.17170721208401196,0.8425650425217918,0.23233857331133406,-0.3848843636316774,0.5410408720246689,0.4236095113208579,-0.12574840263993714,0.5343753734558525,0.2886941731427985,-0.29001148002460087,0.5305056337962771,0.36057898677863076,-0.2212977649550274,0.5317246233272623,0.164008903506202,-0.3503520325812559,0.09994259621576737,0.37053106387581763,-0.10969560285054734,0.08105749255234126,0.22145163184069583,-0.320027110642219,0.08840421436908176,0.35306174707126636,-0.17981532273617384,0.07964741696204962,0.24146104191709533,-0.4867515895725219,0.03395315344198729,0.5222968993719208,-0.16013277858124486,0.026461307139607856,0.33162511857004173,-0.47900494350052214,0.036360977619179086,0.5418193700022866,-0.22852720735855883,0.03577125417555567,0.15022425638297554,-0.2787312429244666,0.043374558258331954,0.295982861153425,-0.1150757127060393,0.04651252023221359,0.710186259651292,-0.3330811344428549,1.4016093158205885,0.7393067988763334,-0.3209937657548372,1.6062947042119264,0.625491493781153,-0.3954944708424182,1.5172079948073334,0.6491041236158632,-0.23456940950179123,1.5083342640400572,0.7124221852272714,-0.3623352012076208,1.4593051936084518,0.7178418683142752,-0.2904753906933231,1.4538914590911312
191,0.32298779124452026,-0.37556780682716884,0.9884887785471235,0.4365808625675108,-0.17760404127309326,0.9742854992415038,0.20536504097681624,-0.23956270133644583,1.0368169194389956,0.26352709501602734,-0.1465871377575831,1.0354812795298813,0.47411329321380896,-0.2726093647453544,1.4702706039393678,0.47151635695937655,-0.4579779067443429,1.4348080641567833,0.5863520773962778,-0.145824717105917,1.3781396901157856,0.4097870262329306,-0.6086091801559043,1.155955980094825,0.6106964256873295,-0.0608022437606401,1.05632329938694,0.3494122843881582,-0.5558850749336007,1.1178505394643208,0.5341761119683549,-0.062107031196642876,1.0310080077500585,0.5751116963817366,-0.5425399962359541,0.9990138853796837,0.6752149505660859,-0.1916369527876948,0.863286270071093,0.5558334659229869,-0.5513394899464195,0.974383528643541,0.6680558107830785,-0.1730446987404695,0.8412918929641913,0.23319795036763716,-0.3841328306178498,0.5407313022203177,0.4244481942448784,-0.1254630032381308,0.5336157391638642,0.29020264691377995,-0.28967875887870137,0.5301286588756463,0.3606429950485273,-0.22014025564986664,0.5311798871153818,0.16427217481822723,-0.3482591496562533,0.09972135652816802,0.3705964871073851,-0.10925448498387351,0.08050301112538459,0.2220683762946705,-0.31838284456724253,0.08818556144295779,0.3526164672120972,-0.17910604427216764,0.07912458244210549,0.2409723835724926,-0.48588434914635503,0.03374269500974459,0.5221571435522852,-0.1610507494824271,0.025938697940327285,0.3312485032180206,-0.4788597343742612,0.03600992099749931,0.5411869539613643,-0.22981520865363245,0.03527276236550017,0.15082216790302858,-0.27616232863880696,0.04317096409222661,0.29583794455982393,-0.11375941407316116,0.045983841542818364,0.7101818813257935,-0.3307331900002675,1.4015625456399237,0.7402375346295784,-0.3173127730122407,1.6058705147921015,0.6256465307143293,-0.3919275082260287,1.5175598715210936,0.6495150600447887,-0.23146472425418563,1.507797498378897,0.7125118301836122,-0.35918832100227044,1.4592907069442822,0.7180163820413612,-0.28767117929421715,1.453502838254531
192,0.32310563997900066,-0.37450022073235795,0.9884653556486256,0.4383268535569327,-0.17798567294804735,0.97395850894347,0.20653745661991152,-0.23725879904277358,1.036392755813797,0.26540894381567803,-0.14484811267224812,1.034893921616723,0.47463917362986574,-0.26971270724738694,1.4705729462958945,0.47076130199120125,-0.4545503274121465,1.4374772586637206,0.5874218915064158,-0.14448343820481913,1.3773441156747073,0.40699419609635923,-0.6098627540880938,1.161233707893412,0.6117023337978094,-0.06078790255241755,1.0554406131183476,0.34662961916670365,-0.5566259510790917,1.1222693944412212,0.5351485894505167,-0.062475935400618215,1.0302788590227272,0.5745657136896228,-0.5442784773352548,1.0073462572722829,0.6749749969763568,-0.19266984121635958,0.8610933161498692,0.5558751408081203,-0.5531324712973816,0.9830721419420361,0.6681229101354436,-0.17403364628881987,0.8395350239303678,0.23433746449452258,-0.3847241298330234,0.5403257723044878,0.42589304925657157,-0.12638425098424083,0.5327199817429191,0.2919627839900426,-0.2907651676112903,0.5296123479389846,0.3612833036920233,-0.21996993967004377,0.5304626739241164,0.164735189304038,-0.34772488399321694,0.09926089612229674,0.37116127842460034,-0.10990109413292133,0.0796231906020176,0.2228809339133075,-0.3181481013838831,0.08772671790996454,0.3527062190005895,-0.17943980136182874,0.07832688919726759,0.2406794018230275,-0.4865334776452905,0.0333596112691241,0.5226367113269561,-0.16278745457942145,0.025143813508539063,0.3311391314768308,-0.4802547695603554,0.03551786481894731,0.5412721106252889,-0.23182652618055177,0.03452696205553114,0.15168285725254618,-0.2751663606486408,0.04272380389605821,0.2961611624968726,-0.11374847136514143,0.0451685231287425,0.7106176532647664,-0.32864980630305085,1.4016298065172355,0.7415575580960468,-0.3141960689176103,1.605696884626418,0.6263317006022444,-0.38920046057004765,1.5179090235542727,0.6501914864384333,-0.22912835911672183,1.5074792619611972,0.7130831236403642,-0.3564161000288755,1.4593662852991192,0.7185728239176807,-0.28530267356719535,1.4532843433503577
193,0.3237985966447204,-0.37513210559572024,0.9883459708700699,0.44032022870397464,-0.17963185862747186,0.9736161707878976,0.20797319776962828,-0.23660395323370392,1.0358007021561333,0.26736339780075874,-0.14440764472380482,1.0342100170717445,0.47541877237823965,-0.26803468896987853,1.4711059396979076,0.47054067553390616,-0.45233754207290605,1.4403485999308634,0.5886546435856861,-0.1442060280255043,1.3768470237888841,0.4055515601592734,-0.61329186254987,1.1664657245960812,0.6131026950348155,-0.062013163134691754,1.0544841273534646,0.3451542735755278,-0.5596714477069624,1.1267102215887714,0.5366252491422391,-0.0641388446254529,1.0295566353417873,0.5749923517939879,-0.5480068736631707,1.0146045977332803,0.6752339411731306,-0.1941050680658271,0.8586678463557735,0.5567805607918896,-0.5569547929599252,0.9907598784639172,0.6687756072002082,-0.17546130788873313,0.837463181554125,0.2357710158504238,-0.3868045021145765,0.5396214396053904,0.42771213135434905,-0.1283540109366243,0.5315743284173893,0.2938408471714632,-0.29323837003125586,0.5287632925262734,0.36253259930968246,-0.22102654890913673,0.5294402343613466,0.16543827046265874,-0.3487680704213703,0.09840888817793339,0.3722233028181551,-0.1116056639609686,0.07828665609755117,0.2238365367372783,-0.3192705992088114,0.08684598191493008,0.35340349293902173,-0.18083643486279144,0.0770867633459529,0.24078200925971194,-0.4882353473512515,0.03255578600806745,0.5236035968005505,-0.16508853410380364,0.023888288449254412,0.33139925191393876,-0.4825597344493092,0.03461417586875591,0.5419703068912174,-0.2342354209287426,0.03333577867234319,0.15274324650379179,-0.2759067004102784,0.041838366565975206,0.29703023108486387,-0.1151248944113201,0.04389791383407461,0.7114487600499823,-0.3270636325461907,1.4018612449569599,0.7433090131958344,-0.31184686851856874,1.605774503838327,0.6275297728798904,-0.38754902058072577,1.518435406612589,0.6511624348361922,-0.2278439259118725,1.50745212643108,0.7141013803608505,-0.3542770860717204,1.4596166305697416,0.7195035402850999,-0.2836354020814189,1.4532819239784478
194,0.32486188427407836,-0.37586233528763996,0.9882229913439197,0.44239747397879026,-0.18108114883585893,0.9732663123276795,0.20952279062520515,-0.23589002487965616,1.0351243996606112,0.2693472379443839,-0.14372117876352067,1.0334435723731146,0.47615660242471414,-0.2658428648937712,1.4716951287996403,0.470484657468275,-0.4495942683237639,1.4433055215114468,0.5896938551388604,-0.14327054865742953,1.376520226725115,0.40531554148819876,-0.6171074542171328,1.1715323997065004,0.6145083552654047,-0.06287167155881558,1.0536962018290124,0.3448979776887179,-0.5634370793986353,1.1309613637499352,0.5381634410117804,-0.06549151741863676,1.0289736982546147,0.5763590353884666,-0.5522168538768533,1.0208217392047563,0.6758365822712435,-0.19460980728909058,0.8566033403978948,0.5585634337824511,-0.5614392754949157,0.9974022286786615,0.6697982444268539,-0.17594103505867825,0.8356867829560085,0.23721553102713977,-0.3883555665501863,0.5388165301412855,0.42947554818124445,-0.12956414840279382,0.5304069005237193,0.2956515845270981,-0.29510310195389206,0.5278120790310511,0.3639412554799779,-0.22161699754422484,0.5283519268371875,0.16622427802168369,-0.34941322896703647,0.09754241724386348,0.3733772052143925,-0.11258015790493314,0.0768955854760276,0.22480953958639702,-0.31995660193063047,0.08589597841620676,0.3542465672385542,-0.18151314104520452,0.07579347220957897,0.241125433934503,-0.48900434299938933,0.03164835870918346,0.5243916221199876,-0.16607719303072704,0.022488138387893843,0.3318298232293932,-0.48371034271129953,0.033591923219090526,0.542503344465415,-0.23518231904257975,0.031994217960867294,0.15384313704817007,-0.27637981014091867,0.040906595778130286,0.2981364453222365,-0.11600414318545356,0.04257771325140466,0.7122036136957945,-0.32480022765353556,1.4021761779993944,0.7451659206087975,-0.308823813898539,1.6059122246164843,0.628770067541156,-0.3852273220512634,1.519103870095666,0.6521214470750618,-0.22593304905703637,1.507486026769296,0.7151092796798182,-0.3514874819697369,1.4599787060802725,0.7204029859251249,-0.2813243836578892,1.4533427816984932
195,0.32591631087466494,-0.37657902348397687,0.9879999372660679,0.44445069000664367,-0.18235294447687903,0.9728796669962652,0.2109793821893541,-0.2350885505068523,1.0343481485572532,0.2712873462394609,-0.1429034015889168,1.0325645533621777,0.4767551718932683,-0.263469507373154,1.4723717805291217,0.4704114999369836,-0.446489862218339,1.4462047879996427,0.5904928476974389,-0.14202260616968757,1.3763442596320659,0.4062493696878723,-0.6207129773279548,1.1761407149129715,0.6159085508018347,-0.06390605432252057,1.053087235185591,0.3458348977437401,-0.5674099454487089,1.1346448996379617,0.5395906790874402,-0.06698161152362377,1.0284291575196214,0.578821662727065,-0.5563860903470912,1.0261361116846968,0.6769686962350823,-0.1952267657001292,0.8549037313188677,0.5614232078590904,-0.5660907162060643,1.003069916858152,0.671263523832953,-0.17647707453651038,0.8341857396535473,0.23840248631593633,-0.38929767333076953,0.5377675888020567,0.43106101575313477,-0.1300019224616786,0.5290782682934245,0.2972732263464659,-0.296267643057445,0.5266251474997232,0.3652414210991841,-0.22167698156495663,0.5270962224165654,0.16693182922064845,-0.34917995173716443,0.09647472579479904,0.374296514487026,-0.11280743246364996,0.07534343365817953,0.22570488639807681,-0.31978310636806606,0.08473259288982095,0.35486351257299326,-0.18144056370169195,0.0742963463439459,0.24144577461259897,-0.4883848501659092,0.030395812415819505,0.5247679167564294,-0.16592851538164372,0.020785776782566087,0.3321637491747403,-0.4832772952642789,0.032239226953661694,0.5425816239524931,-0.23488591064661665,0.030321114082177476,0.15487275800612066,-0.27604763381214814,0.03979539203227344,0.2991302308506217,-0.11628337455818877,0.04105102889178496,0.7126392641273208,-0.3223138876744793,1.4025879930740734,0.7469729588723447,-0.3056202742768002,1.6060974901659435,0.6297336539106863,-0.3825212278614481,1.5199948583603884,0.6530298263669947,-0.22378563590774053,1.5076045808789729,0.7158342846888212,-0.34856486156888433,1.4604968381695014,0.7211303512740861,-0.27893576938006726,1.4534740306077802
196,0.32651971774891975,-0.3768174527609641,0.9878079556108323,0.44613316580811774,-0.1830658969149527,0.9724585412621688,0.21204000233067075,-0.23388385875881454,1.0335331590126882,0.27292843394277294,-0.1417631926052652,1.031583172962297,0.4767288968412333,-0.26054246907943734,1.4728807816623297,0.469931118463501,-0.44285380608074476,1.4488172921632427,0.5907154058839724,-0.14008910633514307,1.3760825901465696,0.40798437873659743,-0.6228949230581631,1.1799920751662063,0.6168394239541467,-0.06423842415213944,1.0525003972428129,0.3476178290625435,-0.5702810440169861,1.1375333947908697,0.5402977037374966,-0.06775908311261403,1.0277946639120827,0.5820019738087293,-0.5591604031709005,1.0306149424542128,0.6781858454919218,-0.19547571128497815,0.8536281738357403,0.5650287179937399,-0.5694198324007707,1.007766603803023,0.6725964582849404,-0.17657369656692057,0.8329955649719668,0.23900780550045778,-0.3891633274707339,0.5367418905658287,0.43211637688746257,-0.12952851990315492,0.5278172903280034,0.29839568458959237,-0.29629472418366914,0.5254902498368728,0.3659905302236147,-0.22095075266321895,0.5259100489998161,0.16743620162193887,-0.3479456998545108,0.09548401427893627,0.3747446751561271,-0.11226492971187996,0.07400643848422686,0.22640412300304374,-0.3186293620369798,0.0836830194176867,0.35500341818586867,-0.18064619943462207,0.07296868340220497,0.24154032270916628,-0.4866550862989318,0.029210582316018394,0.524652620163262,-0.165024951473468,0.019250226588358156,0.3322489595506173,-0.4816754688355756,0.030980951285296873,0.5421315225872787,-0.23384968920820426,0.028786154345122727,0.15572330254519914,-0.27469063400249805,0.03882526855724075,0.2997050262930442,-0.11578986945521698,0.0397090351331453,0.7123758871292722,-0.31921426601418595,1.4029990893700313,0.7479600408472498,-0.301701142951142,1.606318478787177,0.6298897525094793,-0.37908031250643354,1.5209103231266936,0.6532667508430591,-0.2209093193915922,1.5076222087498583,0.7158219322620099,-0.34507378418704177,1.4610708731439834,0.7211623220014066,-0.2759159022754045,1.4535754229224596
197,0.32682798543023217,-0.3758193633166414,0.9877956355591181,0.44744459156503086,-0.18232799767252073,0.9721169206910772,0.21278553713248638,-0.23170237336076382,1.0328271342965822,0.2742371478054585,-0.13963944980285903,1.0306415374878448,0.4763490417501092,-0.2562665828746215,1.4732668969677991,0.4693295385801925,-0.43803052415999444,1.4511130504983845,0.5905598110030885,-0.13673352405693545,1.3756461598990102,0.41037829726302144,-0.6223788245127391,1.1830261965136897,0.617284195192499,-0.06323902563041651,1.0518096865269215,0.3499882846371717,-0.5704072133803986,1.1396643024849962,0.5403404758485743,-0.06727926221742137,1.0269792372790887,0.5859925343928362,-0.5590147500596414,1.034483146388737,0.6793348253974012,-0.1948460278795521,0.8526991479401657,0.5695040440067285,-0.5698221612489863,1.011770327770746,0.6736410533699105,-0.17577698056095303,0.8320757152065444,0.23915956232420618,-0.38749698294464296,0.5360115794479174,0.4327123004330101,-0.12754149941774828,0.526809997090697,0.2991115934717242,-0.29466752642136546,0.524658540220653,0.3662574019808467,-0.2188211169123171,0.525012013010313,0.16776469914591396,-0.3455516365297129,0.09480158082103943,0.3748956675553413,-0.11059663977181812,0.07309256129671314,0.22692619030520175,-0.31633413849574993,0.08298591812745108,0.35488023461474605,-0.1788085403281849,0.07205018240141987,0.24144006257581782,-0.48396449740723796,0.02848201736258712,0.5244268946196395,-0.16318806837384525,0.018215846203962778,0.33223755650157694,-0.4791322910657452,0.03023846913763689,0.5415888864059236,-0.23197032511330745,0.027752552206107547,0.15639706156217356,-0.2721409982572093,0.038188728094524824,0.2999657946436017,-0.11414700191257457,0.03876205609091091,0.711800473991184,-0.3149101131433616,1.4034079961954888,0.7483526986500385,-0.29638468677117935,1.6066709206685712,0.6296953128286309,-0.37431280472555295,1.521813846056633,0.6530013525029283,-0.21662526013399014,1.5076244671026306,0.7154861983645869,-0.3403752190158815,1.4616894678414567,0.7207669229477306,-0.27159403842544266,1.4536943170257017
198,0.3268897085662246,-0.37423878139342015,0.9880314376050573,0.448329719620927,-0.18085181917154067,0.9718983457097236,0.2131548686667331,-0.2291905685630902,1.0323630072460295,0.27505960884568836,-0.13715763375782303,1.0298749740380582,0.4757813002775028,-0.251200007928065,1.4735344107021453,0.4687406678920948,-0.4327781670469991,1.453183525063168,0.5902264972629611,-0.1325093576476392,1.3749962203399233,0.413021919942672,-0.6203376346765392,1.1854652668223196,0.6173996078815785,-0.06165218603858742,1.0510367973288632,0.3525253053839078,-0.5687974243952136,1.14135889242415,0.5400103158840839,-0.06631221651338932,1.026046908449598,0.5903947852065596,-0.5573823109172802,1.0379165590223056,0.6802882070920129,-0.19381825404316788,0.8520257654133165,0.5743683508755472,-0.5686421007637217,1.0153025025661657,0.6743328922735463,-0.1746272822072374,0.8313661394763283,0.23892617356062007,-0.38508061511250896,0.5358210347323908,0.432720989714264,-0.1247257737780895,0.5262114485203443,0.2993888739752152,-0.29226352619564017,0.5243358350709982,0.36594598692110875,-0.21588698325608915,0.5245578453718386,0.16789413191863894,-0.3430473542028474,0.09465530183724927,0.3747769576904295,-0.10854398811482163,0.07274605380220923,0.22721700118836075,-0.313981927414366,0.08283759048124723,0.35457805507941165,-0.17668976763606353,0.0717252678567099,0.24110897497660852,-0.481533511582896,0.02847781498693871,0.5241891249513049,-0.16133822552439459,0.01796699445941944,0.3320958009688323,-0.47693369192785534,0.03025298143688224,0.5411155405162025,-0.23017553791057996,0.027537664238578577,0.1568415282933711,-0.2694817928733704,0.038056865463570795,0.29996715565792775,-0.11211141080392534,0.038349723334197346,0.7111882076963567,-0.30996892832811046,1.4038737227295608,0.7482813532454924,-0.29023742918447915,1.607188804899456,0.6294389847462931,-0.3688499924468312,1.5226690531939635,0.6524277402939582,-0.21144266980548204,1.5076554096510109,0.7150986685323634,-0.33505966054223874,1.4623880323261897,0.7201559996387454,-0.2664749057949256,1.4539048285050638
199,0.3268880012165514,-0.37291828096688856,0.9884941362671034,0.44892035954445364,-0.1795098718941137,0.9719742020142972,0.21331127356145407,-0.22705654076437748,1.0322653227887246,0.2755474746804983,-0.13510179294360275,1.0294990492976712,0.47510931031695003,-0.24635129802333622,1.4737154857586239,0.46821023024979075,-0.4279959538925402,1.4551742437243647,0.5897866670391771,-0.12837550242973025,1.3743044527356048,0.4153269675470344,-0.6181456438359664,1.1876176815093493,0.6172851224304056,-0.05988466265361681,1.0503648038260274,0.3546358997873702,-0.5668110951601597,1.1429776261213165,0.5395487460007777,-0.06520692328681461,1.0252270927725953,0.5943270954430468,-0.5552691077204599,1.0411306790639647,0.6809395635874578,-0.19273969576118183,0.8516416790519693,0.5787131140878522,-0.5668273823454417,1.018634455178824,0.6747001006364637,-0.17344077973420896,0.8309859454846105,0.23850282731162725,-0.38268667642236665,0.536036191125402,0.4323639039115286,-0.12198887142486509,0.5260292777234585,0.29936237141429395,-0.28993337687908793,0.5244191619668853,0.3653047151142824,-0.21302747398632005,0.5245597123499064,0.16792109531336985,-0.3407201932917733,0.09493084661270557,0.37455310374142164,-0.10649182708490156,0.07285532178892853,0.22734755197197828,-0.3118236731043586,0.08309145594731561,0.3542517231845114,-0.17462479449133597,0.07191042553609538,0.24061620565919045,-0.47952574845987495,0.029014054212583115,0.5239940622921004,-0.15961745808466482,0.018371610676255302,0.3317695042021703,-0.4752011417084305,0.03082906583483628,0.5407607423282178,-0.22848682134371767,0.02799874786190827,0.15715592302092432,-0.2669698564525922,0.03827821210648141,0.2998831433982487,-0.10998686462239192,0.038397717369343776,0.7105908604451383,-0.3055486059688626,1.4043905761236115,0.7480635331297167,-0.2841478193938929,1.6076952437555694,0.6292543195967288,-0.3637008541683347,1.5234691816485646,0.6517691775872001,-0.20646084692426567,1.5076423734151174,0.7147571234765265,-0.3302115678097117,1.4631380495095856,0.7194932392594643,-0.2616615879134716,1.454145584789818
200,0.32708353869575935,-0.3731677166572144,0.9889575319107315,0.4493888409000632,-0.17949460366473463,0.9722738452966475,0.21340341104432492,-0.22659517605409993,1.0324080412998837,0.2757726494330791,-0.13459423766368153,1.0294829277385267,0.47463387140919294,-0.24355651221518987,1.47403054711359,0.4679538430984982,-0.4253164604228884,1.4570653849365864,0.589505839143288,-0.1262253427672834,1.3739440125294902,0.41769739577810266,-0.6178239288837565,1.1894283478253609,0.6173613892810168,-0.05980761402752573,1.050034966022438,0.35687270688168804,-0.5667102988901238,1.144451382748456,0.5394878097884062,-0.06573569709795041,1.0247984351329034,0.5980734586745943,-0.5542089089207833,1.043919593967834,0.6815367264814829,-0.19333506142886142,0.8514898770799704,0.5828518502212676,-0.5659251087699815,1.0215547578277733,0.675133326063198,-0.17398095060396288,0.8308401329867555,0.23821439715496806,-0.38170134105888887,0.536144061256868,0.4319242282533739,-0.1205816219158016,0.5259932132927668,0.2992677019713461,-0.2890014470438315,0.5244873272304009,0.36468947173674787,-0.21154501672698484,0.5246707655256678,0.16801049889866448,-0.3393753941215197,0.09504029193856767,0.37448292088573315,-0.10560310796123794,0.07289171460743923,0.2274901069576271,-0.3106297730748783,0.08319909494210465,0.3540978846500443,-0.1736578134171801,0.07202793007146786,0.2402711172952051,-0.47846091099769766,0.029289115751117,0.5240738741111034,-0.15895454337562553,0.018665245260459463,0.3314624762202756,-0.4743727411689633,0.031144889054442328,0.5407941628978306,-0.22779210670201358,0.028317817657828325,0.1574556476627338,-0.26544919466528505,0.03837076067292254,0.2998549971872249,-0.10891557624027405,0.038415038948238535,0.7101197204088209,-0.30320569663498126,1.4049657394432287,0.7479700930423785,-0.280112770997801,1.6081472241363843,0.6291901577596242,-0.3605734031784069,1.5242891525993765,0.6513808373634533,-0.20353588703414938,1.507732821049635,0.7145308660882099,-0.3274802335201194,1.4639173605843256,0.7190236785539054,-0.25890295330322205,1.4544586051274533
201,0.32725752066073505,-0.3737231130767182,0.9893685833640407,0.44964589848560604,-0.1796527644696319,0.9725671259268743,0.21337017763079427,-0.22634016114834973,1.0325940141549188,0.2757955621297487,-0.13424370364197805,1.0295638867123516,0.47402295550116413,-0.24158411924695788,1.4742484650574696,0.46771966991667274,-0.4235320731591675,1.4587654974229427,0.5891585214605088,-0.1249242677433603,1.3738017971658312,0.4200198894304849,-0.6184750865932532,1.1910347285252803,0.6173523724266281,-0.060096873970272385,1.0500372448708084,0.35914068231425356,-0.5676703372584606,1.1458504773198417,0.5394746414781881,-0.06660791223708237,1.024804649991844,0.6014049463358067,-0.5534521045002105,1.0463174092260248,0.6818243225870128,-0.19404932888257898,0.8516987002775694,0.5865627148505601,-0.5652704346145914,1.0240736463545375,0.6753391073903573,-0.17471234205161323,0.8310784845467625,0.23795462376134757,-0.38118712726723447,0.536163255008383,0.4313365430888653,-0.11971414907558672,0.526054970451599,0.2990625467322321,-0.2885238571404508,0.5245453094893968,0.36402193832792407,-0.21061701838364436,0.5248247777914543,0.1680094949124932,-0.3382283381446982,0.09510667918417616,0.3743838941574601,-0.10510400839756513,0.07293576126368594,0.22749869662517416,-0.30961133430756077,0.08328355096499232,0.35395602583142777,-0.17304893077708522,0.07216346534019094,0.24006774874349818,-0.4776423543660526,0.029427195088430717,0.5242707607377393,-0.15855722555520368,0.018921248437861735,0.33121306700977465,-0.4737618752232092,0.03132610141957318,0.5410511777499991,-0.22732978389558642,0.028581456570301204,0.15752903604700969,-0.26411120222532547,0.03845811884909334,0.2996925050641527,-0.10812346050289454,0.03853293727324701,0.7095695246063363,-0.3015581286893746,1.405520305430798,0.7476474972017805,-0.27682043977035703,1.608485914279037,0.6289955680070654,-0.3581652195174868,1.5249943193857705,0.650858460249779,-0.20137532656504203,1.5077578184132474,0.7142013063891438,-0.3253832544130308,1.464629008816574,0.7184841462926711,-0.25679360155521885,1.4547460288385332
202,0.32753876725305675,-0.37310615095432353,0.9897593103160495,0.449874121375169,-0.17847855213256417,0.9727746733951023,0.21331810652581268,-0.22487540489670677,1.0328358636740451,0.27578316971971534,-0.13256100134569762,1.0297011669034233,0.47367919794185065,-0.23916006246379667,1.4745059973456252,0.4678828007523841,-0.42130137500492854,1.4602069109518971,0.5889995208159949,-0.12320414909571042,1.373919493409087,0.4227919095161788,-0.6187134969619761,1.1923897406006578,0.6173521306627514,-0.05997289276110701,1.0502094879959472,0.3618418646008519,-0.568263489568082,1.1469964953982006,0.539582870064083,-0.06698548325206508,1.0250439765071417,0.6049493571484663,-0.5514812324363084,1.0482342657834312,0.6820177499671081,-0.19401258410858807,0.852108078474601,0.5904939091691688,-0.5634388730104375,1.0260697576126838,0.6755448190094653,-0.1747773613440735,0.8315114584505542,0.23789270625200382,-0.3802624477741377,0.5361273058728537,0.4308406962886382,-0.11801037583368228,0.5260570741832125,0.29899737832919104,-0.2874747781383213,0.5245371787697997,0.3635420049400975,-0.2090089127832375,0.5248790105036528,0.1679263700498435,-0.33676903386171264,0.09504144106826407,0.3743793841570901,-0.10406580545340134,0.07279018381313657,0.22739662236023025,-0.30827361641660994,0.08324755272273099,0.35400693658944743,-0.17192983094048436,0.07206274673058813,0.2400293271763928,-0.47655726468211107,0.029369707901490513,0.5247789698644736,-0.15731554408919451,0.01889128990775336,0.3311735209690891,-0.47283348076331017,0.03130354853084906,0.5417724306247397,-0.22610652592292893,0.028538747893557218,0.15739547332816287,-0.2624523220713368,0.038428850391767064,0.2995424433698944,-0.10685997113510441,0.03848024094418484,0.7094223445152459,-0.29938910345263636,1.4061102181126284,0.7475275794937956,-0.27322665089716763,1.6088715840780254,0.6291693982866523,-0.35528957465057853,1.525655810132569,0.6505253587742889,-0.19874678640410556,1.5079235655637322,0.7142618032532565,-0.32269906598707754,1.4653292980909758,0.7182890059952995,-0.2542007024839902,1.4551249632482093
203,0.3277849922357407,-0.37172715568062453,0.9901193211185984,0.4499918984126014,-0.17649536807933885,0.9728039709592489,0.21317232673721925,-0.2227570053963988,1.0330595202723882,0.27565765176112317,-0.1301738600637854,1.029766589738667,0.47350990655961805,-0.2363485135801655,1.4746443287908104,0.4683135142557049,-0.4187831033067235,1.4613032658060812,0.5889748434942293,-0.12090935178936185,1.3740129526586338,0.4258647792326072,-0.6187527584763988,1.1935018422270418,0.6173795220282845,-0.05922371384152149,1.0503500346130878,0.36476079207072565,-0.5686989229537786,1.147940005138999,0.5398271263173721,-0.06668225923033545,1.0252587471834103,0.6084774756260485,-0.5486616644103661,1.0496205533655925,0.6820361582930241,-0.19307196040926458,0.8525550462846738,0.5944047397152513,-0.5607679080032909,1.0275123467991751,0.6756525433421758,-0.17395278583178098,0.8319898288823939,0.23791731224341117,-0.3792513765854816,0.5362278083549912,0.4304014246562489,-0.11594092491553512,0.5259927399511048,0.2989628950503153,-0.2861523370402183,0.524555256197737,0.36320791310844713,-0.2071523550571775,0.5248605692138143,0.16769823732300218,-0.3353607429125096,0.09508376245918135,0.37423810387436307,-0.10274445734201562,0.07254733483392606,0.2271384736811716,-0.3069003926667088,0.08326759213913575,0.3540480630116102,-0.17058616123403234,0.07187084515014414,0.24015224955538586,-0.4755388045601008,0.029402732524027777,0.5253603175653756,-0.15560267482799484,0.0187338947925488,0.3313823413686122,-0.4718817724883467,0.03134030796797652,0.5427104835842375,-0.2244580140129167,0.02836070299228509,0.1569868128077559,-0.260832121381309,0.0384514466537787,0.2992569978806034,-0.10548741748723468,0.03836052127639175,0.7096448765683315,-0.2967788037050159,1.4066608976873245,0.7474617588231313,-0.26935308683653575,1.609305079299274,0.6295820867398001,-0.3520653870942778,1.5261645006005529,0.6502886635251628,-0.195668568310628,1.5080943790800934,0.7146287690345478,-0.3195785974862639,1.465945387691667,0.7183411425703828,-0.25117081168854605,1.455507968645817
204,0.3281066788700658,-0.371011159226366,0.9903623492623141,0.4501076753328943,-0.1751422822142311,0.9727322980941692,0.21302928346459363,-0.22140605608768354,1.0331293619623054,0.2754861211618302,-0.12856364037058493,1.0296923649603889,0.4734239954348385,-0.234272571642772,1.4747382863817005,0.46883714238740487,-0.41700786639610377,1.4621629720481784,0.5889963747138496,-0.11913635232580728,1.3740975032475649,0.42874998292646704,-0.6194086646270341,1.19444601486368,0.6175289393514564,-0.05886187510005435,1.050408600354079,0.36742826939281953,-0.5698162584450155,1.1487465144100428,0.5402861371215644,-0.06671031100964286,1.0253332789999348,0.6114206386740704,-0.5459811175831029,1.0506580019516687,0.6821005550528721,-0.19252457488900498,0.8529004860776981,0.5977308941068229,-0.5581984214586808,1.0286020865851238,0.6758714355593662,-0.1734810584627193,0.8323588589012596,0.238110737631263,-0.37911935874908087,0.5361658491577963,0.4301796126676853,-0.11473255487813981,0.5257349874027855,0.29908676044346405,-0.2855619589917781,0.5243643383586132,0.36312053044513287,-0.20626804601632917,0.5246470024873954,0.16761033559104965,-0.3346681593477422,0.09491295753153646,0.3741921219733769,-0.10207361552302015,0.07207296196510182,0.22703287930212762,-0.3061886095487915,0.08302881156771733,0.35420901270022903,-0.1699369695697701,0.07142976460428825,0.2405218199982083,-0.4751521794152939,0.029223847348502908,0.5260589652229151,-0.15458799320660022,0.01832540040520629,0.3319384426014469,-0.47159079162646506,0.031118042296880106,0.5437324845674913,-0.22349525442810975,0.027918928860700777,0.15669570716509515,-0.25992568199478755,0.03819145974107063,0.2991208254485486,-0.10482645285135443,0.0379790441959102,0.7099505014596299,-0.2947582866195395,1.407146434120523,0.7473563179821533,-0.2660177544326192,1.6097350892148166,0.6300253629855426,-0.34953716773084104,1.5265311026512318,0.6500192286886617,-0.19316735063591045,1.5082853993542005,0.715044252728881,-0.31703197260479105,1.466468762478211,0.718398939621382,-0.24869131895301205,1.455874783088624
205,0.32860739763014823,-0.37131877469894337,0.9904224697260414,0.4504502559225484,-0.17493900967678902,0.9725752940524537,0.21310210401910631,-0.22118181402569587,1.0329780173508991,0.2755065487611628,-0.12805683190163922,1.02944123132108,0.4735220274528497,-0.2332585149618525,1.4747963590988586,0.46954141568150826,-0.41617081513434645,1.4628614782299902,0.5891708280772949,-0.11829883280740079,1.3741353769209264,0.43173670040396667,-0.620650799894308,1.1952035886941543,0.6180109180090109,-0.059673142871088505,1.0504039532589382,0.37022184546455345,-0.5715767152162745,1.1493743678341075,0.5411358607392693,-0.06793335192643672,1.0252906037242144,0.6143337778757278,-0.5438411381326009,1.051354554610145,0.682493495568364,-0.19328175955400495,0.8530206819254472,0.6010146208781945,-0.5561453387743927,1.0293709389714056,0.6764465788428007,-0.17429047882092094,0.8324948596310544,0.23855072406364297,-0.379962118679661,0.5357876199270484,0.4302037684613196,-0.11469584273497099,0.5251895002597253,0.29947529982876,-0.28592174290335465,0.5238669711710777,0.36317858430939953,-0.20648240889187955,0.5241855710379165,0.16783975500600667,-0.3348433662496251,0.09434872960780835,0.37438666283256056,-0.10223042478625921,0.07125789210884571,0.22727753786040875,-0.3062882131303567,0.082371879429216,0.35446275625354895,-0.1700916506443434,0.07062746486283387,0.24101075705621788,-0.4754834903155918,0.028623756296976097,0.5267740865400584,-0.1546769410083102,0.01758460174378513,0.33260926107705596,-0.4720483704273801,0.030408176251029942,0.5444931632037618,-0.22358666951460096,0.027145198024037476,0.15680251281834875,-0.2598852937332892,0.03750117414742785,0.2993123013578677,-0.10491115136558897,0.0371843291554438,0.7102156839999599,-0.29348830929939096,1.407469668087944,0.747230299963015,-0.26377937223000647,1.610022757463618,0.6304525228686012,-0.3481036734313194,1.526730904056725,0.649866841995054,-0.19161359754394316,1.5084475069769363,0.7153801417384243,-0.31540794111270226,1.4667997615975907,0.7184291335365048,-0.24707731045673323,1.4561178715497543
206,0.3290944460265735,-0.37246561443850634,0.9903473185456507,0.45086749758367,-0.17580541581526757,0.9724611108700718,0.2132629370472204,-0.22187631131586344,1.032688954366843,0.2756173187761599,-0.1285466822406114,1.0291219225110921,0.4736885533485124,-0.23322408075579523,1.4747973116859632,0.47025257394019554,-0.4160611042702043,1.4635070977456375,0.5893855740663794,-0.11843000498651658,1.374058590499159,0.43463271478196364,-0.6217598135281678,1.1957449358846963,0.6185628752730635,-0.06142505052032705,1.0502870547182255,0.3730455558381806,-0.5731297852333714,1.1497721851324085,0.5419565049681777,-0.07020401398498433,1.025085342683121,0.6172004051654105,-0.541976736570801,1.0517817538417211,0.6830559851737913,-0.1952038095339478,0.8529058768224796,0.6042147266942086,-0.5543265492133642,1.0298650170986943,0.6771186241993373,-0.1762321187675269,0.8324159750766298,0.23916192148388207,-0.38134537410306063,0.5350756448066735,0.43024914943594017,-0.1153894288436993,0.5244667174314814,0.30004260012519185,-0.28685333425045506,0.5231132560012309,0.36316337012185435,-0.20734450571524624,0.5235724228626861,0.16854764570932637,-0.33581263319301746,0.0933307920412341,0.37481784960654607,-0.10303289267885368,0.07026130716485161,0.22798229203484283,-0.3070820698728427,0.08135595044870166,0.35480862701188476,-0.17088029020713666,0.06959455803297833,0.24174067708040578,-0.4764702238798636,0.027542621095368043,0.5274012215293938,-0.15565978869491337,0.016681900896318484,0.33338181417129886,-0.47305549074067027,0.029235521678456815,0.5448702051624933,-0.2245253073981175,0.026209992482599885,0.15747384887310437,-0.2606621948182892,0.036424190710173145,0.29980553827455986,-0.10557579061704209,0.03609874472247183,0.7103088564700177,-0.2930185422999808,1.407585719112147,0.7471387382560722,-0.2627769639994121,1.6100725835947691,0.6307886545248924,-0.3477899062334204,1.5267830356718903,0.6498483308659286,-0.1912052331788925,1.5084909227345145,0.7155227282165141,-0.3148292662638093,1.4669118249014017,0.718380539804108,-0.2464745101675896,1.4561623533577461
207,0.3300306514118281,-0.3736248388433921,0.9902209617629597,0.45148909747261895,-0.17665831336550306,0.9723947285247916,0.21373308478894368,-0.2228286469420943,1.032342033030872,0.27588936288310856,-0.12909638123416903,1.0287955065816807,0.47444907889236176,-0.23336807419534839,1.4749379449246742,0.4714624323186461,-0.4158431145792186,1.4641186324251942,0.5899950921472638,-0.11881924526616293,1.3740181825963753,0.4381277646502069,-0.6214295827200835,1.1958612049597688,0.6194256393683695,-0.0638180412246728,1.050134175888441,0.37660484774269687,-0.5731451310433204,1.1497250806227952,0.5429181541808933,-0.07319346410385422,1.024794767989073,0.6209727980630256,-0.5391988850120654,1.0516198644958248,0.6842227415792191,-0.19782270211848696,0.8525613477648614,0.6082622877408889,-0.5515690105488325,1.0297535916268798,0.6783104743039746,-0.17894092893615546,0.8321286878978283,0.24021857036752126,-0.3825396309950254,0.5340401805981307,0.43038414476035763,-0.11587906200697315,0.5235631146826991,0.30096743395435765,-0.28758004911332447,0.5221354857295797,0.3633169513358982,-0.20802955353108366,0.5227853638250515,0.16977885425098163,-0.3370596782333274,0.09187092427811085,0.37568522130132787,-0.10399344111462376,0.0690509557721864,0.22916763781511806,-0.3081142388746002,0.08000679125794628,0.35550027614182494,-0.1717981241252808,0.06829528899831336,0.2429094260079773,-0.4776922544309396,0.02602055833292252,0.5282488534973231,-0.1567906295869012,0.015561400045636036,0.3345039180108069,-0.4742105750903495,0.027689646053288913,0.5452899847151474,-0.22561453501683243,0.025061142109108092,0.15872117459528215,-0.2617939896054034,0.034983950487089986,0.300697960384639,-0.10644610188530124,0.03468734797867008,0.7108102551227032,-0.2929750940129272,1.40751860248488,0.7479374745365401,-0.2627723196108637,1.6099501630687647,0.6316611725507509,-0.34801591568324197,1.5269006419495816,0.6506893474738176,-0.19139189938691245,1.5085165819034736,0.7161142201165278,-0.31489649347835197,1.4668694555591812,0.7189615746646387,-0.24657517396083248,1.4560332642224667
208,0.3310450732851417,-0.373946236716693,0.9900462304204677,0.451942139873663,-0.17663752085516676,0.9722484322358386,0.21415171738219538,-0.22315970976273825,1.0319055135001234,0.27596404859586965,-0.12890744602788812,1.0283720497844833,0.475355614839418,-0.23288049105124048,1.475146428871826,0.47271197742004967,-0.4148618480831531,1.4645946591974945,0.5906178231671317,-0.11846538824112576,1.3739498716500989,0.44161864690234454,-0.619515885224841,1.195617934095277,0.6202429442160869,-0.06574945267200205,1.04999286981207,0.3801739008687155,-0.5714642123837862,1.1493581288064878,0.5436010579737605,-0.07574472315850386,1.0245063422912764,0.6250652384370081,-0.535563502265708,1.051094518913902,0.6856403718302368,-0.20007292945112168,0.8521979749550149,0.6125289488270225,-0.5479455374927314,1.0292377342198418,0.6796304079754392,-0.18137192105894576,0.8318189289988722,0.24132039841263228,-0.38295307780232435,0.5329524055832316,0.43029852897007165,-0.11579579749238891,0.5226297221359651,0.30184813374174385,-0.2876425268319371,0.5211651690700672,0.3633628381380659,-0.20816374743956367,0.521967513662582,0.17103302837980883,-0.337865120603245,0.09037130931023915,0.3765655149327465,-0.1046394490804905,0.06788010853029328,0.23038249714445694,-0.3087779675925491,0.07869462529580618,0.35621444647785333,-0.17241896939646856,0.06705018082207966,0.24432186555862676,-0.4784202027568113,0.024498424465105594,0.5290549841012848,-0.15772599575003687,0.01446304598191454,0.3358129746179525,-0.4748160684419662,0.02621690331121839,0.5456039245354538,-0.2264897321978035,0.023955205067760606,0.15996730514784013,-0.2626427652618657,0.033577355302569944,0.3015713244544041,-0.10707324069590661,0.0333388779642324,0.7114129806626995,-0.29272627219136704,1.4073802548886292,0.7492840047836846,-0.2627657562301164,1.6097650667033294,0.6326184805600501,-0.3478360793862464,1.5271158630682415,0.6520088094395672,-0.1912879548598186,1.5084674516767669,0.7168349069962997,-0.3148631933361323,1.4667721631241846,0.7198340592960466,-0.24658982493802709,1.4558062293264502
209,0.3319446947573096,-0.37355724144580954,0.989950534149598,0.45201009751890237,-0.17576112807752595,0.9721216986371171,0.2143233283307608,-0.22296169103281385,1.0315609938713306,0.2756450137031724,-0.12810543205362487,1.028017635073505,0.4762094329342535,-0.23193794033845203,1.4754099571040495,0.47384587588271393,-0.41349912839493336,1.4649353020302092,0.5910855372351178,-0.11747090735042118,1.3739343241907902,0.444344883134339,-0.6173585254951721,1.1952290489290098,0.6208873937806569,-0.0668174823123012,1.0498730457822427,0.3829188277003003,-0.5694714390718363,1.1489170978721075,0.544095399675063,-0.0773447833842936,1.0243240850485233,0.6284535166296081,-0.53248813614274,1.0504457868580885,0.6868767270476108,-0.2013272657409302,0.8517740715668981,0.6159771161777348,-0.5448781112187296,1.0285796177400517,0.6807719296168564,-0.18287754892400884,0.8314382217051999,0.24228103243911936,-0.3826978094676034,0.5320413410947987,0.43004131976002546,-0.11523623843276298,0.521932272880109,0.30248768038054014,-0.2871699352400034,0.520426255456767,0.36341828765716705,-0.20792089180595358,0.5213509308988373,0.17209868211574614,-0.3382062433983471,0.08913638202311049,0.3772706522369036,-0.10490438491094631,0.06696746671686218,0.2313983978534849,-0.30905422878461547,0.07765286020671706,0.356880689077268,-0.17270057739381373,0.06606663166068064,0.24584192811816646,-0.4786691176859675,0.023279638402692537,0.5296725438238695,-0.15813435170275217,0.013494133357686008,0.33722039404601784,-0.4749223846398165,0.025057324811348987,0.5459102558005933,-0.22683465550831583,0.02298406119204158,0.16097134265327884,-0.26316044021654134,0.03246463312845518,0.30226817627195207,-0.10741379660106651,0.03233847597294124,0.7120159843873786,-0.29200591586703534,1.4071796755382362,0.7508135584778287,-0.26237417815985425,1.609578228934515,0.6336442609833857,-0.3471711441667047,1.5272935835877086,0.6533254911592088,-0.19064807712685733,1.5084011762871334,0.7176422912110614,-0.31430665107219463,1.4665977615432966,0.720767181212788,-0.24611243134240723,1.4555277204768229
210,0.33254625805777893,-0.3724928528116904,0.9900774343510286,0.45165627163677025,-0.1741068819733379,0.9721377177084445,0.21421713527471928,-0.2221336233313448,1.03155508713144,0.27501203843963284,-0.12674349842095878,1.0279657259909203,0.47685138697203217,-0.23044706175239674,1.4756121072401176,0.47477964998503913,-0.4118510133341404,1.4650880002323214,0.5913431083749631,-0.11582961279637768,1.3739265419602296,0.44596312684365097,-0.6154040689369937,1.1948660394868191,0.6211608313106768,-0.06632096851192182,1.0497859132776082,0.38446380125606133,-0.5676021044244888,1.1486011102559353,0.5443244251170358,-0.07718947259810303,1.0243102780833322,0.630507606087643,-0.530519410128857,1.0497879212386267,0.687504094453525,-0.20093270122985796,0.8514545707010364,0.6180317690216214,-0.5429458381602013,1.0279425820385943,0.6813247283592279,-0.18271546019882848,0.8311698014496383,0.24295334376635586,-0.38176172511333334,0.5316918546130142,0.42959168373660706,-0.1139862067580849,0.5217647617268336,0.30279060809886965,-0.28611013870466645,0.5202419917202405,0.36342348812031616,-0.20705885054086282,0.521228256333207,0.17274226515874835,-0.33769457487570065,0.08865894045160615,0.3775064786137413,-0.10415907075023804,0.06663162511852408,0.23198777590066155,-0.30852613979733823,0.07728925994450528,0.35720521049818,-0.1719847200279634,0.06567004834115103,0.24709456032581403,-0.47808245174167924,0.02285463500781373,0.5299525945571099,-0.15738156143572396,0.013048646003364426,0.3383776760896379,-0.47417015959161,0.024668388911915196,0.5461790002200597,-0.2260756152855343,0.022534841528188503,0.1614745676188457,-0.2627772584835069,0.03206297198334806,0.30250079964468995,-0.10674231454291794,0.032000715396064854,0.7124377669276231,-0.2904760289686189,1.4068488621408017,0.752137395032038,-0.2612029949518991,1.6092701643526628,0.6346224594828713,-0.34582341270593214,1.5272440068469488,0.6542276448998595,-0.1892228918389485,1.5082699089641658,0.7183438943422161,-0.31284862948164616,1.4662203078017775,0.7214555123979167,-0.24471754134177878,1.455134721404084
211,0.33272110166794366,-0.3718625214015423,0.9903685914493188,0.45089082270909026,-0.1728629674284111,0.972328589935919,0.21376695450201136,-0.22164994416833467,1.0318801547468985,0.27411009888518933,-0.12597150608019572,1.0282485732083506,0.47717911420105624,-0.22942155417599255,1.4756785443227087,0.47542950136885254,-0.41087969960918447,1.465121294354678,0.5913320881770534,-0.1146470430917076,1.373816308189266,0.44647811357494843,-0.6146207227543135,1.1946891880366342,0.6210775134604971,-0.06509179310777939,1.049624324821787,0.38483879029787554,-0.5669540093614137,1.1485444907355469,0.5444179222800243,-0.0761522182831762,1.0242764900313521,0.6311022649394167,-0.5299169510462403,1.0494435978675427,0.6874867347493991,-0.19972120599004275,0.8511288694110131,0.6186723025849675,-0.5424089862804071,1.027677094396244,0.6813033601993612,-0.18160175631590214,0.8309012725986293,0.2433239373078683,-0.38094971749170065,0.5317992056374,0.428944592496035,-0.112813329578884,0.5220866722183892,0.30279983227144713,-0.2852093255378835,0.5205498691460247,0.36329540329042737,-0.20635814089270282,0.521569818678093,0.1731120153898619,-0.3367965216917578,0.0888910141104291,0.3774047795336627,-0.10322785749259977,0.06690193729692595,0.23228532143357455,-0.3076468879442996,0.07756598612008701,0.3572743389510597,-0.17105527419816496,0.0658854271851464,0.24800120489771027,-0.4771809067184087,0.02310297210273256,0.5299854414341545,-0.1562887092440491,0.013276027804601525,0.3392041641660887,-0.47311800850562763,0.024948818961683796,0.5464717042695889,-0.22506231275255242,0.02274692165434679,0.1616871083812422,-0.26191646681594755,0.032335755935504036,0.30242574249586945,-0.10584397610636974,0.032299665332751845,0.7125153303606382,-0.2889003267619469,1.4062961989638392,0.7528803938959129,-0.26000968700743093,1.6087981799168054,0.6354690282095667,-0.34472819020826434,1.5268504091567037,0.6543748314803328,-0.18796586635604695,1.5080615916546212,0.7187515167843567,-0.31125037541501144,1.465538916272329,0.7216464483931663,-0.24316581205502455,1.454567275844893
212,0.3329975495792962,-0.3717348816236992,0.9906396341417626,0.4502758726012413,-0.17217374302627653,0.9725137752826908,0.213388684383465,-0.22153522939645665,1.032281815059665,0.2734092572852597,-0.1257405495618043,1.0286370637320181,0.4776475744284522,-0.22891313050987563,1.475683482873948,0.47643578597551883,-0.4105002752065488,1.4651721740957404,0.5914992393154971,-0.11407004005426122,1.3736168354617597,0.44728103119620083,-0.6140854471459083,1.194658422184971,0.6212286312421584,-0.06440140536543454,1.0494049092356355,0.3854098295643721,-0.5668393181356709,1.148623107487298,0.5448168551079905,-0.07557899739293694,1.0241438273012848,0.6318306932392379,-0.5291211818797197,1.049346464290951,0.687799404615737,-0.1989122597937523,0.850755129530128,0.6195274505858154,-0.5417257590424165,1.0276866039081762,0.6815546068382189,-0.1808174927401292,0.8305869601600349,0.24372159144261948,-0.3804199776270825,0.5320387457921548,0.4282921992549911,-0.11182517228166994,0.522552449587207,0.30288117387381636,-0.2845547982670178,0.520996937092858,0.36309981362912913,-0.20578343254103482,0.5220258834099466,0.17334355938108148,-0.3357157008617587,0.08943340896632634,0.377204110032415,-0.10229425174096553,0.06735895955268399,0.23247546085782708,-0.3065859971879754,0.07809104857750741,0.3572310976028902,-0.17007932156670932,0.06630577853150345,0.248511550504269,-0.4761556180454252,0.023663687142669768,0.5300900233183419,-0.15518979628161164,0.013903668734274486,0.33978630421874323,-0.4720584716023243,0.025541197426366215,0.5469809978587411,-0.22416290173124878,0.023357367396299428,0.16180712597755711,-0.2607349397358396,0.03282116775000416,0.3022133381110694,-0.10485397414612144,0.03272362065993825,0.7128194298678383,-0.2871425073175483,1.405579588144325,0.7535472861374636,-0.25866165295473187,1.6082122039674505,0.6367756462689681,-0.34392300475377985,1.5263228511309297,0.6543018111075463,-0.18690363211652372,1.5077995271908613,0.7194309879160823,-0.3094354758646129,1.4646920844244817,0.7218598761177988,-0.24145395216492915,1.4538638604768719
213,0.3332701426423967,-0.3718287099497639,0.9908178696908032,0.4499399452293596,-0.17191532109439592,0.9725946081643867,0.2131194101469422,-0.22163130449498153,1.0326306105139844,0.27302462166955455,-0.1258598903895214,1.028977744297241,0.4782194772045919,-0.22856990220654988,1.4756111621702668,0.47762695984012726,-0.41018240148851,1.4653271791064784,0.5918478833909755,-0.1137030356693524,1.373245865338524,0.44863975926036337,-0.6129824822819678,1.1947227567833025,0.6215596751020449,-0.06432848442661121,1.0490874624175512,0.38644411378781185,-0.5663168901137842,1.14875077079446,0.5452705663238032,-0.07559802256314778,1.0238697969168684,0.6331443175963929,-0.5273529730701928,1.049482049226635,0.6884574119005467,-0.19841001564133492,0.8502677066059704,0.6209815270883448,-0.5400817304944533,1.0278901808605942,0.6820350441194879,-0.1802688085602193,0.8301445545817162,0.24403023115665246,-0.380254876090639,0.5322452842339788,0.42778012383309,-0.11096740756386338,0.5228975633152362,0.3029913984655355,-0.2842597259799982,0.521325560177439,0.3628319125578723,-0.20523273151988422,0.5223435689705935,0.17337183252435837,-0.33492701264751434,0.08984028003002065,0.37704509768109284,-0.10160689095186826,0.06769169899468368,0.23252394773075802,-0.3058135358040289,0.07852537834796455,0.35713119126777604,-0.16934608254562672,0.06663677650739307,0.24848568036707497,-0.47535814101554225,0.024065677616177984,0.5302229807705711,-0.15440687588180746,0.014510394339452807,0.3398765523898873,-0.4713097429354779,0.025973565671784167,0.5474473611844273,-0.22362112855068844,0.023972739182005445,0.1618168334100021,-0.2597822485764327,0.03322147418710991,0.3020055562603726,-0.10404258299172303,0.03298178044206886,0.7134192143940399,-0.2852082322987442,1.4048396728715669,0.7542207788726989,-0.2569556966446146,1.6075501530461007,0.6383183376533174,-0.3430133261482641,1.5258242504056165,0.6542670219597697,-0.18586224612411334,1.5074439033751823,0.7203410307128847,-0.30744890144343934,1.4638697594015235,0.7221913358181578,-0.23960406256972164,1.4531085177631684
214,0.3335722409669794,-0.371582908248975,0.9909639018186689,0.45007147510386164,-0.17168146975923204,0.9726661007975377,0.21317770524128443,-0.2214765612057472,1.0329569323411292,0.27318409811309213,-0.12580677049695407,1.0293122588680375,0.47919627745959337,-0.2280027161066192,1.475556776785966,0.479123309061873,-0.40943159959940356,1.465633628830083,0.5926291901136689,-0.1132094348271874,1.3727986327840531,0.4507130838930229,-0.61094191125938,1.1948505284755273,0.6221503329161314,-0.06449110613384715,1.0487555055412816,0.38818765068879385,-0.5648771213814594,1.1488846653222946,0.545859975503004,-0.0757852975137902,1.0235565552461958,0.6352606297449247,-0.5248087726486548,1.0495714441349016,0.6893029793814426,-0.19797354923228294,0.849703005074733,0.623188343359519,-0.5376548958433233,1.028016023264812,0.68266259407252,-0.1797656125058314,0.8296098272003986,0.24428994620399333,-0.3802100169798003,0.5323952753820643,0.4276821942041108,-0.11017314885513001,0.5230734297291465,0.3032226226273299,-0.2841196358215235,0.5214624674725239,0.36272930835420886,-0.20457927155999386,0.5224866988930494,0.1733023764878838,-0.3345969859436281,0.08994500126491345,0.37702029710330454,-0.10111768524843773,0.06771411058915575,0.23249476832633628,-0.3054501009351908,0.07870740449867997,0.3570434771795595,-0.16881105653817577,0.06667983931038432,0.2482071596179065,-0.4750298707827512,0.024125586177370564,0.5303993314554148,-0.15382067980097708,0.01470382075370355,0.3397252531722088,-0.4710679068900486,0.02607553103699188,0.5478164664807006,-0.22323414168552547,0.024173042973965234,0.1617605588089679,-0.25925076359011007,0.0333623257395976,0.30186829293607664,-0.1034427713208248,0.03292744541888562,0.7146708170969989,-0.2833314911761968,1.4042808421102662,0.7553284987821194,-0.2551174562022754,1.6069607236610794,0.6402575001180788,-0.34181242955965857,1.525460055626351,0.65479930673767,-0.18470243058042554,1.5070956987917876,0.7218286647729613,-0.30552493682680054,1.4632893023124882,0.723102267123757,-0.23780239565370587,1.4524869152985116
215,0.33372628304372715,-0.370932495455027,0.9910969661894363,0.450426762673624,-0.17127997096963354,0.9726667873110972,0.21337655026749824,-0.22094675694703442,1.0332024180250596,0.27363158492429585,-0.12540120508970784,1.0295366729768907,0.4802204857371934,-0.22713001823108625,1.4755068589211162,0.48047156868352425,-0.4082425737287853,1.4660267032837035,0.5935211562331898,-0.11245975259624678,1.37231962044037,0.4529305446225424,-0.6086018562080892,1.1951880731597595,0.6226361731170433,-0.06443613245478128,1.048464226813854,0.39013841862308346,-0.5630005476502711,1.149170769750643,0.5461917604852952,-0.07577911456910927,1.023277500785755,0.6375782425316533,-0.5225694084013852,1.0496157445918688,0.6901010036195092,-0.19741058754657811,0.8492577341919636,0.6254980141361809,-0.5355169016964708,1.028059286213017,0.6832185492745918,-0.17912691637720346,0.8291638587528465,0.24444787717993616,-0.3804123355956026,0.532529486006043,0.42788094796454046,-0.10986642979375325,0.5230359655569058,0.3034550844584444,-0.2842738594890138,0.5214415691632206,0.3627605499709338,-0.2042606722794547,0.5224806207076216,0.1730616336379121,-0.3349001174207677,0.08978689397631384,0.3770469524330986,-0.10109230549297167,0.06750603833067045,0.23230745839719633,-0.30567446607186693,0.07869168082844322,0.35689509294344596,-0.16877954396536418,0.06650458524913559,0.24789086565333315,-0.4752158555694548,0.023897702347381797,0.530411912088088,-0.15390436526480056,0.014554424613184628,0.3394544736321934,-0.4713554173579366,0.02587661181045015,0.5477097233406889,-0.22346783119147987,0.02405376040743738,0.1614752272208667,-0.25945023155839403,0.033315560702941976,0.30178257807846587,-0.10329936019534566,0.03266427065817701,0.7160890211100143,-0.2819044121563797,1.4039656989393807,0.7564802864229326,-0.25335487314990435,1.6065103935318508,0.6419446376186869,-0.34039266545776886,1.5252365722351562,0.6556414649000906,-0.18347560455845902,1.5067232776690813,0.7233507718433135,-0.3040450806419597,1.4630150004337918,0.7242292972940713,-0.23637439203131416,1.4520596004167283
216,0.3337983026220868,-0.3710152361737921,0.9911588431926106,0.45081562405428527,-0.17159295413106906,0.9725993661497085,0.21356443837447464,-0.22108376619216757,1.0332788935875352,0.27408479560341314,-0.12566992254295584,1.029593737924577,0.4810670079483694,-0.22711498218668252,1.4754087197508219,0.4814334188590791,-0.40781812766662906,1.466409850142641,0.5942197192252094,-0.11241663122818477,1.3718498895746332,0.45475460434682546,-0.6079928810670998,1.1958510999469238,0.6229452054509605,-0.06454246234382605,1.0482839555611752,0.3917738831903123,-0.562768419159964,1.1497403813883356,0.5462873052640393,-0.07608385601992146,1.023066019437559,0.6395326620732231,-0.522105568609714,1.0499199539137587,0.6905690071893293,-0.19715282186942645,0.8490215597690424,0.6274619506256268,-0.5351346514739124,1.028372787134845,0.6835340552597178,-0.1787689904834617,0.8288930222473162,0.2445423412474127,-0.3814155021107499,0.5325285181479519,0.4283438170811369,-0.11085247321965541,0.522814760914256,0.30363598918499524,-0.2853108289978241,0.5212471909495437,0.36302288603217314,-0.2051371442030229,0.5223662262911325,0.17295411034705652,-0.3362964901662914,0.08940903816496779,0.37735282732505815,-0.10220322297976608,0.06716254459856937,0.23221048828227303,-0.30691555230212414,0.07847432483084175,0.3570396811555467,-0.1698885456248932,0.06619070239270042,0.24804188040744046,-0.47632881369734403,0.023410370925493175,0.5305673949269671,-0.15504226451761194,0.014123914819451484,0.3394522873872163,-0.47235448979372746,0.025443931100761465,0.5476299360301741,-0.22459880544098834,0.0236309144536976,0.16123484814177427,-0.26094556072468245,0.033080340444834204,0.30203201225561727,-0.10442116710024776,0.032318595543282376,0.7173246726882023,-0.28204531238532543,1.4037677109772402,0.7573399555746619,-0.2530842592678784,1.6062362439395184,0.643121218800304,-0.3401470061620524,1.5250151341302947,0.6565088792485422,-0.18345681487967258,1.5063325750504082,0.7245990748922709,-0.3042120299964792,1.4629006069775397,0.7252779066172047,-0.23648990753466048,1.4517584254042182
217,0.3338833605259865,-0.37131813986339307,0.9911226606693766,0.45107592904963817,-0.17196257005922824,0.9724370585577501,0.21356315055246763,-0.22129619168113793,1.0332231727885586,0.2742445508546717,-0.12598544472823026,1.0295165666831154,0.48160276008126934,-0.22757885325693483,1.4751838331304892,0.4820396773632293,-0.40802516867631605,1.4666092069804313,0.5946658184621784,-0.11272208841468609,1.371382908683598,0.4559922788333848,-0.6092969613863847,1.1967841046445111,0.6230887754417535,-0.0644537173088857,1.048110163267174,0.3928149116209021,-0.5643811426987707,1.1505418941624448,0.5461911836715869,-0.07626741637886995,1.022878002004944,0.6408891682177589,-0.5234093457720884,1.050490276246622,0.6907406809879679,-0.19673321392697835,0.8489843768946147,0.6288757079962881,-0.5365057998143984,1.0289766503263393,0.6836178766050172,-0.17829228936221295,0.8288206147788092,0.24456105889306465,-0.3823422638069619,0.5324716884396505,0.4287770869211735,-0.11202122067880638,0.5226756278206386,0.3036868162376254,-0.28627816867339606,0.5210696281398204,0.3633190063252894,-0.20617115834359295,0.5223302790821831,0.17296766298766103,-0.33754435677166655,0.08917455524178877,0.37767127797879746,-0.10335964480013951,0.06701472270699149,0.2322229630013499,-0.30802772436864856,0.07833027168711632,0.3572832983600168,-0.1709959380346737,0.06604743535816024,0.24853493343737781,-0.4772497863788156,0.023082837902698695,0.5307713401806184,-0.156004705312811,0.013774824032988292,0.3397240281635299,-0.4730764638596334,0.025178402989523965,0.5477076558842264,-0.22549347378503337,0.023251599236719364,0.16106116713131585,-0.26231546309810255,0.03290750202121681,0.3023019403694322,-0.10562845353206565,0.032189893523558485,0.7182329267323315,-0.28327841631101625,1.4036491524355728,0.7576575974379021,-0.25388575373648936,1.606206216485549,0.6437211805929692,-0.3408008160226163,1.5247675165969397,0.6571356727670565,-0.1842467244589139,1.5059440056818254,0.7254164413248546,-0.30542398582480645,1.4628912701794978,0.7260578520527948,-0.23760549548353968,1.451595749136275
218,0.33417901471563366,-0.37204241680176336,0.9910595242796586,0.45133496686988156,-0.17263994484696513,0.9722536942463847,0.21359965597918673,-0.22188682111923036,1.03309734588321,0.2743140691895041,-0.12657093579575684,1.0293560728779478,0.4819815516662874,-0.2282617997715643,1.474946811034736,0.4824693002655698,-0.40856767726948284,1.4667468639318388,0.594995204595341,-0.1131870718850116,1.370990404654106,0.4569602252778041,-0.6117478989177587,1.1978876919901347,0.6231780440532307,-0.06427406554398571,1.0479231486107263,0.3936237034478306,-0.5670917916751049,1.1514593738693424,0.5461115933837909,-0.07640211652792216,1.022756507691745,0.6418371284434883,-0.525455922161831,1.0513151798999052,0.6907465266337225,-0.19605976569795053,0.8490031873501452,0.629924826888606,-0.53858683465951,1.0298500083536066,0.6836011512801413,-0.17757233189523744,0.8288206878909181,0.24469811031651212,-0.38328045027482155,0.5323834485790306,0.4293216509904996,-0.11336841185803047,0.5226033610378581,0.3038133581679099,-0.28727117229893556,0.5209447496666124,0.36380429991080504,-0.20736666051344238,0.5223503170656881,0.17318846622357728,-0.3386139506881581,0.0891755647301942,0.37814881584529625,-0.10451645560252562,0.06710643405429043,0.23242429064824624,-0.30901789047246175,0.07835496044844002,0.35778152529040286,-0.17206675041626152,0.06612293344276439,0.2492545632826691,-0.47795376866180556,0.02297858100627398,0.5312091268865353,-0.1567087965710485,0.0136265970390159,0.34022269127417337,-0.47352629930448376,0.025106609095401963,0.548136647144078,-0.2260494147171079,0.023026627697632657,0.16109536355929374,-0.2635274414947757,0.03295068638875578,0.30273449366360305,-0.10686933027335072,0.03232322964043968,0.7188138545248771,-0.28499898567046733,1.4035850493754964,0.757666960667486,-0.2551940484429744,1.606336130347885,0.643975363701045,-0.3418256546504681,1.5245543004349291,0.6576234071567865,-0.1854236394914404,1.5056538058054885,0.7258705813149995,-0.3069939480818051,1.4629323145113642,0.7266013152523404,-0.23911108316292895,1.4515453068913893
219,0.3345812535215682,-0.37288213682525484,0.9910422493368889,0.45164382225634214,-0.17342755442471053,0.9720911216544152,0.2136727920767336,-0.22258804748511868,1.033043781281396,0.2743570064563886,-0.12720876928366137,1.0292139221133954,0.48235274925715804,-0.22859051539916794,1.4748087169020532,0.48285773896185546,-0.4088540959811299,1.4670901992724417,0.5953939486960738,-0.11341427968087256,1.3706907966175539,0.45807930361947546,-0.6141650207817434,1.1991752889345406,0.6234798022526257,-0.0645804152025248,1.047620693414273,0.3947044081701135,-0.5698455861193147,1.1524791342431973,0.5463952001535818,-0.07700667572116689,1.0225819120099326,0.642876680803056,-0.5267906381491717,1.0523014855534365,0.690743337530604,-0.19585603374749327,0.8487788701979406,0.6310808393871286,-0.5398439070549883,1.0308961417765454,0.6836123618780912,-0.17742371550460928,0.8286023717976315,0.24497892851463868,-0.3840052549196041,0.5322898840948683,0.4297740799696839,-0.11436094909855374,0.5226043926380792,0.3040345912857021,-0.2879872930676623,0.5208949220653147,0.36428912234736516,-0.2082909000975064,0.5224102858936711,0.17345571027931111,-0.3393455041686065,0.08941514893884944,0.37841393658243444,-0.10546571809401334,0.06727632315035381,0.2326388990412383,-0.30967296233470487,0.0785401760122957,0.35816637513092386,-0.1728800041996733,0.06625511214911456,0.24996326773929528,-0.47834071993991395,0.023087095153396856,0.5316163099971255,-0.1568835860732381,0.013578068335435945,0.34081516471806494,-0.4737082599313421,0.02518419863725957,0.5486226846174164,-0.22602998552851158,0.022851911565518093,0.16117524149722925,-0.26431642369402125,0.03316982725576086,0.3029111727573299,-0.10787268630159447,0.03251414561386845,0.719097471243709,-0.28646355293885345,1.4036079979147376,0.7574073651748761,-0.2559589054112777,1.6066381993315761,0.644018750457838,-0.34236276793799264,1.5244365476939787,0.6579223529271694,-0.1861310124085723,1.5055198040990598,0.726047664358197,-0.3080399583616021,1.463078303436749,0.7268863758906156,-0.2401236301817918,1.4516448910760855
220,0.33485688184493584,-0.3741142673823397,0.9911201427347787,0.4519357423051105,-0.17461429460752234,0.9719126844623031,0.21369929857044118,-0.22358186951037354,1.0330712461662381,0.27435301812676083,-0.12809904458474608,1.029042642267353,0.48257041514175814,-0.22854657615147145,1.4747280321417497,0.48304864743365183,-0.4088946179121754,1.467709095754256,0.5957307538254302,-0.11337576211875817,1.3703659443991678,0.45947886801055476,-0.6162241277978482,1.2006127272322475,0.6238116319342394,-0.0655620566576607,1.047231502505885,0.39620039574279137,-0.5722139735507871,1.1536028965343768,0.5467289748722532,-0.07839000333646193,1.022337053922719,0.6442502638311088,-0.5275056049341584,1.0536141544257647,0.6907351153664683,-0.19662777736558265,0.8484868121650648,0.6326128028492437,-0.5403742419359955,1.0322648543202353,0.6835764971280613,-0.17830745166048478,0.8283017612886272,0.24531376942523286,-0.38535008765578077,0.5323673694136082,0.43017072109177795,-0.11560949938590166,0.5226382979859961,0.30432944744020535,-0.28928538419185285,0.520936939381237,0.3647382450761956,-0.20951785265543857,0.5224951722159625,0.17359280007154707,-0.34072909786247896,0.08989421433659381,0.3785392084807429,-0.10679384061077889,0.06750734948170155,0.232686381475058,-0.3109369425664067,0.07895665789265487,0.35841243728568895,-0.17408677642385997,0.06644035622085705,0.25039914550484066,-0.4794893686507452,0.023520587803079418,0.5319584553857164,-0.15745957524157378,0.013671183634746616,0.3412152892859448,-0.47468753412322273,0.025530649787222953,0.5489469276970935,-0.22640097363186362,0.022847722067500333,0.16116403315488906,-0.26571255963124524,0.03361471497936373,0.3029216060678902,-0.10921021475693984,0.032746473573458515,0.7189198788136778,-0.28726601829521337,1.4036878571669964,0.7568478950614389,-0.25566777826619097,1.606991021720174,0.6437511231556053,-0.3420948293618389,1.5244539825540706,0.6579200622607486,-0.1860652656258502,1.5054223637620547,0.7258142628144345,-0.3082196657170772,1.4633058217350647,0.7267557173409879,-0.24033296007232674,1.451792395491499
221,0.33452696073821253,-0.37624996089246077,0.991214407355043,0.45199996361032213,-0.17685620772868796,0.9717913451065143,0.21339904940085766,-0.22532906140753386,1.0331194460885649,0.2741604475201259,-0.12990421350166934,1.0289023133932964,0.4822757576848985,-0.22927214849581368,1.474530579338666,0.4827162474168701,-0.4098168005484172,1.4683778198933344,0.5957288535725329,-0.11412519326097058,1.3699188474942463,0.4608063739199777,-0.6188433814993288,1.2019713890538966,0.6237920204004407,-0.0674898639599768,1.0468695961076828,0.39764424761469014,-0.5750284707062199,1.154710016641705,0.5465568528206939,-0.08081072221370242,1.0220809156854076,0.6456485618020978,-0.5290940792092542,1.0553583653923069,0.6904579584210929,-0.19888310853118776,0.8485312144962596,0.6343203539998672,-0.5417206637890697,1.0341228179707378,0.6832102197603368,-0.18065193140440147,0.8282729336963868,0.24527396779826358,-0.38772506217138436,0.5326550861246817,0.4303153411207528,-0.11773617188536487,0.5227912417020842,0.30436064773698107,-0.2917465635113926,0.5210984480249532,0.36481362240081594,-0.21154425963435186,0.5226917297868753,0.17350248458016254,-0.3431850863023935,0.09052658463031729,0.3784595529259699,-0.10884484288437157,0.06789331357150896,0.23250978494739313,-0.3132316201629813,0.07957835543095804,0.35840225091944033,-0.17604880536514117,0.0668021352972795,0.25041839335265226,-0.48192512084121736,0.024300571118446884,0.5321086472714256,-0.15892893154000615,0.014035089496466802,0.3412628588548779,-0.4769072650960584,0.026278797283162323,0.5490693376218067,-0.22765244418911051,0.02315859653842815,0.16100892430297004,-0.2680911430306292,0.03421173401135907,0.30275914555856454,-0.11124960685810492,0.03314458854444845,0.7181136126613316,-0.28830696474511175,1.4038005216242195,0.7557414052083202,-0.2553928397534919,1.6072037948143365,0.642815287663016,-0.3422264884561467,1.5244740805105375,0.6574363692703178,-0.18640025957236286,1.5051844843586797,0.7249553957095215,-0.30869031385015777,1.463531406386122,0.7260499002151163,-0.24082144560786634,1.4518813388087213
222,0.3333304654828251,-0.3780289244618781,0.9913256914653394,0.4515508732850966,-0.17898436524310077,0.9717859743001611,0.2124814980128163,-0.22652913813220774,1.0332353585881737,0.2735085525937817,-0.13137373354466986,1.0288880106997649,0.4811538301403927,-0.23025920607763906,1.4740915600987659,0.4817754234107632,-0.41120451282494064,1.4687206306506546,0.5950079421316091,-0.11484028724754809,1.3692431161436143,0.46187650342973174,-0.6220408340079779,1.2030262149269535,0.6228139314872696,-0.06874851559065524,1.0464685523799542,0.3986323806763589,-0.5782708204566142,1.1556385811492857,0.5452494478417291,-0.0826132776425709,1.0217671279858607,0.6468316856174042,-0.5320287305088355,1.0573014411953823,0.689564038545412,-0.20076112852715705,0.8489933486488873,0.6359258503959486,-0.5444406599139993,1.0362256512839574,0.6821342049377602,-0.1825394108575371,0.8286352411586783,0.24459185622637428,-0.38991495816501537,0.5333674084997128,0.42988239995169497,-0.11979457124814369,0.5232667456802621,0.3038381048154165,-0.2941867226910472,0.5216208704998958,0.36419383552799617,-0.21340325377864272,0.5232262039773412,0.17293460687662818,-0.3454419666319294,0.09164842703597562,0.37776159659233316,-0.11057152459310242,0.06878424446132862,0.23187830151513356,-0.3153642348057291,0.08070627950464657,0.3577185619558495,-0.1777471887990228,0.06773765227786924,0.249755127357631,-0.48433206730756373,0.025736748428519057,0.5314436861519982,-0.16035124823281835,0.015059492139722404,0.34066106124511014,-0.47914585425567474,0.027731571105878886,0.5484425908562941,-0.22893008713882215,0.024229865673943984,0.1604497165960871,-0.27019578563771807,0.03525423285708648,0.3020785398377421,-0.11294535663054042,0.034066663935434234,0.7165798726108276,-0.2890861858376557,1.4038442920708598,0.7538947765914823,-0.2548964051899112,1.6071702843761808,0.6410752665263314,-0.34248807719758256,1.5243696500845285,0.6561924998206259,-0.18667832882029456,1.5046808287656561,0.7233399876685301,-0.3090579256610535,1.4636293775266789,0.7246313815239904,-0.24113224069668604,1.4517951820666348
223,0.33161061595880553,-0.3793336800164759,0.9914735990673642,0.45090316694668486,-0.18097537918189924,0.9719582578013792,0.21136047358866084,-0.2270891382320275,1.0333937199155363,0.27285065565990585,-0.13238870221339852,1.0290123082386555,0.4795719514752282,-0.231653368815652,1.4735667385274076,0.4806085191369294,-0.41306737231755414,1.468791391500384,0.5938468861472719,-0.11564485007827584,1.3685257613641224,0.4631536956885192,-0.6256727013690531,1.203715667913684,0.6210122238808543,-0.06901683906133782,1.046079687763893,0.3995603202226695,-0.5819506871728465,1.156314179058695,0.5429729968047218,-0.0834149444419937,1.0214501290610345,0.6482689961523163,-0.5359457425905785,1.0592822605638799,0.6883016107229254,-0.20163221144651877,0.8497033964145354,0.6378393451416894,-0.5482210857634819,1.0384025706949103,0.680598157506405,-0.183287537955875,0.8292116470640656,0.2435426326879081,-0.39168017324485,0.5342970118142426,0.429255249746884,-0.12205871508818508,0.5238863854955873,0.30306727843565723,-0.2964149120584429,0.5223410369384934,0.3631911679153141,-0.21525988501755763,0.523932358939698,0.17205727681413163,-0.3470720216956056,0.09295317647760858,0.37660402690117606,-0.11186779202286154,0.06992678975063026,0.23099252006577342,-0.316903421780392,0.08200498719184234,0.35648508915235677,-0.17903837932193553,0.06897695712412683,0.24873442870316106,-0.4860387863699828,0.027411309996043236,0.5300535416944372,-0.1615812367454233,0.01642863412419609,0.33962468428666914,-0.48066306125063285,0.029405265221705015,0.547134171723769,-0.23003635364590044,0.025667989152353805,0.1596191600332297,-0.271747028552607,0.03645839609936071,0.30101370036158687,-0.11422104536560995,0.0352854850905939,0.7147200450296207,-0.28970200159939175,1.4036601348010578,0.7519859323584245,-0.2546506248311001,1.6067988207845652,0.6391653836351225,-0.34323109616464,1.5240734721962785,0.6545885334419435,-0.1872962683311958,1.5040402623098312,0.7214583113566688,-0.3094839976370294,1.4634231583878805,0.7228949361281874,-0.24146465414920687,1.4514295202028291
224,0.330138083921399,-0.37988632321913707,0.9916615978259439,0.4504114238615298,-0.18221816431452625,0.972178170823999,0.21045178088698152,-0.22689895672036542,1.0335361201037454,0.2724040328186741,-0.1325726390330044,1.0291250191465444,0.47810857789140854,-0.23248374367745156,1.473180379558931,0.47978636532335706,-0.41438206393221877,1.4689085049616937,0.5927186086921031,-0.11581877242133727,1.3679501102592204,0.4655262568035689,-0.6287169665899391,1.20414513226221,0.6190098890871305,-0.06840674855849382,1.0455928889504886,0.4013727112463237,-0.585293888169138,1.1567517361118795,0.5404724995837953,-0.08323458140064445,1.0210063641570704,0.6509000598506118,-0.5389655041171191,1.0610467587175458,0.6871227366740572,-0.20169865177653823,0.8503423912200502,0.6409103258723527,-0.5512118367985888,1.0403703855565594,0.6790888457131762,-0.18318509496098895,0.8296713296041595,0.24270122215818535,-0.3926470688599531,0.5350370051280331,0.4288502512523632,-0.12391496749525166,0.5244341100488071,0.30250804648604435,-0.2978255881515859,0.5229431838812104,0.36237361925350076,-0.2166390996179602,0.5245259264335496,0.17125961427540237,-0.3474460562155002,0.09399529482624921,0.3754891691482051,-0.11236069050461543,0.07087332911478997,0.23025153235892185,-0.3172731750331618,0.0829815835072192,0.35522068251240335,-0.17947920688417093,0.07002439640337062,0.24779102465051872,-0.486386684548187,0.02866695068945237,0.5285470632301258,-0.16205535525779313,0.01753824898852705,0.33857489023236503,-0.4809070762197599,0.030582377387491498,0.5457280559547343,-0.2303993916815648,0.026826819482782236,0.1588579802660169,-0.2720826822576583,0.03738753096522468,0.29998341365876274,-0.11467557222440586,0.03634462113714748,0.7130473019454112,-0.2896304091350461,1.4032907233972565,0.7506226483856254,-0.2540695025468192,1.606323723992324,0.6377254362520852,-0.3436163841280585,1.5237657473509199,0.6531379207800843,-0.1874737107520736,1.5035275094073182,0.7198499577941941,-0.30927846290123345,1.4630145435794897,0.7213134465051431,-0.24119637452583653,1.450916107535807
225,0.32938451732179563,-0.38041115388048463,0.9918648057677818,0.4502697472557219,-0.18321562145104073,0.9724228180100027,0.2100823488464729,-0.22678639727481115,1.033576356318926,0.2723225055469916,-0.13260740951446748,1.0291184393862323,0.4770950810607003,-0.23277677514250403,1.4729974970623252,0.47948722768328633,-0.4150307245891712,1.4692128932109676,0.5918382054688441,-0.11551831405561318,1.3675456276174183,0.4691479951619091,-0.6310299434324174,1.2045493071024498,0.6169967403094464,-0.06734969394724885,1.0450098590341188,0.40437019979580174,-0.5881510782775126,1.1571263368805667,0.5380530024152362,-0.08245494373300216,1.0204222024145866,0.6548036930226453,-0.5407515338225489,1.0627050523933332,0.6861126636257446,-0.20182638025374994,0.8509135742660925,0.645227318530825,-0.5531330892472079,1.0422217799077005,0.6777273141016249,-0.18308939846208716,0.8299835702487228,0.24239319829427272,-0.3934571810316004,0.5354295143285769,0.429067978874501,-0.12589750926816295,0.5248125239947344,0.3024533138473474,-0.29901868022358324,0.5232538192548022,0.362226079127366,-0.21805921045555354,0.5249125243688517,0.1709463609858764,-0.3472801093893274,0.0945960185360841,0.37513953452110566,-0.11282255419503211,0.07147112306452122,0.23002263929191563,-0.3171555431424903,0.08346871195967329,0.35466971170920303,-0.1798538198240392,0.07066900780937843,0.2472702282642396,-0.4862428989391064,0.029271968640615025,0.5279295658884959,-0.1627255576828094,0.018178690804283873,0.3379014208890618,-0.4806675639785827,0.031116150318774686,0.5451618565008738,-0.23099272298112847,0.027478214587074105,0.1585960993927934,-0.2719912479172333,0.03789987352737702,0.29965865584639256,-0.11508204323795064,0.03704571915329577,0.7118925059151788,-0.2891830259259358,1.4029318320320947,0.7501092472771818,-0.2533210004045724,1.6059356853862972,0.6370211576660046,-0.3436393968026717,1.5236475689034483,0.6522758251654612,-0.18736355691140494,1.503196373327809,0.7188349468941475,-0.30870932816997004,1.4626353715512783,0.720274441511349,-0.24067189448630946,1.4504333311407587
226,0.32932940818832596,-0.38160508517978425,0.9920437582087682,0.4502759218761126,-0.18448965433972664,0.9726453621936034,0.210022961919237,-0.22752936656943318,1.0335786470806285,0.27226720688575207,-0.13329561690072278,1.029046238007513,0.47657902791605855,-0.23289309328699226,1.473019425574761,0.47964757426753507,-0.4151625162332307,1.4698700147276127,0.5912572914890646,-0.11529684893724573,1.367283202349116,0.4735424768662803,-0.6326659565259933,1.2052462463522025,0.6149359740670106,-0.0665779963523054,1.0443555008373455,0.40824329605917936,-0.5905397864017514,1.1577033830118797,0.5356888852438104,-0.08195403422392267,1.0197202765717845,0.6594193027292027,-0.54092672797994,1.064505998018728,0.6852812181673873,-0.2027855948077315,0.8514733765508093,0.6502320065758787,-0.5535863538550132,1.0441921184144032,0.6764412341212219,-0.18377590002299043,0.8302491004498394,0.242530604111803,-0.39446651314795333,0.5354166058913656,0.4295765639759695,-0.12787907479260488,0.5250052422124315,0.30270021912263967,-0.3002107449380874,0.5232705533628819,0.3625747950234203,-0.21964461845645875,0.525083806030225,0.17110338037169348,-0.34705194963832214,0.09477323122129795,0.3753812821409481,-0.11369366581822715,0.0717713957243696,0.23025435633437563,-0.3169905186391133,0.08352560918708996,0.35474054416160883,-0.18061825760999994,0.07094994034782322,0.24721425206198058,-0.48614903784526114,0.029250988572545877,0.528141589640392,-0.16392566266752234,0.018414859279345278,0.3377180684755035,-0.48055052723357206,0.031040688522610164,0.5453856594466372,-0.23223058368908456,0.027695795538251435,0.15878571434878924,-0.2718403070422018,0.038033162507508926,0.2998716936337421,-0.11581380563134154,0.03739354201657806,0.7114306954163803,-0.28892735474973663,1.4027958491387231,0.7502189626066091,-0.2525270628128759,1.60579160301958,0.6369961138646077,-0.3435444481150287,1.523833382202467,0.6519723714622834,-0.1871919514469562,1.503069777599976,0.7185225254915071,-0.30830487872584456,1.462526087744196,0.7198832300161812,-0.2404232657909694,1.4501705605147839
227,0.32970832577039294,-0.38259134742184114,0.9922337844445025,0.45021751036330965,-0.1852250565377861,0.9728083243934709,0.20997535417042257,-0.2282529417113585,1.033624498941403,0.2719705642537972,-0.13389855069318088,1.028951791089721,0.47632925102536666,-0.2319314718388401,1.473159069538998,0.4801436987110137,-0.4139154882797942,1.4707661357745228,0.5906736540175956,-0.11408681177328144,1.367151122740896,0.47833751444300543,-0.6327855838335269,1.2063695326059531,0.6125552324305101,-0.06513389605031011,1.0437626463133016,0.41266599881954297,-0.5915592024766259,1.158624324101623,0.5330981363204855,-0.08090656523031607,1.0190946529991485,0.6642910472076706,-0.5392057722955981,1.0664974557117302,0.6842043933472219,-0.20310662443494526,0.8520368003183517,0.6554273988392144,-0.5522211609127989,1.046288008632963,0.6747514345187868,-0.18384202384418613,0.8305787625935551,0.24283158690849935,-0.39501382860556167,0.5353580865933742,0.4298921567802705,-0.12889583120621145,0.5251351608964651,0.30292509391004163,-0.30072164523234224,0.5232867511520318,0.3629998449524781,-0.2205744528826486,0.5251997768810746,0.17141134492635254,-0.3467609637659417,0.09506334753001273,0.37579427080228095,-0.1146302324465428,0.07208337301165259,0.23057206326277824,-0.31681660728401934,0.08368973151767461,0.3551150607920769,-0.1815004064423336,0.07124898430644072,0.24732884921116063,-0.4860431482385506,0.029289698524055684,0.5287052605939763,-0.16507046619477872,0.01866039602717232,0.33771115245981537,-0.480364391909951,0.03108421898619692,0.5460026811789258,-0.23351837750177562,0.027942091154464353,0.15910962238112447,-0.2715745965603616,0.038288626562428915,0.30026543770677916,-0.11667404938163799,0.03771178673078116,0.7114507634953045,-0.2880768687223403,1.402906059089141,0.750518342777039,-0.25079289123915405,1.6058763624411996,0.6373101263360349,-0.34239603034971644,1.5242527361400868,0.6519325227334726,-0.18594453021790106,1.5030963187790365,0.7186385800647929,-0.3072581079500444,1.4626934688434488,0.7198878717104704,-0.23956949001174266,1.4501423029630391
228,0.32992669870708424,-0.38274793912177896,0.992583521252989,0.45006801883007913,-0.18523352489802888,0.9730201086752347,0.20974768949997857,-0.22813668526363806,1.0338281347132212,0.27152773428810584,-0.13385771803559487,1.028984467391793,0.4762002038833046,-0.22991725005702346,1.473404441182921,0.4808110284633675,-0.4113834602518718,1.4718609005522392,0.5900841604605706,-0.11193588363107755,1.3671786081881612,0.4830150395245753,-0.6313224490126921,1.2079849436576926,0.6098390846687898,-0.06314322450684773,1.0433171980401128,0.4170812470622257,-0.590991917713445,1.1599926627602144,0.5300853179931128,-0.07942583050531186,1.0186832762449258,0.668910387198797,-0.5362197647567302,1.068583878229558,0.6828767091029438,-0.20257991079997428,0.8528272560021468,0.6602850267640324,-0.549647853959446,1.048422325848531,0.6725826472376331,-0.18311734766582663,0.8311749514587955,0.2430316076232264,-0.3949342134357975,0.5354394234409918,0.42981524253292064,-0.12884801042357247,0.5252070078000126,0.3030440777659994,-0.3005366653123112,0.523412907012229,0.36304260526702664,-0.22056937308895058,0.5253116967778283,0.171566600119364,-0.3463504098196106,0.0954922704995216,0.37585578376983025,-0.11513614281608345,0.07240359370868768,0.23073142450956666,-0.3165732609689287,0.08403867556370626,0.35517807800194173,-0.18200846175971763,0.07161615849849008,0.247292783125097,-0.48583943578863353,0.029561435209407152,0.5288458674473571,-0.16566098043436978,0.018965917514113046,0.33759067630749373,-0.4800597595399234,0.03134950205796565,0.5461836427681612,-0.23428816911374484,0.028262587561313595,0.15931982122354138,-0.27107847137166696,0.03873923813619443,0.3003453771099766,-0.11712221418923051,0.038075468306129484,0.7116070919114492,-0.28612269407797547,1.4030928511133074,0.7507258529938007,-0.2477185346173914,1.6059621363924963,0.6376655880663178,-0.3400304201057298,1.524698437608035,0.6519298417075478,-0.1834827054704622,1.503214197092215,0.7188337582089257,-0.3050977443103742,1.4629193133820935,0.7199611416384438,-0.2376537688616187,1.4501853551312245
229,0.3300917308915836,-0.38131542175726985,0.9931192750938029,0.44994997342878107,-0.18380675124817336,0.973198896107031,0.20944636161248079,-0.2265123257316695,1.0340287563584698,0.2710497921942845,-0.13244615840137608,1.0289640012529246,0.4762143047132025,-0.2260165893473071,1.4737508408176647,0.4816713509266054,-0.406884285858293,1.4731301556107208,0.5895389410638082,-0.10795175788676817,1.3672610391482545,0.4875869904231165,-0.6273269118845285,1.209924553744199,0.6069936360143847,-0.060245403785363805,1.0429690571654764,0.4214514144709878,-0.5878459105041146,1.1616704735201517,0.5268710936666835,-0.07711608199034989,1.0183986141967012,0.6731833547538958,-0.530922620006517,1.0702669325211571,0.6816086251984534,-0.2005576751053917,0.8540420859313428,0.6646611195547385,-0.5447694219567429,1.0500818217848749,0.6702542800772635,-0.18105182111511078,0.8321979210235984,0.24325714005539473,-0.39371665607324186,0.5356999724186696,0.4292680676836899,-0.12702325105428344,0.525222700973828,0.30314527156418325,-0.29910717528987335,0.5236333977496247,0.36269813601281753,-0.21893532597262735,0.5253790713235124,0.17145207460641604,-0.345029749201971,0.09597687809292679,0.375446185496104,-0.11399148823711963,0.07268358269828024,0.23064192569051523,-0.3154865163828319,0.08454148556378856,0.3548516757707134,-0.180975433982178,0.07200183460364916,0.24702175097924903,-0.48470448926178333,0.02999322006580706,0.5284116880693499,-0.16436330726813547,0.01929370461397964,0.337415073649348,-0.47891114860780143,0.03173143233805001,0.5459053666387169,-0.2331016955642757,0.028603233787272826,0.15926217907720353,-0.26958019129539795,0.039339362114019984,0.2999969629804929,-0.11601455293510841,0.038424770765544077,0.7117741599470717,-0.28211364784258663,1.403234879163824,0.750950906114725,-0.2426148272402518,1.605916865452098,0.6380792102053454,-0.3355849411037713,1.5251077994693554,0.6520192822624444,-0.1789867157818759,1.5033587030643274,0.7190511604141172,-0.3009295725919019,1.463069550946366,0.7200353948227638,-0.2337673973379281,1.4501897944505833
230,0.33009758745626266,-0.3786648181537897,0.9938204237750186,0.44980725943453603,-0.18126288213876343,0.9733881251560179,0.20908215268037694,-0.22375071827843937,1.034262933980242,0.2705790982821402,-0.12989597900061045,1.0289515353143281,0.47622960613744286,-0.22076292594278518,1.474122635301701,0.48247836872255734,-0.40104478455346926,1.474357403486954,0.5889101055111464,-0.10248301431286912,1.3672686429820868,0.4917737681300074,-0.6216682898956339,1.211918967792467,0.6038937308167759,-0.05643292610386931,1.0425730959440687,0.42548584128344263,-0.5828506827378113,1.163389081942538,0.5233671109325896,-0.07375837195130315,1.018072635103497,0.6767969706249501,-0.5241083924135319,1.0712236117064577,0.6802951887862458,-0.19752350214778017,0.8556505651181012,0.6683117817078416,-0.5383124224157836,1.050966746090763,0.6678329138501901,-0.17812237535997885,0.8335352110447011,0.2434678314894764,-0.3917667394811616,0.5361268734887407,0.4283826695143189,-0.12400382396170904,0.5251917947381871,0.3032675650236282,-0.29692212478177304,0.5239186802808278,0.36201071253533423,-0.2161089719390331,0.5254576816635557,0.17098191970416424,-0.342665356593278,0.09646198815077878,0.3746294208821924,-0.111429344040582,0.07279028137396423,0.23020801286919268,-0.31337297448909573,0.08508588950881342,0.3541395468057615,-0.1785783089884442,0.0722405934600073,0.2462983828966528,-0.48257009462961253,0.030467753523604212,0.5275849282693853,-0.1617042082297791,0.019486185575857042,0.33696835653879564,-0.4769429797075122,0.032123102844565404,0.5452724546549593,-0.23047682194780736,0.028799855428098722,0.15889298562600243,-0.26703047060022383,0.03997628174938684,0.29924925887457804,-0.11351865325865025,0.03860206063027409,0.7117851397147232,-0.2768514625037832,1.4032989101525528,0.7510708753368069,-0.23628116658432183,1.6057422059621695,0.6382454809824792,-0.3297319637239598,1.5254462275728387,0.6521616646145582,-0.17314616982338515,1.5034021413302476,0.7190855811550935,-0.29555608920091875,1.4631255879265481,0.7200376330092424,-0.2286367649736894,1.4501251245702014
231,0.3302203144319196,-0.3758667166670808,0.9944741906177728,0.44950956626969407,-0.1784045664970298,0.9733682222048519,0.20868172257324663,-0.22113327371983674,1.0343212007976936,0.26996923643794907,-0.12729749980208915,1.0286939977852414,0.4760769777514686,-0.2153025214941073,1.4744279077726814,0.4830997389944035,-0.3950292792180492,1.4754444322455555,0.5880135671954027,-0.09657963678706567,1.367144125664928,0.49538186797063827,-0.6158012985594117,1.2138854982188096,0.6005624714252339,-0.0521573448541995,1.0421959384837396,0.42895725286357506,-0.5774691341342449,1.1650572301386681,0.519665277470419,-0.06990865771744015,1.0177312822472813,0.679617456509466,-0.5167927022269595,1.0716918867752514,0.6788811262995007,-0.1941303388912715,0.8574686509002724,0.6711722593474054,-0.5313150510339673,1.0513621007636278,0.6654842769052034,-0.17489632976092617,0.835063899840654,0.24366950412373922,-0.38991801837431544,0.5365543635997284,0.42741806713586716,-0.12094407135458399,0.5250645705404364,0.3033211259344462,-0.2947588094622389,0.5241600854249315,0.3613482274919471,-0.21327698378734156,0.5254353619077042,0.17030784254036713,-0.339659817927705,0.09694796382900163,0.37363605359052793,-0.10838080945062761,0.07282148693482568,0.22950620677507136,-0.31070606786178057,0.08562685634251158,0.35326234059186506,-0.17569815989372736,0.07238835146712971,0.24520183516660624,-0.4797708932603816,0.0309342817061619,0.5265812542170468,-0.1586760559969867,0.01954391798351876,0.33618633328519826,-0.4745831720155834,0.03244958018388044,0.5444295698409461,-0.22744340966267418,0.02888238067713055,0.1583282035575404,-0.2639442631534951,0.04061563634445572,0.2983416605834947,-0.1105163546439564,0.038713251631832736,0.7116865926765394,-0.27189748451296886,1.4032959312564615,0.7511543831896692,-0.23032827242823145,1.6054737054337527,0.6382348421744992,-0.32396112484534906,1.5257593233085243,0.652324926973025,-0.16738415052996236,1.5033412649799784,0.7189985727814511,-0.29059819374932877,1.4631311185483566,0.7199915281539155,-0.2238057274917082,1.4499862869616136
232,0.33055827843214947,-0.3739086397431613,0.9949503429454911,0.4490364734422018,-0.17613066902461139,0.9731767967378261,0.20833292030004982,-0.2197793981905507,1.0342897601729073,0.2692398954203972,-0.1257279763016207,1.0283269193530125,0.4755913306087039,-0.21072409809219111,1.474633765010652,0.4834870311028294,-0.3900543423491303,1.4762851808947457,0.5867358244213634,-0.09136347179207863,1.366968066353057,0.4983690141247267,-0.6110753288363797,1.215784648580927,0.5971852413259736,-0.04846891744023016,1.04193024473644,0.43179883939169367,-0.5731593289256782,1.1667058715005185,0.5160559792040059,-0.06657065796252291,1.0175106617690048,0.6815832065926076,-0.5105028803765785,1.0720192956910808,0.6772700274716521,-0.19167159328328615,0.8591955457770477,0.673235885357494,-0.5253142830812045,1.051666391582347,0.6632800562912615,-0.17263158712388327,0.8365621925238653,0.24382249102958298,-0.3886805063938601,0.5369066848012458,0.42653338705706423,-0.11884014282155173,0.5249668124454743,0.30323923827063803,-0.2932102369163033,0.5243859439963328,0.3608851598617526,-0.21141645135397721,0.5254178508998599,0.16972091690300967,-0.3369207281539952,0.09750058429683536,0.372828472123579,-0.10612406344905226,0.07295945731637815,0.22884769937289215,-0.3083895819965239,0.08622014758593764,0.3525928278199263,-0.17356390927231194,0.07261795070209026,0.24407663202971255,-0.4772785634058091,0.0314178395487285,0.5258422552373798,-0.1565420716079935,0.019618228216747906,0.33529827572832765,-0.4726092534525993,0.032809126956993125,0.5438038514382371,-0.22527807242795844,0.029002458810904,0.15785643956122933,-0.2612380958381794,0.041332688211104036,0.29762929999080173,-0.10829927190231833,0.03894880086581134,0.7113863197522349,-0.26816193537782607,1.4032891616843488,0.7510125643825487,-0.22555592541060193,1.6051731480148015,0.6379527476433559,-0.3192608864946007,1.5260546943312117,0.6522581963692887,-0.16268021076513278,1.5032119989891048,0.7186806216913457,-0.28691174151177046,1.4631294680093059,0.7197541764875388,-0.22010388415135218,1.4498358133967877
233,0.33073171389181816,-0.373277145557238,0.99522010564649,0.4483502864819574,-0.17519656608904952,0.9729409257457636,0.2078529832539703,-0.21982342890286607,1.0342967786036443,0.26836939787501934,-0.12556508613552506,1.0280590504340779,0.4746645187682975,-0.20789398593279046,1.4747225888771163,0.4835132137715984,-0.387043245030091,1.4769789476940005,0.5851141743364047,-0.0878743397640165,1.3668525206875053,0.5005582963965888,-0.6083833665798142,1.2177627392805894,0.5936888166211356,-0.04609686817040534,1.041885104220861,0.43382504164983976,-0.5709099588127109,1.168516892991329,0.512438608453936,-0.06453538631018953,1.017623295265742,0.6825222778414417,-0.5062440219218692,1.072553006823232,0.6750853847930719,-0.19063031515456053,0.8606826260234395,0.6743602493961987,-0.5213603171960138,1.0522693878106317,0.6608144379078612,-0.17170655259881304,0.8379415024171433,0.24367162108190044,-0.3883617660280694,0.5372028754503897,0.4256795024691052,-0.1182315917960136,0.525040374170917,0.30287684017254823,-0.29271220374699136,0.5246646446842105,0.3603928661583926,-0.21095279391742536,0.525523777243339,0.1691378127076966,-0.3350803896176888,0.09819332429947343,0.37218019847221895,-0.10522873850870654,0.07338697525641959,0.228209536898255,-0.3069901875911198,0.0869401382894672,0.35203728991903654,-0.17273211731582586,0.07310653893204827,0.24301252229390835,-0.475799592881993,0.032064563936591045,0.5252847440205471,-0.15588060898955952,0.019899580458194253,0.33438604059018984,-0.47158443595725197,0.03333831381196604,0.5432327289300163,-0.22462134246029258,0.02932741820854661,0.1573420763277034,-0.259468073220077,0.042180436395810206,0.2970320552245551,-0.10739452038364036,0.03950004910437554,0.7108100161875625,-0.26587488954495314,1.4032875780680167,0.7504526487105906,-0.22204004816077566,1.6047830546776143,0.6373307069145765,-0.31616116961571883,1.5262401045784948,0.6517184168768779,-0.15950837952278632,1.5029699674234729,0.7180433881188882,-0.28461979933187725,1.463086042854107,0.7191744019765728,-0.21775697467587538,1.4496425966447284
234,0.33068594016149544,-0.37372913117636525,0.9952666534423985,0.4476613645961668,-0.17557126944956913,0.9727082017815636,0.20738441857185733,-0.22085704658357969,1.0342934746802444,0.26760952866755766,-0.12652076905717657,1.0279036287877148,0.47372287337305596,-0.20678378944185566,1.4747897907626353,0.4834875450819841,-0.3858666555378363,1.4777276560020518,0.5835816959967183,-0.08634554859127525,1.3669516385656917,0.5025984789261995,-0.6070834948313878,1.2198170653202223,0.590500991331466,-0.04527491284642994,1.042115696593498,0.43576463389018827,-0.5702609404692178,1.1704780230983887,0.5092606797695496,-0.063863962370858,1.0181604864404106,0.6831038374972711,-0.5033718636850146,1.0731423681530916,0.6725049044631959,-0.19057133223985318,0.8616104059218828,0.6752242889677031,-0.518792997108187,1.053032872667648,0.6581715044568697,-0.17166631348632944,0.8389063887077954,0.24328318605642787,-0.38877743701042905,0.5373010100556099,0.4249190343171288,-0.11875939207345361,0.5251777663490625,0.30235547518330963,-0.2930688369801866,0.5248433637161666,0.35987787011624833,-0.2115624203751763,0.5256568316822374,0.16854755623307552,-0.3343663448136816,0.09871807319402391,0.37179395301910834,-0.1053459663361205,0.07385774623920391,0.22764263171475102,-0.30665565671805173,0.08748667767027828,0.35169382433465823,-0.17285272340817223,0.07359472712433901,0.2421162318173837,-0.4753922828715851,0.03257682226489939,0.524978013363526,-0.15606114061450663,0.02015554120107334,0.3335771995406359,-0.47152676025101536,0.03373708227305607,0.5428604705770336,-0.22479426170301497,0.02954761707934104,0.1567689511849349,-0.25876145110593907,0.042820512467577995,0.29662171695530914,-0.1075022958257286,0.04009532189842925,0.7103604428249244,-0.2646013015451084,1.4033829152111612,0.7498064311766932,-0.21936426352155095,1.6043737492944807,0.6367784552080837,-0.31439128767108315,1.5263515374812568,0.6509848626858571,-0.15759883173378875,1.5026632939121498,0.7174904737142173,-0.28315932198741006,1.4630713268887594,0.7185920803538042,-0.2163162800756775,1.4494923123658805
235,0.33021332602538367,-0.37482817759111237,0.995282707608214,0.4470130090180159,-0.17689844196387317,0.9727010394473974,0.20696110437499204,-0.22229609560233912,1.0343570483085032,0.26710467961325873,-0.12800454454813065,1.0279482653726868,0.47294788010693534,-0.20728158965706114,1.474918128861281,0.4834771513705692,-0.38624917785187174,1.4785962238090051,0.5822758593579359,-0.08664363988119721,1.3672328072755089,0.5048769235376049,-0.6068612266585124,1.221859782967361,0.5881363408541092,-0.04601607064318158,1.0425084087620708,0.4381169842769467,-0.5709906375089238,1.1724805258054194,0.5069671892952095,-0.06446784592926273,1.0188925868548764,0.6837251707819925,-0.5014968232856174,1.07354066332765,0.6700569126698304,-0.19154575876433805,0.8619397307821234,0.6762896117051007,-0.5172079847591877,1.05373087089683,0.6558452009245567,-0.1726125737868374,0.8393501367184343,0.24286315888127785,-0.38973858848464776,0.5372156314425114,0.4243583056362449,-0.11996415268159902,0.5253226457235449,0.3019600633075329,-0.2941137504312116,0.5248823143348182,0.35935249034615374,-0.21272814485383568,0.5258076063767485,0.16816389437165208,-0.3348364680804323,0.09888503935787374,0.37159630651914444,-0.10590947411894064,0.07410237410067,0.22732434031958304,-0.30730504019766985,0.08764797318856854,0.3514425295890756,-0.17339503756846786,0.0738032321126314,0.24153859634013394,-0.4759795997461599,0.032662488315631476,0.5246754913868961,-0.1565285074633287,0.020093278623739774,0.33297527192551646,-0.47228944980698284,0.03369180054289779,0.5423670400924818,-0.2251699024638873,0.029366348771220494,0.15639852816135696,-0.2591630594015783,0.04302803054100279,0.29636258180878705,-0.10804359772715245,0.040448109536611515,0.709933903658773,-0.2642401829070975,1.403498859699658,0.7492012214686273,-0.21735821685691645,1.603921953032994,0.6363023086788068,-0.31373606319022973,1.5264504428450603,0.650267849538088,-0.15683518722545758,1.5022808629768043,0.7169549803828122,-0.2823724966519081,1.4630574783749146,0.7180133728030724,-0.2156777024661167,1.449311464975865
236,0.32960989940054297,-0.37584459279849236,0.9953237809065479,0.4464580368931459,-0.1783367792936248,0.9727936640329771,0.20665876771726513,-0.223584201368167,1.0342981345820055,0.26680537244647984,-0.12935002922658767,1.0279148978307415,0.47236566191212936,-0.20818458196356637,1.4750726058692376,0.48360376586405207,-0.3868829410943076,1.4796571507615213,0.5811068901240944,-0.08739329639936572,1.3675130873784629,0.5076351898250843,-0.6066424509691435,1.2238727890623375,0.5865835153399562,-0.04708539711325841,1.0430254400267274,0.4411006293428033,-0.5720071041537027,1.1744586912784423,0.505511167909942,-0.06540978269952864,1.0196477464298974,0.6847274853488767,-0.4992840265199246,1.0737138590922324,0.6680438941327732,-0.19196034826784583,0.8617199312211257,0.677820808088288,-0.5152739304521483,1.0542700510591456,0.6540288759411433,-0.17298996606511746,0.8393381975068455,0.2427295007108605,-0.3905946419448744,0.5369724901600068,0.4240731419140743,-0.12113029933900933,0.525414803849681,0.30186939299882154,-0.2950670667926124,0.5247633648021434,0.35906171970529077,-0.21382070279696988,0.5258933466584456,0.1680690637482885,-0.3354011740304238,0.09878941213017406,0.3714499962010449,-0.10612274624621826,0.07422334437244094,0.2272665598745337,-0.30789301681676107,0.08754230252536316,0.3512370428026182,-0.1735749070794411,0.07381670610361249,0.2413226224776446,-0.4763741814381197,0.03232464884142651,0.5241638594209439,-0.15632940851174482,0.01982320482969441,0.33265742400260695,-0.47274573516896895,0.03318289734676107,0.5416925716721118,-0.22485015806665887,0.028920976300065068,0.156276824847795,-0.2596313256163819,0.0429841521124503,0.29619279703984885,-0.10823101640680192,0.04065789346826951,0.7095793287876667,-0.2640750550061076,1.4035224871838308,0.7489146945404355,-0.21561664251922988,1.6033703601175107,0.6360840549407882,-0.3133590260441178,1.5265861814110764,0.6497715679876466,-0.15642926107081004,1.5017745124742268,0.7165963474282004,-0.28173268342931196,1.4629793063882124,0.7175558130688131,-0.2152222529196769,1.448991638030516
237,0.3290112069984551,-0.3763031543264454,0.9955425206882452,0.4458709046886868,-0.1791120848834494,0.9730665264016037,0.20630115703221372,-0.2243241905655569,1.0343575814633632,0.2663904185411213,-0.13002282098122703,1.0279822734799455,0.4717646767413518,-0.20843766669925234,1.4752603503930182,0.48375868355368473,-0.38682949200335265,1.4807557684215866,0.5798552482226014,-0.08735073319987326,1.3676338558847376,0.5106762154542445,-0.6055841368817427,1.2256521282763422,0.5854086314762287,-0.04754646563622065,1.0433693310552803,0.4444231204450679,-0.5722274112756459,1.1762309634001444,0.5044346654939018,-0.06589298679206247,1.0201560857386538,0.6860391823569444,-0.4959874601165337,1.0737958741767595,0.6663193586873428,-0.1913234337606648,0.8611660478212173,0.6796769396115462,-0.512180915251351,1.0547017004654589,0.6524968908831775,-0.17236234792169025,0.8389771053699087,0.2429297629583808,-0.39100068636428914,0.5368550338617261,0.42385552140992905,-0.12165699513959267,0.5256309024180423,0.3020022467364809,-0.29546853385192773,0.5247300786689433,0.35888196136179173,-0.21437157267936122,0.5261236948058051,0.1682093211732043,-0.3356612706994913,0.09872621935006134,0.3711979692389781,-0.10581175435835577,0.07442954492003068,0.2273882347999598,-0.3080280197337121,0.08748898753879927,0.3509981706352054,-0.173271953310377,0.07386216905121391,0.24157240544556433,-0.4762490888467634,0.03190335442058348,0.5234816917158303,-0.15565517229036288,0.019633260791324113,0.33277252007666924,-0.47255063130779884,0.0326055551290507,0.5409520575562266,-0.22413086724035708,0.028554486032717204,0.1562902005161717,-0.25985719337175933,0.043003235144696915,0.2959641876730672,-0.10794332727900528,0.04090162537769976,0.7091166397040309,-0.26331783555465577,1.4035055782597754,0.7486900221197281,-0.213300428899156,1.6030053396754496,0.6358549998612446,-0.3123073153993421,1.5268374328277998,0.6492685144663456,-0.15537601314578864,1.5012883796001397,0.7162177517030884,-0.28054442625813586,1.462943289218169,0.7170536307866632,-0.2141770744777634,1.4486841631477958
238,0.3284985476802228,-0.3763297993567988,0.9958704914978317,0.44521506048013526,-0.17929289586629055,0.9733857476063646,0.20575770435325458,-0.22457581645647956,1.0344140243483704,0.26571239724676277,-0.1301205668028201,1.0280074530627867,0.47093235270947603,-0.20775027469428778,1.4753331161292604,0.48372746612689577,-0.3858856943026502,1.481740820956697,0.5783735370903081,-0.08625941910913654,1.3675675532451048,0.5137044826235128,-0.6035121339510717,1.2270212100296385,0.5839321552798223,-0.04659773669279858,1.0434870890366958,0.4476829063331886,-0.571280126282367,1.1776112043312719,0.5030685275753847,-0.06524315608665887,1.020462621908509,0.6875608603371738,-0.49152590981417815,1.073816218138461,0.6642802419534392,-0.1889453979256049,0.860628215433011,0.6817092750823772,-0.5078183739581912,1.0549757275900453,0.6506194363691928,-0.17003205952689343,0.8385568959129462,0.24333341044136658,-0.39109773961859035,0.5368269120198391,0.4237178659469538,-0.1217567093326449,0.5259410963976728,0.3022364455147568,-0.2954470517260395,0.524756730316996,0.3587946583167892,-0.2146315281615573,0.5264447865810399,0.16851553300080782,-0.3355951251930453,0.09872760925700637,0.3710664276181508,-0.10554703736528775,0.07478921225905266,0.22760507105650316,-0.30778611202744216,0.08753001939383466,0.3509037654253693,-0.17300335864796124,0.0740624700254299,0.24219672185516067,-0.47566193537360885,0.03160700781472848,0.522967569155814,-0.15528316940385115,0.019722408155262112,0.33321943271599547,-0.4717270668417391,0.03226329605453823,0.540425118394455,-0.22383336949149604,0.02854034388307376,0.15639684493503073,-0.25989031201660534,0.04312739961328559,0.29586235360216134,-0.10770269976453849,0.04125223024506709,0.7083460674315016,-0.2617358897756553,1.4033397261798495,0.7483495688563706,-0.2104540771457002,1.6026168100691027,0.6354427402829661,-0.3105504985658134,1.5269876308825832,0.6485299513668183,-0.1536020544530517,1.5007647534619863,0.7155975536231666,-0.27865521706534235,1.4627667147409609,0.7163026338169599,-0.21241411833194834,1.4482613845634196
239,0.3283703157081136,-0.37637143688354696,0.9962455059121047,0.44455355031331184,-0.17916843920898165,0.9736983219828247,0.20522048552060804,-0.22498893620012586,1.0344608664736419,0.26487883090091385,-0.13026087327652525,1.0280041128998998,0.4700779028802329,-0.2066865021442223,1.4753381771669385,0.4836545547130446,-0.384683052134461,1.4824477991970642,0.576836101589023,-0.08469891527653747,1.3674029786571396,0.5167459259429557,-0.6010064047943232,1.2279015263574211,0.5823552450907752,-0.04477484290709643,1.043259242062545,0.4508589342248819,-0.5697025616305283,1.1785301131138812,0.5016709960537483,-0.0637752680415496,1.0204267233819804,0.6894639504826776,-0.48674744522238633,1.0737060490278443,0.6623727760422767,-0.18590460715832482,0.8601063126975335,0.6840303299473864,-0.5030618768082189,1.0549970479376727,0.6488268634435147,-0.1670907086765407,0.8380343455647633,0.24386308564997136,-0.3913892762617376,0.5368779241360722,0.42375259021916717,-0.12210288354799644,0.5262735254175608,0.3025052554546382,-0.2955578999004487,0.5248448314129064,0.35891948044900956,-0.21521144015602986,0.5268037448124039,0.1689602489107878,-0.33567512226857704,0.09873689891819008,0.37110568355913837,-0.1058873251059207,0.07518333842479784,0.2279174645693955,-0.3077158894591423,0.08758104526420384,0.35100166366538144,-0.17330736451380663,0.07433929538292708,0.24306954925062849,-0.4751821870238627,0.03152550189484037,0.5227820510059574,-0.15567236039505736,0.02000563948430395,0.3338936736061107,-0.47086460006140746,0.0322794487037582,0.5402816123565168,-0.22430352447187088,0.028783925458466513,0.15663243740469485,-0.2601751723614842,0.04320031218442985,0.2959166885744602,-0.10810769454806843,0.04160944195169412,0.7074208253330192,-0.25988820778219246,1.4029852467199322,0.7481037207221879,-0.2077927864513719,1.602148243952005,0.635045041152685,-0.308708722675849,1.5269650856815047,0.6477335592371256,-0.15173251171270535,1.5002850948420408,0.7148827149219456,-0.2766052308648376,1.4623937675244825,0.7154432716754175,-0.2104840837836468,1.4477340826797358
240,0.32862927260645913,-0.3765605276487635,0.996534239921665,0.443972201698432,-0.17885776673360992,0.9738840540543163,0.20474209827264298,-0.2256732340093759,1.0344194725442721,0.26399734574188616,-0.130559377117441,1.0278868953798201,0.4692840105623203,-0.20542949865694293,1.4752814206224443,0.4836088218022066,-0.3834000701204255,1.4829592255359958,0.5753472138810425,-0.08290186295668912,1.3672139474100113,0.5197510270990622,-0.5983065666781212,1.2285187704639866,0.5809257617339514,-0.04252873546010655,1.0428934100680973,0.45398950650321473,-0.5678189547412256,1.1791931130940947,0.5005259543143938,-0.06187325904441108,1.0201622997542417,0.6915768976836547,-0.4821344904941368,1.073486401439857,0.6610004090858967,-0.18320319578631777,0.8599468904920771,0.6864561638436802,-0.49843630984209886,1.0548382362949134,0.6475224346929184,-0.16454526293117244,0.8377628130576682,0.24442261852195246,-0.39207361928127676,0.5369912284702218,0.4239043621185715,-0.12273732166311649,0.5265276903946086,0.3027741374380126,-0.2960566749016332,0.5249537551491472,0.35922210492483314,-0.21610063963960008,0.5270926048736797,0.1693261251526153,-0.3358401802193046,0.09887106546145222,0.3711817292750615,-0.1065183454943758,0.07556942013332175,0.22819953577867563,-0.30780621389276336,0.08773050306776863,0.3511752984727372,-0.173923970745269,0.074685722595875,0.2437457858721242,-0.47495574641303434,0.03170498853496753,0.5227559451685918,-0.156265601058688,0.020418531252250724,0.3344090222612625,-0.47011920142346786,0.03261527195982927,0.5403200219799824,-0.22490410436371508,0.02918746164031684,0.1568938169891298,-0.26052852090782347,0.04336031760715481,0.2960050178241706,-0.10888023852832934,0.04198592839274687,0.7063936671433881,-0.25786243112164914,1.4024962568746038,0.7479062436138862,-0.20538776431528635,1.6015449782782618,0.6346878978436249,-0.30686938234532496,1.5267869772781841,0.6469104216646961,-0.1498540684752783,1.4998195968228278,0.7140923231196193,-0.27447335148758856,1.4618741208267045,0.714506604040996,-0.20848665054029816,1.447108713070032
241,0.3290139024411064,-0.37669318924327144,0.9966842782340993,0.4433428090352426,-0.17839683636254586,0.9738332325803789,0.20423214942448278,-0.2265288702941413,1.0342733849490457,0.2630148937560482,-0.1310327536987555,1.0276247893458454,0.4685410309601594,-0.20404821957559785,1.4751315919355856,0.48356450945235574,-0.3820242412719838,1.4833936088206217,0.5739548511880306,-0.08104120071562544,1.367025509465961,0.5225139557083396,-0.5958656938793316,1.2292413170696463,0.5797884915865248,-0.040427860964683905,1.0424801637513161,0.4569519853755756,-0.5661311230085776,1.1799127146323487,0.49974313137781495,-0.06005220829048504,1.01974452223073,0.6934922510594729,-0.47825941309653003,1.0732653775115817,0.6602163397765921,-0.1811584666475381,0.85989909406778,0.6886234845462994,-0.4945796514850049,1.05471899775757,0.6467860522501231,-0.16264092852143996,0.8375984913916481,0.24471056293917862,-0.3926969553813082,0.5370757399465811,0.42381252384473234,-0.12339164468611323,0.5266413377403094,0.3027171955810319,-0.29651805263848413,0.5250675590162253,0.35936945281186783,-0.2170024741583165,0.5272719654093357,0.16943177331353831,-0.33565338096902686,0.09907689894426117,0.37110300240411503,-0.10735980977658921,0.07591690852825259,0.22829184510995104,-0.30768965041922913,0.08797019705357359,0.35122106185771856,-0.17478579074769124,0.0750700587103096,0.2440032563336711,-0.47458487331780175,0.03207042034101163,0.52266808953116,-0.15703920954229666,0.020949680846059797,0.33462956309096564,-0.4693703354747897,0.033171154144508525,0.5403398357334288,-0.22576015165813693,0.029772284579947274,0.15698496880625307,-0.2604072405688091,0.04359543641735205,0.29594541886254333,-0.10988592628703081,0.04234459433577226,0.7054915476533625,-0.25617243505946813,1.402028399368016,0.7477072110538466,-0.2034846884830483,1.600803760805788,0.6343594517001938,-0.30528787245794364,1.5265301921503096,0.6461346888562068,-0.14814789341627282,1.4992721794323411,0.7133608029410985,-0.27269191460663506,1.4613681084768175,0.7136318792066825,-0.20678847009093074,1.4464690877835111
242,0.32897544024619296,-0.3772823586690127,0.9967463446045949,0.44251039530930947,-0.17847800416800416,0.97366482282113,0.2035083275075118,-0.2277914877464757,1.0341310678822209,0.261874270373889,-0.13195746651706444,1.027333015874783,0.46764411659069943,-0.20339040666548805,1.4749186589079057,0.48316378972302815,-0.38136369909862655,1.4837869159030472,0.5725922498427475,-0.07993470932872712,1.3667371759897093,0.5243040723335792,-0.5946972741962726,1.230195332094121,0.5789455953418936,-0.039967281365071425,1.04199286643878,0.459035507788054,-0.5655528268895819,1.1808254527992301,0.49922751124279674,-0.059837724679786895,1.0191940415710654,0.6944737660619557,-0.4763261401876323,1.0732491470879653,0.6598067489025617,-0.1813110712576248,0.8598365766277211,0.6898605277479735,-0.49268601978274773,1.0548932580941914,0.6464212969932982,-0.1629727672051813,0.837433799704502,0.24457451225034754,-0.39374121085661984,0.5371450889787093,0.42321792247490214,-0.12444378011165777,0.5266431685867928,0.30223142638401507,-0.2974436306000402,0.5252050001660182,0.35900165123665706,-0.21823100026368897,0.52738106460721,0.1693754859105108,-0.33608467818597304,0.09921893232855192,0.3707355489990983,-0.10867438754730774,0.076161363065597,0.2282416759864753,-0.3082488114239605,0.08819998992576031,0.35094554721858096,-0.1761701590775895,0.0753906595429289,0.24397579702394395,-0.4749493273877584,0.032411249509699175,0.5223099226752372,-0.1584440341822689,0.02147533425958303,0.3345972246694961,-0.4695668647130662,0.03367869044591172,0.5400563473294512,-0.22728385740212642,0.0303631022333312,0.15697502352411738,-0.2608674961509415,0.04376691267249858,0.2956202726717623,-0.11133568628406099,0.04256930061088439,0.7046124484937378,-0.25570816529396834,1.4017964583613844,0.7471216314877915,-0.20256863402327974,1.6002651578464444,0.633769657849856,-0.30470476108677563,1.5263338361961591,0.6451704670587066,-0.1473893067199126,1.49878076407177,0.7125426765352948,-0.2720695315037487,1.4611322656972159,0.7126689928335564,-0.20617746086063654,1.446062386995299
243,0.3285333644923569,-0.37849486721299064,0.99666028120722,0.441418113477806,-0.17936558444634865,0.9733306927112607,0.2026182358745702,-0.22955275462312993,1.0338996689678313,0.2605917883618446,-0.13351076993011177,1.0269345721903131,0.4665200701208556,-0.20357286194757718,1.474606004255573,0.48231783700208364,-0.38161383712905694,1.4841117387554728,0.5711986178706769,-0.07976233969128066,1.3663549965261823,0.5251686021577223,-0.5949682534298173,1.231229829089666,0.578262719024426,-0.041069291092014695,1.0414274367852618,0.46023036395775585,-0.566274344155448,1.1817775239633996,0.4987300893713251,-0.061202534438381896,1.0185615002854023,0.694439070716744,-0.47625421060921236,1.073322915263367,0.6596345862606956,-0.18322137971465405,0.8596746407900434,0.6901298382292487,-0.49269171296499675,1.055222903952647,0.646265769413588,-0.16508872874405184,0.8372014031848639,0.2441981405377831,-0.3950777539622793,0.5369809793517847,0.4222031381432866,-0.12592343237825346,0.5265217538178975,0.30148821817979143,-0.29870817719848636,0.5252198885297228,0.35825505584258466,-0.21992124484469486,0.5273530263145221,0.1693957169463891,-0.3369253997075717,0.09906106010577674,0.37029755898114836,-0.11063616185439255,0.07620538274798312,0.22826583262963246,-0.30924518179477006,0.08818227575816633,0.35054180844537275,-0.17819967156604838,0.07550611457044207,0.24402157994377352,-0.47584023189620134,0.03239654829147369,0.5218669192595183,-0.1606954618764955,0.021808589829645893,0.33470622973437075,-0.47048515771449295,0.03380053361085043,0.5396152463538982,-0.22978662930141927,0.030788033922893025,0.15703964846563595,-0.26172303150110343,0.04366430513699361,0.295204738687459,-0.11329394843646066,0.0425406957665233,0.703596754795739,-0.2566012103513223,1.4016724660037707,0.7461974940021562,-0.20257567180433167,1.599730151365881,0.632850319657089,-0.30515177805497345,1.526160161767391,0.6440072633041722,-0.14769259198719786,1.4982190865589602,0.7115157263753912,-0.272658028631438,1.4610169901430528,0.711552308847319,-0.20673888691003506,1.445741684694445
244,0.32760246399792164,-0.3802855210206495,0.9965874335771975,0.4400731700158488,-0.18100839817335818,0.9730604006148489,0.20148368193273453,-0.23165545803888946,1.0337564385933886,0.25916661592609475,-0.13556452729560195,1.0266404386961117,0.46518068636824117,-0.20453777404255583,1.474287399475008,0.48104308952425434,-0.382717618983621,1.484327479992603,0.5697114613837734,-0.08046352312685844,1.3659503073270036,0.5252413829640407,-0.596112321449431,1.2321960430838357,0.5775872083521391,-0.043400145443803564,1.0408483904188546,0.46054051643349103,-0.5676713925929301,1.1826697357120581,0.4980670653729584,-0.06381780655059772,1.0179337970759532,0.6935466941581906,-0.4775070594218897,1.0733652159447709,0.6594829942991857,-0.18593739425253633,0.8592045887854036,0.6895545072456959,-0.4940177861561881,1.0555275534264577,0.6460606262795119,-0.16803367216461407,0.8367157208371307,0.2435090118341943,-0.396864417306233,0.5367497740666922,0.4209416980622163,-0.12793311035020402,0.5264278338094682,0.3005043591327123,-0.30051358442439036,0.5252171197682661,0.35723323462853673,-0.2221239686292414,0.5273186397614993,0.16938155027278082,-0.3382982641771514,0.09871038650967337,0.3698400062082512,-0.11334295791121804,0.07604717172713216,0.22818699129213837,-0.3107046497140318,0.08791759490471276,0.35012886653921216,-0.180973828634006,0.07540884043829645,0.24393100983239055,-0.4774173205722143,0.032205505555688296,0.5214977324942688,-0.1636163761800227,0.022014386018192965,0.33473482533315624,-0.4721649767959912,0.03375672388321201,0.5392865159672168,-0.23294336506620308,0.031076369956755476,0.15706814846038478,-0.26308135776319364,0.04323881449757287,0.2947636817107267,-0.11594662750714807,0.04223994825656947,0.7024059839068797,-0.25840729881029595,1.4016069054862998,0.7450161149185366,-0.20314660786571107,1.5993348136487733,0.6316156395234116,-0.30631644581219697,1.526100767563581,0.642704100040956,-0.148753197660517,1.4977085367894465,0.7102844151939974,-0.27410042372378146,1.4610042587119692,0.7103209183097746,-0.20811771280617825,1.4455335517146357
245,0.326437333250916,-0.38195048253364766,0.9965826278099724,0.4387827416482107,-0.18272248898260818,0.9728908772657563,0.20024803444081568,-0.2334142834905777,1.0336764806297503,0.2577829349067257,-0.13734419176357568,1.026451745394443,0.4639606817313897,-0.2053911397457324,1.474047839988206,0.4798373398871832,-0.38371446064210485,1.484577626026418,0.5683539431538264,-0.0812182687607519,1.3656484647521625,0.5254031148773481,-0.5969455829993061,1.233195616028546,0.5769218074881524,-0.04526921426641518,1.0404730132272586,0.4607489394320786,-0.568753831291692,1.1836014473151493,0.49729708451427557,-0.06596265066275667,1.0175129685533988,0.6926476060165143,-0.47827263502868783,1.0733837295392634,0.6591399459524435,-0.1875523960620506,0.8587400186779759,0.688995619226693,-0.49481659891977225,1.0557878961512774,0.6456393247446818,-0.16977989769415613,0.8362669752555748,0.24277487895103508,-0.39867119870950385,0.5365902882028639,0.4197830125656239,-0.12961582463155671,0.5264046405586917,0.2996565658676231,-0.30240208419615094,0.5251943171293963,0.3562843381441732,-0.22403171101009217,0.5273026296365851,0.169253998415368,-0.33967641849893837,0.098400791248202,0.3695028893197462,-0.11584400064310457,0.07578687409837663,0.22802157718165028,-0.3121421312526041,0.08763190710624517,0.34985231524105315,-0.18350036347569837,0.07523192462417296,0.2436039604610367,-0.4791915681719546,0.032049058710989876,0.521423140449167,-0.16618410961751612,0.022185267674929662,0.33461733789586245,-0.4741032375311929,0.03372842378558891,0.5393235066122901,-0.2356660815886354,0.03134180384124232,0.1570443946200162,-0.2644272402333205,0.042789845032100184,0.2944120418307332,-0.11837731057777662,0.04182899515898829,0.7014023309682158,-0.25976299481534104,1.4017158856938337,0.7438328108786042,-0.20328039903161052,1.5992536419853436,0.6304869583385089,-0.3071490703357656,1.5261883709069188,0.6414676673685971,-0.14948953628919476,1.497369268974524,0.7092371796024353,-0.2751291746272597,1.4611765282927232,0.7092607902446968,-0.20907291834601932,1.4455375893492535
246,0.32546721229792186,-0.3834070644173499,0.996722695558343,0.4377634614006949,-0.18422605145327925,0.9728090399689574,0.19923304353512644,-0.2348841752284207,1.0336885051254343,0.2566786248817502,-0.13884007357348066,1.0263536334488255,0.46302990703058156,-0.2060026597793841,1.4739271246244179,0.4789574764378706,-0.3844199357295347,1.4849219062633825,0.5673625679734567,-0.08200298406340213,1.3655236254272067,0.5261541981394399,-0.5972977486667268,1.2344078545974022,0.5767693808957018,-0.046595060160662234,1.0402523316869963,0.4614733416224168,-0.5694500741223276,1.1847690735202185,0.4970728959862667,-0.06748837751790608,1.0172218978847696,0.6921074551401074,-0.4781633806042995,1.0733922073687374,0.6588953430609478,-0.18788335372337056,0.8581277774858541,0.6888090230695125,-0.494718466028271,1.0560720431529207,0.6454044968880586,-0.17010743522826083,0.8357505436788399,0.24225637940339867,-0.4004317159554138,0.5366550032620295,0.4189723022244418,-0.13087443942705346,0.5264928189321539,0.299086495870652,-0.30420360171280536,0.5252782922133669,0.35570971061372225,-0.22556381795585412,0.5273674298496619,0.1692108826852445,-0.3413640648538628,0.09832433413237304,0.3694220196175663,-0.11810209270024535,0.07563971321283981,0.22794175162165978,-0.3138407620838371,0.08757258413465359,0.3498821480481985,-0.1857730725135677,0.07518301306444271,0.24341064101408214,-0.48123470552288633,0.032158598535576795,0.5218080829266432,-0.1683187686280227,0.022498511566246212,0.33465778435292115,-0.4762888065364315,0.03395023211341806,0.539913917730286,-0.23777652809555874,0.03177162587741965,0.15708457223770556,-0.2660959486795422,0.04259139302956998,0.29429101822241444,-0.12068847046992066,0.04157485181230906,0.7006921094179668,-0.26046521442597065,1.4018803662934858,0.7427699548601393,-0.2031353983674175,1.5993464776418302,0.6296083489475104,-0.3077308954391725,1.5263027752257432,0.640457242729368,-0.1498151318748061,1.4972126435703688,0.7084894868149532,-0.2756930698148498,1.4613746367309002,0.708466532033577,-0.2095010883318382,1.4456437839574465
247,0.3247566175457358,-0.3841448844099571,0.9968695092012811,0.43702275166626614,-0.18490896217377875,0.9727241909035698,0.19847435709132516,-0.2355477637241215,1.0336715261362668,0.25585134152345546,-0.1394300629882827,1.0262163552464192,0.46227565256497916,-0.20582179408611062,1.4738612414408219,0.47824798858132744,-0.38423505510281986,1.4853332423603125,0.5666173529574595,-0.08208282994784041,1.3654432681227378,0.5272780038041684,-0.5971177077737644,1.2359443397432008,0.5770544293062081,-0.04727555072798502,1.0401390754993831,0.4626808772644486,-0.5696527092744417,1.1862875609995642,0.49747979370458106,-0.06832885072545308,1.017033447981505,0.6917110398843844,-0.4776813450139376,1.0734436381398724,0.658645094245836,-0.18750535546645294,0.8575200414126771,0.688747466562492,-0.494253141733586,1.0564440534478436,0.6452657032540359,-0.1697056998576459,0.8352727637951866,0.24206636605048237,-0.40157493071844286,0.5369235559664088,0.4185439625480341,-0.13129682740657092,0.5266526551744696,0.2988645391373733,-0.3053463278858367,0.5254449119280622,0.3555373975478846,-0.22628274898146486,0.5274727840423517,0.16923181929287862,-0.3425950270947443,0.09851626251514076,0.3694017396058516,-0.11912498213618006,0.07573550204337388,0.22795307763689748,-0.31511562923156505,0.08781635851719641,0.34999968534582926,-0.18680926101662707,0.07535864609158575,0.24337632956761715,-0.4826064082785111,0.0324319304180678,0.5222073879795106,-0.16912779694585067,0.022930180090056814,0.33474281093893254,-0.4777015746498587,0.03427490350462146,0.5405136660815616,-0.23841391699931658,0.03229911457821691,0.15716469529519794,-0.2673891853572473,0.04278690590604334,0.29426605448367604,-0.12182138793119125,0.041645004411281106,0.700176651763807,-0.25995754202630356,1.4020312953708531,0.7417537029185223,-0.20240471531146853,1.5996014334851796,0.6289662294698766,-0.30754668045708883,1.5263213736082275,0.6394679578862829,-0.1491905892159249,1.497228332036851,0.7079697288342184,-0.27521040393816676,1.4615221855773568,0.7077773673771073,-0.20880252121751625,1.445790266309399
248,0.32443500230464317,-0.3840651686411737,0.9969491041934304,0.4364781408711547,-0.18457118152612376,0.9725619739875204,0.19802163510127888,-0.23543057055582353,1.033578606046121,0.2552592054912456,-0.1391678376349822,1.0259801465756748,0.4616626931196193,-0.20486771531233905,1.4738517093454964,0.47758492949771,-0.383167605170373,1.4858409583215126,0.5660600115398519,-0.08133155154297832,1.3653899035688422,0.5287140391491365,-0.5965338013264173,1.2378221412134718,0.5776471959817551,-0.04757519039771202,1.0400089467813938,0.46445663973178747,-0.5695382710934294,1.18815969848473,0.49839652462179107,-0.06874831317471558,1.0168088508725555,0.6913099392605434,-0.47716597856586357,1.073533091619549,0.6586028976970206,-0.1871045682760082,0.8569242894115322,0.6887027189080844,-0.4938206161445986,1.0569526264705402,0.6453791939863132,-0.1693119940290349,0.8347990928298861,0.2421500791698143,-0.40185649510758326,0.5371598755545633,0.4183833358722322,-0.13089254714985565,0.5267953990591216,0.2988267443499517,-0.30558767432111894,0.525616999146089,0.3557048768357685,-0.22625987638995693,0.5275330284535761,0.1693782898501242,-0.34281961082316814,0.09862771797220019,0.36943241207511857,-0.11891836697796443,0.07589855802151838,0.2280970329079805,-0.31541094265944797,0.08806892150666647,0.35017709926243334,-0.18662291828543484,0.07555124786604746,0.24361825077436322,-0.48268341916661883,0.0324955456897545,0.5224476491248125,-0.16855442684022026,0.023184846882919483,0.33500256197563094,-0.47772213300456334,0.034385595779280596,0.5408828026313076,-0.2376551948090325,0.032622414873832516,0.15732994157290145,-0.2676982955304678,0.04306258052370511,0.2943355299946176,-0.12175721622395241,0.041837328996282126,0.6997108684906373,-0.2590792027086065,1.402096174873596,0.7410040813552531,-0.20167590070965405,1.599800888424246,0.6284135024589861,-0.3069558661359988,1.5262859456514222,0.6387232435633513,-0.1480320122669302,1.4972937346312902,0.7075049301612304,-0.2744304593255444,1.4615778625151954,0.7072224589135114,-0.20776944003669642,1.4458847655349674
249,0.32406482020345234,-0.3836209089369149,0.997019586058609,0.43607329944844975,-0.1839111575054587,0.9724924041855059,0.19765390431774008,-0.23487577224512027,1.0335245234836086,0.2548952358041455,-0.1385114849868525,1.0258264370265366,0.46121037739878845,-0.20400937918168233,1.4739628275698577,0.4767689430803613,-0.38184173177066055,1.4864428365364148,0.5658004228919485,-0.08073866057548108,1.3653894969313685,0.5300882202077255,-0.595655830226309,1.2399728471702727,0.578344873068949,-0.04878929598804815,1.0398931044270578,0.46642614889497264,-0.5692234364727513,1.1903098235907517,0.4995485421253541,-0.07000398526649705,1.0165993053570492,0.6907967753993314,-0.4769388950233241,1.0737674358379574,0.6586535948886816,-0.187918158299862,0.8562378735523811,0.6885801177677169,-0.4936889886624284,1.057686026507896,0.6456096639763627,-0.17018293909716026,0.83425725091224,0.24215112089291924,-0.4017351972479936,0.5371729171906322,0.4184107674403308,-0.1304702271165749,0.5269111802647465,0.2987601965805496,-0.30543373116015765,0.525695494566843,0.35590409683569346,-0.22607230615073978,0.527562750622233,0.16956324207530063,-0.3426962441640566,0.09831656371912789,0.3696631702010222,-0.11848658901503172,0.07582673790495063,0.22826965153234424,-0.3152764811650267,0.08788235391240401,0.35048189054010603,-0.18614817263240124,0.07544331249960917,0.24392580211454873,-0.4822515532850219,0.03208727069665138,0.5227097010369671,-0.1675988099771833,0.023033289346804358,0.33520172223462175,-0.4771486242369291,0.0340834424032416,0.5411838222046598,-0.23647012760030942,0.03246404461840827,0.15757727934943408,-0.26770287976017354,0.042901264162864106,0.29461324011771,-0.12141117931523694,0.041774807007286766,0.6992984494043206,-0.25858397872609884,1.4022292457308034,0.740503584831571,-0.20175974311702186,1.6000830504795491,0.6278567911505593,-0.306738782657538,1.5262927724075244,0.6383005690384453,-0.14731708335754407,1.4975473409409392,0.7070750641726722,-0.2741867380055603,1.4616798083022564,0.706848415097749,-0.2072901271788169,1.4460934709795605
250,0.3236620926470339,-0.38300794968929797,0.9971156344995531,0.43578578878421914,-0.18327149580891428,0.9725225051672137,0.19729045846521873,-0.23405288892643597,1.0335463483821914,0.25463211294111476,-0.1376880173650497,1.0257978977925444,0.4608002900726276,-0.20333170486763302,1.4741273054929016,0.4759147819353472,-0.3806676917422504,1.487114842882721,0.5657576767230602,-0.08045036794316678,1.3654106293007129,0.5315113446064604,-0.5951527011506775,1.2423337941392416,0.5790450498062322,-0.05058184650846506,1.0397998024370818,0.46854647295338175,-0.5694772111100814,1.192690225585846,0.5006552433887811,-0.07182356808139397,1.0164387898395213,0.6904541330076377,-0.47705560313165546,1.0743382348795916,0.6588627491091713,-0.1897926914821304,0.8557337227061566,0.6886688792279061,-0.4939455247355835,1.0587826526092121,0.6459814119582287,-0.17206182532670544,0.8338385391072081,0.24218561826764862,-0.40135991628633405,0.5371029451454871,0.4185112765146389,-0.13002366731868384,0.5271181797386377,0.2987475280680003,-0.3049926618522679,0.5257474442623147,0.3560399186477421,-0.22572372951199138,0.5276855604303059,0.16976783690571606,-0.3424503569204931,0.09790844937782187,0.36999602236258716,-0.11798888702737854,0.07579772947365788,0.22848901242255767,-0.3149319832667431,0.0875753418062765,0.35081037487026523,-0.18555440969732165,0.07533269142533444,0.24447146001732092,-0.4817104745034869,0.031544849934992854,0.5229460878651963,-0.16671953103075354,0.022802817283175222,0.33559735793629686,-0.47639982607223536,0.03365066153590553,0.5413723513494477,-0.2354242522232087,0.03218090307390929,0.15778812322203875,-0.26756644940472196,0.042659394626234415,0.2949665175387167,-0.12090304466501875,0.04175036153937565,0.6987226722175346,-0.2578845911377147,1.4023477704830891,0.740040416357995,-0.20199671756274654,1.6003598081143269,0.6272175040390687,-0.3067024089450292,1.5262897125594754,0.6379070434418086,-0.14684154831585766,1.4978682116262114,0.7065062991596,-0.2739119281099729,1.4617459923853189,0.7063799405488393,-0.20678274579192485,1.4463104379173406
251,0.32330062677403426,-0.3826737408041343,0.9972009978513929,0.4355952529916663,-0.18311495913388062,0.9725722501001087,0.1969174983856655,-0.23347240566397,1.0336611552508628,0.25440269054502496,-0.13724415370276635,1.025876361191882,0.4603654078915773,-0.20281838618744558,1.4743191024724778,0.4751706476618314,-0.37984090543739474,1.4877930722539565,0.5658118881987094,-0.08053998173627186,1.3654533538956384,0.5333564346069333,-0.5948211902320872,1.244633742151229,0.5799049132159825,-0.05287320599107044,1.0397642283183064,0.47111596591638655,-0.5700026780672607,1.1949988020286388,0.5017855457574918,-0.07418177471605839,1.0162880926980193,0.6907653696311716,-0.4769971954123345,1.0751794451466883,0.6595421946868637,-0.1925701817001506,0.8555121052834271,0.6894692373996747,-0.4940517038941403,1.060127761165849,0.6467767447354142,-0.17478591928542697,0.8336630704104432,0.24230387363149358,-0.4010015781137652,0.5370319518235099,0.4186666475738145,-0.12972979170411458,0.5273467865437164,0.2988135441882374,-0.30450805863976976,0.5257957128568573,0.3561369717184709,-0.2254517656447407,0.5278492311702274,0.17007884079466618,-0.34275967864774265,0.09767861435797669,0.3704368074509359,-0.11778451587509688,0.07595706818850281,0.22881752771160582,-0.3150294605728252,0.0873772446953271,0.3511823114409253,-0.18525602543151024,0.07538074701748343,0.24537131463351813,-0.4817431219113728,0.031187141206804492,0.5232458848937533,-0.16649346895761685,0.0227178833326563,0.3363174091616735,-0.47624168724332117,0.033346107444145394,0.5415734562991815,-0.2351320755539118,0.0320136010136233,0.15798359878069357,-0.26792784246831347,0.04257287288704802,0.2953843516758124,-0.12064277555075989,0.04191792572236504,0.6978537501215015,-0.2564180614303854,1.4023746615876065,0.7394175982193579,-0.20181701183937534,1.600567681799091,0.626527078288842,-0.3066195981353988,1.5262552278257324,0.6372220720741444,-0.14621879527707915,1.4982416148997437,0.7057348304167885,-0.27305917879235686,1.461695858054243,0.7056153001739606,-0.20570261576026053,1.446463737913413
252,0.3228766419896965,-0.38196041565784156,0.9972662677842743,0.4353734926225726,-0.18278214165007267,0.9725838667550166,0.19646845965750884,-0.23257361964020504,1.0337701472079253,0.25409920759200366,-0.13648906395279287,1.0259158238514159,0.4598065474600602,-0.20162282223422612,1.474488211364065,0.47448947688060017,-0.3785195164178021,1.4884883712513208,0.5656498503118123,-0.07983327057440182,1.3654893294223915,0.5355607035637866,-0.5945367686551818,1.246922942636437,0.5804815560170516,-0.05411103312309932,1.039833464600598,0.4740605996923649,-0.5706436255047747,1.1972834966849972,0.5025354789642865,-0.07552576959027452,1.0162069087845127,0.6917063947725169,-0.47637685803928953,1.0762845416580977,0.6601970550353871,-0.19463349189486548,0.8557887484874956,0.6910481196363922,-0.49367713295680543,1.0617475744103118,0.6474826041362751,-0.17676080984367154,0.8339026341381424,0.24240463363450832,-0.4002228256998876,0.5370572872623443,0.41883660666041167,-0.1291565576861295,0.5275442134037825,0.29893824310573935,-0.30366328128008446,0.525853087171229,0.356173099113646,-0.22479772172033677,0.5279989243228125,0.17031407419904795,-0.34273670106774257,0.0977260512890181,0.37068482205431774,-0.11707611187701403,0.07627570569072725,0.2291254598870773,-0.3148642437070636,0.08740460527305567,0.3512862275244151,-0.18446136197144314,0.07561544176557355,0.24619037134265892,-0.48152983181320813,0.031129869145640515,0.523265128039871,-0.16624049448498884,0.02277721731895952,0.3370045136026366,-0.4760083975408411,0.033259308028070395,0.5413842544482806,-0.23495981860771176,0.03201131449673241,0.1580910924728799,-0.26790827121175254,0.042721683542640304,0.2955989031402178,-0.11979213918159903,0.042265511838896576,0.6968424620031999,-0.25385412817542274,1.4025200772325372,0.7386144557646817,-0.20067101597084666,1.60104079031827,0.6258664551966234,-0.3056715944042597,1.5263436401006767,0.6362329009484805,-0.14467675419862353,1.498711991270179,0.7048827040316992,-0.2711402487353948,1.461800518094074,0.7046318258606818,-0.2035691690932347,1.4467600726922956
253,0.3224705485417501,-0.3811493223771287,0.9973197514060104,0.43509857655897155,-0.1822988304816795,0.9724782138735564,0.19607557268895692,-0.23170116858929563,1.033765899377062,0.25374950748261044,-0.13572125283779377,1.0257861646695414,0.4592119941275917,-0.19991000901374317,1.4746757587910206,0.4739145565553631,-0.3767573668170984,1.4892724837380296,0.5651822116117926,-0.07828526192385286,1.3655172007758127,0.5380434429529805,-0.5942968844214279,1.2493298498590117,0.5806179411246001,-0.054124074883992526,1.0398627027025809,0.47735097344944316,-0.5712897541693477,1.1996668285399354,0.5027866459383415,-0.07560473569583566,1.0161049377342275,0.6931271264357458,-0.4755352480930483,1.077386638398087,0.6605623608195073,-0.19536528430303912,0.8563094505245109,0.6931803015072662,-0.4931578419549358,1.06342309820245,0.6477972940749316,-0.17742222725621615,0.8343195305991532,0.24242802550178383,-0.3994104883976066,0.5370615258192819,0.4190070780610281,-0.12866072367110631,0.5276014896706241,0.2990643538311524,-0.30283839001845725,0.525865459192874,0.35618353055624197,-0.22416922723687965,0.5280171280335053,0.1704689296430468,-0.34230140411041987,0.09773855064115973,0.37074612308239263,-0.1161041890478274,0.0764941175671831,0.22940173707217773,-0.3143651598494722,0.08741021983527679,0.35115836010829016,-0.18341755967934686,0.07579558648372581,0.24669608831155065,-0.48101669873762926,0.03112455762800728,0.5230791068692182,-0.16577197905563046,0.022786531660604823,0.33754607436407685,-0.47568878736320513,0.03321077501797685,0.5408952799789825,-0.23457662674355825,0.031989517638378276,0.1582232165083227,-0.2674295143344925,0.04276597969878302,0.2955952839943259,-0.11866204105096034,0.04251499238871895,0.696035102780631,-0.25147627268834094,1.4029891708937938,0.7377682862650671,-0.19913615698837334,1.601942307086968,0.6252821357134077,-0.3042331820286481,1.5268013232719488,0.6352942296242866,-0.1426997232748596,1.4992913165133257,0.7041794275586045,-0.26920054887778944,1.4623395036013127,0.7038189936985153,-0.20143236040429777,1.4473709470697704
254,0.32205585936432374,-0.38059901271539087,0.9974457966964252,0.43482138729866915,-0.18199633210867258,0.972349509847459,0.19578576255729832,-0.23107899378206948,1.0336657784026237,0.2534733840572216,-0.13521357924493888,1.0255303050456026,0.45865980013970536,-0.19795021535284096,1.474846044069255,0.47328300794544015,-0.3746394795465177,1.4900274659405683,0.564530586141255,-0.07618262255218908,1.3653803468996115,0.5403852445920978,-0.5942304539471092,1.2518283418554448,0.5805015650264682,-0.05348320244556204,1.039694531792521,0.4806004500010753,-0.5720119203794073,1.2021568473387085,0.5027748978605192,-0.07500662837102938,1.015861637925583,0.6943386991028526,-0.474985968406699,1.0782983403983304,0.6605765172647778,-0.1950932165418348,0.8566743066747035,0.6951198431416381,-0.49295175002101516,1.0649841486334521,0.6477364084657491,-0.17717671951432784,0.8345628427301144,0.2423049416350251,-0.39888169175865457,0.5370299668095178,0.4191394075941801,-0.12881846689521897,0.5275827825440763,0.29914355961968064,-0.302437074275425,0.525881806743403,0.3561147138903784,-0.22410999876566842,0.527989838858,0.17056536994539187,-0.3414483996776731,0.09761151898118062,0.3707083917288104,-0.11539768418265677,0.0765836885899307,0.22965783594950517,-0.3135449859055296,0.08726975153038226,0.3509175040856247,-0.18264849955071233,0.07585776154494653,0.24682961190635933,-0.48009061545838744,0.031021677502953662,0.5227943325736647,-0.165369973758404,0.022759816873484048,0.33787327470415357,-0.47491906221884495,0.03311624053213077,0.5402214443632011,-0.23414897193730927,0.03196493120846089,0.1584650042575306,-0.26657341873917584,0.04257356661142121,0.29547905814515957,-0.11779633508174146,0.042595067167910006,0.6956541375956362,-0.24973417397157008,1.4038018848032126,0.7369555049602151,-0.19758243784074453,1.6031633610880716,0.624775063548966,-0.3025183299581225,1.5275823497867216,0.6346412624509437,-0.1407240848720368,1.4998873289034118,0.7037353102559913,-0.26764475281283034,1.4633060224647232,0.7033810196361843,-0.19972657180219333,1.4482676859588548
255,0.32177658478243687,-0.3803002419024616,0.9976279335996115,0.4345470463057491,-0.18187966499526953,0.9723501314780948,0.1956781678383871,-0.23093689448340757,1.0335502071721756,0.25330753677275164,-0.13522011495235542,1.0253243565321082,0.4580967574709735,-0.19603483820150042,1.4749790927208521,0.47273327668311316,-0.3726104328303836,1.4906835400383924,0.5637060412176768,-0.07387094949560201,1.3650895706094395,0.5427515804595443,-0.594298937244029,1.2540987211377996,0.5800821964680007,-0.05249025427914597,1.0393832336690938,0.4838120352890645,-0.5727671317561845,1.2044565460873544,0.5024351380004303,-0.07416662807960792,1.0154841080709562,0.6954270585281095,-0.4747335516165146,1.0789421711265605,0.6603715750288902,-0.19392230888062473,0.856789293503229,0.6968356917964229,-0.4929716504666769,1.0662271161646526,0.6473914579288096,-0.1761467279392243,0.8345296125830257,0.2422277803366587,-0.398369209923921,0.5370100038947635,0.4191325210601248,-0.12927062645201232,0.5276341514745928,0.2992295705922688,-0.3021376129341666,0.5259687263243179,0.3559672610556532,-0.22430601780707604,0.5280436546875256,0.17072032325575565,-0.3402252874858544,0.0974615343961154,0.37057577544949183,-0.11481936190086475,0.0767036600636787,0.22994161582978936,-0.3123368180721115,0.08716262511285505,0.35064895643458527,-0.1819961351783793,0.07594591764743533,0.24683999329591044,-0.4787164671687628,0.03090491473737538,0.522380800062376,-0.1646898532634308,0.022861546409285217,0.3381235651770382,-0.47344281108535513,0.03305451851507337,0.5393641680530233,-0.23327991783590074,0.03207394559822084,0.15881977960250476,-0.265335669705569,0.04235225647643561,0.295287585518787,-0.11708500741683683,0.0426530829722869,0.6954717456890754,-0.24883797742612399,1.4045988646512846,0.7361732798398636,-0.19619148882546963,1.604228871812843,0.6242155855696221,-0.30083730424342936,1.5284338960164776,0.6342028237235464,-0.1390349399973795,1.5002249400020202,0.7033639574685604,-0.2667353668460697,1.464306528854855,0.703144496370635,-0.1987133380253891,1.4490593653796338
256,0.32174773399249623,-0.38038081339526264,0.9978153570474846,0.43432853153189255,-0.1820929237196791,0.9724834797173902,0.19567759453353298,-0.2314000143607683,1.0335101298946339,0.25319848558496644,-0.1358640930327639,1.0252796571399152,0.4577064859977757,-0.19469724883136819,1.4751560624785807,0.4724790063847188,-0.3711689156865325,1.4911815073337629,0.5629978718572476,-0.07212830372921425,1.3647273769336423,0.5456176380953912,-0.5940966530573771,1.2558209979936676,0.5797056033257967,-0.05202557388166444,1.0389664240806855,0.4872899666522571,-0.5732244433591441,1.2061801823054168,0.5020957038471788,-0.07387738591665234,1.0149508438489805,0.69702101684682,-0.47428502006698225,1.0794543756393082,0.6602791728749265,-0.19287782686029498,0.8565548124733795,0.6989652027719382,-0.49263519085418805,1.0672061233298642,0.6471359655347326,-0.17523706680570034,0.8341378959638799,0.2422207472521154,-0.398082744815727,0.5369836915842112,0.41905304673834837,-0.13003426123764414,0.5277212563255949,0.29930215344015443,-0.30211869690835896,0.5260885930610065,0.35584833354293366,-0.22481408973221537,0.5281441828798614,0.1708837917947565,-0.33925477343403754,0.09738846967730115,0.37042289971504727,-0.11477467374825726,0.0767703347116781,0.23016653965427022,-0.31134680416067845,0.08707606709491597,0.35048448662175913,-0.18188714963574706,0.07595886376021532,0.24697969922496268,-0.47737808099123535,0.030858726891677297,0.5220900847003379,-0.1640689037284914,0.022961286607900602,0.3384595706819609,-0.47172369607769526,0.03308800099012021,0.5387504249371603,-0.23234615127794023,0.03215464628353574,0.1591077277519043,-0.2643651892248852,0.04213328144256371,0.2950650858840013,-0.11699442796136808,0.04262046399084185,0.6955248465594573,-0.24871673628618923,1.4052437568258926,0.735658427808365,-0.19516712300004463,1.6048898375927494,0.6237918366019921,-0.2996333591328444,1.5291747471060222,0.6340205894792222,-0.1379818294445621,1.5003386435006287,0.7031977675348005,-0.26646896374016477,1.4651158402451123,0.7031274572204371,-0.19843846507280016,1.4496111645191534
257,0.3217835082351252,-0.38111719339540906,0.9979936842510797,0.433982833409601,-0.18280276233772116,0.972768938330629,0.19553500307952187,-0.23260708998750154,1.033637712692268,0.25290104880778547,-0.13723170950421007,1.0254560866143116,0.45724363534655416,-0.19452060048803213,1.47531710702178,0.47232488425462044,-0.3709692808182356,1.491522062812694,0.5623419170404358,-0.07165925323861304,1.3644823237868042,0.5484297165203488,-0.594272262618713,1.256937599653992,0.5792793104842681,-0.05237417571559516,1.038669005688158,0.4904944832836333,-0.5740125987751427,1.207272482867688,0.5016429668239414,-0.07434802715088866,1.0145036530436957,0.698654898045063,-0.47396992621053974,1.0800028240225674,0.6601494515932712,-0.19261513202724162,0.8562919989115664,0.7011126436790024,-0.4923050398302521,1.0681077754526909,0.6468837919678581,-0.17496117011446394,0.8337318965761598,0.24225188120980998,-0.3983377448663241,0.5370297226020052,0.41892037415969685,-0.13120360000025114,0.5279448329016206,0.29929693874130825,-0.30257797128998337,0.5262568928185658,0.3558116777681298,-0.2258249428720725,0.5283786872122871,0.17100120002395397,-0.3388279880051733,0.0975050431113179,0.37044276867355863,-0.1157268469133883,0.07693167542428549,0.23028518021581793,-0.3109109059478989,0.08714183444019664,0.3506487666463244,-0.1827656424335115,0.07608522673941305,0.24715568925664616,-0.4765700401339652,0.030968241012692136,0.5221216640008506,-0.16394970224828748,0.023142840969636258,0.3387106474308277,-0.47035576102778204,0.03328845064223869,0.5387909393873781,-0.23180645093866456,0.032265144231157915,0.159269398351823,-0.2639337971726195,0.042106975915978895,0.29506032950339733,-0.11802089462881393,0.042716217656147026,0.6954672066541889,-0.24940161210200498,1.4057361176461245,0.7350628899187088,-0.1948937826225499,1.605209268584253,0.6232869747834736,-0.29957465304675857,1.5297027030735162,0.6337230015723807,-0.13789463887875952,1.500280776126384,0.7029523583551319,-0.2670293437644096,1.4657093722582755,0.702984386266287,-0.1990162516499454,1.4499599409275505
258,0.321673824463223,-0.3830743478267503,0.9981245341908924,0.43340415871423743,-0.1844210577220088,0.9730966178340476,0.1950796328277416,-0.23498634380392733,1.0338341382143914,0.25223863224282983,-0.13969138236110598,1.02570035072089,0.4564282910564272,-0.19573368596591623,1.4753242710668704,0.47198144773641165,-0.37223415114544783,1.4917201360470191,0.5614464136306029,-0.07254159425420113,1.3643043001745139,0.5505322679888893,-0.5952653449324785,1.257602511444584,0.5786370138744216,-0.053310504121663424,1.0385016988768432,0.4928494798017984,-0.5755400305446374,1.2079089456437568,0.5009413839301962,-0.0754430265435486,1.014155070190537,0.6996634461381188,-0.47419108649268576,1.080534638996374,0.6598999419291645,-0.1934549135600695,0.856222924470132,0.702570714305108,-0.492421147583528,1.0689064716961798,0.6465334901098619,-0.17559847169749246,0.8335568144675028,0.24214043243913952,-0.3995439108214678,0.5371987484816962,0.4185779345646796,-0.1327532056941785,0.5282701797431691,0.2990641025760753,-0.3038657547125051,0.526483005833996,0.35569621776135035,-0.22742860589199543,0.5286853662507622,0.17093014588740024,-0.33907124015756623,0.09790676987019066,0.370453357039218,-0.11749196326806398,0.07730300881799336,0.23015295675245945,-0.311148315169205,0.08748456272613173,0.35089712410529766,-0.18442740529450016,0.0764618515517711,0.24710579184113587,-0.47649521957908986,0.03130488207156501,0.5221394666357284,-0.1643874418354571,0.02351149213500566,0.3385930200800421,-0.46973136594010273,0.03369312218573237,0.5391403410171913,-0.23179567922418665,0.03254611414106428,0.15918934660280123,-0.2641435415844189,0.04242102149780488,0.2951304743018545,-0.1199170292398411,0.04308845642755478,0.6950251197913964,-0.2505106042883704,1.4061764711705658,0.7339576797028997,-0.19522982517604007,1.605370320948318,0.6225165502106321,-0.30077791614165883,1.5299981854567433,0.6328735244187864,-0.1387514267805697,1.5001510419099244,0.7024140955657022,-0.26816736963202376,1.4662033024241483,0.702392414633161,-0.20015386162373008,1.450232869119316
259,0.3213467216278323,-0.3864260203419083,0.9981663004117454,0.4327117507883065,-0.1870843047259748,0.9734007631520039,0.19436329222330634,-0.23849721388903677,1.0339733386386314,0.2513330727703637,-0.1432165771668131,1.0258773664318317,0.45528146647558754,-0.19846655440304078,1.4751735042696916,0.4712945964513768,-0.3749535404342424,1.4917945798187178,0.5603532698909701,-0.07482679366786554,1.3642321922348069,0.5513911561178679,-0.5973580742629809,1.2580045214722109,0.5779216672351568,-0.05492772857608324,1.0386086290308765,0.4939387127018686,-0.5780708098584172,1.2083343685241266,0.5001542341831834,-0.07736503473141626,1.0140848370388584,0.6994542394699745,-0.47522954114645266,1.0810314840874489,0.6596644496969939,-0.1955664060509285,0.8564906949652,0.7026995006542922,-0.4933098870686321,1.0696168233559828,0.6462205179652717,-0.177469502974352,0.833794394799628,0.24193647082115988,-0.4020144680105638,0.5374436876995577,0.41815910745441,-0.135048921168392,0.5286660620482475,0.29868818351975707,-0.3062588532414517,0.5267704469796158,0.3555636509578563,-0.22992177352404025,0.5290278847421249,0.1708363196159754,-0.3401725185331894,0.09847764417946077,0.37046731121856213,-0.11996426107266166,0.07787271072572823,0.2300085352581212,-0.3123194797366283,0.08805224023297337,0.3511400748580406,-0.1867733713334231,0.07704443250796751,0.24691937384661677,-0.4773355264291527,0.031755073733279376,0.5220532510960483,-0.1657204852199171,0.02406213124670263,0.33824257033374117,-0.4701714823902619,0.03417861608332011,0.5395733447964859,-0.23274722547289758,0.03300204365871409,0.15911688446942493,-0.26520026286974374,0.043029943217665304,0.2952883600367662,-0.1224910196104942,0.04370653585576018,0.6940915770312188,-0.2521625026565371,1.4065250624180097,0.7323771379028821,-0.19667157127522936,1.6054496355238101,0.6214330886624977,-0.30340299711500074,1.5300387391375976,0.6315877846323134,-0.14093076512801972,1.5000471769998187,0.7014718603854607,-0.2701150907356116,1.4665498785043778,0.7013099757809993,-0.20204488791693587,1.4504446444967622
260,0.3209426906183477,-0.3902830042963755,0.9981536560165548,0.43195176397378204,-0.18996945357685632,0.973691863716598,0.1935362244600123,-0.24238646055340995,1.0340670820518953,0.250296156085397,-0.14705124030222935,1.0260395640029265,0.4539744488924073,-0.20190809741859433,1.4750342206201095,0.47049060137516774,-0.3784240670914059,1.4918131516734845,0.559118158328029,-0.07768800410406873,1.364346058293683,0.5512644027985528,-0.5997615054895284,1.2581915504720196,0.5771448496721685,-0.05688214830952696,1.0390363795155602,0.49395507118041626,-0.5807527396350445,1.2085804265151412,0.4993007857138897,-0.07975432097220275,1.0143663963736818,0.6983264577450311,-0.47688806100067777,1.0813266933749608,0.6594139981990549,-0.19808857149821607,0.8570788953008804,0.7017234864731107,-0.4947938359933805,1.070023267688933,0.6458998612518803,-0.17985027110621465,0.8344234699363046,0.24166446938217698,-0.4049244312570772,0.5377130072338783,0.4175801301509801,-0.13723516417607873,0.5291559372875286,0.2981643363538022,-0.30890915850594375,0.5271205820075262,0.3553012746592896,-0.23239336436311578,0.5294015295506989,0.17080097202354336,-0.34160641679932036,0.09906049688890836,0.37029207584086843,-0.12206589790104594,0.07858022569540345,0.22998394274012285,-0.3137528181476278,0.0887259392437828,0.3511108544867854,-0.18872500757745228,0.07778179142654423,0.24688667165628966,-0.47849577720031067,0.03221795460341084,0.521647846908999,-0.16716092199118107,0.024825719043162185,0.3380169217393105,-0.47104270753841915,0.03465921083029044,0.5395890597297741,-0.23393274717482965,0.033728120321962596,0.1590830071090586,-0.26657875044931445,0.04375128281036253,0.2953004477317056,-0.12458312816318863,0.044471762014650036,0.6928184353705997,-0.2541604436606313,1.4067277910518958,0.7305875099046173,-0.1987309813971283,1.6054196965258494,0.6201221412280404,-0.30662139767514957,1.5299653554396913,0.6300900802783982,-0.1437011359168146,1.4999977131756244,0.7002261058465498,-0.2725444023833931,1.4667261638588274,0.6999305387928376,-0.2043423240739713,1.4505515908918363
261,0.32072596786317975,-0.3933868590472601,0.9981593411059909,0.43144209504487285,-0.19210230954897156,0.9739216739817164,0.1928869436831417,-0.24531259091702592,1.0341615243119235,0.24947381732095417,-0.14988908785317615,1.0261952702215993,0.45300322729456866,-0.20465642563045422,1.4750474143959489,0.4698509669099793,-0.381215488265592,1.4918585834865068,0.5582337194131108,-0.08008080252724468,1.3645089842576188,0.5506872203656215,-0.601168578916152,1.25814419486877,0.5767234619524889,-0.059034870897992565,1.0395609991303023,0.4934062289994218,-0.5823454069384102,1.208581760716691,0.4987978185185816,-0.08229671804789893,1.0147732258356241,0.696976743049496,-0.47804575420985257,1.0813498508870807,0.6594887095542664,-0.2007372836333947,0.8576984010859913,0.7003625245225717,-0.49581930974763466,1.0700474249557599,0.6459825457431341,-0.18250402446593134,0.8351438462612265,0.2414965506029478,-0.4072405948628089,0.537915757752163,0.41695522438377314,-0.13856742048303328,0.5296131996558936,0.2977309553028328,-0.31088591324261733,0.5274395265365941,0.3549451778363353,-0.2340094867825875,0.5297224860752222,0.17079483916938548,-0.3425257765950843,0.09945847890474929,0.369950352798722,-0.12305238603016916,0.079124186322134,0.23002527060680336,-0.3146184752621875,0.08922153855722337,0.3508413610111149,-0.18959211137995666,0.0783672525934492,0.24708962314606642,-0.47910515494127703,0.032537979921413704,0.521217899901275,-0.16800822727914116,0.025480709832884058,0.3381245871753443,-0.47154574496121077,0.034984605491173,0.5394084691457606,-0.23464646760255956,0.034399669092941065,0.15902110007121997,-0.26741165018541685,0.04427641837504925,0.29512893228039894,-0.12552155993378566,0.04506724434728599,0.6917485955187397,-0.25566635720647296,1.4068468134820755,0.729248054896081,-0.20019272508464395,1.6053456167605067,0.6190312977079852,-0.30897478445591153,1.5299893345295488,0.6289874763519425,-0.14580233163963072,1.5000620181575905,0.699163112042466,-0.2743484795395516,1.4668210985839225,0.6988058009838959,-0.20603277170561793,1.4506128356076222
262,0.3206283818646227,-0.39499548938432266,0.9982774622693988,0.4312100752283365,-0.1931051822488011,0.9742349092018818,0.19253268453069863,-0.24662198932127688,1.0343913846025587,0.24905443311449582,-0.1512047297657387,1.0264850912399925,0.45242967362283587,-0.20598523510832148,1.4751871871981297,0.469497221123892,-0.3826238027754027,1.4920022622832978,0.5578037245683019,-0.08146846068031093,1.364697193575476,0.5501207517675102,-0.6012132259826238,1.2578753892309664,0.57656970882863,-0.06089601785304192,1.0400898955753357,0.4927817213980581,-0.5825719700255632,1.2083763695159686,0.4985302598880912,-0.08438351017910804,1.015213147837183,0.6958933058685686,-0.478140939322622,1.0811559834834457,0.6597403304673227,-0.20286658415621794,0.858239161513718,0.6992140051106461,-0.49583954964109306,1.0697776072380565,0.6463149925747191,-0.18469889005765977,0.8358253097849306,0.24156641539404763,-0.40824927812370326,0.5380015491940451,0.4163465166505401,-0.13869744094369493,0.5299891587799698,0.2976495382896622,-0.31155086059557136,0.52766743048653,0.35447071555717063,-0.23434103762818895,0.5299993730546677,0.17087957187330757,-0.3425591225200011,0.09961766535824648,0.36965768281384864,-0.12300229688242799,0.07942221670611103,0.23022910863180218,-0.3145794820473377,0.08948699193097116,0.35058480522001634,-0.18943854130988091,0.07870592712439399,0.24743803950946044,-0.47901576013406116,0.03261876191049997,0.5210371739702815,-0.1681915539739121,0.025931409054393968,0.3384573005592389,-0.4715299498045234,0.035056374771744295,0.5392969035708237,-0.23479543927393226,0.03489657437406599,0.1590279045835998,-0.2672848263327626,0.04457871658507639,0.29497770352993036,-0.12537597949698165,0.045413116646582555,0.691053979927166,-0.25624857449062755,1.4070390195930116,0.7282649098950927,-0.200346392044865,1.6054814943213471,0.6182253996299536,-0.30980404285302526,1.5302302838629411,0.6282329163231035,-0.14645139809638638,1.5002222931365334,0.6984085799665153,-0.27493651657433665,1.4670294900552525,0.6980531316420324,-0.2065510334232292,1.45078060849962
263,0.3204991080901171,-0.3950773827764408,0.99844487793603,0.43112826899969586,-0.1930675221044093,0.9745318062236692,0.19239723264587877,-0.2464888397652021,1.0346936966313822,0.2489991665351532,-0.15119376024639164,1.0267953834835004,0.4521684383553975,-0.20566072069412777,1.475310936405807,0.46928367999395537,-0.3822815654597095,1.4921715722536444,0.5576262225168963,-0.08140528614105634,1.3647665209186224,0.5495243409073074,-0.6000132912372276,1.2576373680323847,0.5765014988288977,-0.06174655419151516,1.040406090245427,0.4921265367478505,-0.5815097788174195,1.2081860307285783,0.4983667091691918,-0.0853038101710221,1.0154658315997451,0.6951305890152862,-0.4771705520037391,1.0809472960902076,0.6599498060131013,-0.20367866319830574,0.8585134075482925,0.6983919434271089,-0.4948615894709642,1.069476415020749,0.6465958210265869,-0.1855565924196007,0.836223518493109,0.24172360975228244,-0.40789759387791136,0.5379982432468888,0.4157672013433612,-0.13774970770441014,0.5301847851866799,0.2978070699103104,-0.31092437249659355,0.5277648011417068,0.3539085298029397,-0.23349247669505574,0.5301617869861877,0.170861096410271,-0.34171243090099673,0.09971151781355314,0.36924915951530163,-0.1220521689071455,0.07953557603594044,0.2302646087599905,-0.3136816980347488,0.08963901965185636,0.3502242263090695,-0.1884155676013013,0.07883642396678887,0.24760354072842405,-0.47821828759498924,0.03260121043188131,0.5208969305354255,-0.1675003783165634,0.02614723703069059,0.3386307007232325,-0.47091969332565264,0.035013991103313984,0.539157897930865,-0.2340966809232402,0.03514390185414374,0.15892209675311675,-0.26622355029447464,0.04477974424406801,0.2946818638221556,-0.12434913736273934,0.04555878326564543,0.6907379449118182,-0.2556101394620132,1.4073626129308139,0.7274369985634598,-0.19899695472762788,1.6059157828227357,0.6176813056834484,-0.30892422450860657,1.5306162845090885,0.6276462254331585,-0.1454623321242072,1.5004431357558947,0.6979553562643448,-0.2740783380980428,1.4674156998468812,0.6976069894690414,-0.2056681756671336,1.45111430908066
264,0.3202573211936277,-0.3938803386080503,0.9985057000590531,0.4310764537317862,-0.19212459335663715,0.9746196614606597,0.1923725634897106,-0.24515652874190974,1.034848315928122,0.24915306463237236,-0.15008542103399442,1.0268879029698015,0.452083687428757,-0.20411268281490197,1.4753264799987023,0.4691586766646442,-0.3805947185851499,1.4922384518560314,0.5574965290145538,-0.08007466238364283,1.364767618511223,0.549047893498551,-0.5980301917798626,1.257374447011432,0.5764360008424607,-0.0613460726061384,1.0405104325613526,0.49159871450910153,-0.5795400331958968,1.2079493268998966,0.4981985244390151,-0.08484155502891179,1.0155550199540941,0.6948281614521258,-0.47571332461283833,1.080603833530472,0.6601631150379419,-0.20296234994901374,0.8585420220711807,0.698036231518115,-0.49344864562996,1.069060034068837,0.6468311265757349,-0.18482079581216665,0.8363225800456854,0.2419854070998395,-0.40676932424784645,0.5379142188729953,0.41541230808435303,-0.13642030344341596,0.530112449709052,0.2982043647010208,-0.30956207497998084,0.527709994922141,0.3534402367203199,-0.2321086422831546,0.5301504775004884,0.17077741495570115,-0.3406345149732451,0.0998261507155356,0.3689241916900596,-0.12087575998296346,0.07953737113151052,0.2301479731932369,-0.31263837179200954,0.08975241200822186,0.3499273083042803,-0.18727090288618448,0.07881298198174252,0.24753644840996142,-0.4773892036987005,0.032581818434454624,0.5209301215641832,-0.16656845923755886,0.02616801612441486,0.3385655116224517,-0.4703257209477812,0.03496212338154617,0.539216492691216,-0.23322752580345524,0.0351409054961333,0.1587647907756628,-0.2649957445116399,0.044950682229600955,0.29438693330371096,-0.12312984471101064,0.0455735986076939,0.6906604919259002,-0.2538951036154244,1.4077319453777573,0.7267018971166,-0.1966659618558958,1.6064719063730428,0.6173488041262842,-0.3068413336084791,1.5309933041330752,0.6271610568123612,-0.14334236954557167,1.5006443722405525,0.6976890412963719,-0.2720736441834645,1.4678639329921,0.6973402928281206,-0.20362453947074724,1.4515022529495432
265,0.3200714715641725,-0.39231771282255135,0.9984913027806659,0.4309297782429002,-0.1908751887363211,0.9744174636577698,0.1923726823061394,-0.24367005114431597,1.0347792668799063,0.24926780762971318,-0.1486938185912775,1.0266844314929444,0.4519979413684512,-0.20218653005167658,1.4752876503596233,0.46906884736151583,-0.3785170021814475,1.4922367032450725,0.5571448155468639,-0.07805036480747862,1.3647946363627843,0.5487974817926778,-0.5960741808069938,1.2570556900163117,0.5763177166882202,-0.06015418549458261,1.040502453454083,0.49129574146744315,-0.5775037544019497,1.2075838240681374,0.4980721398235224,-0.08369448947093912,1.015527330225581,0.6947183206369412,-0.4740630979824645,1.0801373049826788,0.6603020519615659,-0.2015639061832966,0.8585234759820968,0.6979058584406042,-0.491871477892243,1.0685184943825667,0.6470099908665953,-0.18339498626541378,0.8363254652827294,0.2423168492384013,-0.40589829443801406,0.5378155109877405,0.4151995243066213,-0.13546601758406235,0.529770175231616,0.29859776414815775,-0.30850986676503056,0.527524996468226,0.3531346747943072,-0.2310750289550974,0.5299438286986209,0.17072710089354248,-0.3403528145193112,0.09995301194644401,0.3686896528452891,-0.12017253839625386,0.07940379258972086,0.22990237973304198,-0.31239368837071846,0.0898081252213812,0.3497214225234086,-0.18670041397412646,0.07865898249074951,0.24759912664117173,-0.4772347486170276,0.032590459016629034,0.5210116332953951,-0.1661403727877343,0.026056083586301227,0.3385836206418508,-0.4701988820606166,0.03492845261762926,0.5393200618162577,-0.23290534829410525,0.03500645953818379,0.15849447173333397,-0.2647483516043504,0.045026330638526096,0.2941082752292868,-0.12251427524900245,0.04543057139282643,0.6907278216164723,-0.2515502229112714,1.4080855325759472,0.7261125096997139,-0.19414877655433768,1.6069584175230904,0.6171949254894707,-0.30438618923737953,1.531296846375326,0.6266641550286625,-0.14084400531007282,1.5007836503618561,0.697606510423228,-0.2696016818908115,1.4683083585868315,0.6971666503577935,-0.20108109076569278,1.4518625982196491
266,0.3201752088107256,-0.39176357496754133,0.9985378075394716,0.43076711861932704,-0.1903243453612821,0.9740287227134778,0.19249078484021634,-0.24337121048735041,1.0345706865879296,0.24928360117094805,-0.1482021720653276,1.0262660551734513,0.45199804210424066,-0.20131200013258763,1.4752515242013013,0.4691467610627502,-0.37750912733587566,1.4922484526566744,0.5567761197344152,-0.07678903401920673,1.364835603370315,0.5487379285576243,-0.5953862501404114,1.256772383410674,0.5762365990704735,-0.05954052429492369,1.0403802426523334,0.49119849014994427,-0.576808312030773,1.2072370769303113,0.49808916379346185,-0.08329074053885559,1.0154068091269288,0.6945552510020346,-0.47292611954799957,1.0797014346757678,0.6605055675553566,-0.20090490964212374,0.8583647094246349,0.6977184831591631,-0.490814817094173,1.0679980664768247,0.6472884618279812,-0.18276440312533868,0.8361675394588413,0.2427397741923874,-0.40660674868651686,0.5378097068582404,0.4151025571965327,-0.1359761960106242,0.5292624449934721,0.2988815779077573,-0.30911340682083077,0.5273444067305221,0.35306537346140904,-0.23150804429662386,0.5296228802487334,0.1707093302122998,-0.3419491118937281,0.10006095679522958,0.3686193462701831,-0.12092692801880095,0.07907514454831178,0.22960970750720777,-0.3139861309265785,0.08980246693987423,0.349679626467525,-0.1876413203664426,0.07834001758861049,0.24778433064546718,-0.4787989197102635,0.0326634139319243,0.5211299481357474,-0.16725546567310648,0.02574335791745369,0.3386650680284067,-0.47167473061473864,0.03491205867734899,0.5394350106175828,-0.2341213265595648,0.03470819987116437,0.15819016728843335,-0.26653757926547006,0.04501922243006389,0.29394604312170497,-0.1234974206977451,0.04510708237532814,0.6909255481933314,-0.24991280934890733,1.4083010739819217,0.7258501837381515,-0.19278678108857836,1.6073180863320926,0.6173517019530369,-0.3030172971748531,1.53147852772391,0.6263967815211622,-0.1395469811221687,1.5008849662400636,0.6977686328485567,-0.2680327701132055,1.4686201041013884,0.6971479917324522,-0.1994323698762405,1.4521005602548689
267,0.3206134091162637,-0.39266810433007404,0.9987061885081769,0.4306486952257252,-0.19098897048776345,0.9735398586383098,0.19273847414401044,-0.24472118313855795,1.0343385959186424,0.24922321190749888,-0.14915046127111414,1.0257687803036037,0.45213079167345555,-0.20219904998834193,1.4752363050282684,0.4694784815852775,-0.37829207874425236,1.492276786702406,0.5565393756203579,-0.07712481082933846,1.364930205380874,0.5489935439205882,-0.5961231206281769,1.2565792219812737,0.5763391980387599,-0.060281637831135736,1.0402374151725144,0.4913653559389427,-0.5776152027532644,1.2069785156480548,0.49836698689757775,-0.08439597664167253,1.0153528061665669,0.6943973407437785,-0.4726621049787197,1.079426503182181,0.6606591179776983,-0.2013615558995729,0.8579875963853388,0.6975529351432769,-0.49057859232581796,1.0676108949671308,0.6475691951177934,-0.1833205573109285,0.8358260627683727,0.2431557483836664,-0.4091571991020945,0.5378382068499813,0.41509376233593265,-0.13828482002230547,0.5286703467318208,0.298931017861416,-0.31166259078413855,0.5271853890068683,0.3532275281827477,-0.23379920302494364,0.529212888664795,0.1709421555700706,-0.34577479638857783,0.09992810184679153,0.3687668718641122,-0.12349957882068126,0.07849574883025907,0.22958107770492214,-0.31767634967599795,0.08955920549202515,0.3498688758140811,-0.19035574341661116,0.07778413301058511,0.24848684666173854,-0.4823617642885218,0.032622533268742586,0.5213345093250799,-0.1702584571389191,0.025245482795354476,0.3392534642358439,-0.4750345725919374,0.03475348423757528,0.5395678046292092,-0.23716646106278533,0.034277242781601706,0.1580036770858065,-0.2706458962074108,0.04475909591226808,0.2939772758940025,-0.1263734578174576,0.04454005329832748,0.6913472014596598,-0.2497318295824656,1.408514210828113,0.7257986874758414,-0.19314568122622766,1.607612429505888,0.6177865790232138,-0.3033705748981061,1.5315923747912843,0.6263912405688248,-0.14014200334848545,1.5009605341630214,0.6982276889690558,-0.26807476042988876,1.4689276789626782,0.6973494632060071,-0.1994125194004908,1.4523219619831502
268,0.3212315831617942,-0.3945542865109765,0.9988895446702141,0.43063097098350417,-0.19254756383553454,0.9730415893022087,0.19309916440788327,-0.2472223493138772,1.0341188045281309,0.24920205344891605,-0.15114800668486963,1.0253068008813266,0.4523929252643484,-0.2042382592501682,1.4752368654129222,0.4699434159077721,-0.3802511690573052,1.4923276997249293,0.5564857335561559,-0.07862002157357342,1.3650585846932646,0.5495643651871998,-0.5973683889105035,1.256399345610002,0.5767607812642851,-0.062194397030525865,1.04024258882225,0.49187383709761384,-0.5789126711860527,1.2067073902788916,0.498940748546219,-0.0866000530948419,1.0154842638336374,0.6944756308969494,-0.4728469358159985,1.0792022464755928,0.6610171433759423,-0.20284287551865712,0.8577157516092457,0.6976325436467323,-0.49073484177606064,1.0672405106456997,0.648047330007522,-0.185014385112838,0.8356226536730375,0.24344657159670258,-0.412453599618067,0.5378800362008046,0.415149313005426,-0.14129575492623334,0.5281186754987174,0.2988036047245901,-0.3150567840953395,0.5270450315603296,0.3535332534172956,-0.23681417931587975,0.5288032713218732,0.1713084446781129,-0.35045525448111753,0.09967726409351996,0.3691789247694425,-0.12662786523120714,0.07790948459484542,0.22976678874876993,-0.3221115213848038,0.08924975736514613,0.35028581593333175,-0.19352133282041797,0.07720843135799546,0.24930817328425792,-0.48667153786399514,0.032559366045208656,0.5216401119954468,-0.17394589747557673,0.024768950484813018,0.33996130811939573,-0.4791522775268644,0.0346141714726981,0.539748905270641,-0.24084841728867093,0.03388998833706412,0.1580794217013143,-0.27559087275691957,0.044405080182705524,0.29432882102726426,-0.12978307616914292,0.043939881974594634,0.6918745213817009,-0.25055820508400656,1.408613434515094,0.726069864409657,-0.19451000968910082,1.6076270332645368,0.6184787166686185,-0.30482608035729,1.5316236267586123,0.6266711254635143,-0.14198835077905572,1.5009698119582984,0.6988682185152371,-0.26919033640795637,1.4690694903548878,0.6977158449365356,-0.20053675185972572,1.4523847038809683
269,0.32188895684975183,-0.3965567697562077,0.9989259660090938,0.43081465623642057,-0.19431965625943323,0.9726382041939028,0.19350796881323104,-0.2497499028729229,1.0338506866435426,0.24932366894008262,-0.15324057508071692,1.0249235335863407,0.45272031996260453,-0.20647701596104068,1.475282050400183,0.47040437759020926,-0.3824769616895256,1.4924955567045386,0.5566950099196385,-0.08060397304889577,1.3652280512020438,0.5504845128883085,-0.598438794630005,1.25617741324707,0.5774779379744143,-0.06491418643574182,1.0405099753817784,0.49273440093786186,-0.580111655906826,1.206401057542844,0.49969520688655594,-0.08941623352778823,1.0158550989928754,0.6950725791477552,-0.4730256712569599,1.079050314040474,0.6617357732228858,-0.20491303920601114,0.8577207662873145,0.6982104255281377,-0.49085320457899473,1.0669284009319364,0.6488494172681435,-0.18730644856639517,0.8357272404662318,0.24362730380195186,-0.4152528227692296,0.5377275673006411,0.4153755705004817,-0.14385139792271373,0.5276509592708605,0.29876413910545924,-0.3179845415532591,0.5267914395178646,0.3539090716427996,-0.23933648301710203,0.5283921313534862,0.17171024523177242,-0.3544667724129905,0.09922074224419844,0.3699053850643232,-0.1292611622197465,0.07736288900532493,0.2301438277207067,-0.3258704377493415,0.08882034903719671,0.3509878257187305,-0.19613056022260594,0.07665750330912656,0.24984087466618063,-0.49039089956438453,0.0323112720923826,0.5222278295568327,-0.17702771133559808,0.024363775942620246,0.3404486937578289,-0.48275542343488365,0.03436306583690668,0.5402579074214422,-0.24389325564198822,0.03354668046060635,0.15849043918025593,-0.279729518220729,0.04393763232198527,0.29506017598675566,-0.13257873503771297,0.04337038046115005,0.6922915972077551,-0.2513083526851319,1.4085284124485387,0.7266294626325809,-0.19567413090866376,1.6073323137178783,0.6193208492748097,-0.3062527859856161,1.531598656132783,0.6270779640646819,-0.1439113625384724,1.5009598583332704,0.699501086377825,-0.27021501868422515,1.46894329324059,0.6980856054604438,-0.20166783711501546,1.4522271656629893
270,0.3224642865408569,-0.39798057016530636,0.9987259411512569,0.43098758606560866,-0.19547925077156036,0.9723796923483113,0.1936995567761961,-0.2514804163004817,1.0335932349019747,0.24929782421131957,-0.1546328530942863,1.0247254416001634,0.4528577670774982,-0.2081374750302611,1.4753701819446476,0.470612044085322,-0.3843156382114788,1.4926669428023336,0.5569086097254057,-0.08219577399105672,1.3654272259082323,0.5511140820740688,-0.5993890522928449,1.2560154616947872,0.5780810536572324,-0.06724666962722865,1.0409478795324998,0.49338585192213713,-0.5811284187942223,1.2061711225889669,0.5002910345016267,-0.09169835896564638,1.0163404854531015,0.6956405042583828,-0.4732671421327424,1.0791734891281846,0.6623966728195203,-0.20681383187143965,0.8581714977319324,0.6987725765856787,-0.4910541492277131,1.066949158281407,0.6495869986503424,-0.18935873520857943,0.8362708417941792,0.24377075873867582,-0.4164817131405835,0.5373734510940121,0.41558931074984506,-0.1449495332362988,0.5274360011592405,0.2988337947460954,-0.3192648979889442,0.5264691377190384,0.35420884502556854,-0.24046549948280627,0.5281204136549236,0.1721154460819076,-0.3563146649972455,0.09871173092614091,0.37066466703819184,-0.1306509393956758,0.07715406049364264,0.2306180951824271,-0.3275371272567187,0.08846322387137298,0.3517118710647992,-0.19746150225180958,0.07642387016662384,0.25009993090782673,-0.49213927310042477,0.0319829278441825,0.5228618651842187,-0.17858297448835078,0.024311440907349734,0.3407544891520454,-0.4844745166836189,0.03413283748633263,0.5409235137329839,-0.24540149615355097,0.03353315608399191,0.15913505372233422,-0.28148519532557825,0.04353208073962267,0.29587676906303984,-0.13399266693674036,0.04309969974912077,0.692321481935484,-0.25154435392016083,1.4081881641367766,0.7272115937773991,-0.19614744034839438,1.606860758189221,0.619997113426085,-0.30715719824217935,1.5314795974249316,0.6271867729212681,-0.14508113091369199,1.5009823720050255,0.699813907718286,-0.270638109955627,1.4684965365653875,0.6981530304246923,-0.20218462157837036,1.4518578085798208
271,0.32285151742266016,-0.39846434575130907,0.998381603804926,0.4310350733213579,-0.19563048591013726,0.9722306118343444,0.1936177752853188,-0.25197981624658633,1.0333506777207706,0.24901169909920365,-0.154912380866925,1.0246285051378796,0.4525978789197981,-0.2087612262315916,1.475351558801688,0.4703885030773471,-0.3853334517403105,1.492725695285618,0.5568686211708772,-0.08276332553480023,1.3654825360614087,0.5509029103571117,-0.6004731719403069,1.2560171102746274,0.5782485223136389,-0.0682494196870503,1.0412397834209384,0.4932837986185185,-0.5821411539577167,1.2061956945956704,0.5004503466309231,-0.09260929534838158,1.0166521616929232,0.6956561394226001,-0.47396542938938624,1.0795784257219279,0.6627659255620494,-0.2080267994677708,0.8589584961864998,0.6987569954241253,-0.49176456443187316,1.067343166272548,0.6500245392460275,-0.19061229453280226,0.8370868346019977,0.24389735471696727,-0.4159788402171006,0.5370145011565716,0.4156223619953665,-0.1445321107122345,0.5275147374818123,0.298935065586146,-0.31872350668087673,0.5262510584416298,0.3542650965935841,-0.2401360715156619,0.5280772322789538,0.17238496715113738,-0.3556232870900126,0.09843320166829922,0.3710580673247664,-0.1304729005828155,0.07741335767397177,0.23101196309724334,-0.32685292485181544,0.08842698107203938,0.35207017038063876,-0.19724003512282204,0.07666587082223578,0.2500650473532713,-0.49163623520550437,0.0318331160849092,0.5231023057035399,-0.1784694134301311,0.0247004581412832,0.3407928397881558,-0.48413090408785986,0.034102483658222986,0.5412468131748974,-0.24533242373726905,0.03395935661567733,0.15973368327156706,-0.2805217310298845,0.0434968904119603,0.29635419823112485,-0.133647080886491,0.04331603119857359,0.691828122639729,-0.25118238619913363,1.4076221850739914,0.7273773181382084,-0.19596949089341095,1.6064464415781545,0.6202285917330658,-0.30748257112415517,1.5311936754455777,0.6267478022083773,-0.14517963218929314,1.5010144536215648,0.6995722252475816,-0.27037549417140905,1.4678020859173397,0.697709521367602,-0.20184305012785272,1.4513528170950094
272,0.3230858433124697,-0.3978506719596892,0.9980371077563055,0.43094970089875156,-0.19483236495909115,0.9721119165301504,0.19339566680000356,-0.2513248275115889,1.033094060298954,0.2485666734561488,-0.1541704934821797,1.024514802807484,0.4521380456922917,-0.20850780708726657,1.4752255703551642,0.46994955526375426,-0.3855246563129346,1.4926379526141582,0.5566188943715384,-0.08243888442469911,1.36537348720952,0.5501953256897358,-0.6011797510927841,1.256156288706771,0.5781985650752668,-0.06799222808203322,1.0412692241612718,0.49270334025061646,-0.5826193785998375,1.2064108118515393,0.5005086578376903,-0.09231151840577917,1.0166962926590815,0.6953626851246796,-0.4746918954562932,1.0800709149112822,0.6628665330676085,-0.20863909957225,0.8597773866833772,0.6984218742018008,-0.4925020314920317,1.067866498218187,0.6502395515479464,-0.19123565817568097,0.8378636687971903,0.24409666223312834,-0.41437410125814395,0.5367595202569352,0.4154765876038147,-0.1432492160613387,0.5277748975609602,0.29901783123524794,-0.31702933651175585,0.5261990046225804,0.35418340130685316,-0.23898985940689024,0.528207944634522,0.17274103978540467,-0.35343915953674093,0.09835861396849913,0.37105648665583524,-0.12928523854248225,0.07792835544467902,0.23143291895746018,-0.32480502930022215,0.08863020163545417,0.3520713516213432,-0.19602147701570194,0.07716601293561826,0.2502981885987292,-0.48975244448383426,0.03186454863882146,0.5229640700626849,-0.17728947429907682,0.025315320266142166,0.3411193027640905,-0.4824403502177612,0.034256213538706864,0.5411632940824693,-0.24424288238777658,0.034606062787065524,0.1602360028705897,-0.278036030109075,0.04374422181138577,0.29638799521206854,-0.13220278204978014,0.04380198009973011,0.69121061552603,-0.250560812157067,1.40706658930009,0.7271263880493245,-0.1956195498298911,1.606304529033842,0.6201762386850163,-0.3074835042141059,1.530835448599456,0.6259261708044337,-0.1445476096568395,1.5010617210389388,0.6991351154844232,-0.269790246738648,1.4671781858645998,0.6970426268618944,-0.201052499241479,1.4509315132169358
273,0.3233371735654007,-0.3971074545122117,0.9978727837333382,0.43099681583851707,-0.19405691082020743,0.9720919995427086,0.19334458567983487,-0.25054360774086765,1.0329299019375147,0.24834071932910912,-0.15331003741884874,1.024426836623041,0.45189098177943704,-0.20805715735689503,1.4751199219268465,0.46973647396953827,-0.3854376387158887,1.4925190888415283,0.5565439331566713,-0.08207584073188628,1.3651309807036518,0.5498278959550618,-0.6015002698389198,1.256325153767629,0.5784056778385209,-0.06755479193431331,1.0409620406680373,0.4924111912561433,-0.5827347295202268,1.2066480449338746,0.5008769598810549,-0.09177972832951455,1.0163660047136875,0.6954752284932342,-0.47502294076429746,1.0804546838652056,0.663175452975387,-0.20964434805639554,0.8602957556510358,0.6984515587220409,-0.4927883173606427,1.068243374784045,0.6506728780896108,-0.19229109706100064,0.838258872056213,0.24443469407725124,-0.41310525182362556,0.5367162002900999,0.41543233510146355,-0.14228424414148408,0.5280462042921436,0.2992426528775166,-0.3156955228536987,0.5263017890680233,0.35420242389823187,-0.23806531149771595,0.5284106754319825,0.17296583177980807,-0.35148245456657473,0.09849265478339347,0.37099346490658963,-0.12827006556156423,0.0783645348040801,0.23173349120183406,-0.32301423233562526,0.08896027568123291,0.3520216110412241,-0.19498839891766911,0.07759125201736887,0.25043399655766974,-0.48811593140102444,0.0320322273443298,0.5228150161017789,-0.17629004555248565,0.025799892588024093,0.34135118022230254,-0.480976792547017,0.03451575240353239,0.5410068602365473,-0.24331745734311203,0.035129800293711044,0.16056311407172855,-0.27585570946400767,0.04412823706917866,0.29629929746199063,-0.13094568936895995,0.04420916025437939,0.6908825575952832,-0.25030470017217155,1.4066845215057222,0.7268734996894155,-0.1955468944060416,1.6064110306083261,0.6201666983917593,-0.3076047531843604,1.530587896054728,0.6252825919578751,-0.14399660536640693,1.501149074228782,0.6988891118689275,-0.2694304299103282,1.4668022255262696,0.6966079419393829,-0.20051086070637425,1.4507005151660943
274,0.3237560069746062,-0.39650707601052076,0.9979305877599444,0.4314196851144878,-0.19366771825470105,0.9721678025403532,0.19369458700307343,-0.24981610212112965,1.0329104980318145,0.24866523377463043,-0.15257050643408462,1.0243905726359421,0.45207587354074275,-0.20755916874715452,1.4751005630843452,0.4700070234385998,-0.3850851717065375,1.4924613657996741,0.5569087624955655,-0.08190151977162671,1.3648780765442388,0.5502546850809007,-0.6011697188623554,1.2564552321414866,0.578978213253811,-0.06726569629935905,1.0405317024280776,0.4927226167194461,-0.5822827622886132,1.206770427006154,0.501571013023256,-0.09126811443913392,1.0158722579024344,0.6963805188105283,-0.4744181331729693,1.0808818813832597,0.6638040722720926,-0.2107889678755965,0.8604675434634744,0.6992516498336072,-0.49206949433626657,1.068571592413016,0.6514435743529148,-0.19350327619747407,0.8382812618886983,0.2448567467212444,-0.4125671432063018,0.5368766986052205,0.41572736774087776,-0.14192108898269262,0.5282147105678325,0.29965554725920124,-0.31514419974889296,0.526467231396287,0.3544942847613988,-0.23761853288094614,0.5285624220411419,0.17294894110877104,-0.3504604490596683,0.09867881040876031,0.37102655039888555,-0.12775190975282918,0.07842347112839926,0.23179231581118098,-0.32215464584515807,0.08915251945664754,0.35207433541760375,-0.19445390454778258,0.07765897892984051,0.25021344137780227,-0.48741740400554295,0.0321392950454416,0.5229476977576842,-0.17563149940736958,0.025791164132472816,0.34126182535993255,-0.48045832920917264,0.03461429298672348,0.5410683707525722,-0.24264082979713064,0.035134906224094105,0.16060320091262675,-0.2746827080862827,0.04441524281181256,0.29621590453397945,-0.130289098035016,0.04429538167907692,0.6911262165066967,-0.2505651559262277,1.4067567167121926,0.7267973447621703,-0.19579095848395606,1.6068808884051131,0.6203255484217415,-0.30773153427772476,1.5306645077710015,0.6252291152231907,-0.1437784657678756,1.5013137326845998,0.6990720304517323,-0.26939144038418456,1.4669783203379918,0.6967288532071163,-0.20046298632423598,1.4508780716173741
275,0.3241747085666783,-0.3959957867488631,0.9981563013673929,0.4320911586055938,-0.1935506846305067,0.9723293333490075,0.19425350716271006,-0.24900587327987614,1.0330962988992054,0.24936551600700219,-0.15185735580701457,1.0245066797378681,0.45260549098216596,-0.20707995608428414,1.475090721325892,0.4706963031273577,-0.3845815588091883,1.492392579169289,0.5576527259190938,-0.08181002372909275,1.3646103300232189,0.5510746786204037,-0.6005787631337817,1.2565116443891189,0.5797558463710094,-0.06704011138720306,1.0401649415282592,0.4932383662850998,-0.5815968944998906,1.2067780888314183,0.5023904058193605,-0.09077902242037685,1.0154159700279732,0.697669892623692,-0.4734286502467201,1.0814292536653334,0.6644815145526973,-0.21174646799689995,0.8605441124724033,0.7003943935806785,-0.4909287262382061,1.0689584848708362,0.6522570614874534,-0.19459227770434406,0.8382162048528358,0.24522129203045634,-0.4124707469775152,0.5372575774749944,0.41621551446983884,-0.14195263590966237,0.5283576449543951,0.3001239456220989,-0.3151514688935559,0.5267167640175946,0.3549113124872984,-0.2374724102877967,0.5287539786675214,0.17276220129435949,-0.350172924802531,0.09902782726120611,0.37111154237947985,-0.1276563266459338,0.07842257693555593,0.23165608586667813,-0.32203958529106597,0.08939550084863505,0.35213748682174695,-0.19433122336704867,0.07767198196597533,0.2498142238068498,-0.4874195040593126,0.032350159757460493,0.5232048746786016,-0.17552971850518156,0.025629926081180164,0.3410221312771501,-0.4807043741914827,0.03473145360593845,0.5411825406803233,-0.2424808540385492,0.03496634010890007,0.16043338308331934,-0.27432920493269664,0.04475436389283337,0.2961453555238044,-0.13016269336790826,0.04437410972311349,0.6918299371455556,-0.2511754655345228,1.4072060765540246,0.7268527330329688,-0.19611428376939155,1.607535243505684,0.6205616874950477,-0.30776644101551165,1.5310117322630765,0.6257467827229986,-0.14381202352881972,1.5013960717429318,0.6995723629463313,-0.26959597508201905,1.4676022745012578,0.6973350286479479,-0.2007835076249625,1.4513337343812878
276,0.32420248274317387,-0.39540865408843595,0.9984342378032607,0.43262991768654374,-0.1935054118166189,0.972548592009612,0.19464378109798075,-0.24801224788616577,1.0334233797354808,0.25006031665726625,-0.1511103181018822,1.0247591776875618,0.45291476307755785,-0.20659869353761587,1.474987549675426,0.4712187883306772,-0.3840729428244467,1.4923418987126125,0.5582355454179666,-0.08148641576009003,1.3643646691230182,0.5514645100341578,-0.6003867263910289,1.2565755423053746,0.5802188652743185,-0.06666002552122242,1.040015900319593,0.49320045143162683,-0.5812915701065794,1.2067984108249181,0.502790341450423,-0.09025519388437242,1.015167421100684,0.6984641826883996,-0.4729720884217032,1.0821729494999728,0.6649192304820554,-0.21235384095885157,0.8609369502111662,0.7009591528240549,-0.4903621339541518,1.0695564167100813,0.6527192049245818,-0.19528465580442486,0.8384499809700623,0.24518112799349454,-0.41240337708355684,0.537796682607492,0.4164870758251994,-0.14197486197806453,0.5285018640857437,0.30026122021943413,-0.31524849480086853,0.5270587736102197,0.35502408615692277,-0.23727578475695055,0.5290085237600394,0.17228521172355785,-0.3500641831039384,0.09952250676478577,0.3708176938556028,-0.12739217494002164,0.07847330249521178,0.23118655988284836,-0.3221279738700131,0.08974494729959734,0.3518235495255964,-0.194056120924542,0.07778039197664165,0.24911007507435426,-0.48755709130667685,0.03266649953965102,0.523018184545222,-0.1752975298158331,0.02549783582861956,0.3404122660660086,-0.48110292969215596,0.034868282280468156,0.5408229323498838,-0.242190694178021,0.034811752328854514,0.15995758512602798,-0.27415942310194,0.04521755315779063,0.2957716300039144,-0.12992947378483435,0.044595342773225126,0.6923081455700727,-0.2517647790459288,1.4077096619637424,0.7268052780381312,-0.1963285808912531,1.6079705450244075,0.6204420657100554,-0.30766823468188764,1.5313579617169388,0.6263028679758176,-0.14385922980493407,1.5012567209973398,0.6997906967889128,-0.2698517303508646,1.4682565652008206,0.6978028030531426,-0.2011454476036723,1.4517332608880331
277,0.32374168226270783,-0.3946156928137405,0.9987096605571647,0.4327107082491476,-0.1931873452734889,0.9727808278376121,0.19463816210024804,-0.24692219519520323,1.033819059395707,0.25036955358428103,-0.15037233638464223,1.0251014373646303,0.452789710266727,-0.20597699317041282,1.4748310625549734,0.4712282236179453,-0.38349956517294675,1.4922425612661265,0.5583303527604007,-0.0808174862042817,1.3642236795672549,0.5508969612933511,-0.6006500801482372,1.2567536151861505,0.5800077801177477,-0.0656143548354728,1.0401323983835882,0.4922891256151407,-0.581357453801663,1.206981913781069,0.5024610804912847,-0.08923739861562842,1.015232866074096,0.6982270636845822,-0.4733087051022613,1.0830041566983009,0.6646683602258286,-0.21193865827495936,0.8617256616484679,0.7005339396705409,-0.49062064959119167,1.0703552125853182,0.6523358026027606,-0.19486909075436576,0.8390644559321714,0.24465809798722574,-0.412206593301878,0.5384506900400235,0.4161762788853151,-0.14148182136907134,0.5287160988122038,0.2998615529944696,-0.31514625940464575,0.527532439616357,0.35458153020832045,-0.23662103170619228,0.5293387186192822,0.1715843263426003,-0.3498437373627383,0.10015433333882386,0.3699884914572195,-0.1266080998907264,0.07876190654304617,0.23045320450532839,-0.32206962176044945,0.09029021629135048,0.3509679651420689,-0.19328482985723067,0.07812636100042541,0.24828439351584372,-0.48742807987632447,0.03313757320218814,0.52204953813662,-0.1744609404941514,0.025585537311846446,0.3395893231453433,-0.48107350324960646,0.035147437733813666,0.5396979562526676,-0.24132859599372838,0.0348762707789841,0.159199825126922,-0.2738399660269286,0.04584801218116133,0.294959601841001,-0.12922309225196046,0.04506371288042974,0.6923112288961615,-0.25245812355610636,1.4081380764678508,0.7265615572812444,-0.19652755380769338,1.608096912569303,0.6197951001420607,-0.30744199698768626,1.5315866234977333,0.6266279016033809,-0.14385127861880923,1.5009634789057968,0.6995361181519862,-0.2703138056431724,1.4687670696013164,0.6979049212125872,-0.20166459587329544,1.4520066548643453
278,0.3228709919694844,-0.3938917573533839,0.9988882167263995,0.4324164623324876,-0.19281134024640273,0.9729573364921952,0.19429306640395538,-0.24605867743379095,1.0341191437191444,0.25032961587502595,-0.14983341168564845,1.0253924653350335,0.45229018675894145,-0.2054233925310188,1.4747048937284057,0.4705414214881473,-0.382979324645208,1.4921519130525382,0.5579521819632866,-0.08019013278539515,1.3642653787666115,0.5493416165846698,-0.6013373768131979,1.256980345677635,0.5793027770326437,-0.06449905429939268,1.0403662699687821,0.4906044810916742,-0.5817497552688089,1.2072461723723755,0.5016844181834511,-0.0882834915426477,1.0154658912546441,0.6969102259578491,-0.47435692083308184,1.083710383061094,0.6638344812155925,-0.2111642988629453,0.862607579999829,0.6991386170862351,-0.4915969400746043,1.0711262811085,0.6513179714775665,-0.19402660331787622,0.83980888560082,0.2438452272745515,-0.41211428165005975,0.5389585911749599,0.41545335487065205,-0.14075340386184843,0.5288554207231866,0.2991580299881821,-0.3150650093928782,0.5279118045801053,0.35372410645588126,-0.2358100430342459,0.5295507749999832,0.17075343531463225,-0.3497799702421,0.10062083706457363,0.3689378254292682,-0.1258075192732448,0.07896511270075413,0.22957740007626562,-0.32211231215931335,0.09070581191761853,0.34984321756980785,-0.19248574370254165,0.07839250108832989,0.24730947464713277,-0.48727322633145553,0.03354310782984439,0.5206955708887423,-0.17352573385768388,0.025673204312304,0.33853287661619014,-0.4809216436536378,0.03539216354670637,0.5382102673972489,-0.240357096091209,0.03496243366301771,0.15834180037160275,-0.27369195411061015,0.04625243908156706,0.29398096089349157,-0.1284735146762741,0.045366735702463856,0.6917986684474922,-0.253347523909073,1.4084042096768175,0.7261994837168017,-0.19700868654666803,1.607842790512585,0.6187258271318071,-0.30733254775429303,1.5316427053705381,0.6266476588573244,-0.1440021633560649,1.5006817592429202,0.6988171684487605,-0.2711069521451903,1.4689941956962904,0.6975953647036414,-0.2024308189781011,1.4521098525435736
279,0.32178599259578994,-0.3930551086324747,0.998894371227181,0.43191403514821797,-0.19231262189885626,0.973052700520237,0.193870786870552,-0.24525059826148843,1.0342295556169916,0.25016461964764447,-0.14937394486959202,1.025567735267404,0.4516383723234143,-0.20486246157641266,1.4746474146765562,0.46929280662756767,-0.38235420414582955,1.491946055565979,0.5573398000697394,-0.0797589466270823,1.3644496866787235,0.5468366766700083,-0.6018249145895247,1.2569855810470654,0.5784388508400543,-0.06352098897084495,1.0406972402857944,0.48824911521253356,-0.5816629693200774,1.2072766365472671,0.5008370222733521,-0.08749534891440279,1.0158485784947051,0.6946535309446115,-0.47552434847010955,1.0840343056723625,0.6625895174884749,-0.21009975739380884,0.8633097257506203,0.6969367591257571,-0.49263795774826397,1.0715389733267646,0.649877601749935,-0.19292868256246187,0.8404590952597513,0.24308794717748006,-0.4117521251655595,0.5391719704985455,0.4146953628699915,-0.13974693449637854,0.5288858714058071,0.29848982615811237,-0.3146330588935421,0.5280792398090393,0.3528697465646453,-0.23477984503664875,0.5295669604414137,0.17016725557800497,-0.34950431655878184,0.10088753395312824,0.36811208395883355,-0.12482668496861136,0.07908068011832163,0.22891869897159228,-0.3218171126959941,0.09090537780963624,0.34893509571576753,-0.1914952994579482,0.07850850858737951,0.24668996619371547,-0.48678311285488546,0.03384904303651708,0.5195652548222973,-0.17249294383040592,0.02567754991234755,0.33772687065186047,-0.48029916887534957,0.035627968238186834,0.5370317383264605,-0.2393659790648763,0.034911554443827965,0.15769311363509714,-0.27344153525599213,0.046369591627824114,0.2932362567037552,-0.12750164935680705,0.04546548937462725,0.6909615745013069,-0.25424418092134776,1.4084520991170948,0.7256048212487304,-0.19773722801566346,1.6074449612884891,0.6174853473224255,-0.30729620065348096,1.531511093497523,0.6262993675609748,-0.1442358296081522,1.5005424602813158,0.6978642602067363,-0.2719907896612975,1.468916785664685,0.6969771686252365,-0.20334639501274787,1.4520828801220662
280,0.32066858046243657,-0.39251430880865806,0.9987900850091975,0.431509540307083,-0.19223824566692507,0.9731380258929275,0.19356500914365604,-0.24472330436764494,1.0342476793442843,0.25014616602963013,-0.14918335529075744,1.025729520159009,0.4513269423190864,-0.20494600525688156,1.4747257977104693,0.4680175005269124,-0.3821895852263886,1.4916701366378804,0.5570822654867705,-0.08037421434762256,1.3646811081597283,0.5439704896710369,-0.6023827798328937,1.2566750816764625,0.5780952554628457,-0.0641403500652945,1.0409720265983973,0.48567810400966627,-0.5814128874061335,1.2070032530205779,0.5005952270002993,-0.08820152399129917,1.0162065605314312,0.6921485330311683,-0.4770992709311245,1.0837631185005294,0.6615790512509059,-0.21038524770903308,0.8635772451960293,0.6944633740332882,-0.49402843623833664,1.0712782346762948,0.6487358428625127,-0.19332491187741824,0.8407622760610525,0.24263168049823283,-0.41147985110043345,0.5390073223323529,0.4144085993121036,-0.1393661012764907,0.5287887212710517,0.2982021923941163,-0.31435845683257607,0.5279746946875419,0.35243664123251645,-0.23436586970619888,0.5294242196951752,0.17012453977658767,-0.349751895812281,0.1008225451489439,0.3680322969346778,-0.12486182344965327,0.0790141538006649,0.22878619479616547,-0.32191432613572385,0.09077420230909085,0.3487435716338936,-0.19148021129709789,0.07837514215738915,0.24669297342107382,-0.48672964434672233,0.03387857674632672,0.519223867417587,-0.17270137393336943,0.025530138876444508,0.33745058382076487,-0.48007293803218337,0.035689407682868476,0.5365564256334832,-0.23963587093447702,0.034684613815802005,0.1576426501671417,-0.27390234939021996,0.046119586902464975,0.2932518899102226,-0.12752475083976808,0.04525280864947722,0.690381680289945,-0.2553001714937432,1.4084051439801129,0.7250898030123487,-0.19897476750887377,1.6072056729997553,0.6166263181280249,-0.30777076709238343,1.5313277485035,0.6260104761542047,-0.14501718014707848,1.500645873800291,0.6972321636315401,-0.2731439331288933,1.468728691680169,0.6965597105187612,-0.20458292553396698,1.452074689310363
281,0.31991784397498535,-0.39178977057556524,0.9985349805376188,0.4313225207725893,-0.19195736209652065,0.9731319395037217,0.19341722638279354,-0.24397793389196795,1.034125725329143,0.25022921443310786,-0.14862652338331178,1.0257855267633782,0.45135102365468527,-0.2052243204908645,1.4748337821174369,0.4671630660627514,-0.3820735624146366,1.4913593841222477,0.5572438007790168,-0.08125613498867824,1.3648873291516739,0.5416960472126544,-0.6026401790548475,1.2560557865984296,0.5783515200127377,-0.06528624077444442,1.0412019454090566,0.4835883039159181,-0.5808242257815973,1.2064082449420805,0.5010017260981481,-0.08927976896579738,1.016485448433342,0.6903816658749338,-0.4786004952007443,1.0829856611972248,0.6611494239553448,-0.21147457679288953,0.8635405603728277,0.6925870223689299,-0.4953775996554725,1.0703548941326138,0.6483267755213309,-0.1945717514584177,0.8408184368076055,0.24262583608384303,-0.4108824947107339,0.5385929663419691,0.414669876367685,-0.1391180628979068,0.5285930735699677,0.29834733958019355,-0.31383234139162414,0.5276541517665686,0.35255106603678366,-0.23411470896466777,0.5291817381913083,0.1705111722309286,-0.35009005396819526,0.10047555294025312,0.36852478683545276,-0.12533999852361483,0.07871067092312445,0.22907827217074092,-0.32204470123222695,0.09038138136152724,0.3491736498025775,-0.19194339082243658,0.077999022628495,0.24711054493284357,-0.48690571727502385,0.033587937800083664,0.5196480444384385,-0.17339848696388657,0.02519963622391809,0.33760936868457436,-0.4800503799470341,0.03552785985592573,0.5368164989893236,-0.24040154906366606,0.03428988115762996,0.1580664019056509,-0.274503523061607,0.04565302782861657,0.29382754128353344,-0.12802206867348476,0.04476268382019171,0.6901773667799662,-0.25603088849259364,1.4083586331636617,0.7247317707512986,-0.20024266918721478,1.6072011726452793,0.6162226339249041,-0.30841386307076235,1.5311585806821753,0.6258721047256788,-0.1458419026946393,1.5009064252089401,0.6969884989308057,-0.27404537341674784,1.4685759224340948,0.6964087521845891,-0.20555597039132126,1.4521239544038365
282,0.3199908010762117,-0.3906617127053196,0.998231648631923,0.4314983392071291,-0.19097639476198958,0.9730438090692679,0.19355224515739727,-0.2428594975084355,1.0338926835860258,0.2503889860806361,-0.14742690074875822,1.0257156095496214,0.4518242671837154,-0.20499881064520076,1.4749644474749561,0.46717119266412793,-0.3814889609804436,1.491136313196198,0.5578430637850106,-0.08146627067494146,1.3650721955108354,0.540649040455954,-0.6021797406898577,1.2554095070347426,0.5790895547682545,-0.06551221468665167,1.0413242833634384,0.4825591225712851,-0.5797881777108724,1.205772063874711,0.5018582414881633,-0.08927083795304848,1.0166074083645336,0.6899056256291997,-0.4792452300759457,1.0819572810783225,0.6614382617045009,-0.21207543741186852,0.8633688741635257,0.6919588613701793,-0.49598165309699155,1.0691057313965278,0.6487640189701093,-0.1953602780907201,0.840756360765179,0.24319969244326045,-0.4097944548956371,0.5381005236944985,0.41544060889429135,-0.13848735269554688,0.528404999047003,0.29893609084953954,-0.3128211174758555,0.5272478853859642,0.35328792136419446,-0.2335802334606051,0.5289641599422821,0.1711402662022799,-0.3498328349452685,0.10004425421974988,0.36951878231732693,-0.12562336005265912,0.07840836711201947,0.22965622019157367,-0.32171135842625587,0.08996524677248693,0.35016568746267496,-0.19223122696135705,0.077630514882742,0.2477657791440006,-0.4866266435949475,0.03306456597950913,0.520663155674074,-0.1736874162250573,0.024800994737695023,0.3380421740957195,-0.47959142922175196,0.03518040394231613,0.5378654773159393,-0.24074349890127206,0.0338385200787492,0.15872922808841475,-0.27441817239710276,0.04527419032674166,0.29484211134577964,-0.12837741960899104,0.04432648702216866,0.6905582118923231,-0.25612182427905095,1.4084606382939475,0.7249181998827148,-0.20094771295425395,1.607425330035795,0.6164652253093433,-0.30862110042576224,1.5311708117232101,0.6262333371585136,-0.14603369541626665,1.5012941747139088,0.6973254793966026,-0.2742874328884066,1.4686306523740513,0.6967875776574867,-0.2058256591792117,1.4523211830806928
283,0.32077797418774634,-0.3888263426048553,0.9979048124411689,0.4320358279249786,-0.18898881152823785,0.9729531121096495,0.1939337631473444,-0.24100301653406203,1.0335615353110088,0.2506461528745476,-0.14528057095209604,1.0255420613194814,0.45244762385813647,-0.20402974069745586,1.4751469450075898,0.46776096232512343,-0.38024887304437693,1.4910453812854512,0.5584635617460418,-0.08044032861114166,1.3653752392654974,0.5405866484553569,-0.6007821513022213,1.2549026830292815,0.5797475080083686,-0.06382605103200087,1.0413434003173803,0.4823392143069676,-0.57812129025152,1.2052542022429151,0.5025942245354533,-0.08729926072405442,1.0165788580684458,0.6906043202842016,-0.4787418594081397,1.0810426987430057,0.66207055580908,-0.2110374232796267,0.8632703313476012,0.6925223569334491,-0.4955720455746795,1.0679896311161352,0.6495771975934621,-0.1944074127521863,0.8407087281170498,0.244077932830197,-0.40795094497574236,0.5375480095017603,0.4165232317967185,-0.13699741273757024,0.5282508549336983,0.29976349851761214,-0.3110494757810183,0.5267618243981302,0.35443572289399516,-0.23228896804857932,0.5287507640230826,0.17173836339946086,-0.3485090770269919,0.0994698862089559,0.37064764767420655,-0.12483252810472267,0.0780733979576791,0.23026086497394352,-0.32038912876398556,0.08945111547365746,0.35135032825162205,-0.19146739409403585,0.07725051013124834,0.24834401039181292,-0.4853893196312555,0.032320072068532255,0.5218563679285517,-0.17266582255756677,0.024315135289898475,0.3384878288757863,-0.4782750537564617,0.03459361510561236,0.5393300705047577,-0.23973537649165125,0.03329122171601682,0.1593761031307714,-0.27313933151801645,0.04486139810931311,0.2959370441153829,-0.12769203317380914,0.0439534882097035,0.6910020147924854,-0.2554801884303726,1.4084779145485022,0.7257748956505274,-0.2011222608171633,1.6075963513672482,0.6171574585462747,-0.30824255041642573,1.5312826799315193,0.6269186378086654,-0.1454021913650497,1.5017613994333867,0.6978468927720938,-0.2738456944181266,1.4686298017670032,0.6973396014892261,-0.20532028532189922,1.452442603389207
284,0.32177120997046815,-0.3867921827331116,0.9976572041900549,0.4327527056571095,-0.18671355219843397,0.9729463343968131,0.19450479677212765,-0.23899002494037563,1.0333064338001527,0.251107195944024,-0.14303492504092444,1.0254139597796763,0.45294408864710994,-0.20256814212616436,1.4754517011332815,0.46838906144134934,-0.37857827467790894,1.4910770356139285,0.558849692776506,-0.07866446689366442,1.365858688669578,0.5406669897199702,-0.5984318109907777,1.2546480579578982,0.5801101576740146,-0.06081077115247687,1.0414216267373995,0.48237945500252427,-0.5757560215121265,1.2049541207259378,0.5030360775711669,-0.08412785919444704,1.0165614762554211,0.6913888551251,-0.47664641535933827,1.0806347592963397,0.662807029151588,-0.20856554733114807,0.8633743952399001,0.6932881211588222,-0.4936465997612312,1.0675348265839917,0.6504135839911078,-0.19190583729689156,0.840829873637288,0.24482040482955955,-0.40575010615242774,0.5370531928513881,0.41759028445469804,-0.13509004655106407,0.5281554985091291,0.3004705011894086,-0.30887291336484407,0.5263221401396819,0.3555862685115586,-0.2305517154923627,0.5285650085657982,0.17214943365247953,-0.34643178760997334,0.09892326015932679,0.3716870051753477,-0.12327979027202816,0.07788093791164433,0.2307015466664312,-0.3183319062715403,0.08897537973538133,0.35246654069680133,-0.18996831209603648,0.07700685858076943,0.2488477198595495,-0.4833667704705792,0.03153226831435208,0.5229382389613837,-0.1708659071202852,0.023870064211918136,0.33888960914281213,-0.4762497360323563,0.03390282810493994,0.5407747134809386,-0.2379798068282403,0.03275372046409045,0.15978889926998557,-0.2710541265961027,0.04449549236878671,0.29692606816452327,-0.1262787715931747,0.043808282805325685,0.6910520258115114,-0.2542398682399428,1.408261876936509,0.7268008019743996,-0.20102262938814527,1.6077072107614423,0.6178495022537963,-0.3074553931827254,1.5313961670536753,0.6274815501217845,-0.144254656704,1.5023031212498676,0.6981049660099278,-0.27299028680864745,1.4684023482362112,0.6976470525588175,-0.2043587290845838,1.4524239001444836
285,0.3224794816189502,-0.38491459950036333,0.9975263520008373,0.4334249358807399,-0.18475074131317937,0.9730317882348845,0.19504453200980615,-0.23708791195482948,1.0332405366549415,0.2516824171010693,-0.1411028401666076,1.0254398211410818,0.45329265642350836,-0.20125648249840822,1.4758848878469324,0.46884481039517323,-0.37698119508639216,1.491283341153964,0.5590312826151616,-0.077011907627341,1.366553111391706,0.5408438521282174,-0.5953155928848827,1.2546497064122388,0.5803233145161882,-0.05824197576668586,1.0416761695985075,0.4827058183662444,-0.5726987926074443,1.204910446017819,0.5033728092192262,-0.08155028686676068,1.016753690028716,0.6919666864905752,-0.47324790069980316,1.080616565624552,0.6635348054905567,-0.20620333037163785,0.8636943433982874,0.6939303607177618,-0.4903785281332958,1.0676239008111488,0.6511943748508342,-0.18945428963496236,0.8411894118529698,0.24511765466259253,-0.4036211119101686,0.5367035769452451,0.41827155582155673,-0.13310979926438343,0.5281258060049848,0.3008153699768301,-0.3067586581831502,0.5260166663667154,0.3562717031477453,-0.22869947119622538,0.5284410714802659,0.172154750603388,-0.3441993711705651,0.09844472084299571,0.37232404807473424,-0.12153321099822237,0.07777587691034576,0.2307907506821191,-0.3161455983895375,0.08858222459609956,0.35317279644098143,-0.18828659187666633,0.07688718438241393,0.24897951601862076,-0.4810872441224568,0.030825302858260142,0.523548359203409,-0.1688465274849684,0.02351838252241067,0.33892124869593593,-0.4740968272017548,0.03321448703860064,0.541552097360818,-0.23592477061187003,0.03235012012366591,0.15980421209493353,-0.2687880675758183,0.044187419213054156,0.2975184644501733,-0.12466726256641997,0.043823404745007885,0.6908304255523332,-0.25282202296422046,1.4079629872145043,0.7278105618961571,-0.2010742254032699,1.607829310199381,0.6184704982786483,-0.30673449269578656,1.5315048293995386,0.6278543343887302,-0.14325712475822597,1.5029289700718063,0.6981484342242626,-0.2721108698167052,1.4680757501959751,0.6977281421765625,-0.2033390546600964,1.452378671730058
286,0.3228130057622647,-0.3832924271492675,0.9973649884002846,0.4339410806979665,-0.18322309358276462,0.9730626016205651,0.19538446822142214,-0.23539637276301187,1.0332157782966067,0.25218200874413615,-0.1394872756484844,1.025487090315834,0.45348932320498253,-0.20031405885152515,1.4762541084650855,0.46910816003592537,-0.37572684307668314,1.4914515160476927,0.5591889261846459,-0.07583412692460766,1.3672015404565399,0.540956385378083,-0.5919304154543302,1.254638776401532,0.5806803593698073,-0.0566001723794441,1.0420428512911653,0.4830564356174953,-0.569334625138458,1.2048628359832303,0.5038686014034218,-0.07997562110946387,1.0171209345523007,0.6921214926116099,-0.46964760730146693,1.080677291317409,0.6641569635182474,-0.2045451801433798,0.8639545675297086,0.6941404423502278,-0.486849836311433,1.067840904640619,0.6519029508716414,-0.18770195029408554,0.841570767101993,0.24507449597694736,-0.4017141600093871,0.5363962303144192,0.41844259589640853,-0.131296059057593,0.5280561262721555,0.30082443317393665,-0.30484516641712694,0.5257405409071155,0.3564003354526498,-0.22697112521728974,0.5282822614208686,0.1720813073788644,-0.3425106796056531,0.09795734591972877,0.3725303670428758,-0.12007208800697117,0.07762491238556701,0.23079664949449968,-0.3144307234376338,0.08818042298726556,0.35350354115919347,-0.1869646664614924,0.07675528391068266,0.24920911471871893,-0.4793911673813531,0.030250678974783642,0.5239300832167417,-0.16715673155290017,0.02324798924683659,0.33914842787711513,-0.4725197013658192,0.0326674640801369,0.5420413687223967,-0.23421697143732248,0.03205739453515046,0.15970147248416947,-0.2671010623999828,0.04382922769742832,0.29768336064760836,-0.12334910273966346,0.04381494758040581,0.6904370398286492,-0.2515026368165572,1.4077182731025417,0.7282740314863585,-0.2011056211876479,1.6079432468935073,0.6187204808663069,-0.30618540182473064,1.5315701946174785,0.6279009444655357,-0.1425803325983757,1.50341263120988,0.697931548002376,-0.27131648282695614,1.4677920895331757,0.6975569303260848,-0.20244967302500752,1.4523507032121257
287,0.32260446155351985,-0.38217751069016614,0.9971546311469992,0.43422075314135133,-0.1824640634019226,0.9730354306691108,0.1954383069935413,-0.23394362844422975,1.0331733500629428,0.25251567328666086,-0.13817313474899443,1.0255277030399497,0.45342556130952805,-0.20012854508990896,1.4764635509081492,0.46907174247363,-0.37534116768074033,1.491535032309298,0.5592498030799483,-0.07552876585064926,1.36773183920148,0.5408864683834645,-0.5895053105489028,1.254531787484856,0.5810672799763663,-0.05643620520503945,1.0425236605045765,0.48320041992502805,-0.5668072251590426,1.2047614640182924,0.5042562621440088,-0.07981007962897269,1.0176934552721342,0.6918520646870456,-0.46753472053747824,1.0804837630635582,0.6645589134266441,-0.20430538895412415,0.8642204711605274,0.693878673872627,-0.4847684619606,1.0677831107975915,0.6523412550345847,-0.18743028408579623,0.8419856942454361,0.24483923597824164,-0.400197429005001,0.5361240234552445,0.41829411122870125,-0.13013315717652962,0.5279693838590392,0.3007387635251635,-0.3033307053225873,0.5255082823219981,0.35608260495519134,-0.22577352959341032,0.5281255206717823,0.17203436265641436,-0.34130735613695296,0.09768677662100086,0.37258770945912995,-0.11918359729217108,0.07755821646706569,0.23085892738412675,-0.3132377754663338,0.08793984685833703,0.3536666752723947,-0.18618879133672953,0.07669991467855607,0.24924130029088445,-0.47838788776067487,0.029946461453915316,0.524177874969714,-0.16618219002873424,0.023083019176489285,0.3391891834584207,-0.4717554595032501,0.032353021418874556,0.542332715089678,-0.23332128836386196,0.03187319692022873,0.159705590905154,-0.2658720607727955,0.043657247989871174,0.2977263102789911,-0.1224577502642829,0.04387993861716586,0.6899543531473624,-0.25121120747783054,1.4075897019699333,0.7282468119649341,-0.20157424964248283,1.6079836965232674,0.6184952560980537,-0.3063146441363748,1.5315935829709397,0.6277647473312297,-0.14268016295001495,1.5036422474651585,0.6974830182724484,-0.27129352792218625,1.4676148421519708,0.6972205196928283,-0.20243707943196165,1.452323366810606
288,0.3220121900739271,-0.381599939484979,0.9969485291898685,0.43433748428272323,-0.1823723153899938,0.9730294073428889,0.19522181364441954,-0.23283926302913244,1.033083407692726,0.2526439577021777,-0.13718866996572707,1.0255501001166027,0.4531243313830641,-0.2007864723626568,1.4765386889432235,0.4687084612646983,-0.37584913659461533,1.4915139124047676,0.5592085889858873,-0.07621353147658134,1.3681561551204406,0.5407038552043699,-0.5884081807421362,1.25421452557952,0.5813506125462011,-0.057427700471714055,1.0429942935890062,0.4831277436775743,-0.565491382892298,1.20449529912823,0.5044200818293715,-0.08065347685646801,1.0182908558099693,0.6916896218920981,-0.4674602461743524,1.0799670232500627,0.6646759817006611,-0.20540636551497427,0.8644888801380259,0.6936573585039237,-0.48471029158765666,1.0673186632599057,0.6524637659806389,-0.18851392041479492,0.8423264200047479,0.2445821344472212,-0.3992927176440651,0.5358795269842301,0.4181008756132324,-0.12968115675515698,0.5278693664232949,0.3007240010068615,-0.3024953081817321,0.5252989467637782,0.355644744997221,-0.225179333467025,0.5279433828915482,0.17213084751707813,-0.3405735126589925,0.09749300780950312,0.3725488021290414,-0.11856731435654233,0.07740812686021764,0.23108999873895378,-0.31257184567312846,0.08770556715251006,0.3536635906291891,-0.1856495040423215,0.07652360062922066,0.24919383595159403,-0.47795327550307043,0.02976742489740958,0.5241700844302777,-0.1658235761594576,0.022854428776436227,0.3392301642587166,-0.4717120369616444,0.03211202817236588,0.5422601320531871,-0.23318713905738586,0.031612591428474904,0.15994636830822903,-0.2651362953201479,0.04349922826758006,0.2976950091104728,-0.12169481977079731,0.04382114511157094,0.6894959656777183,-0.25256813694261515,1.4076262128838892,0.7278970372100451,-0.20294352670418464,1.6080131450357318,0.6178583262992478,-0.3073767453025385,1.531673856978732,0.6276383940135735,-0.14383486899349449,1.5036506951771615,0.6969156641807035,-0.2725860374319942,1.4676160570031793,0.696892090771748,-0.20383949461804882,1.452334174043981
289,0.3214827063429817,-0.3817465169199689,0.9967830125637328,0.4345573916238136,-0.18296982460735856,0.9730547848673737,0.19505888437759206,-0.2324163496111585,1.032940311820119,0.2528498095076187,-0.1368858648881042,1.0255374801279344,0.45294283067159063,-0.20217656461416836,1.4766717238030986,0.4681898661772502,-0.37707908422886494,1.491460693629513,0.5593586512762359,-0.07784287504227062,1.36860318742681,0.5406518989831897,-0.5884927504100687,1.253750898085462,0.5817458168441549,-0.05934893902287558,1.0435091957461444,0.4832068365639675,-0.565399875589139,1.2040784010946373,0.5046243693385967,-0.08232306396252265,1.0188465462694671,0.6920179929270921,-0.46834487273972497,1.0793675647198195,0.6649881730849021,-0.20726815806607132,0.8647011472062751,0.6939364903068928,-0.4856172992748702,1.066731278489547,0.6527440941798445,-0.19032319825080396,0.8425450575235405,0.24447961283316919,-0.39919125450122916,0.5356780877856946,0.41817765036138105,-0.12993599030623681,0.5276950358867212,0.30092305555964355,-0.3024528108054909,0.5251236017788232,0.355445562526405,-0.2251770663741312,0.5277089177187163,0.17228321632301227,-0.3402311428583281,0.09735579527080623,0.3725650843634414,-0.11816961777823708,0.07715980760431014,0.23135904196494467,-0.3123562320952147,0.08743933777245945,0.3535808403055792,-0.18522842577290194,0.07622551539106948,0.2488577609532684,-0.47788792059770235,0.02963563603421003,0.5240369833568971,-0.16580097754551595,0.022552027832253484,0.3390889627855574,-0.47214557325796164,0.031854770543018954,0.5419966511369458,-0.23341771690849092,0.0312843102362656,0.16035731348371193,-0.2648111528735975,0.0432635029600484,0.29771749971911876,-0.12104005267284951,0.04357456309475405,0.6893447284360674,-0.2549530892075112,1.4078094531961876,0.7276445670077677,-0.20514039748316296,1.6082014123587163,0.6172913981433334,-0.3091224620729039,1.5318536118444654,0.6277517196972823,-0.1457916744015432,1.5037810458465448,0.6965939971223013,-0.27474984567545757,1.4677633032224486,0.6968498847459524,-0.20617714550809718,1.452501274732432
290,0.3214571635850444,-0.3821014891575347,0.996645917415478,0.435046174700706,-0.18354884744166705,0.9730749465576715,0.19517258597492942,-0.23233022495963995,1.0327472880742885,0.25324233892770215,-0.13686149146627352,1.0254805337917077,0.4531324598473543,-0.20369617668162557,1.476950358543404,0.46791292097021875,-0.3784421843116865,1.491388670019643,0.5598686763106124,-0.07972335497286917,1.3691554320533905,0.5411441466236834,-0.5888087427511038,1.2531573113647818,0.5823545498394959,-0.0612787311378809,1.0440667233092207,0.4838324851666498,-0.5655718800221302,1.2034980610448722,0.5050041913348544,-0.0839496607285176,1.0193463018470514,0.6932263969810379,-0.46891241082880536,1.0787615255061846,0.6657810382380669,-0.20868710728190554,0.8648519846805363,0.6951158963272513,-0.48618155263718305,1.0661274431678076,0.6534498885834157,-0.19165872899933561,0.8426574316445519,0.2447288782355534,-0.39947727003303013,0.5354490365189949,0.4186143797235293,-0.1301902986157543,0.527417333106057,0.3014159190382465,-0.30269926690806803,0.5249054689994157,0.35563938086932667,-0.2251963813918533,0.5273945465668946,0.17257730726730125,-0.3401190638438359,0.09707390664187507,0.3726946595252507,-0.11754197920530067,0.07668421233495841,0.23174826541891297,-0.3122843158157528,0.08700627457986168,0.35348192786486055,-0.18448706545863347,0.07571443826368261,0.24865373976034896,-0.47775748751697644,0.029390195385511252,0.523857331665179,-0.16563183336908757,0.022104302844134643,0.3391548538003868,-0.4724813419122879,0.031467870325603775,0.541617395202057,-0.23343854899661967,0.030863406846126127,0.1608758997078608,-0.26469356488896784,0.042787583914962506,0.29783053395971487,-0.12010890036869547,0.04304149268526599,0.6896975759793186,-0.25752928149201365,1.4081695439780224,0.7278054589916003,-0.20750352864299243,1.6086846076662913,0.6171816911225237,-0.3108621134997002,1.5321799793833364,0.6282551500840037,-0.14785399428393795,1.5042079891864222,0.6967831358697283,-0.2770091933782054,1.4680966921334961,0.6972753852190398,-0.20863704282353956,1.4529232406663612
291,0.3220248958093993,-0.38207443127682167,0.9965450168031087,0.43587884121321757,-0.18369667198576967,0.9730094359959269,0.19571793991693723,-0.23215761470278357,1.0323924558885937,0.25398158282950634,-0.13670505532530214,1.0252014412960047,0.4536796912069998,-0.20427416091760367,1.4773122615839203,0.46784013494950405,-0.3788811854301897,1.4913437698704148,0.560741745914649,-0.08076254746721409,1.369705135224363,0.5421135150624323,-0.5882371286663697,1.2524584753219776,0.5831294896501616,-0.06224499352735455,1.044624368314005,0.4849088719662996,-0.5649620304137114,1.2027519147421328,0.50561406248567,-0.08471898859900774,1.0197449802434246,0.69512651160597,-0.46797849224731447,1.0784592504165518,0.6669358169161367,-0.2086070434814288,0.8648653601077883,0.6969837897368205,-0.4851916002067399,1.065823610577013,0.6544926784112427,-0.19148458559298187,0.8426577894956713,0.2452841970782447,-0.3997379841200796,0.5351631756222949,0.4193646425496652,-0.13029882007379998,0.5270016999194841,0.3021315109524696,-0.30291508856068716,0.5246025989972756,0.35624062474331564,-0.22507238804471774,0.5269894904354738,0.1730430832907687,-0.34052230656088944,0.09662114844837742,0.37307467946286865,-0.11707799759517289,0.07598684768190182,0.2322149971587411,-0.3125419354489053,0.08643051459753169,0.35361048734079586,-0.1838869244245414,0.07503680115651956,0.24894902519249415,-0.47792009128348817,0.02906099103900275,0.5241536869713483,-0.16539263938977045,0.02163463535469726,0.33974408119635857,-0.47287719898591524,0.031082387915729575,0.5418129750917179,-0.23321030457192282,0.03047435748427741,0.16144926995403744,-0.26507194253755134,0.04207081116351246,0.2981411423117107,-0.1194797670328705,0.04221668716654076,0.690429311207519,-0.25889843591172795,1.4086666560133594,0.7283164706583581,-0.2089912284068367,1.609484591009421,0.6175498240292059,-0.31151389132023616,1.5326321236516298,0.6290295361608318,-0.14893340149489975,1.5049073235256742,0.6974247016214307,-0.27813711043403433,1.4685791936487365,0.698038715967513,-0.20995561124690804,1.4535691186734265
292,0.3228007795316863,-0.38183628113914536,0.9964371199560043,0.4367200627477676,-0.18364326001534848,0.9728735970404536,0.19636991543321852,-0.23206561442432544,1.0320009998332056,0.2547573677805607,-0.1366068817553638,1.0248297315018609,0.454366961891108,-0.20433420458562154,1.4776872916625334,0.46807433282808114,-0.37897207063469557,1.4913076681345245,0.5617644902816199,-0.08125803017385572,1.3702582549770728,0.5436025963033181,-0.5873265227396969,1.2516683343183161,0.5840004802675985,-0.06284462115216764,1.045192111897557,0.4863608288130778,-0.564101294821717,1.2019108362884607,0.506333284981344,-0.08519035678589632,1.0201289930738757,0.6975123187501467,-0.4663350186348076,1.0783157659640612,0.6681601696209297,-0.20785013815197775,0.8648592773449788,0.6993709062699439,-0.4834496927396227,1.0656662638173011,0.655641275991264,-0.19064140605481183,0.8426581523422514,0.24592301066108171,-0.3999753914934239,0.5349394441928355,0.42007653647733,-0.13014072845561853,0.5266132938246619,0.302843418892002,-0.30311951563984085,0.5243473645251242,0.3568925425970274,-0.22473979740041813,0.5266231068290688,0.17348498337758878,-0.34128335495523654,0.09621512435521747,0.3735623174351461,-0.1168480845405038,0.07529356626548339,0.23258943430532553,-0.3130692011631939,0.08597477683872627,0.35392577260257163,-0.18353261910250326,0.07441085299796008,0.2494515754126473,-0.4783423817675503,0.028843656749589715,0.5248564484566444,-0.165060911291351,0.021277518114488955,0.34050307897595444,-0.47331328433964837,0.03088308345234242,0.5425775233200569,-0.23273366730858452,0.030221902362298825,0.16187811607938202,-0.2657458890494542,0.04143523044640068,0.29851201944237316,-0.1192016835771147,0.04139373630108202,0.6913364120030512,-0.2592632892781922,1.4092585140696463,0.7290347569968798,-0.20977025234890503,1.6105201693905162,0.6182614196989878,-0.311467815655219,1.5331385938859676,0.6298381349136768,-0.1492634541410776,1.505840097245279,0.6983066514550238,-0.27831064966856034,1.469143329368116,0.6989213439529708,-0.21029533331946354,1.4543765129905932
293,0.32351646645253407,-0.38224017594414433,0.9963658422903929,0.4373935708699668,-0.18406256023340745,0.9727820273811234,0.19690366296850018,-0.23279520346883625,1.0317254770315478,0.25530825958845255,-0.1372298522955579,1.024535830223579,0.45499105101865334,-0.2047432441540246,1.4780688689534986,0.4684437234114066,-0.3795306433416761,1.4913097065379868,0.5626583857351105,-0.08192129159535896,1.3707444479880353,0.5450305372924634,-0.5869429402348426,1.250927523293156,0.5847038382097238,-0.06324894458407296,1.045629194641098,0.48758039407918635,-0.5637876241690725,1.2011182072203348,0.5068979925589132,-0.08547349404325566,1.020430755249372,0.6996312680057241,-0.46531963483336736,1.078373521082862,0.6690309023995598,-0.2070002363580243,0.8648180050140236,0.7014907707946051,-0.48232703197328947,1.0656737325643826,0.6565443103335981,-0.1897112407526313,0.8426241239302714,0.24644634761974804,-0.4008521923905003,0.5348380555316001,0.42069444661531535,-0.13055825380415925,0.5263879060074754,0.30336928261087603,-0.30400824897940365,0.5242084535316759,0.357517574022731,-0.22511554281890217,0.5263771645963212,0.17387329918733307,-0.34279374496232906,0.09592995948947333,0.3740635286542339,-0.11748552708814809,0.07475524567374141,0.23286056398629434,-0.31435292193928044,0.08569558920011448,0.35440791149370793,-0.18410534417575136,0.07394623192839261,0.250170732153869,-0.4795102005214611,0.028754844572076034,0.5257863043412864,-0.16536585987332403,0.021017759747662755,0.34137257614540706,-0.47428418805347206,0.030890067231779807,0.5436898258456865,-0.23280846034059088,0.03003048739529047,0.1621568169826048,-0.2672898419771017,0.04097420996245556,0.29889934808176544,-0.11993251384184112,0.04076778713072875,0.6921583932417275,-0.25983172471208676,1.4099051236827025,0.7298378828450958,-0.21068766647720344,1.6114998122139135,0.6189479028574008,-0.3117445398294241,1.5337426809780652,0.6306962280420565,-0.14986694976608533,1.506717030871381,0.6991243014232388,-0.27880275966583146,1.4698003948126965,0.6997777391550465,-0.21088834589133834,1.4551781714167766
294,0.32376061049567206,-0.382764186201187,0.9963213814320754,0.4377577121591176,-0.18454099423423342,0.9727562956193817,0.19715870793303208,-0.23346988288747597,1.0316909828335927,0.2555875798462788,-0.13775739929120076,1.0244650354060174,0.4553150184248497,-0.2054096752443405,1.4783566319593795,0.46866927118836044,-0.38043676870960896,1.4912199905047028,0.5631496248000488,-0.08244640404138823,1.3710420637296021,0.5456338983878868,-0.5876226775180351,1.2504456393796004,0.5849237238325292,-0.06288798239039897,1.0458420159604178,0.48779633814012435,-0.5643926053925187,1.20059373687671,0.50696121256033,-0.08492172414461491,1.0206116577251658,0.7008491604208161,-0.4657211422980386,1.0787271725535619,0.669093605274915,-0.20558973171406644,0.8647604785949905,0.7026616972165176,-0.48264252400228386,1.0659427378050754,0.6566920970046183,-0.1882207434957321,0.8425668983659405,0.246585618044396,-0.4017793274085829,0.5350363897400511,0.4210973865312261,-0.1311702920833635,0.5264596585204603,0.3035768325138497,-0.304986616407741,0.5243325258541761,0.3578422109391909,-0.22574363502308573,0.5263931349176059,0.17406235242754353,-0.344238419280647,0.09609317247678141,0.37432847689147286,-0.11827691541552064,0.07467708998983225,0.23292330488083884,-0.3157258449191061,0.08583539812344308,0.35473349456030573,-0.1848916945929152,0.07392252753774485,0.250427571862667,-0.4809579882092034,0.029114538051072326,0.5264876544725284,-0.16588519231820556,0.021093830090294217,0.3417101432018037,-0.47547403226150536,0.03134666035134223,0.5445149528465236,-0.23317193136061554,0.030150082075469112,0.1623203745167066,-0.26886294487022905,0.0409610013974353,0.29913111042708623,-0.12078374484952052,0.040621136985034424,0.6925869135456258,-0.26067317825962655,1.4104427821344858,0.7304380022458496,-0.21168605791589146,1.612163576203234,0.6192170220150057,-0.31235562083112667,1.5342842344114624,0.6313340182679749,-0.1506557343191622,1.5073333739826311,0.6995392631377491,-0.2796734499399146,1.4703864362541708,0.7003169632765083,-0.21176765559556043,1.455791481180893
295,0.32359749043796815,-0.38351400799925606,0.9963789659928909,0.4379684406706676,-0.1851852376013436,0.9728266618399896,0.19726561306919305,-0.2341156219583552,1.0318770869879756,0.2557907913896279,-0.13824621553365102,1.0246292355787996,0.4554968765001627,-0.20633746584164475,1.4786447864519137,0.4687934584636773,-0.38157847153819807,1.491149822983037,0.5633886133693808,-0.08305403648034226,1.3712265971053612,0.5453471944214017,-0.5891677347050643,1.2503423933474889,0.5848645371950357,-0.0621477662188902,1.0458145055985975,0.487032813372592,-0.5657527103073074,1.2004180335060954,0.5067289049505758,-0.08386319568016684,1.0206321209648093,0.7011492762669216,-0.4675645554947505,1.0793262887119532,0.6688709141339702,-0.20433906194767412,0.8647400274009645,0.7028389629353643,-0.48447179402136675,1.06643794481951,0.6565696042595915,-0.18688253374286978,0.8424879417787958,0.24648397791742008,-0.4029357827055163,0.5353077624515241,0.42157176337340607,-0.13237302515660312,0.5266476296574109,0.3037016063988963,-0.30621012095487804,0.5245268199110478,0.35809622450943857,-0.22699332591390683,0.5265251517847053,0.1741735396794567,-0.3455993217589271,0.09637830849118718,0.3745246768035013,-0.11947100408196479,0.07473687168802623,0.2329348712168139,-0.3171580885875444,0.08601746988296606,0.3549400696919588,-0.18613177753278193,0.07400415552377401,0.2502561612692882,-0.4826299386289571,0.029452347907131547,0.5268715126153725,-0.16717207286280178,0.02115227171704579,0.34150750909367916,-0.4769898420896598,0.03173146758697076,0.5448185656559199,-0.234430876015487,0.030228343494348834,0.16247939522630434,-0.2704067543551557,0.041072073578269704,0.29937477118643235,-0.12194906374343806,0.040642486835508626,0.6927596368933012,-0.26200690891706513,1.4108212958868713,0.7310499883215459,-0.2127097971904539,1.6123368203661053,0.6192004882617815,-0.31323228295713335,1.5347972345550294,0.6319544056692326,-0.15173908842689757,1.5075990577085847,0.6996831842224897,-0.28100413240056077,1.4708309477519559,0.7006885971277685,-0.21308725655164878,1.456112540934395
296,0.3230536514313094,-0.3837561151394066,0.9965249496307209,0.4381321654730199,-0.18555863909736603,0.9729341852571666,0.19732623524480236,-0.2340547475037086,1.032107803330141,0.2560860537493589,-0.13815176558606843,1.0248414558423269,0.45551950974606653,-0.20672725648853646,1.4788769873036003,0.46856647864098055,-0.3820874415216742,1.4910714987822589,0.5634175128288113,-0.08312826429521569,1.371269455966095,0.5441891654213931,-0.5903587494875517,1.250394153210915,0.5845953333470795,-0.061022807921412736,1.0456068464435724,0.48540636976222035,-0.5665737747910962,1.200339030624341,0.5063567893080114,-0.08242733978570325,1.0204956996324275,0.7008494290264238,-0.4696235567056276,1.080142454271612,0.6685764242072058,-0.20334810432426087,0.8648428577511904,0.7023411011537704,-0.4865583789495027,1.0671492921786825,0.6562853822256302,-0.18580902126861584,0.8424369304406552,0.24606419290932952,-0.4036201791080025,0.5356382783235407,0.42195685570937824,-0.1334440342605007,0.5268000351096646,0.3036471640596726,-0.30706781788036214,0.5247529898494941,0.3581966762284248,-0.22801167425002836,0.5266770258111857,0.17390578435152987,-0.34650036137746576,0.09679863446662781,0.37439707259318317,-0.12040736426753318,0.07479432818488857,0.23261041191888923,-0.318244494086767,0.08622953769982301,0.3547489712922028,-0.18717459685737928,0.07407621750694893,0.24935010574008032,-0.4841457394533001,0.029846870190465762,0.5267444967014222,-0.16853633678806124,0.02121257418542834,0.3405050152726776,-0.4785953843744399,0.03213468492623961,0.5444907273649974,-0.23585045814245933,0.030332611464754893,0.16234783930013022,-0.27139353437708913,0.04121239655194757,0.29934297955336503,-0.12278975321566883,0.04061845044915753,0.6927150817845017,-0.2627898353116105,1.4109579283372875,0.7316309814406725,-0.21314174711597994,1.6121019947475626,0.6190728945611379,-0.31362195429183226,1.5351531528605127,0.6323896204381526,-0.15237550583070128,1.507599615306697,0.699662507062778,-0.2817412744458428,1.4710080449834901,0.7008383941248914,-0.21382954921954156,1.4561246086328368
297,0.3224310586201793,-0.38364517485440663,0.9968053983442251,0.43822784410809207,-0.1856684128855698,0.973027526008746,0.19736038835486935,-0.23363313338594965,1.0323065647846135,0.2563647759900423,-0.13776970180049697,1.02499681515683,0.455463048290891,-0.20645768007863616,1.4790086154446958,0.46831283449022537,-0.381956866405285,1.4909669319221832,0.5632892385109387,-0.08267968111761705,1.3712348728556034,0.5429249750017777,-0.5908722229559767,1.2504159097590728,0.5844228732822481,-0.05987627266792493,1.045404921459187,0.48370727874738645,-0.5666316177584683,1.2002126445229997,0.5061646091183125,-0.08101979795737349,1.0203316159082794,0.7004793919542667,-0.4709891662584333,1.0808495707419254,0.6686100556301612,-0.20292701720484133,0.8651963964670146,0.7017572497921056,-0.48797675343597435,1.0677562989492773,0.6562501168892905,-0.1853508795076625,0.8425347060578294,0.24559880373187792,-0.4040051464286461,0.5360620012418028,0.4221369474092637,-0.1340686478616028,0.5268332797532199,0.3035345704173461,-0.3075993020004983,0.5250140744788317,0.35813295731117917,-0.22856452138916164,0.5268074537846766,0.1735074116555967,-0.3472560104535991,0.09736126109041195,0.3740230368868144,-0.12119552675747297,0.07476203889593715,0.23216879789232292,-0.319240428390411,0.08650976637539587,0.35423247864195007,-0.18807368517079937,0.07409222475575546,0.24809802339972442,-0.4856374192626719,0.030420348265522028,0.5262360098631716,-0.1701928787069932,0.021226410948602996,0.33914478092886685,-0.48036670293573114,0.03267934975255572,0.5437080053242007,-0.23762097270864496,0.030439264577656493,0.16207318644266716,-0.2721401501341676,0.04139901683501934,0.2990698176667575,-0.12346248758587818,0.04049920941820794,0.6925920946695917,-0.2625931239951924,1.4109207441298415,0.7319392520311063,-0.21261115341022818,1.6117773195736684,0.6189575543064089,-0.31329068589689013,1.5353414696508125,0.6325383771585694,-0.15218231669798948,1.5074394349211844,0.6995761005722113,-0.28143559595773243,1.4710057750770749,0.7008006688087292,-0.21352652687560575,1.455965290966247
298,0.3221214836047675,-0.38359332017578424,0.9971259729695972,0.4383954305711993,-0.18580829637810212,0.9730191828704797,0.1975503826576086,-0.2333936594015223,1.0323339838066619,0.2566830369328422,-0.1375285164680361,1.0249355039535455,0.4554179132716759,-0.2058863671699536,1.4790930647315124,0.46818373115516465,-0.38149270677302416,1.4909331424441077,0.56313569339529,-0.08209277153884526,1.3712133435959508,0.5422216977628391,-0.5904284881685211,1.2502893537235686,0.5845149780238879,-0.05937837853364803,1.0453725670702976,0.48266170244119244,-0.5657820976815581,1.1999351964440532,0.5063563021284604,-0.0803228504652989,1.0202801389759153,0.7004881695100891,-0.470895640441217,1.081299100259001,0.6690418086507439,-0.2034747158906264,0.8657410955189856,0.7015436579805228,-0.48788431808809757,1.0681102046751807,0.656598365100667,-0.1859390507506691,0.8427937948991381,0.24526710906161944,-0.4043366762918432,0.5364599094763868,0.42227459250452437,-0.13467200281492767,0.5266845381674947,0.30347475061611634,-0.30805313742771856,0.5251929279549985,0.35809894467286163,-0.22906188089129667,0.5268147032825266,0.1731484957869328,-0.34830665184662846,0.09789311640164954,0.3737110940731894,-0.1223104877853976,0.07461389375655683,0.2318139323919023,-0.32044284159639375,0.08675337753643664,0.3537424691041446,-0.18923171393881444,0.07403494724626393,0.2470530745689209,-0.4872395376576232,0.03106934521003346,0.5257790684487785,-0.17228313735716722,0.021130115040099852,0.3380190436911922,-0.48234903318145983,0.0332769879260197,0.5430217024313689,-0.23979721841390048,0.030447154703657747,0.16180643423831442,-0.27314485995159676,0.04151236514192941,0.2987913558170905,-0.12452357382298664,0.04028452187337704,0.6925376750733498,-0.26182783282662203,1.4109112160123447,0.7320683573052958,-0.21172005190317028,1.611693471321543,0.618967683087545,-0.3127056998337939,1.5354817073553462,0.6326090465957875,-0.15164172070054788,1.5072669842203432,0.6995603309301922,-0.28060166078966897,1.471056199416761,0.7007627948570005,-0.2126976524311934,1.4558588867831295
299,0.3220803741660879,-0.38332244363463985,0.9973740616365786,0.43861501374266143,-0.18574555736417678,0.9729368484924852,0.19782497926479542,-0.23298441706516568,1.032157397390511,0.25701714637321127,-0.1370809452475778,1.024670970961665,0.45519084840473345,-0.20523640060695883,1.4790502907632366,0.46809186178019735,-0.38104140335461417,1.4907983121485118,0.5629028696189563,-0.0815085502158422,1.3712274403961258,0.5421972027565125,-0.5900112192288782,1.2499770916283008,0.5845731744690386,-0.05921449459800659,1.0454918655543015,0.48240133104644045,-0.5651776148704525,1.1995888279536466,0.5065479616341032,-0.0799249101031217,1.0204075537866175,0.7009399359343063,-0.47018823779150837,1.0814526453072721,0.6693615639646023,-0.20430069316444355,0.8663443334973188,0.7018923814393709,-0.487144056746648,1.0682209739816049,0.6569032157960126,-0.18678644765498095,0.8431596597572374,0.24503000677551623,-0.4044073421014028,0.5368242528668361,0.42220067465910865,-0.13476239638157309,0.5265100580179374,0.30336458266111443,-0.30816249106230675,0.525305641663938,0.3579156233448616,-0.2290148318645098,0.5267853814944008,0.1728381845321921,-0.34915797814363003,0.09834200157895294,0.3733596706056109,-0.12308420007381192,0.07451001876178992,0.23153149454768454,-0.3213440677533345,0.0869771498720277,0.35325084731179557,-0.18999417896757176,0.07403299215810089,0.24642691636445996,-0.4882616488060754,0.031745298028691124,0.5253039998959212,-0.17385594468554444,0.021121389788942346,0.3373791854209489,-0.48359422255612255,0.03389786415654121,0.5424098621479515,-0.2414786685061883,0.03053196135595792,0.16155295188871321,-0.2739562905422728,0.04164475655466527,0.2984326656839187,-0.12528589864462703,0.040188555206635376,0.6923722299032897,-0.2609049279194635,1.410989191511397,0.7317439137463112,-0.21083003168159034,1.6119182004245485,0.6187803632954051,-0.3121137470836094,1.5355314117572458,0.6324068364310875,-0.15094967191141437,1.5071758897843917,0.6993455424755246,-0.27961405676972617,1.4711697182508259,0.7005470804312293,-0.21171731266616794,1.455911305627675
300,0.322319766636569,-0.38391621968493195,0.9974350404738392,0.43893601826122186,-0.18635152647538036,0.9728461410744821,0.198109609315146,-0.23337977252275147,1.0318422283357631,0.2573227956952823,-0.13738851976976796,1.024347680526577,0.4548669310511702,-0.20579731233839807,1.479076760380838,0.46789685111920826,-0.38175823623680327,1.4907889631445204,0.5627442975975695,-0.08223401590993251,1.3714435865289447,0.5424767591480608,-0.5908780857047025,1.2497844194506447,0.5846190375426825,-0.06013733515940155,1.0458312255059399,0.48259075383119676,-0.5661561091652243,1.1994457818392856,0.5066561538814612,-0.08063277069439287,1.020768603583231,0.7014378435481547,-0.47025031686104546,1.081661468505126,0.669618694957764,-0.2058429440885708,0.8667446509563875,0.702431668172167,-0.48718295456294003,1.0684489571309315,0.657283390433411,-0.18825284303384457,0.8434928086376339,0.24502990343004896,-0.40523888096823746,0.536866986106721,0.42220334500205287,-0.1354137924445477,0.5263191050198504,0.3033714300255397,-0.3089305026535671,0.5251878986693554,0.3578599528424802,-0.22958676715865473,0.5266472088689171,0.17278943100207772,-0.3505207857808877,0.0983884074583808,0.3733232942421677,-0.12406914141596677,0.0744432362108862,0.2315253266312082,-0.32254695865407207,0.08698844756783748,0.35315690442443115,-0.1909359535021481,0.07400222790482072,0.24648801479991392,-0.4893036127882643,0.03193515350484625,0.5252004746061001,-0.17517227063924495,0.021082985772386487,0.3374382420634537,-0.48461706388927317,0.03405108209892068,0.5422624944003357,-0.24278080564457266,0.030491631426869274,0.16152642205709333,-0.27531985830620315,0.041663110558023644,0.2983504313406913,-0.12632635927804914,0.04020369323562587,0.692064636627396,-0.2612187184810463,1.4111601164588192,0.7312249618732193,-0.21135852883000505,1.612363349370347,0.6183711210395461,-0.31282639733304307,1.5356064141449286,0.6321308435316226,-0.15151068610014376,1.5073359935997042,0.6989398871701542,-0.2800193396059315,1.4713319063564119,0.7002172511756836,-0.21211265590003386,1.4561384654319793
301,0.32230828676045187,-0.3846355669942894,0.9973166781140022,0.4390700924185857,-0.18709739015243532,0.9728114148537711,0.1980708255037414,-0.23375548960850903,1.0316119919206057,0.25736296155732397,-0.13773409819681015,1.02417917234258,0.4542330118523999,-0.2071164314708868,1.4790037363484103,0.46730175567650495,-0.3831616129231465,1.4906975353306575,0.5624690687510076,-0.0836935177857801,1.3715936697611562,0.5420641102906403,-0.5929843848124772,1.249767209873739,0.5843045761039927,-0.06122636500852134,1.0460820326847193,0.4822086272223205,-0.5683683583386437,1.199554204294631,0.5063436805299313,-0.08159408604090976,1.0210450796410069,0.7011798435363858,-0.4715849840468317,1.08208430463426,0.6692949728628012,-0.20712488809659835,0.8668802147582263,0.7022850589179861,-0.48849933758249503,1.0689325244301227,0.6571808470081163,-0.18939027616720794,0.8437296359637548,0.24490481187429472,-0.40599784408774336,0.5368044164110289,0.421819435282864,-0.13586666474429243,0.5263057316291428,0.3031810355666571,-0.30962570468609985,0.5250906981359686,0.3574646767617543,-0.22998861678145446,0.5265906373322701,0.17275147126166537,-0.35147342941657417,0.09826725415085713,0.37319327149012155,-0.12443248520045452,0.07461404672421518,0.23154102196954324,-0.32332216385866414,0.08704271903633032,0.35309335239072015,-0.19129774434353697,0.07414848888329992,0.24674164159511058,-0.4897797884498226,0.03185436860492526,0.5250413879180792,-0.1751801331603459,0.021260178955352017,0.33779408002944555,-0.48490099002281545,0.03395805736902575,0.5422127817020759,-0.24264344768881813,0.030598128566211278,0.16154637751321604,-0.27624665190911335,0.041822580914843616,0.29819714477184106,-0.12679924008172033,0.04048460548293991,0.691479789853875,-0.2625781255107015,1.4114689386654584,0.730087762965847,-0.21297235778274923,1.6130055026487187,0.6174453559864576,-0.31453760137244186,1.5356283891275522,0.6314364086371588,-0.15292071425667492,1.507643200381577,0.6981667733781618,-0.2815682705004474,1.4716170404849538,0.6995698464411849,-0.2135878301228287,1.4565834226724315
302,0.32208147070903753,-0.38497447516180144,0.9971938116536649,0.43903702525864313,-0.1875568345901971,0.9729578827691678,0.19780416367489445,-0.2337174729362121,1.0316143186295856,0.2572520093366399,-0.1378153505882081,1.0242893267467565,0.4536937172534773,-0.2086220851063813,1.47894250547826,0.46662107956152554,-0.3846310891801038,1.4905571917103209,0.5623815803203447,-0.08538018969816924,1.3716647156789217,0.540783718722849,-0.59538157569992,1.2500694406331831,0.5839271223691067,-0.06179216801394049,1.0461392060618575,0.4810276421420047,-0.5707152983249814,1.1999631555163504,0.5059732883293646,-0.08208646635972229,1.021038318064142,0.7001914018305954,-0.47353392221069524,1.0827374095125917,0.6685743819038504,-0.2075626566468475,0.8666308486903325,0.7013822950377074,-0.4904790201514594,1.069623052485016,0.6567142232524412,-0.18962898071132694,0.8436696426829593,0.24464426597108985,-0.40604965036531293,0.5366667668346663,0.4212211869866591,-0.13593028619638675,0.526451246537513,0.3028686662625524,-0.3096674926144159,0.5250567234032117,0.35691433768884684,-0.2300383895498139,0.5266387555208287,0.17260583371872784,-0.35138821124513,0.09799490102718941,0.37292985391644684,-0.12440658886168666,0.07483902445549451,0.23146191621801177,-0.3232196369776799,0.08698296890004979,0.35297022996996674,-0.19130030096244857,0.07431256498013569,0.24690870743003493,-0.48945365582442424,0.03152154723067001,0.5248130859960978,-0.17426277895437375,0.021469559154179505,0.33818524317189597,-0.48434662079594315,0.033630958383248165,0.5422291229248599,-0.24154472585530826,0.030690856206774444,0.16141305035918171,-0.2760985363399635,0.04188609968324673,0.29788634288133514,-0.12687419550598614,0.04075693520829357,0.6910108974525779,-0.2645162436578874,1.4119042217239248,0.7287839666660708,-0.21516996769171481,1.6137671382558292,0.616465296410947,-0.31665278629238247,1.5356747920176177,0.6307068092008287,-0.15468105972378593,1.5080664174391074,0.6974425422017767,-0.2836948478590468,1.4720406116099078,0.6989994469813534,-0.21563680857570067,1.4572002714488794
303,0.32177509015933237,-0.38556331410585787,0.9970977052321044,0.438981017010915,-0.1884228785187859,0.9732420893517667,0.19755016427736438,-0.23393479321451358,1.0319471718281161,0.2572090260644294,-0.13832275537506603,1.0247662142653367,0.4534947304371816,-0.21086640416107788,1.478906824664719,0.4660713594138994,-0.38676622585329284,1.4903139373892695,0.5627300487098136,-0.08787469592157834,1.3716648782861334,0.538556292509874,-0.598412118221587,1.2506165117689976,0.5838442570436518,-0.06302451057374168,1.0460226722611905,0.4789912998987256,-0.5734253211713675,1.2006336623017597,0.5059339738486461,-0.08319522301494366,1.0208609456051598,0.6985245467794754,-0.4767914902513885,1.0832907087334696,0.6677917323436083,-0.20880665494515843,0.8662549282595338,0.699688668434263,-0.4937886802586928,1.0701852216081131,0.6561474900957142,-0.19070307729573374,0.8434800549391605,0.24420210023419103,-0.40586563400076237,0.5366296058186246,0.42048610798456465,-0.13609256639659972,0.526725363877459,0.30242928896137505,-0.3095185724997317,0.5251809454892128,0.3562432191313608,-0.230122883144007,0.5268012342619807,0.17223431228383818,-0.3509219112754278,0.0977609442544681,0.3724521926250949,-0.12438240174725566,0.07507542611264356,0.23120979648290932,-0.3228198815810776,0.08694983294276205,0.3526533552580326,-0.19128576327505864,0.07450691904904144,0.24690388777374397,-0.48887731986960564,0.03113679693832256,0.5243290531420622,-0.1729753389582822,0.02165681639658779,0.3384673730453181,-0.48358789840021577,0.03319580936563254,0.5421174559989145,-0.24010209088132012,0.030760406889851565,0.16104909543939228,-0.2755721934126645,0.04200719927432575,0.29735764548190846,-0.12701303296150787,0.04101820664040497,0.6909625078173101,-0.26688813900236075,1.4125222150917414,0.7276043062239101,-0.21798523140785273,1.6146499298786503,0.6158893133057364,-0.3194838749750832,1.535710329733621,0.6300809325349344,-0.15710817975604133,1.5086593657214842,0.6971427145157849,-0.28622104453115893,1.4726523431850806,0.6987566020296289,-0.21814231427050282,1.4580322495402736
304,0.3215061505460325,-0.3865290348207111,0.9970500815102898,0.43890056978379743,-0.18966346022063355,0.9735523500465588,0.19738172672383048,-0.23457720043571417,1.0323622186139592,0.2571916968091921,-0.13932627273053444,1.0253454186999165,0.45329069086620105,-0.21338890592766896,1.4788071229211583,0.4654129526874883,-0.38921036667849535,1.4899365021076454,0.5630219729351498,-0.09043757876513943,1.371621695390193,0.5357134337307964,-0.6020317416003692,1.2511468230874194,0.5837467040004752,-0.06422219545721009,1.045920153977582,0.47633951057719015,-0.5765086163137831,1.2013128386617702,0.505904376913285,-0.08428436267438809,1.0207793846778204,0.6963455845860221,-0.48104242188304774,1.083654048951779,0.6668311054176534,-0.2106098728673011,0.8661395120877502,0.6974825302036871,-0.4980853985566349,1.0705353220567049,0.6553836466535576,-0.1923632249414597,0.8434924789648184,0.24368389702913562,-0.4058912196359788,0.5368032367409484,0.4197489844484938,-0.13673111352181247,0.5270873362657394,0.30191774718587966,-0.3095930946046932,0.5254571808840514,0.3555766556025796,-0.2306210041946731,0.527107334905678,0.17170566650058247,-0.35041026243150863,0.09773723836588247,0.371819050666617,-0.124802985215792,0.07534642180124368,0.2307821086691807,-0.32240048780940356,0.08706895209107512,0.3521906643961942,-0.19166809738229196,0.07478324106641762,0.24666161523931907,-0.48839503698953474,0.030971810010646236,0.5236735464217895,-0.17224532805214732,0.021872349965777867,0.3384704019038486,-0.4828402996378004,0.03296468098651556,0.5417896079060935,-0.239232071280931,0.030911173787081313,0.16051734152530972,-0.2750802008264106,0.042300591468064405,0.2967283800664001,-0.12767946259661844,0.041344052061690326,0.6908974978811403,-0.2691962464742455,1.4130339697499572,0.7264547401125999,-0.22095068511292754,1.6153347424483315,0.6154240975048249,-0.3225968768140385,1.5355978288304275,0.6293818704785084,-0.15971494902125558,1.5091619802164022,0.69688916182402,-0.28869161820905065,1.4731574524554947,0.6984889415548835,-0.22056062391214803,1.4587308333174624
305,0.32134377750511334,-0.3875181326984744,0.9970341902985868,0.43881696851144186,-0.19083948264535733,0.973765929161492,0.1972908155680646,-0.23529157174799684,1.0326690149404525,0.2571667175941505,-0.1403629879095274,1.0257905773883684,0.4529638823240346,-0.21545774928778522,1.4787096742614307,0.46466240708798767,-0.39130080890323443,1.4895978462648003,0.5630176644324999,-0.09229464474268248,1.3717029115534636,0.5332018991168614,-0.6052055518120176,1.2514274231891178,0.5835830290757817,-0.06500614502709053,1.0459556273269373,0.47388963387641986,-0.5791176226494484,1.2017447322801644,0.5057746648967996,-0.08500054020745951,1.0209162678130164,0.6945455977581869,-0.48510928532794795,1.083730094491788,0.6660159657694261,-0.21235633982913157,0.8663896271380401,0.6956957892622426,-0.5021248136367341,1.0706154711357563,0.6547412882547536,-0.19396409558358618,0.8438199617124073,0.24337487070192293,-0.40629379668774385,0.5371013152926414,0.4193521152867734,-0.13769988233699804,0.5274277504675333,0.30158993456197036,-0.3100118208888376,0.5257604630724048,0.35520636733446515,-0.23141376669796893,0.5274512258159493,0.17123937603457676,-0.35007708609051646,0.09789102262764536,0.37133514123236655,-0.12540984403624927,0.07561649168609909,0.2303539987378963,-0.32201348116819795,0.0873309028868955,0.35183929097349986,-0.19219935568402738,0.07509108907161467,0.24639687188552847,-0.4880985314812853,0.031035956010840353,0.5232570665715677,-0.1721552221101097,0.022073958280724542,0.3383112459666027,-0.4822472008725813,0.03298159003258351,0.541527671906633,-0.2389624633546544,0.031108280270868382,0.15998522340030616,-0.2748064685061281,0.04269949946784919,0.2962497845548696,-0.1285783425605169,0.041696229625098905,0.6906262738275639,-0.2709679239930461,1.4133438772900062,0.7255436323957056,-0.2235569643072285,1.6157182585683882,0.6148855992998196,-0.3253078265487427,1.5354285996401718,0.6287391599959086,-0.16191910497417034,1.5095498759998938,0.6965170787383042,-0.29073807608922164,1.473437411071771,0.6981182792059857,-0.2224913529157626,1.4591862339749124
306,0.3210900423631616,-0.38710041413691026,0.9971119534515465,0.43865577042578674,-0.19067794388407078,0.9738687063479864,0.19716467504197302,-0.23464680164266963,1.0327634390002474,0.2570660200639374,-0.13998342174447911,1.0259293987575517,0.4522180755614078,-0.2156681262718376,1.4784676356995476,0.46371813847065635,-0.39169667200355973,1.4892076337374518,0.5624911210741539,-0.0920488124783893,1.3717556926344594,0.5315308220019093,-0.6066408000546671,1.2513051691947659,0.5830386652080831,-0.06395550179430262,1.0460944862721695,0.47209831697445814,-0.5800418473166197,1.201757001065594,0.5051883957973113,-0.08389186314591304,1.0212079696374585,0.6934060963004868,-0.4876678152446735,1.0834410880683885,0.6651428042510081,-0.21214549201820695,0.8669460269150082,0.69459911682206,-0.5046242515914352,1.070343967956496,0.6539670491300746,-0.19359495670046897,0.8443770376791534,0.24309732491008745,-0.4056126429171792,0.5375625201185364,0.41913792264397065,-0.13764385436556056,0.5278072247585412,0.30129907948477286,-0.3093813126288796,0.5261347150642781,0.3549279249412783,-0.23111950151582397,0.5278642569586848,0.1708731235699086,-0.3488449776465392,0.09837773377796608,0.37085838892535833,-0.12502339121684874,0.07604860615510473,0.22991968310119895,-0.3206706356134625,0.087815610887749,0.3514312322798945,-0.1917875375583919,0.07557133665742491,0.2462045726433447,-0.4869685588312904,0.031568862842345655,0.5229410937894902,-0.17183427343452193,0.022513495257168555,0.3381564717322223,-0.4809062018322848,0.03352785065828951,0.5412528849509671,-0.2386088749162014,0.031606197595723695,0.15947974457701306,-0.2736278842539789,0.043263995718700696,0.2957856682837436,-0.12837186402257353,0.04221412221221775,0.6898357263221231,-0.271662570605823,1.413417067873628,0.7246433274318249,-0.22463950607745126,1.6157604091213738,0.6138150285629971,-0.32631254884063426,1.5352759108020624,0.6280899015303927,-0.1625646186722106,1.5095679188845075,0.6956153870665479,-0.2916569483869191,1.4734858519429328,0.6974191308539865,-0.2232517293393908,1.459308141206225
307,0.3208204043352205,-0.38556324882379495,0.9973254610516642,0.4385775953455206,-0.18950326724809352,0.9740300428022076,0.19711958794274115,-0.23285634094526267,1.032718976151586,0.25704718601085474,-0.13835327676870984,1.0258761800968752,0.4513651502595008,-0.21457512317940122,1.478241476949987,0.4628152284671907,-0.390857980132048,1.4888557021065887,0.5618508602167136,-0.09056016894943454,1.3718621589936024,0.5307605058272722,-0.6065072581263515,1.250890461793681,0.5824495538075686,-0.06185842859736347,1.0464340223871256,0.471085785299132,-0.5795412671952913,1.2014141266946012,0.5045412504607423,-0.08167572213027989,1.021655858284222,0.6930112697172651,-0.4886422650886221,1.0829569124263307,0.664405557880038,-0.21041257733073307,0.867435660190265,0.6942648902082726,-0.5055548874218064,1.069852797264793,0.6532629133389544,-0.1916816678828018,0.8448559878371329,0.24286644953105976,-0.40388926356288346,0.5379394942023416,0.4193370629054318,-0.13677150291884,0.5282015819073711,0.301145216316795,-0.3077862147017593,0.526454516885296,0.3549545221809369,-0.22998507423615502,0.528258818737971,0.17072669760210846,-0.3470178178939678,0.09888432203202953,0.3707739583802481,-0.12405105723840135,0.07651586031057275,0.2296766690321825,-0.318723935524648,0.0882077607241506,0.3513278511440966,-0.1908289882876823,0.07605446498031537,0.2462801862428217,-0.485242968209235,0.03224465409352145,0.5230762537523732,-0.1715246645077561,0.02307153258766423,0.33822918749815806,-0.47904823645221656,0.034302757472304705,0.5412687796253844,-0.23839541625383695,0.03222543927579467,0.1591713741372557,-0.2717964263772141,0.04363991775425505,0.2956844855063686,-0.1273803181803351,0.042718927008505055,0.6887694397098033,-0.2715799549543365,1.413388307093094,0.7238799359334093,-0.2245509483326621,1.6157303661547884,0.6124768870081173,-0.32592065124558023,1.5352937106240798,0.6276108604536718,-0.16211839721049465,1.5094382450870165,0.6944104438747006,-0.29171200609241577,1.4734437187620977,0.696599508206912,-0.22319652685834843,1.4592811332190099
308,0.3203394958177837,-0.38377315394722,0.9976685722908409,0.4385310362041817,-0.1883130510638127,0.974352847197833,0.19714611134354007,-0.2307277948526241,1.0328359502597455,0.2572106324954992,-0.13642094636420576,1.0259847451724091,0.4507209120855454,-0.21332389209033045,1.478080516641739,0.4620477525196802,-0.3897465785589417,1.488533770649006,0.5614280411512438,-0.08920958846811614,1.3719501469502449,0.5300258647047479,-0.6059126725928341,1.2505091431992024,0.5820625355197822,-0.06030212517829729,1.0468225031221854,0.4701839897144082,-0.5785706311395907,1.2010809073275126,0.5041706477294077,-0.07987531466693845,1.0221224055138434,0.6926090221518912,-0.4890405815801779,1.0825038897443466,0.6636814385437355,-0.20917366043875513,0.8678155496077646,0.6939059368036522,-0.5059000471820686,1.0693760109214336,0.6525898292700719,-0.19030661600307155,0.8452312721859625,0.24249111105208776,-0.40170269411629383,0.5382111198180063,0.41962443337993965,-0.1355454365532259,0.5285522624917227,0.3009532856876489,-0.3057271462735416,0.5267444030601292,0.35496742957467176,-0.2284598768628996,0.5285975294743145,0.17068909319341366,-0.3449113577802294,0.09921453416641939,0.37090267684693035,-0.12261761251402134,0.07687415072336869,0.2295610460457335,-0.31648753117736267,0.08840624458039895,0.35135476694695034,-0.18936806556427402,0.07641795164834153,0.24650084971353894,-0.48300223079949434,0.03272326075586863,0.5231377066651482,-0.17076724652032998,0.02353586053432689,0.33837839576051126,-0.4766325712802747,0.034875489100825524,0.5411398687514236,-0.23774258099527648,0.032731806564994324,0.15906131136708962,-0.2697103759616462,0.04383162795190048,0.29585147964445296,-0.12584346551380785,0.04312564895316779,0.6878943908070412,-0.2713774042860949,1.4136004134107567,0.7230585365068791,-0.2239937208903828,1.6160432574092514,0.6112139709535721,-0.32509433055664283,1.5355590440266367,0.62722893450328,-0.1614535716663038,1.5094293914672916,0.6933389629770498,-0.29151777165652504,1.4736871314779019,0.6959154015255616,-0.22297644641408199,1.4595019708920114
309,0.31976390209810246,-0.3827914285071344,0.9980913929047363,0.43849458069809844,-0.1878933653250646,0.9748164635098644,0.1971150916323732,-0.22930258171878287,1.0330534049155946,0.2573827963295245,-0.13512747948091508,1.0262027054071081,0.45045038759115846,-0.21283687825180533,1.4780925654041743,0.46150888405931245,-0.38928314495392763,1.4883056228991385,0.5613685776005132,-0.08883821571843531,1.3720511326056348,0.5291976518316399,-0.6056843563957828,1.2502080251834073,0.5821383633763584,-0.06001941565725945,1.0470858452479714,0.4692639466335104,-0.5780710077218646,1.200772516927497,0.5043069862314743,-0.07926222565951649,1.0223389429998222,0.6920185119029245,-0.489348773775436,1.0821938908222655,0.6632521184422383,-0.20952117121662123,0.8679372327665994,0.6933569145803382,-0.5062053556339084,1.0689950852153973,0.6522456675564109,-0.19058257314278446,0.8453294094186249,0.24200608413971292,-0.40012158541013704,0.5382648398947825,0.41987991455652063,-0.13472101490290417,0.5287149893348081,0.30071531963166975,-0.30429606105359475,0.5268620181484718,0.35497495414474955,-0.22738074152513071,0.5287288036934671,0.17061999002736628,-0.3434142515174468,0.0992041450804039,0.37119178888054916,-0.12173786445025861,0.07686427432748999,0.22946095119930468,-0.31491343145600703,0.08823572956578604,0.3515153826793416,-0.18840186869241268,0.07641581768520246,0.24649123928149957,-0.4812584361057948,0.03286710729876424,0.5233070712850993,-0.1704667648943919,0.023674683322503134,0.3383330005004203,-0.47478620464178534,0.03507748833350496,0.5411310795526619,-0.23752461345791623,0.03291964585723999,0.15904861670548567,-0.2682466079289083,0.04364358936497543,0.29619725553962895,-0.12481027560853923,0.04313224059776856,0.6873600882706633,-0.27177394683965445,1.4140785006020855,0.7223242439283217,-0.22379867394258748,1.6166772272541374,0.6102606972941585,-0.3247958860753511,1.5360790625363352,0.6270642797652586,-0.161474060490485,1.5096215742638512,0.6925960787802482,-0.29183668083465286,1.474260711813339,0.6955048440935261,-0.22334480305481558,1.459999602819974
310,0.3190719907253279,-0.38239061992564527,0.9985186467788023,0.4383262972702962,-0.18796316833616436,0.9753445385222177,0.1969264205034634,-0.22845992341676125,1.033367072949678,0.2574287373826893,-0.1343969587397333,1.0265345398209185,0.4504470942250094,-0.21303130315992552,1.4782862070871983,0.4610981154095174,-0.38942341648713785,1.4881662515202774,0.5614900459158809,-0.08919563794117505,1.3722710615692055,0.5283064101316715,-0.6060575030000172,1.2499719491226735,0.5825199897452792,-0.060624535344057234,1.047220891000472,0.4683664153604988,-0.5782518797705898,1.2005123622721,0.5047392616232559,-0.07944918566848101,1.022397758414686,0.6912888567606674,-0.4901295510961478,1.0818764493934445,0.663134164127347,-0.21069143643006807,0.8676740033753492,0.6926121239083965,-0.5070430197761094,1.0686267361517205,0.6522043067827202,-0.1916923222661127,0.8450722281071533,0.2414936044276289,-0.3992097675796235,0.5382361353705034,0.41992002507135556,-0.13413787407557734,0.5287130024549188,0.3003744362762935,-0.3034375357458078,0.5269030143725966,0.3548753351343518,-0.2265846700966056,0.5287069503508969,0.17026693118000108,-0.3423858619921893,0.09905456099517604,0.37129328714745724,-0.12125127567431024,0.07655745562300911,0.22912009320967183,-0.3138758229355634,0.08790704366474858,0.3515286292785454,-0.1878015926918284,0.07614470791653583,0.24610094195321774,-0.4799220276794508,0.03288427444444648,0.5233882683065951,-0.17026747356512634,0.023568981554109456,0.33794758084749205,-0.47341306168000413,0.03515383403065153,0.5411705668133374,-0.23740289551202715,0.032903070477993984,0.15875904718355996,-0.26730583148774023,0.04325434166804251,0.2963314859710624,-0.12420654881792789,0.04280213101650837,0.6871662273852607,-0.27285011826639866,1.4148297583865828,0.7217380598626605,-0.22406577623543217,1.6175410179496983,0.6095755424374047,-0.32505129048873704,1.5368334458422124,0.6270977384755592,-0.16210927842828082,1.5100721313044219,0.6921602335464718,-0.29273439025478937,1.475129465630635,0.6953571037049452,-0.22435735790287578,1.4607768229207119
311,0.31849155181243194,-0.38261290499106837,0.9987593637431951,0.43810217006567354,-0.18832149672846404,0.975692820204771,0.19666490725807584,-0.2283233532769111,1.0335992516807404,0.25732875396579585,-0.13426073410272038,1.0267837077203177,0.4504831840681491,-0.21371958411149145,1.478559983901553,0.4606713173908106,-0.39009977376847127,1.4881569508439303,0.5616633429318241,-0.08992333756653494,1.3725424680366398,0.5275046047291958,-0.6073349656743344,1.2497720835802628,0.5830244984613394,-0.06125208682640156,1.0472235337783924,0.4675548058179078,-0.5794222934689529,1.2002815268870215,0.5051669455308346,-0.07968971727839941,1.022372044781475,0.6905054243813411,-0.4916127895578563,1.0814673387240743,0.6634659699428298,-0.2116636720716137,0.8671651274584732,0.6917646163111321,-0.508696403482646,1.0681736954489587,0.6525412075841209,-0.19261148930034167,0.8446177410783753,0.24117413093791212,-0.39945317153926163,0.5381873527794045,0.4200233772015772,-0.13443307573172483,0.5285776728098697,0.3001470611865247,-0.3036840339123453,0.5268627422193046,0.3549082284951438,-0.226707507904677,0.5286067980858463,0.1699911914716539,-0.3426030039559283,0.09893346053578031,0.3715156381291894,-0.1219373057361257,0.07615783111389979,0.22884788519201615,-0.31413181342450625,0.08762947522281184,0.35172224901391325,-0.18839165850615006,0.07581101669264505,0.24579031308362032,-0.47985414238518725,0.03290705509508961,0.5237578353786896,-0.17111459425110265,0.023362559170808872,0.33770686059221283,-0.4732175061196008,0.035270797065916765,0.5416341351041433,-0.23826798846882186,0.03281873884960761,0.15854585383981817,-0.2677711369488518,0.04293263553563078,0.29655767651542647,-0.12487318461069277,0.04237002028940109,0.6869888443133518,-0.2745682481020757,1.4156529557818172,0.7212321588565104,-0.2250185268203547,1.6184730199049928,0.6089432946818018,-0.32591044773821354,1.5376783702379773,0.6272311564205724,-0.16332118551081562,1.5106587728493222,0.6917596192436815,-0.29426601673931874,1.4760808760237212,0.695253440904098,-0.22598930443030354,1.4616395825265245
312,0.31813493290126754,-0.3830334680265451,0.9987672107966427,0.4380021478812921,-0.18869467750963628,0.9758819287538346,0.19651905641966835,-0.22848274922263584,1.0337232843898327,0.25729930364875814,-0.1343683322559115,1.0269577820131168,0.4504569325690225,-0.2145494325460007,1.4788760162239323,0.46014133037208443,-0.3909323635742746,1.4881636602218014,0.5617956953316914,-0.09075710254205928,1.3729343028426895,0.5268057433396212,-0.6090039245155984,1.2494301461546902,0.5835253655740064,-0.061561260251160016,1.0473334429559242,0.46686278255555835,-0.5809003194956158,1.1998930020241578,0.5055111579155135,-0.07970404984887859,1.0224707996125708,0.6899447304107963,-0.4934832894757748,1.080885865992734,0.6640585441838502,-0.21214687036601715,0.8667707835223624,0.6911194763311168,-0.5107742333158295,1.0675429484797847,0.6531189015704364,-0.19303340276429265,0.8443256159435014,0.24115137107445173,-0.4002628600651291,0.5380544809542589,0.4203991317493736,-0.13521003150696026,0.5284553772691387,0.30021557280607375,-0.304442216671153,0.5267517877326581,0.35520298557694147,-0.2273853974143017,0.5285200516055901,0.169878002006678,-0.34320711541852134,0.09878145262129832,0.3718327673859232,-0.12299493194899985,0.07582481442579678,0.22878117425284294,-0.3147781202533846,0.08739477695603244,0.3520306001621222,-0.18938020279275428,0.07553783623010506,0.2455804831065906,-0.48028838153658654,0.032733254889470965,0.524207652998486,-0.1721750410794935,0.02311173022497075,0.33753548323129073,-0.47350530758830106,0.03521517458720342,0.5421197383344339,-0.23922133052101266,0.03266045389480587,0.15852997616597359,-0.2686417383155029,0.04271159559274583,0.2968864071544001,-0.12597753072940485,0.04202193678769209,0.6867142665449094,-0.27683743834134655,1.416467100158597,0.7207635779286402,-0.22674869449442972,1.619383657224988,0.608180206169609,-0.32710270252337637,1.5384970541812564,0.6274230544708447,-0.16484120641605926,1.5113132369880975,0.6912324756406808,-0.29638614367979277,1.4769784573573237,0.6951346522097589,-0.22817108508783668,1.462510327033255
313,0.3179910330703096,-0.3828677632317009,0.9985059618245774,0.4380364912295185,-0.1884571648040781,0.9758338721768121,0.19651576108917815,-0.22832794957063274,1.033671605094667,0.2573933640777133,-0.13418894532908682,1.0269670124785026,0.4503639180676905,-0.21479494701867005,1.4791854701015013,0.45948963689858463,-0.3911153861197308,1.4881298616198069,0.5618872354179801,-0.09099011176299124,1.3733738277459353,0.525997331651056,-0.6098116247786389,1.2490140522522686,0.5838834636317513,-0.06095604516953214,1.0475131559559467,0.46610363320470527,-0.5812953077944294,1.1993860452408862,0.5057260911967629,-0.07889300264136255,1.0226196966176433,0.6895076235176942,-0.49468371885712636,1.0802747380704907,0.6645401167688589,-0.21183183796153043,0.8666108790919065,0.6905782524538688,-0.5121282057731372,1.0668703015363405,0.6536345895822796,-0.19270308802273375,0.8442786461835209,0.24133522416029943,-0.4006999169080336,0.5378775962144899,0.42095071946833323,-0.13565997242601727,0.5283372162068772,0.3004852771633208,-0.3047661264360457,0.5265712308174572,0.355678569832765,-0.2278284061474051,0.5284088285950731,0.16997456808554678,-0.3433964811035285,0.0986235378716035,0.3720441444843646,-0.12300244970833499,0.07567057939450077,0.2289779016259396,-0.3149771693923324,0.08726398438096131,0.35222846103888283,-0.18939514427891144,0.07543009765072428,0.24563524356514993,-0.48024628968799116,0.032370306225588404,0.5243501942234192,-0.1720738622148698,0.022895148993900345,0.33759042843272247,-0.47323712935525786,0.03495088258523692,0.5422443797547069,-0.2389804932510076,0.03248634786120543,0.15870452920793993,-0.2690206906175452,0.04268965184648147,0.2971260745705526,-0.12607720223860475,0.041922339523494154,0.6864729241154796,-0.27897752156818023,1.4172559003117744,0.7203602133548905,-0.22852508587685527,1.6202622257138501,0.6073481972519301,-0.32793302496901083,1.539249968579339,0.6276749660471822,-0.16595613160253167,1.5119513093301855,0.6907011917282576,-0.2984244253098115,1.4777880466470694,0.6950877379813962,-0.23027660766090258,1.4633577516358975
314,0.3181230271362552,-0.38234279623065054,0.99804126433866,0.43828519367098323,-0.18785795371496108,0.9756079558191046,0.19666286880638212,-0.22798889304799058,1.0333401340604773,0.2576349592057589,-0.13384341701315894,1.0267190084824027,0.4501644547529598,-0.21458547550281543,1.4794868972268476,0.45878592769895,-0.39075356949706813,1.488055815237377,0.5618634007023194,-0.0907573558647507,1.3738727057942435,0.5251601028586605,-0.6093878383150433,1.2485049146230485,0.5840796082312354,-0.05958994807472181,1.0478183134704844,0.4653385736604337,-0.5803631501616453,1.1987432519617693,0.5058081552798632,-0.07740791465114054,1.0228239802595445,0.6892091383283233,-0.4949320260084795,1.0796820990084457,0.6649300096154018,-0.210874228851374,0.866704431733309,0.6901247350235021,-0.5124625448524127,1.0662113839915315,0.6540648081729599,-0.19176987417152028,0.8444547199587449,0.24172632293317348,-0.4005688517630702,0.5375915382921332,0.4216046148240803,-0.1356092150886725,0.5281592494787086,0.3009940780168243,-0.3045815520093268,0.5262461790547551,0.35626955090070056,-0.22778892649959434,0.5281500083517492,0.17034571453517616,-0.3432976995119906,0.09839284733560273,0.3722489405958617,-0.12189111309744555,0.07558483151824742,0.2294921755681947,-0.3148808345117604,0.0871289365236781,0.35238702310574993,-0.1883497947296931,0.07534004187759166,0.24588694028204153,-0.4799450645527374,0.03184705285158034,0.5244134200130454,-0.1709190757856716,0.02267475221526726,0.3378913778650675,-0.47277528829147125,0.03449477187120473,0.5422507046780014,-0.23777138335693423,0.03224738505914675,0.15916548523362634,-0.2689570414487812,0.04270230833958255,0.29734641162091974,-0.1250391868553008,0.04191277541262908,0.6861364573504768,-0.28068101210375235,1.4178659177773536,0.7200634729307398,-0.23015817306916345,1.6209717617426909,0.6064671497663813,-0.328357021531477,1.5398826785310396,0.6279224249014581,-0.16667651337293002,1.5125011516161055,0.6900949979990146,-0.30014825336796713,1.4783647973318614,0.6950019595369262,-0.23209139504606208,1.4640145963604343
315,0.31828261110385725,-0.3815555425675259,0.9974247802658343,0.4387264292696641,-0.18740979445722508,0.9753412439894158,0.19709178628653407,-0.2276387103462331,1.0328375563025447,0.25825593272782155,-0.13369342504618897,1.0263692902231831,0.4499258989521325,-0.21451009290562978,1.4798346389583703,0.4579075331770803,-0.3902604728394559,1.4880216922675178,0.5618164021316759,-0.09081816428211273,1.3745868781280466,0.5240533712338921,-0.6079339619949166,1.2480459520911835,0.5842021743966345,-0.05849131017134883,1.0484594259487587,0.46446334869722244,-0.578306932973745,1.1981270362016814,0.5059108137531594,-0.0761155333313609,1.0233833440431244,0.6889023356493452,-0.4944382118161116,1.0793272342256897,0.6651362900187269,-0.20947623399311321,0.8667616813827717,0.6896710989952682,-0.511938265506111,1.0658874587212899,0.6543226886831257,-0.1903862065498841,0.8446432506259565,0.24203864834318606,-0.39982910114892023,0.5371965919476275,0.42231081980100244,-0.13555032083698246,0.5279212385937013,0.30145315968505504,-0.30387357117732305,0.5258373182762515,0.35683047247927796,-0.22755501305996034,0.52779732403648,0.17072042096052814,-0.3428815088837585,0.09792804721024743,0.3725744239383028,-0.12020572354343871,0.07547518418153121,0.23003531528089838,-0.3144523373494566,0.08687125568425676,0.3526088363078884,-0.18673236283774577,0.0751762925553036,0.24623966525597482,-0.4792120422041411,0.03112138203584286,0.524474260828192,-0.16916727170670984,0.022327470165220013,0.33827925325648744,-0.4719065918001487,0.03386991794462049,0.54213955850665,-0.23596648805986087,0.03184011697167511,0.1595963537570555,-0.2685792378088362,0.04254311957170081,0.2976757557326918,-0.12344759330028793,0.04190605364876498,0.6858110144947845,-0.28200004980690757,1.4183475265499697,0.7199038392832032,-0.23188257228643147,1.6215674146057955,0.6056802143061929,-0.3287890811722575,1.5403790833599142,0.6281232707181978,-0.16753780518774644,1.5131188577765746,0.6895394338390055,-0.30168687423145857,1.4787351190760067,0.6949051684683349,-0.23378677708318116,1.4645775509916579
316,0.3184063851437832,-0.3808066993513699,0.9968218745792274,0.43928993387738857,-0.1872929885765606,0.9750964027678611,0.197765651846943,-0.22734321379427228,1.03229133520979,0.25919392192489854,-0.13370823866869294,1.0259897526687036,0.4497326343153841,-0.2147899284914005,1.4802270302692584,0.45699801752844915,-0.3900252795760535,1.4880952278506758,0.5618851759508103,-0.09137979481434869,1.3754307819105231,0.5226699524650922,-0.6062615776797298,1.2476457324093018,0.5844701127639693,-0.05784377331218344,1.0492698586850235,0.4633824164090911,-0.5760829576124331,1.1975951585385576,0.5061995344019069,-0.07506798924712935,1.0241439236082148,0.6884531980087895,-0.4936738462103766,1.0791087754357016,0.6654318557611303,-0.207895489640548,0.8667347066509273,0.6891020068607749,-0.5111422803411793,1.0657505149539608,0.6547019126615556,-0.18881096866357583,0.8447697982451944,0.2422159597207754,-0.39901000829106925,0.5368227145960125,0.423173747835582,-0.13593532738793984,0.5276070287997763,0.30186897904829035,-0.30326481299915303,0.5254414868971994,0.3573947345556459,-0.2275514518649041,0.5274271950803348,0.17114740412684668,-0.3428973933768807,0.09741305182140278,0.3732989656898047,-0.11912314426808358,0.07529073274246961,0.23061169359524714,-0.31456880611933563,0.08659205448866145,0.3531155316283238,-0.18568230124861865,0.07493967395364193,0.24660040489825003,-0.47895866335876863,0.03043409297806571,0.5248658035012552,-0.1684639911494708,0.021878741329175163,0.3386555542817669,-0.47165612328264,0.03326048159995785,0.5420989526516073,-0.23523011321492932,0.03133896488708444,0.16013383061715716,-0.26873229042998803,0.042306861938400483,0.2984095054796313,-0.12244017681667334,0.04182489148912666,0.6854174040538951,-0.2829945901455961,1.4188090651167884,0.7198173896373796,-0.2337816097692928,1.6222077432865862,0.6050207204239261,-0.3294755447122429,1.5408217095011612,0.6283024523051308,-0.16873468912737383,1.513871279467241,0.6889909410288737,-0.3030938311431769,1.4790713542301903,0.694740897579874,-0.23537905751231233,1.4651768337873372
317,0.3181785524663723,-0.37986270387551413,0.9964866042828353,0.43961405344351095,-0.18707396831241982,0.9750881178120685,0.19817078423437468,-0.22653845770795306,1.031965978251561,0.2599142417195652,-0.13328256573666877,1.0258255116901411,0.4492504140813435,-0.21541968475830234,1.48052244282174,0.4558749934173874,-0.3902080356831229,1.4880524223481748,0.5617173266026447,-0.09215757576389903,1.376194433484868,0.5206374109389822,-0.6051615896569544,1.247138819941448,0.5846116933827464,-0.057169575697244436,1.0501969465476646,0.4616141261494002,-0.5742927170623126,1.1969905667792784,0.506414336155561,-0.07391261153784073,1.0250397397891569,0.6873617046423817,-0.4936364522826321,1.0787879844574728,0.665269481004237,-0.2059811534571006,0.8668294434570241,0.6878347032260056,-0.5111093700963145,1.0654811962415933,0.6546600556958787,-0.18687937539234986,0.8450000141528159,0.24204303843863,-0.39785370357827465,0.5367853145598263,0.42371806952530805,-0.13625699582244008,0.5275747935419723,0.3019778331616708,-0.3024284768881954,0.52541970980632,0.35757836157841744,-0.22740815512902007,0.5273947496324609,0.1712563692609646,-0.3426028971831688,0.09737448519508861,0.37391185548575795,-0.11892246974657454,0.07544465739617968,0.23086711132277812,-0.3145833258693229,0.0867670828985431,0.3534898577779782,-0.1854845124499509,0.07508826929155407,0.24640467137367755,-0.47877145825817063,0.03036553930871123,0.52519930349649,-0.16885186731923843,0.021816621113906566,0.33843010040598537,-0.47167330106035593,0.03325598634509991,0.5419617882375664,-0.2355683174807348,0.031247123812414776,0.16046142996190824,-0.2686184509675024,0.042500822407107536,0.299051875304409,-0.12230350400339997,0.04205899898547285,0.6845662654969192,-0.2839519681874473,1.4192951245320686,0.7191965254263304,-0.2356474167219145,1.6229498363446941,0.6040651046518415,-0.3304401709627698,1.541253769336384,0.628031631802775,-0.17008367694927612,1.5146037113869537,0.68801469072167,-0.3044682543295492,1.4794962301763925,0.6940923738866682,-0.23687306571993205,1.465815348318351
318,0.3173589436624801,-0.37879823027085724,0.9965175376671003,0.43945179702441367,-0.18658558147538384,0.975364045778321,0.19796227339595351,-0.22513293486047406,1.0319578445441047,0.26004227658431917,-0.1322832716244051,1.0259497213222704,0.44828540745457385,-0.21642198837961274,1.4806208558229375,0.45440025572921183,-0.39109778941507806,1.4876937628915716,0.5611449052542282,-0.09296359435522361,1.3767094703155318,0.517966241073193,-0.6052258869734707,1.2462211770968254,0.5843714066949849,-0.05597895563159156,1.0510247696645405,0.45903292969284054,-0.5734740260684956,1.1960773508306328,0.5062504008971934,-0.07234481189202568,1.025843591627684,0.6855003682740439,-0.4946356903458748,1.0782935877698583,0.6644981889540867,-0.20399053723961255,0.8673569069689874,0.6857536723737876,-0.5121050478901792,1.0649214975865153,0.6540165711826621,-0.18489452407318827,0.8455776657163243,0.24143170915487888,-0.39687010813178053,0.5373697141808782,0.42372204389859597,-0.1364717345553794,0.5279508455205302,0.3016572431504288,-0.30180786687013733,0.5259483882510689,0.35717491920525796,-0.22716711809278836,0.5278434082524226,0.17102126601558312,-0.34255924075812233,0.09815822383774914,0.3741206750205842,-0.1196673000501709,0.07616655473478486,0.2307400151434125,-0.31494869405951254,0.08770149632574356,0.3534919403651826,-0.1862587299999134,0.07588295833508397,0.24589720643077326,-0.47895876237678947,0.03125860611649423,0.5251720593583475,-0.17024082325021128,0.022427536958684446,0.3378049616605162,-0.47202613381880254,0.03418127425413688,0.5414334189247945,-0.23686598318909666,0.03188861187350564,0.16043818435165202,-0.2687115611299079,0.04347038730765192,0.2992984094993356,-0.12314806339253775,0.042849524958288754,0.6830623953788574,-0.28521450421877126,1.4197799062784244,0.7176622209287089,-0.23763751051113,1.6238217788396019,0.6025288856042622,-0.3319209393137411,1.541587937086259,0.6270113073253069,-0.1716339424989211,1.515256021431875,0.6863928376775834,-0.30605559893640366,1.479988196699374,0.692702490175076,-0.2384304919981596,1.4664672209949023
319,0.316015922053643,-0.377943226058856,0.9969120491689087,0.43912857905098546,-0.18630360143662733,0.9760067477008356,0.1973868966580788,-0.22338398786773433,1.032281022971778,0.25999930654534975,-0.1310958730649787,1.026389863981265,0.4469494494203933,-0.21783426715384244,1.4806091938957657,0.4525705833907648,-0.39262737928304414,1.4870683580740536,0.5602481093522773,-0.09391864972911086,1.3770309084967556,0.5148453771359939,-0.6062788901039291,1.244982352821356,0.5838643565130714,-0.05485823148545476,1.051725850333592,0.45585715274519045,-0.5735017326442088,1.19490046560618,0.5057702650916434,-0.07111082465738336,1.0264774723852426,0.6830288433753431,-0.4965056002987448,1.0776909491827111,0.6635755299958127,-0.20292546051953664,0.8683262890749084,0.6829857616444591,-0.5138961543820004,1.0641527627478478,0.653152186013356,-0.18383853314163248,0.846495303730807,0.24041297522300759,-0.39618899063346225,0.5383631131812608,0.42335855178289306,-0.1367143879297378,0.5285885786468101,0.3010171609107946,-0.3015512660466243,0.5267867709312548,0.356319132742867,-0.2268864272652077,0.5285817777779646,0.1704751037701853,-0.3427072054347294,0.09935030877547002,0.3738216368957552,-0.12092465291805915,0.07712769268637694,0.230206630022896,-0.31547223949439396,0.08894613289446948,0.3530069925623803,-0.18755334914608346,0.07694731312267059,0.24504429167694963,-0.4794705964859325,0.03259517181736006,0.524640045025139,-0.17213623915066856,0.023374877781983446,0.33675188177026916,-0.47266651139651383,0.03552419852191983,0.5405125598641962,-0.23868824012039191,0.03287115956239614,0.1601250602452241,-0.26894097827184865,0.04477518230023081,0.29907210368615866,-0.12450767180272426,0.0438550602975148,0.6811021385008131,-0.28724696817016937,1.42028011653894,0.7154350425091685,-0.2401203042944908,1.6247592831736808,0.6004123794566419,-0.33401620975758883,1.541887935947419,0.6254795317729613,-0.17363090427917371,1.5158163702251215,0.6842590545330205,-0.30835875695619275,1.4805371031885637,0.6908205180350694,-0.24055999176492165,1.4671152310358684
320,0.31468460880242394,-0.37816127872403854,0.9974471117789401,0.43920674792207837,-0.1871565203620706,0.9767937668476738,0.19709020172140918,-0.22247244570633118,1.0327236987278263,0.2604599814803735,-0.13085135576151483,1.0269332686943327,0.4458734701184259,-0.21998505469402876,1.4807483325102488,0.4507352691682401,-0.394820180490134,1.4865802103244976,0.5597755190512066,-0.09588018578681524,1.377425543557358,0.511544628725825,-0.6079412970521914,1.2438412025916503,0.5837628458009929,-0.0552045620034224,1.0523741160358542,0.45245297357040537,-0.574202007434323,1.1937685185907934,0.5056135876965664,-0.07141974363339086,1.0270129962903616,0.68025648535122,-0.4985180865808051,1.0774485297182332,0.663257134583402,-0.2038026975718719,0.8693132378096824,0.6798437934007486,-0.5157280531921112,1.0636820157372755,0.6528249232329691,-0.1847028924558626,0.8474244377964179,0.2394174185009663,-0.3967560607578964,0.5393258753344565,0.4232567156650044,-0.13775483430089902,0.5291033918240077,0.3005047363849055,-0.3025544646383081,0.5275002926228072,0.3556383578490707,-0.22735484843463272,0.5291922111810152,0.16985867087245243,-0.34374542391380297,0.10024092249024039,0.37343701072803825,-0.12243764707573514,0.07780524208615328,0.22953268850186026,-0.3167399428762515,0.08987316696597124,0.3524495643119704,-0.18912877211414397,0.07769467369533796,0.2442368101010919,-0.4807359599875077,0.033572041375780445,0.5239983874954579,-0.17410809808091068,0.024015433400230282,0.33575771718967673,-0.47404484898202803,0.03642275462444206,0.5396913526885097,-0.24067155085984457,0.033509520214318786,0.15974060729781864,-0.27004081360109955,0.04580874625991898,0.2987883977506671,-0.12608005556772278,0.04458712317308386,0.6795324241907381,-0.2902191768103407,1.4210403771646412,0.713337475892712,-0.24345207379101919,1.6258358219738958,0.5984184880745869,-0.3368134176597688,1.542366817099938,0.6242087132408775,-0.17652980759004402,1.51653103267312,0.682443083291951,-0.3115832826942698,1.4813373315497649,0.6892963202243956,-0.2436658113827167,1.4679958814375467
321,0.3139712945332411,-0.37981914967193786,0.9979201786153201,0.43996412806823393,-0.18924972503262302,0.9775306598286219,0.19740692120985803,-0.22289865584381485,1.033074440420907,0.2616537579107142,-0.13186156179401654,1.0273761778093728,0.445447704412126,-0.22260417889907375,1.4812808944814941,0.44919342690702546,-0.39735237846547017,1.4865239348494743,0.5600874072772655,-0.09880693986714825,1.3780329801039581,0.5080087366311087,-0.6100370047373699,1.2430477396664872,0.5845612651543148,-0.05729633583677971,1.052888606318882,0.4487209039584155,-0.5755450211338475,1.1928582089176685,0.5062046078373766,-0.07334183702683819,1.0272813213761198,0.6772482171769021,-0.5006453995710446,1.0778224610802198,0.6640435389407031,-0.20709687053700096,0.87003365217046,0.6762916127095949,-0.5176536817798684,1.0637096134093347,0.653614570704526,-0.187976073553052,0.8480956105502763,0.23890150902059493,-0.3985465547768761,0.5398331116326189,0.42383521069518393,-0.13984658773176892,0.5291706749417181,0.30054212980458817,-0.3048299966889734,0.5277502259780517,0.35566573383944244,-0.22894746804571614,0.5293379128600846,0.1695448881627243,-0.34556529124138086,0.1003635840715239,0.3733289943620099,-0.12410957678593787,0.07773721004020406,0.22905700159469855,-0.3187008187678853,0.08997158636125271,0.3521652611799859,-0.1908150104546316,0.07762594501125097,0.24373896432127426,-0.48266618175215315,0.03366840827022859,0.5236555201684334,-0.1761644829177866,0.023872723783140367,0.3352181349180321,-0.4762823707121375,0.0363235274729204,0.5392577866526685,-0.24285187939192374,0.03331680968111246,0.1596577248770339,-0.2718860767715616,0.04605533910067762,0.2987910610073713,-0.12764750503983868,0.04455553052950513,0.6786664649913977,-0.29398170254066125,1.4221165250576506,0.7121390991337506,-0.24762888296566615,1.6270661712318863,0.5969547359543321,-0.3399629190771598,1.5432906323225597,0.6238094049062791,-0.18015646684665798,1.5175782487191758,0.6813435228546599,-0.3155810645027451,1.4824588413153075,0.6886038522842298,-0.24771077593043686,1.4691748414143984
322,0.31351003695844865,-0.3818257849409213,0.9982266300758905,0.4408471408839375,-0.19155140559801753,0.9781150391981761,0.197771256149154,-0.2236030790105937,1.0332980571016168,0.26290861361144297,-0.13312857698315522,1.0276882001953584,0.44515214096019556,-0.22464212269383588,1.4819849901312216,0.4474887609993586,-0.39924173594048606,1.4866007365394425,0.5606229657830853,-0.10150996877746302,1.3787204083231253,0.5034095442773934,-0.611888774463486,1.2423105132681374,0.5856473399042822,-0.05969384204629727,1.0533523155422246,0.44386664497443995,-0.5765789975378999,1.191855163043735,0.5069772300068388,-0.07555030354364328,1.0273835648918028,0.6733255294993414,-0.5027893167632574,1.0787767486467619,0.6651943223631015,-0.2111839359639675,0.8706668914815838,0.6716377514464561,-0.5196093995946035,1.0641777973017605,0.6547233937498258,-0.19207735466956002,0.8487135063254609,0.23856855213158754,-0.4001683021790911,0.5400174554767243,0.4246113494054911,-0.14203012136931648,0.5290902016843372,0.3007430348997284,-0.30696191630653047,0.527788032551592,0.3560050728265771,-0.2307316620596112,0.5292724700314034,0.16926293879812862,-0.3466313568463976,0.10020012538939338,0.3733352138067285,-0.12529232160293394,0.07749208295591589,0.2285485076575209,-0.3198935301075316,0.08976148802108563,0.35201687654113556,-0.19195982638264147,0.0773137580628573,0.2431726626382631,-0.48389988984819216,0.03349289808291508,0.523558010040691,-0.1776534009406403,0.023560398260752232,0.3347355777910933,-0.47800129244687284,0.03598591227142379,0.5391305494415491,-0.24446557392773668,0.03295463485840186,0.15959268950768457,-0.2729873090897922,0.046006784897482056,0.2988714069444723,-0.12861712928649643,0.0442880406541626,0.6779102740366676,-0.29735232041502374,1.423236340991853,0.7112833682262637,-0.25156017130508035,1.6282202546535025,0.5954783096394008,-0.34245340087354226,1.544441115627971,0.6236863506592217,-0.18335957138311101,1.5187444734927484,0.6803536541376703,-0.3192476036566468,1.483615445335579,0.6881246965636623,-0.2515412361382262,1.4703891751047617
323,0.31300494447414623,-0.3836530751137497,0.9984099127160864,0.44145770727917066,-0.19361654535383538,0.9786117878161222,0.19796250021740644,-0.22422495686866495,1.0334653247361736,0.26386514967888625,-0.134320142107362,1.0279793645318551,0.44470849007894897,-0.22597066166027174,1.4826065489364455,0.445423990061365,-0.40053336009699236,1.486565875923084,0.5611137941936793,-0.10365364414418296,1.3793148467990768,0.4971364234814403,-0.6141727118427258,1.2415579498862797,0.5865221290227056,-0.061409582436332016,1.053805362764368,0.4373303226761524,-0.5777810517561849,1.1908098936835265,0.5074616840203575,-0.0770353829583505,1.0274863279402995,0.6681179525115498,-0.5058358679038513,1.080272023596035,0.6659780975052997,-0.21482965009699415,0.8713373830906618,0.6655577537021387,-0.522517423570018,1.0650993534210038,0.6554329594665089,-0.19578504063964436,0.8493782506180074,0.23822644102109597,-0.40099851372757517,0.5401636483007666,0.4253035265459519,-0.1436679678691247,0.5291570824227134,0.300857372481291,-0.3082843819494508,0.5278834994864109,0.35635385315093393,-0.2320362582505017,0.5292759928850284,0.16895531156720986,-0.3466990583684809,0.10021802944577418,0.37328568778730536,-0.12552544413194622,0.07749476165673509,0.22803459765599415,-0.3200164355712839,0.08967966606742755,0.35185735556163183,-0.19212918031167525,0.07723480245251162,0.2425770058238549,-0.4841807684108192,0.03352139509636957,0.5236215563247391,-0.17826245334650823,0.023631177400316235,0.3343379555439872,-0.47869341550047534,0.03596473401796347,0.53907622764064,-0.24512546232869362,0.033021588274836304,0.15941156031641407,-0.272955876499664,0.04606594114366175,0.2988458369428465,-0.12858391978136086,0.04423022834225557,0.6770421268784531,-0.30005224239012684,1.4242655641799216,0.7101563341605797,-0.2551636539016101,1.6292906277446693,0.5936951594200147,-0.34438519266039735,1.5454981509758676,0.6234125329417406,-0.18599796894041806,1.5198848517266168,0.6791688086300807,-0.32238593846596,1.484636360913269,0.6875059602107753,-0.2548599709929765,1.4715433804649274
324,0.31228025151543015,-0.3847507649617014,0.9983480162460738,0.4417552530578175,-0.1950469412814738,0.9789344078831635,0.1979058493021315,-0.22407440887916028,1.0334891657285017,0.2644912351190193,-0.13483810129424562,1.0281852485863285,0.4441180322691416,-0.2271083256828954,1.4830337797291355,0.4430322846081646,-0.4016816880030918,1.4862797461630275,0.561587934562795,-0.10553486991475941,1.3798186002344492,0.4890773623626084,-0.6173388584118921,1.240896847707936,0.5870141448401351,-0.06245459165219529,1.054267367070508,0.4290914686465272,-0.5793686678970088,1.1898498034004121,0.5075911597335245,-0.07783250435535825,1.027689970366531,0.6616328206582447,-0.5108661086617414,1.081920466304948,0.6662119394759047,-0.21782530547851173,0.8719729604973347,0.658088204105265,-0.5273852455207723,1.0662106435517482,0.6555654408855514,-0.19890389679376452,0.8499865604733238,0.2378628344059157,-0.401024028379434,0.5402067370491086,0.42590417490237203,-0.1447009834399974,0.5293348812309072,0.30088200178482605,-0.3087162764497712,0.5279351388136578,0.3566418604514644,-0.23275844043116847,0.5292676725488,0.1686408141885088,-0.3461222692325428,0.10032420398652908,0.37323319493829654,-0.12508500998588756,0.07761948580951371,0.22762720905743924,-0.31942786610485135,0.08964245853834382,0.3517283954250089,-0.1916279184019853,0.07729357569826625,0.24182231544351934,-0.48395970715897996,0.03360444536372891,0.5238231112009343,-0.17824734675936973,0.0239466634062419,0.33384290781632964,-0.47867986101050847,0.036099799981366386,0.539138272969959,-0.2451066180432297,0.033360156440825496,0.15922483158337336,-0.27219333165836096,0.04616909486577625,0.29879270635651556,-0.127895061929138,0.044288752621687404,0.6760777285362852,-0.30247769610039604,1.4251449539691836,0.708401348104195,-0.25913298909915433,1.6303548071490512,0.5916176552598991,-0.34652101342195746,1.546171762704487,0.6227706835373419,-0.18866143195905188,1.5209574651951048,0.6777535111246495,-0.32542451889680385,1.4854166669100701,0.6866307795728295,-0.25799407544798114,1.4726396630018517
325,0.3116217880676272,-0.38535362308396337,0.9980593208272818,0.44212291717002977,-0.19608277564970233,0.9790751979236528,0.19795794483473128,-0.22341534537680477,1.033380503375836,0.265169759030031,-0.13486764034113424,1.028334538078732,0.44377244869505783,-0.22882179643431527,1.4833634610658755,0.44068877298917475,-0.4033542457704957,1.4858841972456907,0.5624424201479054,-0.1081295072520631,1.3803729954018764,0.4803381301161459,-0.6208405052707355,1.2402413436860655,0.587628809397009,-0.0639494046628845,1.0548828848866028,0.4203930420815542,-0.5809884485637007,1.1889792081052875,0.5079259399576345,-0.07893222628011508,1.02817963015274,0.6549734642572611,-0.5173503396485981,1.0833850186092495,0.6663135263630409,-0.22108143911883046,0.872716496562048,0.6504200668777771,-0.5335997648911326,1.067226788826489,0.6555938051218032,-0.20231111823697995,0.850638944198739,0.23782139490604298,-0.4010335682194836,0.5401362606536069,0.4266520836023653,-0.14552187103647407,0.5294984181464808,0.3011780463804465,-0.30902947493738,0.5278860450545193,0.35704961236153315,-0.2332844533258402,0.5291784782825458,0.1685533299976936,-0.34603972149612716,0.10034086405916724,0.37335996780579706,-0.12470864023569744,0.07766571974849479,0.22758044988247308,-0.319256220434769,0.08957685785102501,0.35177518516230355,-0.19122863643247962,0.07729991232746491,0.2413972755613931,-0.48412993124856846,0.03356429453370646,0.5242265763788723,-0.17849980636138268,0.024179644542932095,0.33363651257309007,-0.4789547674045357,0.03612647200842897,0.5392170930058419,-0.24538508376899743,0.033636866017156763,0.1592456824810755,-0.2719151544035367,0.046213839612751134,0.2988927835707882,-0.12729157870455984,0.04431019317116983,0.6754636996997695,-0.3051888597845689,1.4260675294062977,0.706436499669639,-0.2639083504255576,1.631588949922174,0.5897902620184494,-0.34946237501423716,1.5465734203474615,0.6220578528734141,-0.19204482473129122,1.522049356208923,0.6766101602497546,-0.3287359419249829,1.4861766169010977,0.6859059358174454,-0.26143530043508323,1.47384231663479
326,0.31130428132421745,-0.3855009198428547,0.9976573631807649,0.4429192791197976,-0.19686778871864657,0.9790589340532797,0.19851418443099572,-0.22228351399968,1.0332277402449548,0.2663963118985654,-0.134427942442742,1.0284494019807406,0.4439984697548013,-0.23100609560784852,1.4837397152384741,0.4385820796695954,-0.4053331478434113,1.4855488409793742,0.5639414845944819,-0.11170227349853935,1.3810988848526076,0.4718010055213197,-0.6241015255184963,1.2396843775655644,0.5888709115299775,-0.06651011878352638,1.0557878652215884,0.4122196193349444,-0.5823503826131705,1.1882925603503296,0.5090129690441272,-0.08089561499179261,1.0290125820807217,0.6489391941460028,-0.5249210249967899,1.0843571639384666,0.6667401760623332,-0.2252090837800912,0.8736379517434057,0.6433022668794375,-0.5408070484925761,1.0677748840075258,0.6560517978864341,-0.2066013384450247,0.8513973128227583,0.2380662238258016,-0.40122050878026966,0.5399292427279127,0.4277803825339242,-0.14634229347918806,0.5294844782106259,0.30176264639787365,-0.3095064781504324,0.5276754016403556,0.35780514605604175,-0.23383950467397227,0.5289117979718864,0.16867978642450462,-0.3468308525186623,0.10005912531795068,0.37377844954860406,-0.12464061542594214,0.07736134035172539,0.2277772648056377,-0.31996353505567904,0.08923627463241346,0.35207997290442533,-0.1911646870148411,0.07699618767941922,0.24125952422923544,-0.4850372122190293,0.0332210366300329,0.5247930241533658,-0.1790594281495523,0.023919953751685884,0.3336431103408301,-0.4799325347402622,0.0357948814492568,0.5392320651670707,-0.24590911560523257,0.03339541440106531,0.15951013206048612,-0.27261431010229625,0.04593899638203417,0.2992856771684504,-0.12709856519506224,0.04407005170227697,0.6755271409302283,-0.30814597230328,1.4272135223685638,0.7048531301300471,-0.26915186352393966,1.6330098613871273,0.5886160392284339,-0.3528903157703173,1.5469672821947622,0.6216897613753883,-0.1960426232483307,1.52329922670474,0.6761360110844834,-0.3321757838145254,1.4871306432139804,0.68573813402584,-0.26512918429982935,1.475282005090005
327,0.3109025653156916,-0.3838750767874598,0.9972792571902735,0.44387015564423243,-0.19645160800462602,0.9789323498889032,0.19937869941967257,-0.2193919703012528,1.0330678211385604,0.2680508298914638,-0.13244118508388392,1.0284900099008432,0.4442747356747424,-0.2318472469127373,1.483975482452498,0.436304432853007,-0.40572146030474476,1.485013563717513,0.5654532499212035,-0.11432367273401373,1.381749672172194,0.46359856978272823,-0.6244396722909101,1.2386454957351059,0.590330876757769,-0.06803097081237007,1.0569610606701654,0.40467110053089156,-0.5807892704264641,1.187176084888139,0.5105123131460695,-0.08170022169969401,1.0301205378390081,0.6431236944439718,-0.5302361299860167,1.0845906928831632,0.6670763828525605,-0.22828278439838898,0.8749486433428636,0.6363729735427673,-0.5456296539757497,1.0674837343107693,0.656542878374713,-0.20988113578479067,0.85250669387106,0.23823787156866608,-0.4000738250309779,0.5398682759710872,0.4289385242928366,-0.1461863113321776,0.5294340901780904,0.3023677666679838,-0.30873545728241847,0.5275735366110812,0.35851820710801025,-0.23335484556771482,0.5286927660791085,0.16868494601687306,-0.3465931056259135,0.09996087297429342,0.37410563017372944,-0.1238076619144651,0.07716731683718409,0.22787737091402271,-0.3197987687672146,0.08910367824582374,0.3521796535173745,-0.19032723329395118,0.07686129635078616,0.24093073411111718,-0.4848045114416889,0.03318396567592223,0.5249728238686732,-0.1791070051254335,0.023708938678102205,0.3333804557385574,-0.47985449745546155,0.03573088651863083,0.5385703344591618,-0.2459899096115752,0.03323567968323538,0.15970951439960007,-0.2723699541719518,0.04575602368859451,0.29964702091879697,-0.12611317819220896,0.043939482325711335,0.6758033935459571,-0.30963781108365135,1.4284918212835807,0.7033012028662032,-0.27276327449206084,1.634407660301128,0.587681552767092,-0.35475088839185653,1.5474038723717136,0.6212119690316668,-0.19859676408736363,1.5244145980169637,0.6758954559283149,-0.3339477275634464,1.4882462990047505,0.6856821059272327,-0.2672782876160068,1.4767591071387516
328,0.3100958682858248,-0.38147501305910736,0.9970059318554617,0.44470685864481596,-0.19586703139005648,0.9787864771320027,0.2002911142049323,-0.21570995776236962,1.0329766907515738,0.2698837405069918,-0.12990855077671776,1.028523167654326,0.4442703913904391,-0.23193016244888157,1.4839383151794163,0.4335231365905093,-0.40515890592044085,1.4843197538763042,0.5667186167286269,-0.11647411466106983,1.3821392854275905,0.455103640735559,-0.6229313726757916,1.2373917974172783,0.591722385149944,-0.06860811261025354,1.0582241273961406,0.39699062601304097,-0.5774772968978017,1.1859288132268315,0.5120169668096419,-0.08131085970901125,1.0313182501387252,0.6365511917535972,-0.5342610339303254,1.084354637757004,0.6670134402056593,-0.23057505923923455,0.8767221587604445,0.6286435835508788,-0.5490647114676311,1.0666079569580433,0.656705487897511,-0.21229247035286086,0.8540190689986825,0.2380403234618131,-0.3982447290005327,0.5401040851918157,0.42985825277358103,-0.14566334259010702,0.5294927618199741,0.3027139362155049,-0.30743215961920894,0.5277022728274166,0.35890589085310426,-0.2323692612789522,0.5286643278993146,0.16835573614033214,-0.345924639764418,0.10018589569487477,0.374115656123589,-0.12255934087705442,0.07728016451619482,0.22765901262263324,-0.31926842546577494,0.08927358319072254,0.3519154785964632,-0.18906604890848575,0.07708896983090611,0.24031751658470907,-0.4840509126876101,0.03359644350927088,0.5246649311407128,-0.1787553150171926,0.023829872421874582,0.3328892507710299,-0.47921007787760617,0.03609287065615405,0.5373912843951425,-0.24565126141094293,0.03338504899877607,0.15957026055226944,-0.2717052648068329,0.045804994538539465,0.29972603678719884,-0.12470929617481666,0.04411985971565993,0.6758178947638094,-0.3105592053203613,1.4298636396901743,0.7013605367823595,-0.27540245380858297,1.635768857117715,0.5864662359298566,-0.3556721625588055,1.5478687390456145,0.6204086383481439,-0.20028103767621622,1.525331952457878,0.675398057943041,-0.33500955266443394,1.4895133207966382,0.6853690781948812,-0.26869344910565984,1.4782487136637197
329,0.30844963442209655,-0.3785691137740051,0.9966984508491415,0.4449935294015697,-0.19524897197480645,0.978533291621678,0.20063877745442904,-0.21143454127937883,1.032893392220271,0.2712831940386261,-0.1270288488876522,1.0285012064261814,0.4436614997390423,-0.23176364605396924,1.4835163074109212,0.42999062881410477,-0.40422825611283647,1.4834913785605148,0.5674038421848594,-0.11821669550939812,1.3822825558769873,0.44579122411008354,-0.6205444810976464,1.2360627545991942,0.5925988107491611,-0.06842742119398913,1.059490300783066,0.388550729620031,-0.5732257866910837,1.1846445569728346,0.5129947095890774,-0.07996093428104131,1.032504275894707,0.6287535705149393,-0.5388901533099244,1.0838443687130916,0.6665067794320704,-0.23219625587180678,0.8789755658418602,0.6196067979675232,-0.5529359075835157,1.0654168894622542,0.6563024680306655,-0.21394550260187323,0.8559284368175766,0.23722930743759796,-0.39582497479138007,0.5406142335369845,0.4300783256043588,-0.14478437672643335,0.5297109820506626,0.30254605722341277,-0.3056613384792342,0.5280676280133957,0.358505373074073,-0.23086372654055065,0.5288197701116327,0.16757658029132547,-0.34485872859333183,0.1008734731506419,0.3735641508788955,-0.12075282688869379,0.07791231573812066,0.22703580852340471,-0.3183520151673538,0.08985817503418192,0.3510529754724428,-0.1872167171847604,0.07784559351687936,0.23920695871294828,-0.4829029927699603,0.03452999662737487,0.5235951890005617,-0.17770200844821452,0.024543590031549857,0.3319750231485539,-0.47808941108917646,0.03698659280013887,0.5355800695890074,-0.24460892135567106,0.034121833731280395,0.15900077609604746,-0.27062454687751564,0.046306740017680245,0.2992919367488706,-0.12271120293465096,0.04476347863364838,0.674918059096262,-0.3123207657775888,1.4310153172227005,0.6987699504848368,-0.2783975337722954,1.6368892655209206,0.5842968999502295,-0.35669136299363613,1.548143937314023,0.619098523469148,-0.202039969244079,1.5259548335393716,0.6739354017548013,-0.3367957165491164,1.490579687402145,0.6843039258791325,-0.2706349289814756,1.4794973835994698
330,0.30613440905090744,-0.3765252119896119,0.9963089815456821,0.4447754429296649,-0.19544249813966466,0.9781870767649623,0.20042636498160468,-0.2081774334826275,1.0328630107997931,0.27213101780289056,-0.125057036667028,1.0285244822284125,0.4426035236085147,-0.2326677054542794,1.482916510668644,0.425951877126363,-0.4044019381742642,1.4827938513890988,0.567666228685209,-0.12071991959782682,1.3824368945816932,0.43549442887286,-0.6190116556192308,1.2349529672582078,0.5933795724826403,-0.06956028354220636,1.0608445218957971,0.37916057221912974,-0.5699206891700523,1.1836776637066575,0.513769651072247,-0.07978465804048639,1.033739934970264,0.6196819521168873,-0.5462472638832007,1.0831837228905818,0.6661333722212878,-0.2352672149929157,0.8819206165368081,0.6092416113688676,-0.5594191941404991,1.0641332420306764,0.6559243103905618,-0.21705107441011634,0.8584393446508374,0.2359393128766972,-0.39418966510706355,0.5411611314445293,0.4297364908805036,-0.14460778735443458,0.5299382019834264,0.3019729488699203,-0.3047624053203143,0.5284730592261022,0.3574837222994057,-0.22995996898124318,0.5290199545773691,0.166462706649058,-0.3448379670267381,0.10164494288662955,0.37270225275300256,-0.11989241221455677,0.07869946236442273,0.226153160073212,-0.3184936242363456,0.09048409080413651,0.34987818240410673,-0.1862884613841656,0.07874212539569043,0.23771248758730198,-0.48303478143571354,0.03547861744706989,0.5221762060061996,-0.1775380442662065,0.025486030513818706,0.3306901369253076,-0.4782573181186581,0.037905056633935626,0.5335932832045095,-0.24444146147908355,0.03506371844844374,0.15815991903793813,-0.27061109768245006,0.046970605855448364,0.2985737736272249,-0.12166634743249588,0.04551867861847902,0.6730080763561314,-0.3161554516657295,1.4318494151875465,0.6959469864609875,-0.2829477567285061,1.6376861657470734,0.5812773729725759,-0.35907852121305306,1.5483306115341573,0.6175794102786951,-0.20518686453524554,1.5264125614699828,0.671466580219531,-0.3405306217268197,1.4913063773096171,0.6825418785470436,-0.27440421822688066,1.4804087458358406
331,0.3038889116615421,-0.3755495190332784,0.995865947374665,0.4446202544408604,-0.1963760791725504,0.977825447148818,0.20019823117785296,-0.2063181124956541,1.0328668483719792,0.2729437372809345,-0.12427828171707687,1.0286210357031231,0.4417592955461402,-0.2349287817035464,1.4825060483917303,0.42220801794782226,-0.4060632834705714,1.482428013778321,0.5681526902080889,-0.1243237391474525,1.3829854665268653,0.4252930617269999,-0.6191122593955006,1.234139610757403,0.5945211086934759,-0.0722432834485455,1.062534883884839,0.3698901872748465,-0.5686756605784168,1.1831081349570933,0.5147081248978285,-0.08111469616949896,1.0352493645661935,0.6107694838602586,-0.5563063678108883,1.0823511084747843,0.6666478548034828,-0.239504147484104,0.8853514305039688,0.5990604001099933,-0.5686873815341594,1.0627791311432226,0.6563806612850114,-0.22135627836066718,0.8614096851841689,0.23462376016623906,-0.3936261254383009,0.5414295027169427,0.42951330379202535,-0.14531912977853123,0.5299796396717463,0.3014783241279418,-0.3049990095595,0.5286423450966616,0.3564876393109037,-0.22991013158613574,0.529036201137003,0.16544733126292438,-0.34601655189060493,0.10207638136672155,0.3720891256725158,-0.12031499012365458,0.0791775926163853,0.2254775628936143,-0.3198948228359886,0.09075859807268871,0.3489226253274384,-0.18661592953323036,0.07931207449924872,0.2361754357770735,-0.48469000564478115,0.035930364045805366,0.5210920411476756,-0.17852995370028454,0.026080928020298103,0.3293909419848915,-0.48016401383657575,0.03832165963386225,0.5321177887989958,-0.245476473220611,0.035632516569319456,0.1575611284454725,-0.27174374906229704,0.047425585710390405,0.29808826267208266,-0.12185284532311488,0.0459835033532806,0.6707709225924544,-0.3218974685759849,1.4325157972714588,0.6936168877225992,-0.2891922135312354,1.6383246105346805,0.5781342085816095,-0.36290410045599897,1.5486306164324335,0.6165154412706187,-0.20996376870257563,1.527037634995318,0.6687048610868596,-0.3461314792521824,1.491822869106726,0.6807490239709285,-0.28000536774966794,1.4811810612401737
332,0.30247433256286593,-0.37457433507136517,0.9955155812978844,0.44498229093409614,-0.19687215898473417,0.9775786665163906,0.20056350551866203,-0.20500797734997114,1.0328558728564623,0.2741496447048486,-0.12380509287622794,1.0287433238729105,0.4413960013086478,-0.23688556395886357,1.482413949495834,0.4193098387153875,-0.4076550338384013,1.4821019272099787,0.5689224128092091,-0.12730744636942132,1.383957464687265,0.41624227389982044,-0.6190070068279175,1.2331490347282452,0.5961181806003168,-0.07473952898135573,1.0643697891336414,0.3617159719244548,-0.5676069250205513,1.1824461003794882,0.5159919731299994,-0.08214540518811478,1.0368350442594387,0.6033319401826787,-0.566454963231831,1.0810094123004754,0.6685550607084495,-0.2432203377232599,0.8890429688470362,0.5904764179779018,-0.5782682632121439,1.0610068311297216,0.6582956774582058,-0.22518772675103227,0.8646506995826594,0.2336172060560048,-0.3927943910627332,0.5413394165989279,0.4298874996781007,-0.145929185557471,0.5297495654314286,0.3013272677102065,-0.3049630987867553,0.528524566344057,0.3561146756751709,-0.22982418551773057,0.528820313726592,0.16501821557352286,-0.3469406890539323,0.10192826104576211,0.37203610140258486,-0.12113099289633442,0.07910522065176114,0.22543460849458252,-0.3211411065095317,0.09053454418943846,0.34849956175132646,-0.18736963845619214,0.07933174511338807,0.23527330801479657,-0.4861547907392557,0.035728257847732384,0.5206673529418773,-0.17997832149567167,0.026026159990019497,0.32870828501493754,-0.48217854303248586,0.03807638544669678,0.5312582359593702,-0.24712327827261132,0.035594708652523115,0.15760080598037773,-0.27256901626841296,0.047392484266442644,0.29811702165792797,-0.12242561927365184,0.045923816872132275,0.6690265524348017,-0.32728124771629674,1.4332412897625204,0.691967621899991,-0.29512145711196847,1.6390526995376922,0.5755303237542465,-0.3662152826593484,1.5491429690835061,0.6160310690907699,-0.21434086609826444,1.5278827142630662,0.666432001790216,-0.3512848718208409,1.4923828270283706,0.6794600995108449,-0.28522141753592356,1.4820298009811304
333,0.30205743869133694,-0.37362603637942626,0.9952798303427933,0.44598488355118565,-0.19692150581732462,0.977430131820012,0.20154722753712037,-0.20409462864636427,1.0328658689505739,0.27576926604895213,-0.12346855158341782,1.0289185420796054,0.4415185879769986,-0.23816328974940162,1.4826972602313895,0.417384839328864,-0.4088763213843777,1.481760232792401,0.5700708642106177,-0.12970774711951144,1.385362415284526,0.40884312497077874,-0.6191833402587378,1.2320146771988703,0.5981291131210114,-0.0763821711160048,1.0661928102427247,0.3550530562647503,-0.5673050164369136,1.181628522197692,0.5175274458283508,-0.08214538664831554,1.0383267805021543,0.5978862156307924,-0.5764839827651229,1.0792998280725044,0.6720206449663018,-0.24541068519268308,0.8927406207059589,0.5839892714473605,-0.5881614219674567,1.0589131200367385,0.6618594871118251,-0.22736363599511328,0.8679275726936302,0.2329760924308714,-0.3918856379641985,0.5409503613567274,0.43099046645730865,-0.14595525066544943,0.5292916187744237,0.30153523259356085,-0.3047599342171607,0.5281190205666151,0.3565319369699277,-0.2292945506802943,0.5283582655252759,0.1652140986563001,-0.3476111617717165,0.10111435651119104,0.37257761704852616,-0.12165379951369402,0.07838672505560412,0.22598957238217326,-0.32223231354999166,0.08972517783337806,0.34869803655953824,-0.18792270232182806,0.07870494041320752,0.23503262168818767,-0.4874534351140199,0.034799265670772454,0.5210200530854161,-0.18098315261140824,0.025184370064460292,0.32874017495688806,-0.48421608113594133,0.037099581472515186,0.5312793739766765,-0.24843089139728788,0.034769051556554915,0.15827802310581598,-0.27313531341526137,0.04675589416720633,0.2986477559946515,-0.12278021988108842,0.0452857718527003,0.6682564128394679,-0.3311479470705679,1.4342094667913872,0.6909530270567678,-0.29963611091601566,1.6400450689545811,0.573761422784445,-0.36832782052203833,1.5498580961299964,0.6159878006656975,-0.21752456073550666,1.529077933621949,0.6651074099067089,-0.35489302434819925,1.4931759411695196,0.6789163842732293,-0.2889786982628826,1.4831734916644495
334,0.3022315918458098,-0.37302100913469405,0.9951178262199549,0.44721495786574494,-0.19690185304687285,0.9773266528919744,0.20274842124803585,-0.20371023140502115,1.0328717741538067,0.277477113914623,-0.12350542481398173,1.0291070943679501,0.4418201023578788,-0.23899851131053496,1.4833352452191073,0.41602045910827984,-0.4098496541157993,1.4815308123405602,0.5712408067025221,-0.13176850610003726,1.3870873505859544,0.40290643151373773,-0.6195492959132931,1.2306993865596905,0.6002127963828634,-0.07694653407396247,1.06801948228652,0.34976920877241535,-0.5676199689978657,1.1804599734922767,0.5190673048298082,-0.08109159669485799,1.0396395560056184,0.5938916651006887,-0.5843547659637321,1.0775688519215854,0.6761829180982908,-0.24646681196179132,0.8969161271168709,0.57911110166046,-0.5962232132702118,1.0567568662589377,0.6662248721190422,-0.2283320744715524,0.8716354964251303,0.23270315423480475,-0.39107767219212297,0.5403454932170093,0.4325115914338269,-0.14563104866895837,0.5286729824472112,0.30202495120568307,-0.30447547728454655,0.5275330452611283,0.3574721850188615,-0.22865356406543896,0.5277109580481302,0.16590866468621376,-0.3475295993431388,0.0998907036386136,0.3733443975639723,-0.12156235280602606,0.07727591740524392,0.22697199379006672,-0.32251382965507897,0.08855489632557445,0.3491916610216023,-0.18786920413109992,0.07764943520761736,0.23535804934540921,-0.4879046653571825,0.033353683914101394,0.5216640365869087,-0.1811319909227884,0.023780770079926315,0.32930978226114593,-0.4853591219975193,0.03559848197382626,0.53161255063374,-0.24886201328543756,0.03336544018200994,0.15935222150786674,-0.2729421322356911,0.04565176323553988,0.2993762362683775,-0.12248294574852174,0.04423769832002966,0.6681108887172624,-0.33393762534493754,1.435294304388876,0.6904083839558993,-0.3031503221458511,1.6412156281718282,0.5725228024548911,-0.36967781886438933,1.5507222793361144,0.6160938935559431,-0.21983820317518737,1.53050853127358,0.664431744768498,-0.35750635933592395,1.4941109867575353,0.6788191705639559,-0.29179376333926693,1.4844900238811956
335,0.3026774371459009,-0.37353925019283674,0.9948369685038878,0.44855154927985497,-0.19780559499142328,0.977137575100506,0.20399541194366808,-0.2043917383434729,1.032751220434316,0.279202313676373,-0.12445542890181728,1.0292132744805667,0.44212766950452476,-0.24064382471343918,1.4841302091413517,0.41474416014591103,-0.41168027861643397,1.4814263180077256,0.5724442164616236,-0.13477636703305146,1.3889102804655775,0.39753846454113495,-0.6208395474907543,1.2293204582437376,0.6024715875596725,-0.07777378973124086,1.0698202137520565,0.3450566833897368,-0.5691615840805292,1.178980718976779,0.5207888253791721,-0.080351876682863,1.0407251771242165,0.5900245112101198,-0.5901767067583636,1.0761428703676301,0.6804373160065782,-0.24822454831186497,0.9018623880712702,0.5744836194178119,-0.6022837886600557,1.054775612584784,0.670762802916307,-0.23000537498578047,0.8760328724430586,0.23278170215313104,-0.3910425041965994,0.5395818379523629,0.4344356819165055,-0.14602837205537816,0.5279460884469129,0.30277936766018554,-0.3047978138971556,0.5267919678250392,0.3588000891801892,-0.22886694259077633,0.52691304441882,0.1669859778239181,-0.34764328816588225,0.09840452476630505,0.3743296210432415,-0.12149744809691873,0.07601595666715413,0.22826879298908767,-0.3227736503366246,0.08713477829667744,0.3499681677493058,-0.18783493097304504,0.07638127005001498,0.23626882648122105,-0.48839970023402834,0.03150837655147494,0.5224811084744512,-0.18121291016938065,0.02208500758384701,0.3304244262027607,-0.4862663444385451,0.03368376127425544,0.5320422484904783,-0.24904245844847198,0.03158654436975756,0.16065402085618652,-0.2729551967104672,0.04421705809600391,0.3003193778515748,-0.12216007922093992,0.043002666167225506,0.6681013643964276,-0.33691691874959945,1.436470678692105,0.6900302444056113,-0.3071588911179928,1.642514948218592,0.5714636813072053,-0.3717801413428812,1.551626071601743,0.616201813870176,-0.22273162988664533,1.532112880177855,0.6639329701756127,-0.36058561829485675,1.495148771670047,0.6788294725352932,-0.29512919172734303,1.4859423993032206
336,0.3034753966318025,-0.374733035631906,0.9943545504017022,0.45016891198697934,-0.19941207591449106,0.9767932488677716,0.20535804310455147,-0.20560175165599964,1.032459868512624,0.2810898662160698,-0.12583660471763347,1.0291724838104368,0.44266525640585547,-0.24314579182482418,1.4848809506466187,0.4135231520228894,-0.4142312444381202,1.4813532022839837,0.5740454160543289,-0.13882489478958687,1.3906666109199655,0.39246007972577907,-0.622095560972254,1.2276482545147926,0.6051756351049541,-0.0792423778089152,1.0716336145147989,0.3407367286675738,-0.5708130776189281,1.1770397923626812,0.5231413891964755,-0.08022751534199378,1.0416300405983911,0.5862434029780663,-0.593288567989031,1.0750619735333196,0.6846639445018998,-0.25143690360124005,0.9081614480067347,0.5700077286503155,-0.6053600735718851,1.0529200571126849,0.6752679714045704,-0.23332581346770515,0.8815843956211625,0.23336784636996472,-0.39135774960882563,0.5387706522584288,0.436733948154683,-0.14705016217645617,0.5271632635922149,0.30392646588182015,-0.30530165289037237,0.526005735424717,0.360408723026436,-0.22974521305204776,0.5260203170404967,0.1684258209690221,-0.3480103604901268,0.09698910152704304,0.3756643600064603,-0.12157196092652986,0.07484069072167013,0.22987335894804123,-0.3230107840882792,0.08579736473091767,0.3511436856481814,-0.1879067811982589,0.07514709881271339,0.23770793310778857,-0.48902909197407785,0.029728881520116244,0.523675429315064,-0.18152490833958274,0.020487407470314165,0.3321070594868563,-0.4869448294447515,0.03188222449434041,0.5328532309280318,-0.2493094932703032,0.029896166794135016,0.16219133947572137,-0.2732512315532084,0.042794502161831095,0.30161456563630595,-0.12191277203641025,0.04181395476283149,0.6681315394020517,-0.3405497005018089,1.4377422278611116,0.6899073354550376,-0.31237391457789815,1.6438421981994769,0.5705188184103825,-0.3750028353373201,1.5525289874948365,0.6166389447810167,-0.22683144868780902,1.5337875120597073,0.66350582780543,-0.3646883814334416,1.4963092116054322,0.6790146081942116,-0.29954750564846777,1.4875152931226454
337,0.30460717753761357,-0.375807737747475,0.993685204285453,0.452132637568802,-0.20113536758121273,0.9763021253135526,0.20711097239408466,-0.20662133425028772,1.032007921650381,0.28337520361821655,-0.12697753423764663,1.0289666321440423,0.4435122628987531,-0.24604026358340647,1.4852508391033485,0.4122928075521344,-0.41693326610383896,1.480912835241741,0.5761514770505807,-0.14345456685688668,1.3921755575127048,0.38691006412489365,-0.6221097857832651,1.225398030676543,0.6086642101191958,-0.0817107797205,1.0733533744796584,0.33606748100009953,-0.5710434006890162,1.1745847097762805,0.5267742269087606,-0.08074376839790523,1.0423416896939834,0.5819077605592794,-0.594322648592049,1.0740494924973445,0.6893171810388182,-0.25737913123423745,0.9158524116561524,0.5649115651511664,-0.6058554080170544,1.0508782091901638,0.6802628270566695,-0.23974736714328435,0.8883185381379969,0.2343228026376795,-0.3913354140507249,0.5380774738554107,0.43934527293979636,-0.14839362352680951,0.5264109833908895,0.3053190983937904,-0.30540501302014084,0.5252967885216648,0.36223656597811477,-0.23081243987913996,0.5251438446126916,0.17017561715098042,-0.348730621647345,0.0958770625814579,0.3774448075383606,-0.12190677262182832,0.07382443219549116,0.23173781939587437,-0.32339494590646944,0.08473796675271404,0.35281407046527624,-0.18820509332855673,0.07407567997567213,0.23967116139082595,-0.48991665973705883,0.028357085373710452,0.525383412035043,-0.18217487075920566,0.019246913505685196,0.33424362986664735,-0.48750409810644885,0.03058007911189016,0.5342267062167629,-0.24972629118254308,0.028565905245427646,0.16395348470745238,-0.27394034738592676,0.041603136899895816,0.30335131658044967,-0.12201782764159007,0.040810021796599545,0.6681864003015017,-0.3449822131871914,1.4391021151845016,0.6894828825916642,-0.3188350708783299,1.6452914373822791,0.5695010849350538,-0.37927783250664115,1.5532615016964868,0.617285639149648,-0.23189990348275896,1.5353430979416005,0.6630068342321057,-0.3697923334590856,1.4975973211061067,0.6792771503377797,-0.3049604283650348,1.4892159097321733
338,0.30568007755324517,-0.37587981362517553,0.9929623484931099,0.4542054376181403,-0.2021699804568418,0.975875413736644,0.20910930200142536,-0.2066821352697402,1.031555335811362,0.28596107796955095,-0.1271947441857892,1.0287975063991044,0.4445074779653556,-0.24861776103096228,1.4853349454088283,0.41085346906757086,-0.41900848727682777,1.4799503780541365,0.5785623303917549,-0.14818803070550834,1.3935998491487551,0.38072583803533155,-0.6197325104159734,1.2223820360654003,0.6131962210469369,-0.08483452129432426,1.0752809287057399,0.3308918770683014,-0.568868486400405,1.1715619064264287,0.5320534393964296,-0.08148229450976582,1.043150147958302,0.5767372742994284,-0.5921941361634291,1.0728340419394478,0.6947758700171122,-0.2647556167338537,0.9245796448123724,0.5589844382450181,-0.6028614580706432,1.0484632402712866,0.6862657864289453,-0.24791500291252166,0.8959934465144542,0.235287297359622,-0.390315381406363,0.5374744321478272,0.4420792486710517,-0.14903077362376438,0.5258405894901099,0.3066726087746551,-0.3045119633620595,0.5246823506527786,0.3641199354555805,-0.23104757083765354,0.524364146365545,0.17174914210371786,-0.34873363456261014,0.09496047801614547,0.37945478050765297,-0.1214900420086786,0.07293162967033273,0.23340852519272615,-0.32308052810870336,0.08388576080476261,0.3547520710957884,-0.18773571457667196,0.0731301763012156,0.24143302594036595,-0.49006465520614256,0.02731037195229855,0.5274995020562304,-0.1820008791511616,0.018283267590308565,0.33611247437372055,-0.4872560055810355,0.029693252457027197,0.5361719498997466,-0.24929688682763992,0.027514530694649375,0.16552585306886988,-0.27397677738713605,0.040535954736613936,0.30526149451418383,-0.12147883002893733,0.039981203761202774,0.6680861568974847,-0.34949850087048695,1.4404509045602352,0.6884635225965544,-0.32561787358004063,1.646843447265648,0.5682650937293935,-0.38375654704892437,1.5537923373003262,0.6178494730345087,-0.23713900952873748,1.5367491356567013,0.662261020669161,-0.3751006236960266,1.4989116743717625,0.6793630478121838,-0.3105418179003672,1.4909447309271229
339,0.3061992206271543,-0.3745610650756402,0.9923781108190824,0.45582071422507675,-0.20201347265322284,0.9756646044680236,0.21107129413408102,-0.20570448533527558,1.0313107027987407,0.2885213123357716,-0.12652330290043418,1.028845292263193,0.4454807827251655,-0.25075920389142686,1.4852728592112237,0.40892674189576667,-0.4202465689631612,1.4784494458182125,0.5807982527841387,-0.152947339985336,1.3951494905965847,0.3731635395828361,-0.6143634496136421,1.2187779964322933,0.6188124793764201,-0.08866127595833134,1.0778695185712728,0.3244581722138591,-0.5636777576022117,1.1682049763040592,0.5391926955015953,-0.08262946519034783,1.0444389195686221,0.569267215638178,-0.5858749273058149,1.0710545158182025,0.7009433157741176,-0.27235499821444603,0.9334987877078236,0.5509330862032593,-0.5956295665007841,1.045489462450828,0.6932982975328853,-0.25641263270765907,0.9039693585358192,0.23590754316414658,-0.38798601477602973,0.5371137165924079,0.44442591739038206,-0.14849827297648477,0.5255816920266284,0.3075838704958915,-0.3023644775752041,0.5243720620919766,0.3657498471736663,-0.23016424708105035,0.5238550369025924,0.1729532493311477,-0.3475117563242597,0.09439829458581606,0.3811278760037074,-0.12001824264123256,0.07228772838276974,0.23469411212791938,-0.3216081853436686,0.0833154008749146,0.35643271493170614,-0.186190377792272,0.07247131302796857,0.24276791055818267,-0.48882911883931146,0.026785578558369192,0.5294880231199667,-0.1807470839454755,0.017690981488268646,0.33743157740335095,-0.4856686082246974,0.029392344705778322,0.5381774418447992,-0.24777186817772315,0.026862906012961187,0.16669339573185554,-0.27288508851083765,0.039636900739053786,0.3068431327645733,-0.11998653217264015,0.03942225172440863,0.6677181503804703,-0.3544480787649581,1.4417087258566341,0.6865304031418783,-0.33275443970016694,1.64845634210904,0.5665485112094871,-0.38840704114367924,1.5541283147337608,0.6180794798701347,-0.2423483154030892,1.5379422434354886,0.6611082215914591,-0.3809530846412909,1.5001788943118302,0.6791209659500905,-0.3165679719812401,1.4926175077312933
340,0.3060868652539472,-0.3725950990005678,0.9918771306183125,0.456890791454765,-0.20118886297666772,0.9755890180258634,0.2127313537453893,-0.2042712276889171,1.0312780475247216,0.2907047753433479,-0.12546706352549272,1.0291276883147908,0.4463668118325894,-0.252954199230829,1.485176660894057,0.40653385392040475,-0.4212044014709358,1.476661735169186,0.5827325990357237,-0.15820912092434603,1.3967626398407125,0.3637555840125624,-0.6071733827819783,1.215370517444284,0.6258006041336345,-0.09423399469048327,1.0809980167383455,0.3161301163506149,-0.5566268627247446,1.165099196579654,0.5482923191997793,-0.08546195981197632,1.0460535174755654,0.5590687822344437,-0.5777128926166443,1.0690440336930283,0.7079245567521182,-0.28040523399868594,0.9416283570766925,0.5403065460104758,-0.586777730891324,1.0424586506412854,0.7014630064303112,-0.26531074125177184,0.9115027034829923,0.23606110489448295,-0.3847633256006331,0.5369154477309754,0.4463164091529963,-0.1468919178768972,0.5256522628074343,0.30798098687952785,-0.29937217484879913,0.5243008817158306,0.3671074534642825,-0.22848243339778251,0.5235935200819848,0.17357584787870117,-0.3452342660146876,0.09411244850940004,0.3824233851024675,-0.11759172318130243,0.07191947594188142,0.23539466451106134,-0.3191975468575425,0.08287299144024299,0.3578271087130486,-0.1837354519148265,0.07209091536004701,0.24313136034110613,-0.48650281763738934,0.026609609680923123,0.5312631553903634,-0.17846632931098047,0.01740038595084717,0.3377339191009757,-0.48312695450901716,0.02942223211666598,0.5402531379539821,-0.24536700837259728,0.02648996408767324,0.16730216074432486,-0.2708011668919642,0.0389017998664409,0.3080181032353855,-0.11760351791080477,0.03914248790704494,0.6671212689025197,-0.3599120192524824,1.442783178050029,0.6839109049830199,-0.3398637710998728,1.6500011695658454,0.5645123736123375,-0.39335884953698175,1.5543297620595475,0.6179417007304997,-0.24761586118724668,1.5389716049434368,0.6596280469513802,-0.3873943626934792,1.5012834762229696,0.678587354576415,-0.32310925449147126,1.494109196659921
341,0.3054133367045956,-0.3709888915367937,0.9914087471265851,0.45761026887796935,-0.20077094213814,0.9755004015720038,0.21408582696018308,-0.20331245038846818,1.0313695623069716,0.29256473585007714,-0.12494600759284388,1.029541496602832,0.4470104010648891,-0.2556206056211188,1.4851474293014055,0.4037857544509714,-0.4226324789449296,1.4748110397274181,0.5843767683296197,-0.16423324364308212,1.3982831995152778,0.35262001833931955,-0.6000875726262054,1.2124001015217267,0.6340900701142247,-0.10124815837702068,1.0843127172901705,0.30584287387312104,-0.5494795090892121,1.162208624397596,0.5590271181068607,-0.0900239664076456,1.0476484180876424,0.547077426878053,-0.5694869157174935,1.0674817826697536,0.715489427355008,-0.28874911698293143,0.9487094162451284,0.528141307684208,-0.5782738229527493,1.0401304558322082,0.7105282455471322,-0.27429523386274485,0.918382386876317,0.23587644898274765,-0.3815197395037686,0.5367458413017961,0.4478246852843031,-0.14521955325080482,0.5258305529689354,0.3081234121330008,-0.2963586107045594,0.5243204846908573,0.3680604391770887,-0.22694568986159439,0.5234169646728244,0.17376079474706332,-0.3429190631241375,0.0938247534575922,0.38320880325963247,-0.11561731667799954,0.0715470186430725,0.235669978715309,-0.3168559657998751,0.08228914275397425,0.3586497538705717,-0.18176860919111315,0.07174448798514463,0.24245867393733686,-0.48443857970373094,0.02649698199369008,0.5324518641638639,-0.17673370020464158,0.01718454191110981,0.33702844087593375,-0.4812230417537933,0.02939885519766537,0.5418964341879612,-0.24374498326235747,0.02611278003049998,0.16756178435615743,-0.2686242489900011,0.03808886230535459,0.30863881079249905,-0.11554300464663073,0.03878289206273289,0.6660805798955185,-0.3662674184164982,1.4435694049576924,0.6810566012832288,-0.34699555355699896,1.651111890513714,0.5621784556464064,-0.398759400007361,1.5544393234886011,0.6175668695266922,-0.2532809458834862,1.539754001099398,0.6576973889021919,-0.3946234840787667,1.5020753612582385,0.6776836601441807,-0.330425133803968,1.4952370317981598
342,0.3045964088872667,-0.37029759247290495,0.9909647126643975,0.4584041889900645,-0.201497270996522,0.9753996524080175,0.2154357584838138,-0.20311834922220603,1.0315214144978297,0.29445700375942674,-0.12529760240411109,1.0300487121164468,0.4475003136571828,-0.25900387329937236,1.4851482429101324,0.4011408957918611,-0.4249910302998386,1.47302666398553,0.585986572997584,-0.17104592921994896,1.3995407963765971,0.3412175630935527,-0.5950174675781702,1.2098706818443836,0.6433991225740731,-0.11007545540242965,1.0873962112618687,0.29500023210192705,-0.5440624907501441,1.1594293410448773,0.5707316124633497,-0.09657626445686603,1.0490771038095041,0.5357237200593871,-0.5649991606420555,1.066855920521598,0.7236125064089288,-0.29842868385726484,0.9539114843855401,0.5168406352579459,-0.5739595819967547,1.0390253893801102,0.7203002866628521,-0.28429883076262114,0.9237896982552702,0.23583215744948802,-0.3788216111035121,0.5364445157853485,0.4493828137015672,-0.14479040911243754,0.5258967166334095,0.3085955697547186,-0.29397872005326575,0.5242893933557186,0.3688556681667293,-0.22645604882627954,0.52321180458768,0.17399659984870416,-0.3408291032186038,0.09328818499567919,0.3839867251527229,-0.11498622585432443,0.0709271692656424,0.2359881567496691,-0.3148711049515086,0.08137760679009814,0.35924393377663866,-0.18104245860140136,0.07119089982798642,0.24156775527501886,-0.4827755026534561,0.026100060609587084,0.533335392818451,-0.17647911981326697,0.016840157004460454,0.33612504099998863,-0.4801416537924144,0.028974342810521553,0.542986786939872,-0.24370638159694444,0.025545999336780593,0.16795401333202695,-0.26653385776366595,0.037036514097001844,0.30923794586797243,-0.11456166057098274,0.038120746880002394,0.664740693610912,-0.3734860275000562,1.4441010648789419,0.6784816414977817,-0.3541163668230865,1.6517910416646742,0.559887300145001,-0.4045426810750975,1.5544603336268181,0.6171388537572439,-0.2594173723126287,1.540308457317089,0.6555560921114603,-0.40235192530792635,1.5025665215631017,0.6765796234681547,-0.33829461979910536,1.4960213406953464
343,0.30376409209621436,-0.3696437258977412,0.9905703423922834,0.4594181289208583,-0.20254771835581487,0.9753307946094164,0.21686236735311867,-0.20273786003179964,1.0317356433337894,0.2965927655536043,-0.125433026248011,1.0306383638457164,0.44792691500644954,-0.2618859129253676,1.4853095464772266,0.3987759524179457,-0.42714774539348926,1.4713413625546525,0.5877170525799189,-0.17744994228753197,1.4006620236243694,0.3313282386320943,-0.5922566146010076,1.207431826942291,0.6535887881722824,-0.12000290515057462,1.0901980191604546,0.2854724551033195,-0.5406757445019552,1.1564303814207675,0.5830667675729094,-0.10419353831412433,1.0504123743432974,0.5276972276249156,-0.5656071295277258,1.0670579650415606,0.7326288213598715,-0.309276031239519,0.9571865537082077,0.5091021578538105,-0.5749496973549963,1.0389706019702016,0.7309591338210067,-0.29511395739390706,0.9274747078351329,0.2359794154953946,-0.37617066963687235,0.535919613612018,0.4511562588771252,-0.14513547076388358,0.5256354655669506,0.30948061299444113,-0.29164055373028464,0.5241115185033371,0.36951605873241683,-0.22631157508739197,0.522861529244693,0.1743350148689194,-0.33796608341848905,0.0923091213781784,0.38477506437130443,-0.11502723118472905,0.06992093495553516,0.23640026861239774,-0.31236127314134465,0.08003099757252718,0.35953656258336264,-0.1808362639015033,0.07032941401758028,0.24063654523603195,-0.48056463986564435,0.02531744963760113,0.5339084899573538,-0.17717956734398366,0.01630643748681503,0.3351455821120112,-0.4790124651806915,0.028100648527173908,0.5434000441786636,-0.24456971903813843,0.0247550614927884,0.1685550689033843,-0.26357646202721263,0.03552821924851022,0.3098679572224927,-0.11393678188703112,0.03701123079694392,0.6630954299556304,-0.37973639773837803,1.4444708774759272,0.6764834386794344,-0.36025733442525004,1.6520470927389557,0.5578234622262532,-0.409403785715928,1.5544549322083152,0.6167899367292333,-0.26494993616259066,1.5407849437226724,0.6533189659969634,-0.4088409621556764,1.5028444129205305,0.6752924170122779,-0.3450239869015157,1.496575276956756
344,0.30284435827496825,-0.3681269878258485,0.9901801474001255,0.4604011313300622,-0.20283825296858848,0.9751873487885279,0.21815528408918694,-0.20139396987869074,1.0319224469619146,0.2987148880726953,-0.12446009163719735,1.031146848436674,0.4482614082122046,-0.2639296551882108,1.4855777224886044,0.3964718988229656,-0.42861260340695206,1.4696480947481612,0.5896212671581966,-0.1831466322650479,1.4018043976549912,0.3233916177850378,-0.5914194023402324,1.2045961628372246,0.6646509411190316,-0.13159006053971514,1.0928397229890048,0.27779006865176287,-0.5388760918846391,1.1529210663784077,0.59604538778437,-0.1132481959191154,1.0517729678881198,0.5230598008001639,-0.5709070080653553,1.0672251264609194,0.7428724931484614,-0.3223042180621689,0.9588683992157279,0.5047816514752766,-0.5804281171845485,1.0389222800912334,0.7425847628129302,-0.30782332712476695,0.9294958842217894,0.23616087301108726,-0.3732359596471341,0.5351828622181468,0.4529418286718811,-0.14553116329814902,0.525020179498157,0.31048971881138954,-0.2889990845872206,0.5237748221565938,0.36996323659732466,-0.2258560786390843,0.5223675050901478,0.17492216206739905,-0.33406165264982307,0.09102580631764443,0.3854476718157734,-0.11512963408109553,0.06871922327848888,0.23705060651299903,-0.3089716071994807,0.07842291257517654,0.3594945417411479,-0.18052753081289863,0.06934852554828311,0.2399327031331287,-0.47733347652769303,0.024366776673571962,0.5340941196201646,-0.1783424943656492,0.015760889435410406,0.3342497266958907,-0.47722617859070315,0.02712304710735893,0.5431394453943702,-0.2456662369133383,0.02399056691395412,0.1695193608955951,-0.25960690836606776,0.033719862171940826,0.31048741011730496,-0.11310706774595547,0.03567303849672152,0.6611808303177841,-0.3850719708601487,1.444907737210179,0.6746015274674583,-0.36546528812920437,1.6522705471447732,0.5556667839723738,-0.41331291208290105,1.5545282598152508,0.6164542599124336,-0.26971410554893804,1.5412819905887674,0.6508837130346214,-0.41418593581950264,1.5032021029827736,0.6738037763754936,-0.35064826669966187,1.4972013422668948
345,0.30160689926192275,-0.36656746886424524,0.9898293288081021,0.4609266875677414,-0.20306346186341642,0.9750196633674558,0.2189688810025241,-0.1998939178383025,1.0320233899045712,0.30035245838479774,-0.12317992652002832,1.0315085526139414,0.4482908857382296,-0.2661848495591084,1.4857419030156092,0.3936444753021071,-0.43013380185777067,1.4679648643095444,0.5914425096612499,-0.18918681818750263,1.4028126339618403,0.31648198648532827,-0.5923788264124203,1.2017126999436871,0.6760884669421158,-0.14558301465888832,1.0953962451603874,0.27124351043948525,-0.5386460884456927,1.1493054382372838,0.6093069405979996,-0.12462454281660024,1.0531264136406986,0.5200645518752551,-0.5796807935823535,1.0673248743830157,0.7533199217614966,-0.3373181022300107,0.959393750945498,0.5019327929254979,-0.5889575973759211,1.0387156000868978,0.7541622336000253,-0.3223554720413851,0.9301801664769885,0.23608675544870866,-0.37051190147536056,0.5344530481238561,0.45443490607856085,-0.1461548633081762,0.5244477402957168,0.31117738442410603,-0.2866635997947983,0.52345245595435,0.37016047981797473,-0.2255220168118216,0.5219537642544403,0.17546927068204546,-0.3301900510005226,0.08994768133447478,0.3859149817637479,-0.11517721717305063,0.06784258732476091,0.2376463055677132,-0.30563710971392943,0.07707769013970617,0.35927386939475936,-0.18015697631031224,0.0686543669382618,0.23927955656844316,-0.47400947687155387,0.023597292726457834,0.5339782561643651,-0.17949520053864992,0.01547219213947917,0.33327516649202993,-0.4753240199340529,0.026380182144217588,0.5425991274565012,-0.2465975535484528,0.023487838266186473,0.1704824245520715,-0.25583671190071267,0.03221923637032041,0.31101652163539534,-0.11228596268874237,0.034690459337861274,0.658551729817795,-0.39062373706262865,1.4450509403941667,0.6723894355621343,-0.3711738708967474,1.652286554029299,0.5529928183168054,-0.41757434633755075,1.5543902233938522,0.6158267705527735,-0.27498568645051547,1.5416400025960217,0.6477869363091847,-0.41986125654478135,1.50327914587349,0.6717052978412132,-0.3565072964598177,1.4975889826282953
346,0.2998425657209584,-0.3650781927978388,0.9896101430417746,0.46075903104754995,-0.2033476147297613,0.9748462685183812,0.21924954302071484,-0.19858236553017106,1.032045244992995,0.3014289084649633,-0.12205466140175297,1.0316729194090466,0.44792327384950603,-0.2689940835764838,1.4855828394579729,0.39007317235652145,-0.43196930149165663,1.466145525401029,0.5930162770984864,-0.1959789029734683,1.4034191643844838,0.3096019776091702,-0.5936686883147491,1.1987882707187327,0.6869929534956358,-0.16061784946696683,1.0978178921837425,0.26481368905391606,-0.538611059928012,1.1458279765761776,0.6221388286378909,-0.13714342169187538,1.0544492043029738,0.5168094460229984,-0.5875665505832572,1.0668199019142053,0.7625107310120304,-0.3507464835810693,0.958412297767998,0.4986884372451782,-0.5962410419614618,1.037793439818064,0.76441760237434,-0.33515385566321865,0.9293222653020147,0.23556255808528456,-0.3682284659028496,0.534111761806238,0.4552758840245612,-0.14702798264014177,0.524246276385081,0.31127909728755004,-0.2849531965983887,0.5234390885852713,0.3699226968403824,-0.22546014069287193,0.5218703458401122,0.175839678738271,-0.3274956762413687,0.08950314280000991,0.3858236608694355,-0.11522745323466753,0.06765742547357809,0.238044086277442,-0.3033475608667234,0.07646821758839507,0.35862537179227694,-0.17988042782922528,0.06856777428698844,0.2387290101226339,-0.47159702181284663,0.02334743194136725,0.5331615246972644,-0.18064835482839475,0.015562984562281407,0.33229901409218743,-0.4739828956961328,0.026154781965978577,0.5414115567464727,-0.2474577121226242,0.02346155855853386,0.17119470380867327,-0.2533966597825238,0.031524941160147334,0.31112717856419136,-0.1116928926098275,0.03442681281436964,0.6554273269296413,-0.3971865921567019,1.444780942630677,0.6697157088456747,-0.37808473555057637,1.6519290859411146,0.5497779800856027,-0.42280590848636335,1.5537382072937354,0.6147460157435242,-0.28121255831818737,1.5416804019395363,0.644195544759131,-0.42671139681964276,1.5028959871348022,0.669100734540995,-0.36337063643785467,1.4976160958599223
347,0.2977289825687567,-0.3634831535104142,0.9896088892004273,0.4602023944429555,-0.20378331293388544,0.9747249771202817,0.21938017011719388,-0.19702728081527415,1.0320791869254102,0.30241363781877395,-0.12095589343673575,1.031736847679075,0.4475208194346059,-0.2719841020415366,1.4851176752301476,0.38611776512519247,-0.4336307257325243,1.4644434013220984,0.5944345743335454,-0.20309711915131556,1.4035302672234933,0.30280754856263997,-0.5938425712863002,1.1962213307355616,0.6966906696633548,-0.17557198268271856,1.1001026358648274,0.2586381141978287,-0.5376202128730183,1.1429686588176322,0.6339204264894172,-0.14974232594243306,1.0558888419158987,0.5128167444802492,-0.5926615491327469,1.0658509143669561,0.7692543216171119,-0.3604429376425524,0.9557559998608155,0.49466791917422237,-0.6006730610242282,1.0364666603637613,0.7723976449762063,-0.34420223046641923,0.9270408836016631,0.23480060912858033,-0.366044495771101,0.5343529048186764,0.4555829234764318,-0.14814032554509904,0.5245140599925051,0.311058480575233,-0.2837097684292219,0.5239098676891314,0.3693990877432927,-0.22559882370326872,0.5222268648383359,0.1759311020871848,-0.3256581878315765,0.089983288521052,0.3855559561418055,-0.11522595395768467,0.06820076560798904,0.23819295965579926,-0.3018851935252353,0.07677008821002594,0.3579129604525281,-0.1795663757062128,0.06912604081328905,0.23827500990536593,-0.46974707470678995,0.023879201963462018,0.532189512533166,-0.18174665713164448,0.016131002733647027,0.3314273150268651,-0.47291117530743365,0.026717568956774823,0.5400068787354332,-0.24825450075482774,0.02402228885381896,0.1715792245732746,-0.2518810269960634,0.03182980214725895,0.3111370046454627,-0.11121672656990642,0.03493181353249659,0.652370910730011,-0.4041115714127752,1.4440710102517564,0.6671170750445747,-0.3855847700842282,1.651098748840223,0.5465791309813504,-0.42834799029368986,1.5525787191314455,0.6134772995790354,-0.28773587626465885,1.541386518401723,0.6407858364093635,-0.4339911913621146,1.5020119649028987,0.6665270442554654,-0.3705937670181845,1.4972120143582255
348,0.29539348954611405,-0.36174731165878676,0.9899448827771277,0.45957149049366053,-0.20446239551695775,0.9748048900393022,0.21968960474944632,-0.1952914954988886,1.0323489065898364,0.3037092305700491,-0.11992966646756657,1.0319669554534816,0.44751525378547624,-0.27522213060177125,1.4846549492289733,0.3823178351547829,-0.4353311173706131,1.4630687322262443,0.5960145193297934,-0.21053955113984935,1.4033423212237779,0.2967390150259087,-0.5934539944428417,1.1940233555234554,0.7052277555821187,-0.19007128342896634,1.1020897495416864,0.25337562679257397,-0.5362866618514843,1.1407596286473434,0.6445047585049283,-0.1620373169224442,1.0573433305242363,0.508922038129601,-0.595530871286331,1.0646520203058505,0.7741444821522563,-0.3671025948231163,0.951878601900017,0.4908260782438586,-0.6029512331541808,1.0350685820342795,0.7787067632586816,-0.3503004449335782,0.9238685884534809,0.23395344501779286,-0.3641345838415241,0.535056637694578,0.45575132855794376,-0.1498243683839958,0.5251050026731732,0.31073332159278205,-0.28302732258619967,0.5247770378954248,0.36873314563102855,-0.22610335972127402,0.5229358449613059,0.1759413062568414,-0.324937072717736,0.09088551035655143,0.38536325078637723,-0.11601684202063296,0.06905487103818177,0.23827613850775445,-0.30149141889702813,0.07746437462112916,0.3572297989967784,-0.1799710141450698,0.06999515777459803,0.23807891101753212,-0.46889187401958,0.024879930243485514,0.5312709767922033,-0.18377949377152064,0.016892533427881804,0.33082934566206307,-0.47264098892169343,0.027776453871962967,0.5385473312993942,-0.2499620816801292,0.024739396179717085,0.17184955126135443,-0.25150894813492364,0.03246567181981902,0.31119046384217897,-0.11154530569626807,0.035745620582050996,0.6498625770940932,-0.4112465416557601,1.4431835698662845,0.6650604111917954,-0.3935084570115643,1.6500461645126236,0.5438794084836154,-0.4340802985794968,1.551272409084112,0.6125669471627326,-0.294521047941833,1.5410133257403187,0.6380133204149863,-0.44140700992723875,1.5009172885299762,0.6644766211035537,-0.3779992118775435,1.4966040930438023
349,0.2930862514891545,-0.3597439041455116,0.9906104524680155,0.4590118808938829,-0.20503783077479562,0.9750943525743405,0.22018798312191168,-0.19336648865679384,1.0329665398757735,0.3051629683846029,-0.11879258734489932,1.032486096911335,0.4479824601575796,-0.278609993174913,1.4844335065978296,0.378935040791601,-0.4370895835731001,1.4620718036745528,0.5978938385573712,-0.21811720034176213,1.4030273332491616,0.29173318429762674,-0.5928890403760325,1.1919565291116208,0.7127103696690499,-0.20485914430863814,1.1035516885060006,0.24933914431036158,-0.5348725579913817,1.1388439559905437,0.6538246084170262,-0.17471436593434672,1.0585396022080422,0.5055147102938183,-0.5975459026455393,1.0631546099027194,0.7780122015904071,-0.37338101169759763,0.947380007019934,0.48749139396735963,-0.6045289466394093,1.033542056275578,0.7839678145031193,-0.3562356166848313,0.9202835767823622,0.2331659514678405,-0.36255471583815835,0.5359114506604447,0.4560165828220174,-0.15209887002866068,0.5256962423654824,0.3104049161706145,-0.2827068681092182,0.5257647728740523,0.36816796984686534,-0.2270310997771755,0.5237210859560811,0.17603673439589834,-0.3247088395126743,0.09156315396833872,0.38545885909253075,-0.11786811552301613,0.06971651163993538,0.23837338525279078,-0.30159796853925497,0.0779786151818075,0.35680300314959806,-0.1813659581400183,0.07069741650911317,0.23820005632883454,-0.46851384551238306,0.025870403544205868,0.5306550837052272,-0.18698966691096452,0.01751202721822333,0.33060850472222525,-0.47273013598934277,0.028846156017929562,0.5373176060675429,-0.25295389736958696,0.025268157555938343,0.17210776196226987,-0.2517023755255909,0.03277971203631118,0.311484652876654,-0.1128490151135948,0.036303865001759916,0.6480717620921355,-0.4184210929070015,1.442278500331135,0.6637280427727117,-0.4013197941846914,1.6489450737364708,0.5418036971608853,-0.4396947430005041,1.550083260532298,0.6122196929462159,-0.3012180173439872,1.5406905980661798,0.6359868614746674,-0.44860119897260353,1.4997707075340758,0.6631180021207363,-0.38529312816123157,1.4959036427833765
350,0.2905114272943138,-0.3578857095025435,0.9914224718542062,0.4582667906259874,-0.2058949844903389,0.9754568765703255,0.22053027872598646,-0.19169343138305858,1.0337725707594823,0.30643310548277136,-0.11791016833214965,1.03314405656778,0.4486459167741485,-0.28220327112433236,1.4843321190362215,0.3758774552985946,-0.43892629339005074,1.4613864777155563,0.5997675223445535,-0.22579548071755937,1.4025723035910163,0.28757398712123894,-0.5926177570154413,1.1900744957891356,0.7187373593526158,-0.22030070076266173,1.1043820168976923,0.24631093314754982,-0.5337804272089578,1.13713508910547,0.6613946607995314,-0.18819303821695976,1.059326083089287,0.5023461891959792,-0.5999986088788566,1.0615683623625543,0.7810957582999956,-0.3810371600962009,0.9426444221365008,0.48440366635819476,-0.6066155537047941,1.0320292084852083,0.7882218999821908,-0.3637413834230641,0.9164588797859858,0.23230777711388195,-0.36159949885646814,0.5368363800841678,0.45619921140985376,-0.15526153878996662,0.5261645521416854,0.3099444635248621,-0.28290686808044874,0.526790698881131,0.36752626212343037,-0.22869944198105058,0.5244473995421081,0.1760603680264309,-0.3248157152398301,0.09202065818113113,0.38557025115480076,-0.12073186158778224,0.07014990012759545,0.238358620897829,-0.30213463932422313,0.07832865983002424,0.3564007895132078,-0.18376309374113822,0.07121379386380021,0.23830769525433046,-0.46853199215839436,0.026827925660758395,0.5302215423630074,-0.1911989003570209,0.018068577956584328,0.3304698386867466,-0.4731652379862838,0.029857065898509588,0.5362594931350064,-0.2569309512339153,0.025621579528509644,0.17223452648467985,-0.2523237159306116,0.03282691084991163,0.31178761942692107,-0.11520501865448009,0.03661806148560472,0.6466391008367945,-0.4251876552892456,1.4413012753139387,0.6628255256906816,-0.4086826538731942,1.6477187943254148,0.5401430329252717,-0.4450812501431197,1.548981356341533,0.6121323562038378,-0.3076140486861671,1.5403222893747872,0.634378655659856,-0.4552908466526628,1.4985125440259595,0.6620933711070212,-0.39212240702271717,1.4950213948138293
351,0.28778906344951133,-0.3555776628667737,0.9920050037262983,0.4572792626913722,-0.20606688851910843,0.9755531306031267,0.22043395086771794,-0.1898175334320754,1.0344686045331493,0.3071703484995976,-0.11663465956038,1.033676663458697,0.44938042678722284,-0.2851646198544727,1.4842534867248292,0.3732196902823537,-0.4400783884286452,1.4607023769206224,0.6014907524269804,-0.23254946711356983,1.4019540927283896,0.28367850657688826,-0.5917803976954201,1.1881939911080437,0.7233462343892755,-0.2349945663780213,1.104525026641265,0.2434903688888988,-0.5321117190937219,1.1353635323678084,0.6672183306355124,-0.201118803896996,1.0595862330063566,0.49914905159677636,-0.6024834207936961,1.059559977620729,0.7836968852655957,-0.38897248808310336,0.9376179327086677,0.48120809425125255,-0.6087480725729693,1.0301106762401127,0.7916803644934512,-0.3716449064685014,0.9121969956716451,0.23126248200409075,-0.36058205230240054,0.537565523549244,0.456254768817614,-0.15820279644773555,0.5263280757612806,0.3092646289949932,-0.2827393277686581,0.5275735384505151,0.3668324139457047,-0.23026499132374156,0.5248626468533668,0.17599456262234908,-0.3239788853020761,0.09208472022053962,0.38538323360587645,-0.12325233856182835,0.07031722374436573,0.23813444838753817,-0.30183030413504597,0.07841997147096917,0.3557737625327477,-0.1859115159112262,0.0714561087177348,0.23824569557731837,-0.46764039748067454,0.027486349457717475,0.5296611486546106,-0.1949306918299194,0.018374095620469787,0.33024972749596915,-0.4725835862195689,0.030506606462577673,0.5351265686838399,-0.260436983459238,0.025611767789623287,0.17205229047082923,-0.2519720054055598,0.03260069800744797,0.3117466308836024,-0.11726028191773133,0.036694818759911714,0.6455595972665836,-0.43098488850002004,1.4404264101685396,0.6620312887771914,-0.41459553669413246,1.6465495483561448,0.5387268727860652,-0.44935739559902627,1.5479603785454965,0.612124159262049,-0.3127699778737084,1.5398284142654024,0.6331064499986387,-0.4608493369019647,1.49736274253615,0.6613418031214487,-0.3978103679767661,1.4941596831178072
352,0.28505880918817295,-0.3531130450019491,0.9922307159895413,0.4563469899181233,-0.20601995231995854,0.9753106528446469,0.22020560717427512,-0.18771689125150418,1.0349701572005365,0.30782068927660505,-0.11513844046823035,1.0340364804203361,0.4501083397745117,-0.28754465226477355,1.4840456265015114,0.37092156929467773,-0.44066052718252097,1.4598923842678098,0.602964539449348,-0.23837996579203094,1.4011892295600727,0.27970478376542945,-0.5904153635943917,1.1864230772709319,0.7267322239351226,-0.24823553931772105,1.1042325101176687,0.2404524812268614,-0.5300553444763557,1.133591524687001,0.6716961572441003,-0.21279254216727658,1.0594670651329974,0.49529786497175393,-0.6055954141060995,1.0573006609185158,0.7856828539723715,-0.3959192197260649,0.9324434243683982,0.47722082252093423,-0.6114936602416295,1.0279883015963738,0.7943579543276265,-0.378498060257793,0.9076903475073164,0.23008496250126675,-0.3593534065831814,0.5381215730680817,0.45628310880860523,-0.16069172106869242,0.5262464252581569,0.30856641198329865,-0.2822619876584076,0.5281208154499669,0.36611848177064127,-0.2315165589217004,0.5249993465486347,0.17580020598088242,-0.32246771505403077,0.09205985245980126,0.3849569714193451,-0.1250777432234588,0.07031877757610723,0.2378928343386304,-0.3009218899039432,0.07844201954825675,0.3549251740065609,-0.1874505363249998,0.07151427520008945,0.23786271774976298,-0.4661826486905435,0.027967648757788774,0.5289054728726749,-0.1978888123954534,0.018495126005146873,0.3298152685166778,-0.4714864565566454,0.030903505051704902,0.533788815539789,-0.263230345920892,0.025360464495765796,0.1718089089884209,-0.2508060107604885,0.03240262036086235,0.31146142080143574,-0.11866131899706697,0.03665911973722907,0.6443776310186149,-0.4360236897714857,1.4394983372626855,0.6609959675493524,-0.41952522211925475,1.6453297317176854,0.5371872858849359,-0.4526744640951956,1.5468831027302241,0.6120167078173601,-0.3169958254286586,1.5390608037901288,0.6317023643269186,-0.46556448684480917,1.4962117509839807,0.6604908973542662,-0.4026982145803313,1.4931998800996873
353,0.2824233179881153,-0.35095801406788857,0.9922577372140418,0.45549101439918727,-0.206124384969511,0.9749901715869668,0.2199129397948894,-0.1857313163638747,1.0354143707083856,0.30842807739121186,-0.11381311482674468,1.0344039254974877,0.45069124290317475,-0.2897214687788988,1.4835785701093118,0.36872059626054665,-0.4411332225703785,1.4588810406045425,0.6041262637330033,-0.24376960205143447,1.4000787218939335,0.2755377963280057,-0.5890524739135227,1.1848203328105276,0.7289009380810857,-0.25984494640337824,1.1033715842534249,0.23703717647555683,-0.5282006668879415,1.1320331737329004,0.674865687817442,-0.22296223401625487,1.0588125062527913,0.49059439527137705,-0.6095648587424894,1.0548975103574512,0.7868792492194727,-0.4019738241561011,0.9269726250125144,0.4722340050446492,-0.6150284748431364,1.0257588962353807,0.7961081277250892,-0.38440878158313757,0.9028083295082556,0.22871402385087622,-0.3578630652159145,0.5386456620704384,0.45624493805626876,-0.16259453604534588,0.5263512600053966,0.30779931290526624,-0.281580647087688,0.5286322755332293,0.36541004627226287,-0.23236298680571865,0.5252040498309615,0.17532599340717758,-0.3207229028514504,0.09229757750454057,0.3844070910568963,-0.12615979388863705,0.0704807901969822,0.23759460564876952,-0.29973410729213484,0.07867482155674053,0.3539745726758831,-0.18827253510321248,0.07166623612979736,0.23711969125549273,-0.4645700305366629,0.028465593611671097,0.5281098828696231,-0.19977620467574303,0.018761465439086557,0.3291192415358972,-0.47023106344698923,0.031323139505256344,0.5324080996297996,-0.2649529651309604,0.02528658144846462,0.17151788669343304,-0.249213438091071,0.032521896169907825,0.31103276458769974,-0.1194693566122433,0.03681255595911205,0.6426946707811501,-0.4416091835135908,1.438358127467635,0.6594722482233516,-0.4245916005454552,1.6439966093997649,0.5351040460042993,-0.4557196725467365,1.5456899515864193,0.6117754432005993,-0.32129585668663235,1.5378509710929642,0.6296926425685205,-0.4707045792370368,1.4949640770876114,0.6592635028852926,-0.40812520432163313,1.4920150791562763
354,0.2802500641309227,-0.34909406292801404,0.9922572122126929,0.45510564914060886,-0.20651216245202966,0.9747316116769599,0.22009027120315977,-0.18351316773853618,1.035823605791182,0.3095606486228438,-0.11244040473638556,1.0347673309840872,0.4513223899957528,-0.2913571633246542,1.482855803270464,0.36668863482718994,-0.441176444362092,1.4578975714603641,0.6052422834976383,-0.24856775318815671,1.3986018190897176,0.2714576311000863,-0.5870134608595898,1.1835782754082609,0.7301039223945229,-0.2694646633502719,1.1019082572368917,0.23362274912487416,-0.5259486223035348,1.1309160325769756,0.6770722244266083,-0.23113292743422634,1.0576505552568716,0.48554056736672463,-0.6131681380131667,1.052576709742432,0.7870200794101231,-0.40737679013466427,0.9211835959463606,0.4668687512696148,-0.6181271492620186,1.0236682139967053,0.7967574550457326,-0.3895708700992439,0.8976250951220724,0.22740374986452497,-0.3558169557719269,0.539106295475855,0.4563739855759921,-0.1637223338149501,0.5266150122574589,0.307214318470063,-0.2804024800295837,0.5291031321826555,0.36494071806370176,-0.23258717279410704,0.5254873729372979,0.17473736734992884,-0.3185261757776853,0.09265591454955976,0.38405666969481145,-0.1263617164433831,0.0707524412240248,0.2373795034289551,-0.2980266074981122,0.0789881667334791,0.3532512652984194,-0.18822427233566114,0.07187427941098638,0.23622224428946603,-0.4626586397159683,0.02889637466084475,0.5274878775159413,-0.2003341116059499,0.01910921922085618,0.3283542812398067,-0.4687521811899221,0.031711093329886655,0.5312445063875026,-0.2654263149490626,0.025444957216261697,0.17132604072140048,-0.246957637272743,0.03284372680549054,0.3107529979126864,-0.11944006133913802,0.0370783525927572,0.6406848265852161,-0.44711576837457145,1.436954093875742,0.6576987708359019,-0.4290409970145002,1.6424288439910928,0.5328203653605164,-0.4581303954808758,1.5444322567948563,0.6114968522994674,-0.3252481178932909,1.5361893692747008,0.6273346282191334,-0.47562910463778296,1.4935512961010315,0.6578180939107223,-0.4134453043586719,1.4905216528398386
355,0.2781372812967003,-0.34713960796908644,0.9922880308541792,0.4548718234204851,-0.20690088124416722,0.9746725628969359,0.22057334586789354,-0.18093919788630858,1.0362784375947796,0.31107051619270304,-0.11083934145222327,1.0352338441748086,0.4519550775850344,-0.29284442764382634,1.4819162485553736,0.3647724367104498,-0.4410571153652491,1.4570932283942328,0.6061879164992141,-0.253011007147743,1.3968248955224158,0.26731770301640495,-0.584697921080817,1.1829884164424678,0.7304618590450355,-0.2771537804328244,1.0999332074151889,0.2302004375665812,-0.5237380959589572,1.1305466723615045,0.6784210646473054,-0.23729888036766125,1.0560811835711188,0.4804300786167518,-0.6169229849918197,1.050749582104253,0.7861306542871239,-0.412352142720964,0.9152385317889705,0.461501904932444,-0.6213215844827511,1.022101201874953,0.7963851152811792,-0.39421931143933386,0.8923414708071222,0.2260975614796237,-0.35325100372418355,0.5395912521002371,0.4565644599589996,-0.1643805855318786,0.5271827142120363,0.30677049357026553,-0.27888138002708057,0.5296640443188724,0.36450819718724853,-0.23234851582283442,0.5260294299718252,0.17422471037764092,-0.31606615746368494,0.09317523409541481,0.38392558223153117,-0.1258998139725467,0.07129833295754157,0.23734012460280876,-0.2959925939483359,0.07941523844405032,0.3527360391265255,-0.18745826350723388,0.07233520535848358,0.23523634745767358,-0.46044452942522973,0.029328937625058303,0.5269129371898966,-0.19991734327563648,0.019702492667685482,0.3275431748376608,-0.4670523969041056,0.032176172027841295,0.5300489353463275,-0.2649133067096647,0.02596849517994025,0.1713909991731702,-0.24434887288592322,0.03331875127136734,0.31071151493022225,-0.11875689429397704,0.037600336013241954,0.6384422270351229,-0.4525939229222881,1.435183421312618,0.6560229068425578,-0.4330457022522443,1.6404309413186773,0.5306444823860628,-0.46029050401373045,1.543067525272386,0.6112288998636576,-0.32910048208487497,1.5340963525052902,0.6248420801553748,-0.480422276050835,1.4918271146065003,0.6562333429581698,-0.41865401349873455,1.4885774393077738
356,0.2763168044749004,-0.3439070262303556,0.9922257108817405,0.45482698727480453,-0.2060732202390506,0.9746613955404185,0.22137115103214702,-0.17711084319856718,1.0366607813965192,0.31285515392786406,-0.10797163566030211,1.035703450907827,0.45282549447816256,-0.2937227751067174,1.4809406761147483,0.36320201833234744,-0.44026089443810806,1.4564344643558687,0.6072343591234988,-0.25653389449056063,1.394960127468548,0.2631541465335347,-0.5817969088728658,1.1829096738811118,0.7306030879748695,-0.28301686333966,1.0976624165009365,0.2268252198945409,-0.5211636810574953,1.1306620203346245,0.6794595642345895,-0.24164111768236943,1.0542248462827177,0.4756744973177816,-0.6204576229821638,1.0494787875854563,0.7849999260300492,-0.41696898373273,0.9095200933941154,0.4565617125614859,-0.6243665668221305,1.0210670817366136,0.7957416248567684,-0.3985042669534236,0.8872596209426951,0.22505000256219948,-0.34994690505608944,0.5398972076335907,0.456844101124349,-0.16380930736189803,0.5276257574254629,0.30658470045420816,-0.27653582093612694,0.5300607543810782,0.3642146856811358,-0.23090888243529484,0.526465736899093,0.17424229341388003,-0.3130814754953757,0.09332281049677503,0.3839321298188364,-0.12460755634940261,0.07159410837444981,0.23756329599763357,-0.29340082390248245,0.07954241548751415,0.35239796372378734,-0.18585764955077874,0.0725718449996116,0.23456508314320268,-0.4576840642920907,0.029437296367709496,0.5263753229177611,-0.19871537518826607,0.019967991235090052,0.3270564245547216,-0.4647663949647176,0.032339126119106845,0.5288509579962674,-0.2637483367563751,0.026244928077641488,0.17174755285959692,-0.24120378922923605,0.03345159795650635,0.310802588847012,-0.11711756479306952,0.03784765308585137,0.6366477336085067,-0.4571114726280408,1.4330787605885051,0.6549656622051601,-0.43626794215450193,1.6380147734986772,0.5291604236990302,-0.46188464373884286,1.541414961658489,0.6111833280177915,-0.3322283856422733,1.5318580580919137,0.622947195843384,-0.4842064589380761,1.4897054477277276,0.6550108532957986,-0.4227166908151449,1.4862874133544668
357,0.2745807010975075,-0.3400891349269874,0.992075433561958,0.4547526950514449,-0.20468486700126232,0.9746633623746862,0.22234768348965303,-0.17301565339574407,1.0370232370111894,0.3147542176629305,-0.10475811186593444,1.0362009253822178,0.45375958840296926,-0.2949756853210675,1.479839731181067,0.3619105850349478,-0.4397771399855615,1.4556561424407535,0.6081803623002823,-0.2599338573032141,1.3930010481194135,0.259280357805037,-0.579619347616696,1.1829679676801703,0.7305296729387911,-0.2883910397993178,1.0954438093223766,0.2236849833741007,-0.5193857978260212,1.1309436519674991,0.6802662816536844,-0.24563946880189103,1.05233537506781,0.47143090552105893,-0.6240532831802255,1.0486212630617213,0.783799809715608,-0.4216911213910422,0.9046783414824544,0.45221385816308074,-0.6275494879854795,1.0203932705526728,0.7949984432894632,-0.40293953077787487,0.8829872408621287,0.224150847854594,-0.346756160392948,0.5403188894711526,0.45703071289468583,-0.1629867920112952,0.5280668540620543,0.3064441871079333,-0.27428010001818215,0.530503036876429,0.3638429882216906,-0.22915356364930345,0.5269430041464194,0.17449054586710414,-0.31074245675162104,0.0935921586924455,0.3839555816394642,-0.12350537144800851,0.07191365758463279,0.23786125066883015,-0.2914495793809399,0.07982267000704873,0.3521107267471208,-0.18443821201547173,0.07286899388997299,0.23405866700639844,-0.45554123585975986,0.029750412488245764,0.5258049526339469,-0.19795707605915916,0.020283861055534216,0.3266121687418581,-0.46303101334115637,0.03272005252736239,0.5275864991262138,-0.2630487147530333,0.026603179536129097,0.17227460700978442,-0.2388472311479877,0.03366385932354439,0.3109972422166214,-0.1157001116213731,0.038092909808857524,0.63535246863288,-0.46133976810848215,1.4306564951922955,0.6542333146811832,-0.4398598134420288,1.6351625536365226,0.528153616740429,-0.4640703715981641,1.539270618516364,0.6111486404422294,-0.33547706967317537,1.5294881650393075,0.621617392101051,-0.487857746951657,1.4871473253353007,0.6540784466723475,-0.42643544521148247,1.4836889606001942
358,0.27288833254781925,-0.33666932646509784,0.991896643696835,0.454411682539931,-0.20328689566890368,0.9747163092577243,0.22306101186573227,-0.16955959713749905,1.0374218982702161,0.316210263165851,-0.10202334671638628,1.036771831164218,0.45440574741933437,-0.2970127152490501,1.4786235551145435,0.36052047395782505,-0.4402134469491442,1.4545873246747942,0.6087772883888197,-0.26350365131586523,1.3909414379756564,0.2555222219877235,-0.578817599007857,1.182686940688392,0.7301975432500354,-0.29337228662591597,1.0933160541378029,0.22058703474644462,-0.5188343864466518,1.1308378124241754,0.6807282930038695,-0.24969687854750694,1.0503962908861177,0.4675433944928221,-0.62804394405902,1.0481412655583666,0.7825065323016582,-0.4259156878299989,0.9007402329134372,0.44825597780451204,-0.6313104749822923,1.019995627318043,0.7941107923613018,-0.40699274121341933,0.8794401703543568,0.22317942540565516,-0.3440951507549331,0.540923017668091,0.45698267094109496,-0.16230514891165174,0.5286809901847038,0.30598615469938395,-0.27249367059456814,0.5310810427968632,0.36335041733779844,-0.2275744636054383,0.5275242729794483,0.17446944135251363,-0.30891332873586186,0.09421630194075782,0.3837955014535012,-0.12254152545013887,0.07248860259747997,0.23765629624588888,-0.2900576677768761,0.08047457511495384,0.35173562527965146,-0.18321450213796708,0.0734063986381027,0.23317970114878675,-0.45396708742457986,0.03051152812525665,0.5252385869949534,-0.19750763423554107,0.020918460322367598,0.32568487681174674,-0.46182330766655205,0.033555808891662736,0.526479190712714,-0.26259009462422955,0.027251554055674504,0.1723595010562841,-0.23718540112780923,0.03419651361281817,0.3110423237331486,-0.11457873489665468,0.038570783117501076,0.6342249112987319,-0.4659068069685613,1.4281491420688452,0.653334476031182,-0.44429668084588925,1.632280538844551,0.5270073516069353,-0.467171416972285,1.5368194663211563,0.6109321280727431,-0.33926312769656203,1.5270876333004222,0.6203623167593785,-0.49210469799128054,1.4844617186440139,0.653156539172232,-0.43058347896700677,1.4810703038665296
359,0.2715531961246081,-0.3341165784118499,0.9917732668283343,0.4540289087896501,-0.2021959998631155,0.9748234224541973,0.22370181819608528,-0.1671080410205015,1.0378394424839346,0.3174037947821928,-0.1001532261986906,1.0373532429249603,0.45493799811335606,-0.2994105301354839,1.4774620866011505,0.3592485623464581,-0.44131293102090374,1.4533424144123268,0.6091794021828502,-0.2670781751875159,1.3889848112187162,0.2521574294619932,-0.5786651414015862,1.1819896694923457,0.729847669560871,-0.29788607698859254,1.0914370963262274,0.21789123670756527,-0.5187263087890854,1.130285203496425,0.6811195931057342,-0.2536736684118698,1.0485915270879858,0.4641101728300194,-0.6314262101674533,1.0478429735219819,0.7813325875013395,-0.4292151346556519,0.8976709758084517,0.44478915128718444,-0.6345686832159184,1.0196905649847494,0.7933237248064969,-0.41021098481072504,0.8766253595899496,0.22247341691253747,-0.34208717409020495,0.54153263685735,0.45702120355093273,-0.16211374644294985,0.5292915852545206,0.30552029217705967,-0.27124216167493936,0.5316490705412804,0.36302753367128326,-0.22650282712554468,0.5280786392881968,0.1743212638198307,-0.3074915280026323,0.09495776698655106,0.3838129291285473,-0.12192674366407895,0.0731928745232636,0.23730470195430273,-0.28897214889860046,0.08124090219990134,0.35160028334135496,-0.18239711713468812,0.0740334683704191,0.23230464840451165,-0.45285159687844084,0.031440967426925634,0.5248762950891396,-0.19749995396009665,0.021640042476833737,0.3246184907876075,-0.4609913089910269,0.0345753844809972,0.5257512410837004,-0.26254307298012375,0.027971840535989712,0.17227263866801,-0.23604101761722354,0.034821290839130485,0.31127361450636726,-0.11392448041490913,0.03914828517953016,0.6334366667475183,-0.47025336150347885,1.42589200388734,0.6524684021770192,-0.44875387162444624,1.629786015900916,0.5259222571151276,-0.4704988730197683,1.534486679430814,0.6107097774126495,-0.343008317617801,1.5249252712669226,0.619342176209369,-0.49628834515562487,1.482069805983131,0.6524342996506054,-0.43462578330571666,1.4787805084697252
360,0.2701703540598803,-0.33216807056996095,0.9918250451258376,0.4533456683201707,-0.20121414029491083,0.9750753058516297,0.2239875954913319,-0.1654568765595567,1.038389319016696,0.31810854196709115,-0.09897006798857438,1.0380538503012502,0.455084807512899,-0.3016036295895603,1.4764480105427515,0.35778834791061825,-0.44256402326445604,1.452038921610344,0.6091218254301123,-0.27035363365770454,1.3871747390143936,0.2487137341493819,-0.578412177432223,1.181182411546081,0.7292546516419931,-0.30152563648444164,1.089785300785285,0.21516482272411347,-0.5183718730256981,1.12968081822883,0.6812880736368967,-0.25691937830347766,1.0469698852765355,0.46045145195633663,-0.6336395866937908,1.047372832915645,0.7800499487387377,-0.4312487488324025,0.8950126101619191,0.44104398647141496,-0.6366525745720265,1.019196645356688,0.7924447420010066,-0.41227440449549024,0.8741601036257193,0.2217394294103656,-0.34030506775541913,0.5422854245286618,0.45679045386955,-0.16198987258985062,0.530060185414659,0.3048799959377417,-0.2701737992876577,0.5323705826247733,0.36248723974079633,-0.2254498801732329,0.5287942301344563,0.17385922135580567,-0.306146622704455,0.09596657469663128,0.38372213824917484,-0.12112585303236546,0.074229346030421,0.23673262991846833,-0.28789488419632075,0.08223066265645325,0.35136412122449306,-0.18144078217608078,0.07495971254670004,0.23128613860538752,-0.45171510194282777,0.03261624353054475,0.524374493454947,-0.19732218921600078,0.022673186712660415,0.32339111524494923,-0.46006282833464773,0.0358433390590377,0.5249757153437362,-0.2622785954457336,0.028997345575438958,0.1718774227205486,-0.2350329146749385,0.035665170121108515,0.3113959437258976,-0.11314981741464077,0.039997204607079784,0.6324373021102696,-0.47410956493921724,1.423866975162809,0.6515699863043883,-0.45276397072762764,1.6276473734019485,0.5246145611871398,-0.4734075871252811,1.5324256169063109,0.6102879486694502,-0.34633385908038195,1.522984864426347,0.6180884659647806,-0.5000528359815718,1.479978042688821,0.6515200072464835,-0.43831708043605694,1.4767506050128107
361,0.26908526531182764,-0.330485878751406,0.991995972590932,0.45276615556224553,-0.20008933439926724,0.9753543956775257,0.22410035973493145,-0.164058142179931,1.038895200128942,0.3185193909333524,-0.0979492136268171,1.0386945194477848,0.4551903905861387,-0.3029106164440023,1.475876906471446,0.3564383681025212,-0.4432265330438544,1.4510172817913962,0.6091029854142791,-0.27279119103179056,1.385782424081239,0.24539701547953616,-0.5769782072578519,1.18053303759489,0.7289123203552172,-0.3043669511532791,1.0884160726176033,0.21249986275187882,-0.5167569499159399,1.129266376279609,0.6815904688004799,-0.25928488561684865,1.0456084900090659,0.4565050938443783,-0.6340832189045238,1.0464228455336133,0.7791407040923001,-0.433148853539069,0.892764606218128,0.43690511978339974,-0.6368638900678355,1.018240052711406,0.7918464942750263,-0.4142934701026478,0.872025402063078,0.22122733666830902,-0.3388268796305583,0.542791763260014,0.45641679414563063,-0.16150943739537024,0.5305513967446855,0.3043954235295799,-0.26915044495406304,0.5328803079865986,0.3618899367071511,-0.22415781279774732,0.5292944785626639,0.17342726609090434,-0.3047649588043664,0.09643901392288803,0.3835314140109477,-0.12019455164754682,0.07491132999641022,0.23613972873123726,-0.2867058084205705,0.08282123540349318,0.3510358589770904,-0.18039101482231062,0.07553816416867357,0.23044581129630626,-0.4505351177405846,0.033398778396815695,0.5239324031604294,-0.196844437019725,0.02341330534443931,0.32246274858074886,-0.45906110400841144,0.036701705124215736,0.5244240551957907,-0.2617703001291562,0.029760187421414282,0.17134095720916043,-0.23395322391536974,0.036146350840488964,0.3113023058711938,-0.1121715900679503,0.04046032626582321,0.6317090932390841,-0.4766162771998122,1.4224147458637129,0.6511191955681889,-0.45537012899956314,1.6260729539725634,0.523620149180663,-0.4750155785240593,1.530914763615863,0.6100103417699103,-0.3484529517993505,1.5216462247124034,0.617137686793567,-0.5024034672962294,1.4784735568063583,0.6508596062837891,-0.4406545005849418,1.47530640636011
362,0.2683631268253877,-0.3285648173395995,0.9922521031373535,0.45246111615279067,-0.19865589429113634,0.9756220411935208,0.2242275044060189,-0.16240648865441415,1.0393290170003187,0.3188285944606633,-0.09660910766044628,1.039217011658678,0.4555080795836442,-0.30317116653863574,1.4757246302332316,0.3554649190656711,-0.4430124308322261,1.4503142211348816,0.6093258119919368,-0.27414204237015705,1.384877158539315,0.24247533750716324,-0.5741901725821916,1.1801809740679388,0.7288674388593902,-0.30655125523639876,1.0874868982031916,0.21003857108914617,-0.5136672248867044,1.1291852660081523,0.6820897974714828,-0.26078748420166775,1.04464261544729,0.4523631892325975,-0.6331098276950777,1.045094420825866,0.7783792816100126,-0.4352840186140935,0.891076865599519,0.4324224617796184,-0.6356343452126336,1.016917789898964,0.7913272687250221,-0.41657825248780206,0.8704173952116167,0.22098924095950598,-0.33731593410414606,0.5430396264293103,0.456097253802852,-0.16056250059322313,0.5307636839363905,0.30420431159180233,-0.2678829358867729,0.533160733424573,0.361366106087186,-0.2225538163103123,0.5295883646144531,0.1731129472961096,-0.3030667455835734,0.09635990014952728,0.38320661197408085,-0.11897340616731543,0.07518209816109138,0.23564116783719521,-0.28524922862672014,0.08301986440389562,0.35057512589668044,-0.17907407045536752,0.07571829607042567,0.22976920348442378,-0.4490681123986478,0.0337589226061526,0.5234778625817151,-0.19597007788555645,0.023829310358925083,0.32180322675009104,-0.45787163806681813,0.037096821558862736,0.5239667889061634,-0.26098038340615975,0.030259117118237384,0.17082925666170767,-0.23242293881991008,0.036272774774660704,0.31098431898985524,-0.11077392982135012,0.04050427086575235,0.6313837350895141,-0.47800375465050055,1.4214775869660943,0.651166047216326,-0.45676112818695425,1.624888265877549,0.5230529683558998,-0.4752886047803415,1.5298784119168694,0.6101296371783957,-0.3494093391477139,1.5208062711626025,0.6166345793035872,-0.5034649703875462,1.477455067916409,0.650621738467292,-0.44182406053495693,1.4743357600552902
363,0.26879387621137807,-0.3277691132176207,0.9924288422480921,0.453081541445252,-0.198036500051071,0.9756860434247896,0.22487135090602237,-0.16157625844725343,1.0394110009587512,0.31944966227547283,-0.09585822778935756,1.0392986721862243,0.45659362570261425,-0.30294305083238937,1.4761534909558718,0.3553862050341845,-0.44246107960557757,1.4502067602912447,0.6104698568080001,-0.2749140420017808,1.3845965097568471,0.24061216013415032,-0.5709349581195737,1.180051039159657,0.729837118077392,-0.30845963430713874,1.0869528572900535,0.20852919771724285,-0.5099896228793767,1.129213463857619,0.6834693672117117,-0.26209961800761333,1.044012607092069,0.4493181438946559,-0.6320345025311185,1.043864670557138,0.7783838478760543,-0.43817807152209026,0.8898260979059708,0.4289911946587607,-0.6344130016389111,1.0157124190065572,0.7915568885402413,-0.41969710044557296,0.8692225113347867,0.22158584641836812,-0.33732109204191274,0.5424690644918324,0.456415457697384,-0.1601259073151619,0.5302367484015145,0.3048077479162479,-0.26770328036094454,0.5326862193692009,0.3616386705261122,-0.22199510323216576,0.5291455249159184,0.17344274492803963,-0.30233498217130256,0.09508209624448102,0.38343901738466923,-0.11871080546927357,0.07432015175508773,0.23571798209104702,-0.2846840021442995,0.0820774705090041,0.3507266284200321,-0.1787564624134508,0.07474624817911747,0.22991461530976984,-0.4485939045805411,0.03282714475965203,0.5237507368570463,-0.1959096473623644,0.02316707840536767,0.3220783543748927,-0.4576495095117073,0.03618660195187908,0.5243679742014564,-0.2611869744947974,0.029701377888707112,0.1708372594113521,-0.23167704159424618,0.03526755386128171,0.3110825348853746,-0.11023625291110874,0.0394284881903196,0.6324228795598081,-0.4781767023627714,1.421288315410549,0.6523792326156627,-0.4570288081847759,1.6244131569841087,0.5237629131301386,-0.4747479393445179,1.5295008726145023,0.6112575700749845,-0.34950340798395446,1.5207904416644058,0.6176016593507191,-0.5032720114949669,1.4771610872364251,0.6516393066799533,-0.44173937229813276,1.4741316655976797
364,0.2705693208784318,-0.3283171167494931,0.9924894626128753,0.45476691250697565,-0.19852307560998617,0.975496368472228,0.2262548340680437,-0.1616378565217561,1.0391485163357175,0.32064807828591685,-0.09584059960053762,1.0389091797528207,0.4584803258870323,-0.30243746581418823,1.476887273161307,0.3562856275933689,-0.4416535089402297,1.4505443170677872,0.6124990328732581,-0.27532227774092405,1.384733317925038,0.24011765884809738,-0.567794645552602,1.1800585206292253,0.7315397645619413,-0.3102126371030994,1.086605986155715,0.20835799846311875,-0.5063922821134932,1.1292955869538717,0.6854226205342892,-0.2634193489018263,1.0436153687149465,0.4479977510793267,-0.6308574008278383,1.0430453447857861,0.7789451199770073,-0.44138272031655107,0.8889007558220914,0.427387219376365,-0.6331333429117342,1.0149156976731761,0.7922943325741958,-0.4231911932805512,0.8683490258205785,0.22314163205387727,-0.3385319163025384,0.5412440446453615,0.4575924506175352,-0.16032731176311876,0.5291134817750719,0.3063216042765652,-0.26841137520688746,0.5315879107959167,0.3629191942706136,-0.2225874605603094,0.5281158693037089,0.17455688853001616,-0.3026942929601962,0.0931575555911206,0.38462224257455374,-0.11963299287205349,0.07262011958196234,0.2367860398909537,-0.2851212112533419,0.08030874858493361,0.35186001556446456,-0.17960537962546064,0.07294600783937256,0.23119963780535846,-0.44919024322160334,0.030840312669080844,0.5249386709853963,-0.1968070264483375,0.021590686955277355,0.3234831351718124,-0.4584300590650881,0.034209541347502946,0.5256708829578812,-0.2624537784913477,0.028211559029945807,0.17183087055988203,-0.2318273532782961,0.03344118682153881,0.3120738942040241,-0.1108670479441085,0.03755709349582023,0.6348082290566899,-0.4773417774209103,1.4215730436467853,0.654673918504953,-0.4564859925571598,1.6244769383383264,0.5258070467857554,-0.47383361120563766,1.5295964599050156,0.6132520451021479,-0.34900110953194075,1.5213696716367422,0.6200858317468239,-0.5021426968807879,1.4773547904362039,0.6538809542793774,-0.4406636355226428,1.474438517265139
365,0.2725977427556394,-0.32956040318806573,0.9924923047027394,0.4566335959292519,-0.1996421736269065,0.9751903023649265,0.22776377289605987,-0.16212995671546082,1.0388672451438192,0.3219733947240146,-0.09626083425406054,1.0384226852326837,0.46035492677969103,-0.3022504842570344,1.4774390597442868,0.35737429285754885,-0.44115586431145115,1.450929181356163,0.6145626262090208,-0.27591103342636847,1.3848497680218164,0.24007555163820532,-0.5652571432686196,1.180017420675087,0.7332472318077219,-0.31211543536156794,1.086142618798369,0.208673773106753,-0.5034450520247041,1.1292898177214465,0.6872573380602641,-0.26507019974618296,1.043235557667798,0.44789477277646295,-0.6300687492992758,1.0426149011668415,0.7797111673963428,-0.4444695104183408,0.8878513000108839,0.4271470888702373,-0.6322205618672384,1.0145327844376046,0.7931835781201859,-0.42651837917177415,0.8673743982370989,0.22480385888299956,-0.3400690681045817,0.5400682204510676,0.45898010778434967,-0.1608234288704458,0.5279886120978527,0.30793567208400113,-0.2694438451902934,0.5305093120095964,0.36445747036855314,-0.22365918669650792,0.5270607325161941,0.1758184384198391,-0.30361522996429446,0.09149129894261247,0.38608087103790345,-0.12075544397880866,0.07091041752793098,0.2381623921926513,-0.28601359967003176,0.0785557315025819,0.35328642307019126,-0.1806638483707387,0.07118344303900859,0.2328718780932485,-0.45025967009837436,0.028768040175011174,0.5262425000824676,-0.1978446238492403,0.01982336854363433,0.32524966310585246,-0.4595468198591939,0.03210908415622216,0.5269544347014256,-0.2638334946944395,0.026502300697252956,0.1730842623027199,-0.23255811389372857,0.031660257916313425,0.31339619766992616,-0.11177549946817794,0.0357501444423114,0.6373690264177496,-0.47613398925405015,1.4218323032104578,0.6569428327360716,-0.45564700018897575,1.624732647287267,0.52812994430158,-0.47316126245945567,1.529743852085074,0.6150465521612283,-0.34845383088422754,1.5219703251789336,0.6228503534462396,-0.5007976232411754,1.4775500468311802,0.6562020390270824,-0.4393040663160577,1.474750990680295
366,0.27386079596474794,-0.3309138880466455,0.9925764540282411,0.4578389796033991,-0.20076911015728316,0.9750274603645241,0.2287287962870449,-0.16278424602465977,1.0389861835835872,0.32292310070290425,-0.09702142560359565,1.038375902916563,0.46169226205442226,-0.3031896067730443,1.47759936308305,0.3581105423402905,-0.4417477747088854,1.4510429275852337,0.6160032067454766,-0.2773924271528395,1.3847929797668534,0.23981491368987953,-0.5636991954030185,1.1798756477145753,0.7345272009358909,-0.3146845886306909,1.0855662075930086,0.2087781587005271,-0.5015666494755263,1.1291923206343326,0.6885091976714309,-0.2674609897522394,1.0428775623355946,0.44798684624733637,-0.6303575268596888,1.0424569633752885,0.7804756528584124,-0.44740726639278044,0.8867011167561263,0.42719424257733934,-0.6323331017540452,1.014441929134311,0.7939636678372849,-0.4294690248012847,0.8662814913668575,0.225812719846853,-0.3413313552749188,0.5395240222938366,0.45982164510912027,-0.16132745193445133,0.5274650620867984,0.3089101352661487,-0.270327349339869,0.5300167459326124,0.36535156066036417,-0.22449811143834325,0.5265800571199811,0.1765535867448344,-0.3045799424040827,0.09071274589764816,0.3869396524777435,-0.12145930829651168,0.06990762026084205,0.2391113436683181,-0.28672839555289586,0.07752940354690398,0.3540644700632093,-0.18130004893670973,0.07019447712005374,0.23411131468139518,-0.45122976724740926,0.027460595566778413,0.5267751803967325,-0.19874727253009594,0.01863358490228888,0.3265246051507811,-0.46047268103595784,0.030766206887049227,0.527291382689212,-0.2649826437318277,0.02537775961587932,0.17387264038437888,-0.2333501143895774,0.030652378849533576,0.31422758137671203,-0.11226905091969128,0.03472248436412047,0.6393464278420854,-0.4761393170580374,1.4218777047527194,0.6585340370877903,-0.45587538070595507,1.624966862766145,0.529919620278771,-0.4737861674870033,1.529753823271303,0.6161299393635267,-0.3489956212986827,1.5223207553441784,0.6250085064651721,-0.5007539130744123,1.4775430849010216,0.6579350227827857,-0.4392003912659619,1.4748623433066725
367,0.27388326233156723,-0.33166868799272203,0.9927140490411508,0.4579919421366379,-0.20151257616341983,0.9751480927411756,0.22890248898017415,-0.16320794919473477,1.0395831241415703,0.3232608141691232,-0.09782630506660595,1.0389577713895635,0.46225388615334984,-0.3053294218322256,1.4772841343302687,0.35822476751013227,-0.44358165758283935,1.450682900836336,0.6165116875673311,-0.2799042919049218,1.3843904433377197,0.23893842090356215,-0.5632759174368643,1.179630866562555,0.7349665880798869,-0.3176484805111889,1.0848494112307914,0.20819448603661955,-0.5008537606315824,1.1290584034523694,0.6888614184356611,-0.2702636414863433,1.0424568633262383,0.44737011805340615,-0.6317349107512352,1.0424721479146484,0.7805816559346801,-0.44957159341828795,0.8854808857111571,0.42651366052376427,-0.63358574186129,1.0145228910273398,0.7940044349469324,-0.431486966173127,0.8650808265507519,0.2257885282230583,-0.341375700108757,0.5397938100584472,0.45962870415352913,-0.1611654668480413,0.5278136931933742,0.3089240955545134,-0.27022208243065216,0.5303022837932109,0.3650562340827325,-0.22414800731897447,0.5269402981150679,0.17641280298501316,-0.30482752163800875,0.09101243194679774,0.386781410500309,-0.1210782004353263,0.07001142766218084,0.23925513654512381,-0.2866062416665413,0.07754541772426977,0.35377377919314945,-0.18084763741805487,0.07034455424624866,0.23448493355368943,-0.4512854689110068,0.027297964268513667,0.5262178331292918,-0.19890074028567034,0.018508305552394314,0.3268988040706652,-0.4605284338372988,0.03056428505232959,0.5264748916888281,-0.26524450473743666,0.025343422982611708,0.17385119665237636,-0.2334126943793946,0.030716680198660938,0.31411324020213033,-0.111642346136243,0.03485563000677589,0.640176016560537,-0.47819626498939277,1.4216089323359973,0.6589836280558259,-0.45776822087695285,1.6250486572842568,0.5305619915728901,-0.47588387213348166,1.529463568203313,0.616310477319045,-0.3510363058889777,1.522226555611135,0.6258709489779002,-0.5026761779368133,1.4772264408401663,0.6586053454608848,-0.4411037114966273,1.4746607323653114
368,0.2733192742274501,-0.3331878754096329,0.9927781208948637,0.457599664870981,-0.20289808865290587,0.9753703062331713,0.22852952589102188,-0.1647395077109418,1.0403257509982275,0.3231171317343483,-0.09978235375526116,1.039820215207563,0.46244134327199204,-0.30897196152156536,1.476845174318557,0.3581186927146698,-0.4470445175863855,1.4501502163153863,0.6165859737516692,-0.2836381104648121,1.383818708310528,0.2379390461231345,-0.5647753712120652,1.1792975998013335,0.7350988851484199,-0.32102672672010485,1.0841062433703221,0.20728859036228436,-0.5020605464676068,1.12886906541495,0.6889006903398565,-0.2736561801191691,1.0419473162148913,0.44657755366228236,-0.6346264542195762,1.0426217678305663,0.7806087379822332,-0.4516350871856698,0.8844235923644241,0.4256692323917978,-0.6363630165101671,1.0147137986273678,0.7939428057217132,-0.43339306968048263,0.8639877869056065,0.22535403213901015,-0.34199659770086516,0.5402602539694071,0.4587834004838571,-0.16188966346250488,0.528476011162508,0.30853353767436764,-0.27077954943101973,0.5308032360652132,0.3640520616471391,-0.22447827129479744,0.5276027463424693,0.17596271416228274,-0.30595259273097297,0.09155035857847701,0.3861645065606775,-0.12167433280955194,0.07052256709160129,0.2390442137807384,-0.28731439166410155,0.07786383802707109,0.353020794787232,-0.18137617672109171,0.07087967991478536,0.23465643293906358,-0.4520616387187964,0.027486358055993705,0.5252011904503918,-0.20020783429684924,0.018834969707835617,0.32702799402267685,-0.46114103967027753,0.03075347117944966,0.5252460297018625,-0.26657612950692805,0.025768225115675683,0.1735160460986655,-0.23442859336627636,0.031080966677939498,0.31357859572799057,-0.11199626281489522,0.035416021867645114,0.6405892403596323,-0.48176527259963586,1.4213591331535094,0.6589510958947085,-0.4610562079289387,1.6251222010718671,0.5306802563991501,-0.4794703724090257,1.5290444285341362,0.6161815504131396,-0.3544971533322993,1.522008163604377,0.6261864813039368,-0.5061413419376344,1.4769333121277495,0.658868182982454,-0.4445008745429785,1.4745011843446234
369,0.27236095944974087,-0.3336965632076817,0.9928606756328597,0.4567152748057346,-0.20324054495391422,0.9756246119402671,0.22759578212024814,-0.16554350204641216,1.0410594013790846,0.32240937257940583,-0.10101913253734691,1.040702514509261,0.4622755745149508,-0.31180385220381673,1.4762527217606574,0.3579709476744868,-0.44988302944581887,1.4494643213639478,0.6162625121297058,-0.28631085276431395,1.3830449212771851,0.23704879643583757,-0.5662666200826063,1.1790148470258948,0.734607809239459,-0.32311260319854906,1.0833617510980516,0.2062285579623294,-0.5033974627147018,1.1287028108846737,0.6883398095173303,-0.27581698526510795,1.0413025991507656,0.4456350041357213,-0.6372073463836797,1.0427916731334428,0.78007841656104,-0.4524681094031408,0.8836546173399376,0.4247078914794485,-0.6388888792240899,1.0148723982730863,0.7932884063663727,-0.43409927289019634,0.8631313072087898,0.22458870748117998,-0.3414183547408707,0.540917886454065,0.4573054091874142,-0.16180143527232643,0.5292868244006272,0.3077832875424399,-0.2701932563598716,0.5315168995701351,0.3624360842509248,-0.22399543193251092,0.5284758072766211,0.17525301554044026,-0.30585812378170096,0.09240710996444829,0.3848651533697176,-0.1214583425783693,0.07144221841335907,0.23846584085804648,-0.2870004179476253,0.07859926190533142,0.35161147176574414,-0.18112642200913234,0.07182544097735367,0.2344621076531047,-0.4516573786088393,0.028119344657023447,0.5235729750918748,-0.20061161177519135,0.019576980894745646,0.3267248033362572,-0.46043317531135475,0.03139581305059509,0.523478456947897,-0.26691311323119915,0.026597518780695828,0.17282912902886952,-0.23423955164752336,0.03189354331111254,0.31236463974390094,-0.11159674044094325,0.036372174639470636,0.6405676812742757,-0.48476308233116316,1.4211330531462978,0.658425648571901,-0.4635639806248063,1.6250737093422996,0.5302908997229365,-0.48216460853935544,1.5284930256036175,0.6157792615834278,-0.3571463147271537,1.5215710576201373,0.6259650237097292,-0.5089833368301492,1.476695815189272,0.6587189428812322,-0.44724930965321313,1.4743486851886702
370,0.2714328298841941,-0.3332155886416549,0.9929739645064485,0.4557206986906224,-0.20241201124726904,0.975756525574413,0.2264980992411046,-0.16550240548112533,1.041580370431811,0.3214435376414897,-0.10116725252678221,1.0412915548886366,0.4621099477859843,-0.3129391716451755,1.4756207425637433,0.35812343554025594,-0.4512345276977309,1.448915563489241,0.6159307250791126,-0.28702470660005736,1.3821655129870911,0.23685122900859854,-0.5675365697044833,1.1788965836030636,0.7338092365193707,-0.32342394204603586,1.0826115396669864,0.20569609126829078,-0.5047446183705832,1.1285711853863016,0.6875075532836966,-0.2763329212048462,1.0405025627105184,0.44572909990967813,-0.6387026986682908,1.042996912797764,0.7793661641591549,-0.45236431152254436,0.8831427349708223,0.4248617849824079,-0.6404170337607256,1.0150226348647289,0.7924809073976562,-0.4339447001430173,0.862512975234186,0.22387889795698135,-0.34037638962197114,0.5415480813767611,0.45573583326296535,-0.16115509984770682,0.5299064939424002,0.3070102559713411,-0.26916227227603956,0.5321707159762257,0.36084658893600974,-0.2231638967963016,0.5291944145612257,0.17469861487991659,-0.30520382211642083,0.09322847174414227,0.3834590478974702,-0.12065498792084657,0.07233316655663394,0.23789030024149121,-0.2862747625418604,0.07941187424716978,0.3501715086735656,-0.18036517143212583,0.07274133724534992,0.23444104858265274,-0.45075555863918276,0.028917682939449327,0.5218440836052686,-0.20009583975084475,0.020323935951982463,0.3265555934194265,-0.4589930559345036,0.03224355071071799,0.5216889006933303,-0.2662707905107525,0.02740242466147732,0.17209312032496718,-0.23361545367587971,0.032783860624262084,0.3110505426758406,-0.11081293691589038,0.03726947488452713,0.6406502117076748,-0.4857691575398163,1.4210159383246133,0.6579346862274001,-0.46396252565345236,1.6249457306417552,0.5299504869430086,-0.48290340336894105,1.528046649201901,0.6155111055006087,-0.357768232973791,1.5209531591056809,0.625829426007268,-0.509885519863379,1.4766340499149,0.6586723736986573,-0.44802111977097026,1.474222028311323
371,0.27087586117280565,-0.33221583827415185,0.993218468833412,0.4549657174670957,-0.20078620392601504,0.9758272293087742,0.22560886466012944,-0.1648482968247903,1.0420481033129405,0.3205710177581639,-0.10041796332155689,1.041714933529865,0.46239989107640056,-0.3124797926586712,1.475171716644451,0.35889914772206677,-0.45117310057362775,1.4487365497216418,0.6160123605032678,-0.28596378777001535,1.3813970409590843,0.23784835175375973,-0.568878091295411,1.179127554697364,0.7331724155337365,-0.3223456422167834,1.0819272447595787,0.20628159483934935,-0.5063546537575567,1.1286571732405477,0.6868498939104822,-0.27562438998458505,1.0397495557023546,0.44763325658972586,-0.6382499207174922,1.043366623526746,0.778618565061868,-0.45176932943192205,0.8827773608140567,0.4269632347816719,-0.6401746200038125,1.0153383804125835,0.7916771073638089,-0.4334043419588901,0.8620660326321724,0.22346563537474243,-0.33917515407797144,0.5420925418239322,0.4544071399739851,-0.1599026973497977,0.530340765386125,0.30645029200088114,-0.2678733102727684,0.5327050302396833,0.35960493660764514,-0.22197916372918083,0.5297454958694239,0.1745537087014089,-0.3042660155303514,0.09397482054447673,0.3824416087605438,-0.11938399104572298,0.07306038180586458,0.2376293498992055,-0.28532222578074523,0.08016332329237956,0.3491639460750788,-0.1791910800104039,0.0734848907443438,0.23472429672123596,-0.44967151767415786,0.02963521595805642,0.520497732386373,-0.1987634573521233,0.020930107941034636,0.32667636705957737,-0.45725851116193367,0.03301267913985532,0.5203240388576628,-0.2648137129435314,0.028007918754700014,0.17172063965338577,-0.2327413445474824,0.03363993514817979,0.3101163624050219,-0.10970316801268358,0.03796937070070863,0.6411520978930895,-0.4847926927719144,1.421049278586866,0.6580608427419004,-0.4623464870344885,1.6248901568001415,0.5302258114941635,-0.48199028940267213,1.5279959667579412,0.615786718442638,-0.35654842838581274,1.5203821961026913,0.6262231674236489,-0.5088866377466545,1.4768105541086312,0.6591222345589944,-0.44687717636077945,1.4741720216911314
372,0.2709663087697983,-0.33100496161406684,0.9935027312252197,0.45470897276639366,-0.19883983010957845,0.9758600055302542,0.2251769719919438,-0.16381333282601374,1.0423506976204033,0.3199889263158712,-0.09906527751592512,1.0419104188090007,0.46320898508081,-0.3108401280435955,1.475069089223101,0.3602979536789678,-0.4499867871693264,1.4489762511850026,0.6166316773712159,-0.28354151635931835,1.3809512209164136,0.2398529333925046,-0.569771845578542,1.179549830899206,0.7330922939661002,-0.31974704051858094,1.0813337898954294,0.2078537213466759,-0.5075630378557282,1.1288593546282872,0.6866337034069673,-0.27354537968528186,1.0391346487486364,0.45119520578538,-0.6355912199844137,1.0438970665452492,0.7784112014655382,-0.4502004445568551,0.8823680564777123,0.43077938562031864,-0.6378681736530173,1.015821232098636,0.7914143259366752,-0.43198694221214184,0.8616144870032866,0.22348113945868128,-0.33793876142259677,0.5423423934349496,0.4536864986074258,-0.15791672090121567,0.530410416900542,0.3062782009364145,-0.26642137971202107,0.5328958106719902,0.3590407966425501,-0.22025599994823997,0.5299086547617107,0.17479995191712275,-0.30312744522618057,0.09418463433116409,0.38206990330921997,-0.11749409509037695,0.07326764363016679,0.2376748764065963,-0.2841733879485619,0.08045264102938599,0.348817356997124,-0.17745035209652188,0.07371210026195713,0.23515232096145866,-0.4485286994010854,0.02986510325401394,0.5198401638124369,-0.1966366237144704,0.021048982846440127,0.32702560401678044,-0.455677821587103,0.033248997423595106,0.5196846792463308,-0.2626003194518816,0.028106832257292658,0.1717109544312297,-0.23161176982130063,0.03401324935379724,0.30976841328802396,-0.10799134941811366,0.03816282791464509,0.6423798882703453,-0.4822890627267299,1.42129576208031,0.6590504374908561,-0.4592776208491325,1.6251712652351302,0.5313656701974339,-0.48003024702087765,1.5284132160746462,0.6166917400625485,-0.3539804706240827,1.5201213726518779,0.6274742046318246,-0.5064267163156605,1.4772304078741885,0.6603114072808033,-0.4442665560846745,1.4743081506979956
373,0.27199172707590047,-0.3313425714411635,0.9935471763784713,0.455173585056927,-0.19833920077896475,0.975735383539933,0.2253687053137464,-0.16406965366880558,1.0422228786408303,0.3198373215035423,-0.09879502516534149,1.0417145130931083,0.4645863420165128,-0.30958855904179217,1.4753942999868477,0.3623002505930175,-0.44911880251726183,1.4496616724646079,0.6178827468431086,-0.28143251758685,1.381066801795669,0.2427227721529397,-0.5708235337902541,1.1799915887661305,0.7338522129880819,-0.3174109612632142,1.0809527045161897,0.2103270448981438,-0.5088271127396488,1.129052032632966,0.6871566827967532,-0.27181812023000224,1.038751887451903,0.4557181742174953,-0.631928655767146,1.0445807852894156,0.77936252562352,-0.4494120103891067,0.882037088313763,0.4355484088613515,-0.634586706566234,1.0164604639107584,0.792317821747968,-0.43136680307190584,0.861268646328695,0.22409572888398321,-0.33829414957648984,0.5418979813926356,0.45392355329861417,-0.15673751876968026,0.5298894590651118,0.3066852421925337,-0.2663890387834073,0.5323997731048433,0.3594706897890692,-0.2195470973021324,0.529392930566759,0.1754515028969929,-0.3033235617834172,0.093348673354715,0.3826432621401516,-0.11700976548486203,0.07242373891529348,0.2380921429461914,-0.28431750828693186,0.07972784041888775,0.3494420457963931,-0.17710425594634013,0.07285906959006408,0.23565245314930097,-0.44891682526992116,0.029060216413676766,0.5204454323342216,-0.1958442117856613,0.020222686635129137,0.32759166871715045,-0.4559608013055,0.03240795914881742,0.520395804039787,-0.2618676414985497,0.027239187821541735,0.17218443906925873,-0.23173536248703502,0.033311477151798795,0.3102706409029733,-0.10762035083294529,0.03733072516151863,0.6445980584596755,-0.4796693408982291,1.4218321218683,0.6611785317140946,-0.4565748916701781,1.6257823444056239,0.5336332703496055,-0.47864182199578204,1.5292376543326451,0.6183710244431542,-0.3517980583572271,1.5203995787529279,0.6298487149998512,-0.5039750008346942,1.4778709685954798,0.66245951858533,-0.4417507133952799,1.474738818232255
374,0.27321202602669226,-0.33324164277468005,0.9932323364050926,0.45562266997670775,-0.19932280184620782,0.9754768262202578,0.22552523517426815,-0.16597296492470334,1.04173337534339,0.31947538295801875,-0.10005797798969676,1.0412377227442355,0.4657505499053358,-0.30937931925986534,1.4757219309258005,0.36430627378207026,-0.4493086373099238,1.4503981981218503,0.6190236328894411,-0.28031305865700035,1.3814253125724674,0.24581900586583721,-0.5728257714810637,1.1804103702986595,0.734794915345519,-0.31576039901462316,1.080781657556687,0.2129821376392462,-0.5110074512990175,1.1293005740743063,0.6877194497839075,-0.27082928352910146,1.0385652526284945,0.4597866776305452,-0.6294062364102919,1.045377141108923,0.7812184577024859,-0.448954286524483,0.8819380068457062,0.43973935688753346,-0.632397144078521,1.017209178949979,0.7939916091219318,-0.43095044308901603,0.8611245026904403,0.22458860552440965,-0.339971466073909,0.5412156670918223,0.45431287414066,-0.15647774666809106,0.5292771680099291,0.30697692232755536,-0.26764929136473864,0.531679941600395,0.36011782501349665,-0.21988768041756457,0.5286731153089306,0.17585688235764346,-0.30465747382108904,0.09231816320668262,0.3835091049855471,-0.11760512095491292,0.07140259423878875,0.23832242693694403,-0.2855820067386198,0.07881632742499911,0.3504285359043607,-0.17780604538924685,0.07180385591124289,0.23560252182484173,-0.4504529349953224,0.028050834932632388,0.521773499360623,-0.19585040658112102,0.019350591139540567,0.32775695833611496,-0.45768091111726045,0.0313499756513295,0.5219857530669382,-0.261963639621807,0.026329673858913008,0.17254707899292926,-0.23294837487503273,0.03237932216199861,0.31102065470071005,-0.10838585161303235,0.03635384412786395,0.6472321021280314,-0.4779224797591537,1.4225919461028613,0.6633865674433193,-0.45496406706274,1.6265894509372698,0.5361917790554841,-0.4784321973225849,1.530039577909581,0.6199693972807496,-0.35062786514745214,1.520993271571963,0.6326193596804225,-0.5024327671831329,1.4786164583476995,0.6648180057162687,-0.44011727426865427,1.4754149862547434
